[QTS:SCOPE] push: level=1 first_var=-1
[QTS:SCOPE] enter: idx=1 is_body=0
[QTS:EMIT] pos=0 op=182 @parser.c:1799
[QTS:EMIT] pos=1 u16=0x0001 (1) @parser.c:1772
[QTS:EMIT] pos=3 op=200 @parser.c:1786
[QTS:EMIT] pos=4 u32=0x0000057a (1402) @parser.c:1788
[QTS:SCOPE] push: level=1 first_var=-1
[QTS:SCOPE] enter: idx=1 is_body=0
[QTS:EMIT] pos=0 op=182 @parser.c:1799
[QTS:EMIT] pos=1 u16=0x0001 (1) @parser.c:1772
[QTS:EMIT] pos=3 op=200 @parser.c:1786
[QTS:EMIT] pos=4 u32=0x000005b4 (1460) @parser.c:1788
[QTS:EMIT] pos=8 op=186 @parser.c:1799
[QTS:EMIT] pos=9 u32=0x000001da (474) @parser.c:1777
[QTS:EMIT] pos=13 u16=0x0001 (1) @parser.c:1772
[QTS:EMIT] pos=15 op=200 @parser.c:1786
[QTS:EMIT] pos=16 u32=0x000005b5 (1461) @parser.c:1788
[QTS:EMIT] pos=20 op=66 @parser.c:1799
[QTS:EMIT] pos=21 atom=473 @parser.c:1807
[QTS:ASSIGN] lvalue: opcode=66 scope=0 atom=473 label=-1
[QTS:EMIT] pos=20 op=200 @parser.c:1786
[QTS:EMIT] pos=21 u32=0x000005bb (1467) @parser.c:1788
[QTS:EMIT] pos=25 op=186 @parser.c:1799
[QTS:EMIT] pos=26 u32=0x000001d9 (473) @parser.c:1777
[QTS:EMIT] pos=30 u16=0x0001 (1) @parser.c:1772
[QTS:EMIT] pos=32 op=21 @parser.c:1799
[QTS:EMIT] pos=33 op=68 @parser.c:1799
[QTS:EMIT] pos=34 u32=0x000001d9 (473) @parser.c:1777
[QTS:EMIT] pos=38 op=14 @parser.c:1799
[QTS:EMIT] pos=39 op=200 @parser.c:1786
[QTS:EMIT] pos=40 u32=0x000005c3 (1475) @parser.c:1788
[QTS:EMIT] pos=44 op=186 @parser.c:1799
[QTS:EMIT] pos=45 u32=0x000001da (474) @parser.c:1777
[QTS:EMIT] pos=49 u16=0x0001 (1) @parser.c:1772
[QTS:EMIT] pos=51 op=200 @parser.c:1786
[QTS:EMIT] pos=52 u32=0x000005c4 (1476) @parser.c:1788
[QTS:EMIT] pos=56 op=66 @parser.c:1799
[QTS:EMIT] pos=57 atom=472 @parser.c:1807
[QTS:ASSIGN] lvalue: opcode=66 scope=0 atom=472 label=-1
[QTS:EMIT] pos=56 op=200 @parser.c:1786
[QTS:EMIT] pos=57 u32=0x000005cb (1483) @parser.c:1788
[QTS:EMIT] pos=61 op=186 @parser.c:1799
[QTS:EMIT] pos=62 u32=0x000001d8 (472) @parser.c:1777
[QTS:EMIT] pos=66 u16=0x0001 (1) @parser.c:1772
[QTS:EMIT] pos=68 op=21 @parser.c:1799
[QTS:EMIT] pos=69 op=68 @parser.c:1799
[QTS:EMIT] pos=70 u32=0x000001d8 (472) @parser.c:1777
[QTS:EMIT] pos=74 op=14 @parser.c:1799
[QTS:EMIT] pos=75 op=200 @parser.c:1786
[QTS:EMIT] pos=76 u32=0x00000600 (1536) @parser.c:1788
[QTS:EMIT] pos=80 op=186 @parser.c:1799
[QTS:EMIT] pos=81 u32=0x000001da (474) @parser.c:1777
[QTS:EMIT] pos=85 u16=0x0001 (1) @parser.c:1772
[QTS:EMIT] pos=87 op=200 @parser.c:1786
[QTS:EMIT] pos=88 u32=0x00000601 (1537) @parser.c:1788
[QTS:EMIT] pos=92 op=66 @parser.c:1799
[QTS:EMIT] pos=93 atom=157 @parser.c:1807
[QTS:EMIT] pos=97 op=187 @parser.c:1799
[QTS:EMIT] pos=98 atom=157 @parser.c:1807
[QTS:EMIT] pos=102 u16=0x0001 (1) @parser.c:1772
[QTS:EMIT] pos=104 op=200 @parser.c:1786
[QTS:EMIT] pos=105 u32=0x0000061b (1563) @parser.c:1788
[QTS:EMIT] pos=109 op=186 @parser.c:1799
[QTS:EMIT] pos=110 u32=0x000001da (474) @parser.c:1777
[QTS:EMIT] pos=114 u16=0x0001 (1) @parser.c:1772
[QTS:EMIT] pos=116 op=200 @parser.c:1786
[QTS:EMIT] pos=117 u32=0x0000061c (1564) @parser.c:1788
[QTS:EMIT] pos=121 op=66 @parser.c:1799
[QTS:EMIT] pos=122 atom=161 @parser.c:1807
[QTS:EMIT] pos=126 op=187 @parser.c:1799
[QTS:EMIT] pos=127 atom=161 @parser.c:1807
[QTS:EMIT] pos=131 u16=0x0001 (1) @parser.c:1772
[QTS:EMIT] pos=133 op=200 @parser.c:1786
[QTS:EMIT] pos=134 u32=0x00000635 (1589) @parser.c:1788
[QTS:EMIT] pos=138 op=186 @parser.c:1799
[QTS:EMIT] pos=139 u32=0x000001da (474) @parser.c:1777
[QTS:EMIT] pos=143 u16=0x0001 (1) @parser.c:1772
[QTS:EMIT] pos=145 op=200 @parser.c:1786
[QTS:EMIT] pos=146 u32=0x00000636 (1590) @parser.c:1788
[QTS:EMIT] pos=150 op=66 @parser.c:1799
[QTS:EMIT] pos=151 atom=158 @parser.c:1807
[QTS:EMIT] pos=155 op=187 @parser.c:1799
[QTS:EMIT] pos=156 atom=158 @parser.c:1807
[QTS:EMIT] pos=160 u16=0x0001 (1) @parser.c:1772
[QTS:EMIT] pos=162 op=200 @parser.c:1786
[QTS:EMIT] pos=163 u32=0x0000064d (1613) @parser.c:1788
[QTS:EMIT] pos=167 op=186 @parser.c:1799
[QTS:EMIT] pos=168 u32=0x000001da (474) @parser.c:1777
[QTS:EMIT] pos=172 u16=0x0001 (1) @parser.c:1772
[QTS:EMIT] pos=174 op=200 @parser.c:1786
[QTS:EMIT] pos=175 u32=0x0000064e (1614) @parser.c:1788
[QTS:EMIT] pos=179 op=66 @parser.c:1799
[QTS:EMIT] pos=180 atom=167 @parser.c:1807
[QTS:EMIT] pos=184 op=187 @parser.c:1799
[QTS:EMIT] pos=185 atom=167 @parser.c:1807
[QTS:EMIT] pos=189 u16=0x0001 (1) @parser.c:1772
[QTS:EMIT] pos=191 op=200 @parser.c:1786
[QTS:EMIT] pos=192 u32=0x00000664 (1636) @parser.c:1788
[QTS:EMIT] pos=196 op=186 @parser.c:1799
[QTS:EMIT] pos=197 u32=0x000001da (474) @parser.c:1777
[QTS:EMIT] pos=201 u16=0x0001 (1) @parser.c:1772
[QTS:EMIT] pos=203 op=200 @parser.c:1786
[QTS:EMIT] pos=204 u32=0x00000665 (1637) @parser.c:1788
[QTS:EMIT] pos=208 op=66 @parser.c:1799
[QTS:EMIT] pos=209 atom=165 @parser.c:1807
[QTS:EMIT] pos=213 op=187 @parser.c:1799
[QTS:EMIT] pos=214 atom=165 @parser.c:1807
[QTS:EMIT] pos=218 u16=0x0001 (1) @parser.c:1772
[QTS:EMIT] pos=220 op=200 @parser.c:1786
[QTS:EMIT] pos=221 u32=0x0000067f (1663) @parser.c:1788
[QTS:EMIT] pos=225 op=186 @parser.c:1799
[QTS:EMIT] pos=226 u32=0x000001da (474) @parser.c:1777
[QTS:EMIT] pos=230 u16=0x0001 (1) @parser.c:1772
[QTS:EMIT] pos=232 op=200 @parser.c:1786
[QTS:EMIT] pos=233 u32=0x00000680 (1664) @parser.c:1788
[QTS:EMIT] pos=237 op=66 @parser.c:1799
[QTS:EMIT] pos=238 atom=295 @parser.c:1807
[QTS:EMIT] pos=242 op=187 @parser.c:1799
[QTS:EMIT] pos=243 atom=295 @parser.c:1807
[QTS:EMIT] pos=247 u16=0x0001 (1) @parser.c:1772
[QTS:EMIT] pos=249 op=200 @parser.c:1786
[QTS:EMIT] pos=250 u32=0x000006a0 (1696) @parser.c:1788
[QTS:EMIT] pos=254 op=186 @parser.c:1799
[QTS:EMIT] pos=255 u32=0x000001da (474) @parser.c:1777
[QTS:EMIT] pos=259 u16=0x0001 (1) @parser.c:1772
[QTS:EMIT] pos=261 op=200 @parser.c:1786
[QTS:EMIT] pos=262 u32=0x000006a1 (1697) @parser.c:1788
[QTS:EMIT] pos=266 op=66 @parser.c:1799
[QTS:EMIT] pos=267 atom=293 @parser.c:1807
[QTS:EMIT] pos=271 op=187 @parser.c:1799
[QTS:EMIT] pos=272 atom=293 @parser.c:1807
[QTS:EMIT] pos=276 u16=0x0001 (1) @parser.c:1772
[QTS:EMIT] pos=278 op=11 @parser.c:1799
[QTS:EMIT] pos=279 op=4 @parser.c:1799
[QTS:EMIT] pos=280 u32=0x000001dd (477) @parser.c:1777
[QTS:EMIT] pos=284 op=78 @parser.c:1799
[QTS:EMIT] pos=285 atom=476 @parser.c:1807
[QTS:EMIT] pos=289 op=4 @parser.c:1799
[QTS:EMIT] pos=290 u32=0x000001df (479) @parser.c:1777
[QTS:EMIT] pos=294 op=78 @parser.c:1799
[QTS:EMIT] pos=295 atom=478 @parser.c:1807
[QTS:EMIT] pos=299 op=4 @parser.c:1799
[QTS:EMIT] pos=300 u32=0x000001e1 (481) @parser.c:1777
[QTS:EMIT] pos=304 op=78 @parser.c:1799
[QTS:EMIT] pos=305 atom=480 @parser.c:1807
[QTS:EMIT] pos=309 op=4 @parser.c:1799
[QTS:EMIT] pos=310 u32=0x000001e3 (483) @parser.c:1777
[QTS:EMIT] pos=314 op=78 @parser.c:1799
[QTS:EMIT] pos=315 atom=482 @parser.c:1807
[QTS:EMIT] pos=319 op=4 @parser.c:1799
[QTS:EMIT] pos=320 u32=0x000001e5 (485) @parser.c:1777
[QTS:EMIT] pos=324 op=78 @parser.c:1799
[QTS:EMIT] pos=325 atom=484 @parser.c:1807
[QTS:EMIT] pos=329 op=4 @parser.c:1799
[QTS:EMIT] pos=330 u32=0x000001e7 (487) @parser.c:1777
[QTS:EMIT] pos=334 op=78 @parser.c:1799
[QTS:EMIT] pos=335 atom=486 @parser.c:1807
[QTS:EMIT] pos=339 op=4 @parser.c:1799
[QTS:EMIT] pos=340 u32=0x000001e9 (489) @parser.c:1777
[QTS:EMIT] pos=344 op=78 @parser.c:1799
[QTS:EMIT] pos=345 atom=488 @parser.c:1807
[QTS:EMIT] pos=349 op=4 @parser.c:1799
[QTS:EMIT] pos=350 u32=0x000001eb (491) @parser.c:1777
[QTS:EMIT] pos=354 op=78 @parser.c:1799
[QTS:EMIT] pos=355 atom=490 @parser.c:1807
[QTS:EMIT] pos=359 op=4 @parser.c:1799
[QTS:EMIT] pos=360 u32=0x000001ed (493) @parser.c:1777
[QTS:EMIT] pos=364 op=78 @parser.c:1799
[QTS:EMIT] pos=365 atom=492 @parser.c:1807
[QTS:EMIT] pos=369 op=4 @parser.c:1799
[QTS:EMIT] pos=370 u32=0x000001ef (495) @parser.c:1777
[QTS:EMIT] pos=374 op=78 @parser.c:1799
[QTS:EMIT] pos=375 atom=494 @parser.c:1807
[QTS:EMIT] pos=379 op=4 @parser.c:1799
[QTS:EMIT] pos=380 u32=0x000001ef (495) @parser.c:1777
[QTS:EMIT] pos=384 op=78 @parser.c:1799
[QTS:EMIT] pos=385 atom=496 @parser.c:1807
[QTS:EMIT] pos=389 op=4 @parser.c:1799
[QTS:EMIT] pos=390 u32=0x000001f2 (498) @parser.c:1777
[QTS:EMIT] pos=394 op=78 @parser.c:1799
[QTS:EMIT] pos=395 atom=497 @parser.c:1807
[QTS:EMIT] pos=399 op=4 @parser.c:1799
[QTS:EMIT] pos=400 u32=0x000001f4 (500) @parser.c:1777
[QTS:EMIT] pos=404 op=78 @parser.c:1799
[QTS:EMIT] pos=405 atom=499 @parser.c:1807
[QTS:EMIT] pos=409 op=4 @parser.c:1799
[QTS:EMIT] pos=410 u32=0x000001f6 (502) @parser.c:1777
[QTS:EMIT] pos=414 op=78 @parser.c:1799
[QTS:EMIT] pos=415 atom=501 @parser.c:1807
[QTS:EMIT] pos=419 op=4 @parser.c:1799
[QTS:EMIT] pos=420 u32=0x000001f8 (504) @parser.c:1777
[QTS:EMIT] pos=424 op=78 @parser.c:1799
[QTS:EMIT] pos=425 atom=503 @parser.c:1807
[QTS:EMIT] pos=429 op=4 @parser.c:1799
[QTS:EMIT] pos=430 u32=0x000001fa (506) @parser.c:1777
[QTS:EMIT] pos=434 op=78 @parser.c:1799
[QTS:EMIT] pos=435 atom=505 @parser.c:1807
[QTS:EMIT] pos=439 op=4 @parser.c:1799
[QTS:EMIT] pos=440 u32=0x000001fc (508) @parser.c:1777
[QTS:EMIT] pos=444 op=78 @parser.c:1799
[QTS:EMIT] pos=445 atom=507 @parser.c:1807
[QTS:EMIT] pos=449 op=4 @parser.c:1799
[QTS:EMIT] pos=450 u32=0x000001fe (510) @parser.c:1777
[QTS:EMIT] pos=454 op=78 @parser.c:1799
[QTS:EMIT] pos=455 atom=509 @parser.c:1807
[QTS:EMIT] pos=459 op=187 @parser.c:1799
[QTS:EMIT] pos=460 atom=475 @parser.c:1807
[QTS:EMIT] pos=464 u16=0x0001 (1) @parser.c:1772
[QTS:EMIT] pos=466 op=11 @parser.c:1799
[QTS:EMIT] pos=467 op=4 @parser.c:1799
[QTS:EMIT] pos=468 u32=0x000001f3 (499) @parser.c:1777
[QTS:EMIT] pos=472 op=78 @parser.c:1799
[QTS:EMIT] pos=473 atom=22 @parser.c:1807
[QTS:EMIT] pos=477 op=4 @parser.c:1799
[QTS:EMIT] pos=478 u32=0x000001ec (492) @parser.c:1777
[QTS:EMIT] pos=482 op=78 @parser.c:1799
[QTS:EMIT] pos=483 atom=512 @parser.c:1807
[QTS:EMIT] pos=487 op=4 @parser.c:1799
[QTS:EMIT] pos=488 u32=0x000001fb (507) @parser.c:1777
[QTS:EMIT] pos=492 op=78 @parser.c:1799
[QTS:EMIT] pos=493 atom=74 @parser.c:1807
[QTS:EMIT] pos=497 op=4 @parser.c:1799
[QTS:EMIT] pos=498 u32=0x000001ea (490) @parser.c:1777
[QTS:EMIT] pos=502 op=78 @parser.c:1799
[QTS:EMIT] pos=503 atom=513 @parser.c:1807
[QTS:EMIT] pos=507 op=4 @parser.c:1799
[QTS:EMIT] pos=508 u32=0x000001e2 (482) @parser.c:1777
[QTS:EMIT] pos=512 op=78 @parser.c:1799
[QTS:EMIT] pos=513 atom=72 @parser.c:1807
[QTS:EMIT] pos=517 op=4 @parser.c:1799
[QTS:EMIT] pos=518 u32=0x000001fd (509) @parser.c:1777
[QTS:EMIT] pos=522 op=78 @parser.c:1799
[QTS:EMIT] pos=523 atom=514 @parser.c:1807
[QTS:EMIT] pos=527 op=4 @parser.c:1799
[QTS:EMIT] pos=528 u32=0x000001f5 (501) @parser.c:1777
[QTS:EMIT] pos=532 op=78 @parser.c:1799
[QTS:EMIT] pos=533 atom=27 @parser.c:1807
[QTS:EMIT] pos=537 op=4 @parser.c:1799
[QTS:EMIT] pos=538 u32=0x000001f9 (505) @parser.c:1777
[QTS:EMIT] pos=542 op=78 @parser.c:1799
[QTS:EMIT] pos=543 atom=515 @parser.c:1807
[QTS:EMIT] pos=547 op=4 @parser.c:1799
[QTS:EMIT] pos=548 u32=0x000001f3 (499) @parser.c:1777
[QTS:EMIT] pos=552 op=78 @parser.c:1799
[QTS:EMIT] pos=553 atom=516 @parser.c:1807
[QTS:EMIT] pos=557 op=4 @parser.c:1799
[QTS:EMIT] pos=558 u32=0x000001e0 (480) @parser.c:1777
[QTS:EMIT] pos=562 op=78 @parser.c:1799
[QTS:EMIT] pos=563 atom=517 @parser.c:1807
[QTS:EMIT] pos=567 op=4 @parser.c:1799
[QTS:EMIT] pos=568 u32=0x000001fd (509) @parser.c:1777
[QTS:EMIT] pos=572 op=78 @parser.c:1799
[QTS:EMIT] pos=573 atom=518 @parser.c:1807
[QTS:EMIT] pos=577 op=4 @parser.c:1799
[QTS:EMIT] pos=578 u32=0x000001f1 (497) @parser.c:1777
[QTS:EMIT] pos=582 op=78 @parser.c:1799
[QTS:EMIT] pos=583 atom=519 @parser.c:1807
[QTS:EMIT] pos=587 op=187 @parser.c:1799
[QTS:EMIT] pos=588 atom=511 @parser.c:1807
[QTS:EMIT] pos=592 u16=0x0001 (1) @parser.c:1772
[QTS:EMIT] pos=594 op=38 @parser.c:1799
[QTS:EMIT] pos=595 u16=0x0000 (0) @parser.c:1772
[QTS:EMIT] pos=597 op=187 @parser.c:1799
[QTS:EMIT] pos=598 atom=520 @parser.c:1807
[QTS:EMIT] pos=602 u16=0x0001 (1) @parser.c:1772
[QTS:EMIT] pos=604 op=4 @parser.c:1799
[QTS:EMIT] pos=605 u32=0x0000002f (47) @parser.c:1777
[QTS:EMIT] pos=609 op=187 @parser.c:1799
[QTS:EMIT] pos=610 atom=521 @parser.c:1807
[QTS:EMIT] pos=614 u16=0x0001 (1) @parser.c:1772
[QTS:EMIT] pos=616 op=4 @parser.c:1799
[QTS:EMIT] pos=617 u32=0x0000002f (47) @parser.c:1777
[QTS:EMIT] pos=621 op=187 @parser.c:1799
[QTS:EMIT] pos=622 atom=525 @parser.c:1807
[QTS:EMIT] pos=626 u16=0x0001 (1) @parser.c:1772
[QTS:EMIT] pos=628 op=4 @parser.c:1799
[QTS:EMIT] pos=629 u32=0x0000002f (47) @parser.c:1777
[QTS:EMIT] pos=633 op=187 @parser.c:1799
[QTS:EMIT] pos=634 atom=526 @parser.c:1807
[QTS:EMIT] pos=638 u16=0x0001 (1) @parser.c:1772
[QTS:EMIT] pos=640 op=1 @parser.c:1799
[QTS:EMIT] pos=641 u32=0x00000000 (0) @parser.c:1777
[QTS:EMIT] pos=645 op=187 @parser.c:1799
[QTS:EMIT] pos=646 atom=527 @parser.c:1807
[QTS:EMIT] pos=650 u16=0x0001 (1) @parser.c:1772
[QTS:EMIT] pos=652 op=4 @parser.c:1799
[QTS:EMIT] pos=653 u32=0x00000211 (529) @parser.c:1777
[QTS:EMIT] pos=657 op=187 @parser.c:1799
[QTS:EMIT] pos=658 atom=528 @parser.c:1807
[QTS:EMIT] pos=662 u16=0x0001 (1) @parser.c:1772
[QTS:EMIT] pos=664 op=4 @parser.c:1799
[QTS:EMIT] pos=665 u32=0x00000213 (531) @parser.c:1777
[QTS:EMIT] pos=669 op=187 @parser.c:1799
[QTS:EMIT] pos=670 atom=530 @parser.c:1807
[QTS:EMIT] pos=674 u16=0x0001 (1) @parser.c:1772
[QTS:EMIT] pos=676 op=10 @parser.c:1799
[QTS:EMIT] pos=677 op=187 @parser.c:1799
[QTS:EMIT] pos=678 atom=532 @parser.c:1807
[QTS:EMIT] pos=682 u16=0x0001 (1) @parser.c:1772
[QTS:EMIT] pos=684 op=9 @parser.c:1799
[QTS:EMIT] pos=685 op=187 @parser.c:1799
[QTS:EMIT] pos=686 atom=533 @parser.c:1807
[QTS:EMIT] pos=690 u16=0x0001 (1) @parser.c:1772
[QTS:EMIT] pos=692 op=10 @parser.c:1799
[QTS:EMIT] pos=693 op=187 @parser.c:1799
[QTS:EMIT] pos=694 atom=534 @parser.c:1807
[QTS:EMIT] pos=698 u16=0x0001 (1) @parser.c:1772
[QTS:EMIT] pos=700 op=1 @parser.c:1799
[QTS:EMIT] pos=701 u32=0x00000000 (0) @parser.c:1777
[QTS:EMIT] pos=705 op=187 @parser.c:1799
[QTS:EMIT] pos=706 atom=536 @parser.c:1807
[QTS:EMIT] pos=710 u16=0x0001 (1) @parser.c:1772
[QTS:EMIT] pos=712 op=4 @parser.c:1799
[QTS:EMIT] pos=713 u32=0x0000002f (47) @parser.c:1777
[QTS:EMIT] pos=717 op=187 @parser.c:1799
[QTS:EMIT] pos=718 atom=537 @parser.c:1807
[QTS:EMIT] pos=722 u16=0x0001 (1) @parser.c:1772
[QTS:EMIT] pos=724 op=1 @parser.c:1799
[QTS:EMIT] pos=725 u32=0x00000000 (0) @parser.c:1777
[QTS:EMIT] pos=729 op=187 @parser.c:1799
[QTS:EMIT] pos=730 atom=538 @parser.c:1807
[QTS:EMIT] pos=734 u16=0x0001 (1) @parser.c:1772
[QTS:EMIT] pos=736 op=4 @parser.c:1799
[QTS:EMIT] pos=737 u32=0x0000002f (47) @parser.c:1777
[QTS:EMIT] pos=741 op=187 @parser.c:1799
[QTS:EMIT] pos=742 atom=539 @parser.c:1807
[QTS:EMIT] pos=746 u16=0x0001 (1) @parser.c:1772
[QTS:EMIT] pos=748 op=1 @parser.c:1799
[QTS:EMIT] pos=749 u32=0x00000000 (0) @parser.c:1777
[QTS:EMIT] pos=753 op=187 @parser.c:1799
[QTS:EMIT] pos=754 atom=540 @parser.c:1807
[QTS:EMIT] pos=758 u16=0x0001 (1) @parser.c:1772
[QTS:EMIT] pos=760 op=4 @parser.c:1799
[QTS:EMIT] pos=761 u32=0x0000002f (47) @parser.c:1777
[QTS:EMIT] pos=765 op=187 @parser.c:1799
[QTS:EMIT] pos=766 atom=541 @parser.c:1807
[QTS:EMIT] pos=770 u16=0x0001 (1) @parser.c:1772
[QTS:EMIT] pos=772 op=1 @parser.c:1799
[QTS:EMIT] pos=773 u32=0x00000000 (0) @parser.c:1777
[QTS:EMIT] pos=777 op=187 @parser.c:1799
[QTS:EMIT] pos=778 atom=542 @parser.c:1807
[QTS:EMIT] pos=782 u16=0x0001 (1) @parser.c:1772
[QTS:EMIT] pos=784 op=9 @parser.c:1799
[QTS:EMIT] pos=785 op=187 @parser.c:1799
[QTS:EMIT] pos=786 atom=546 @parser.c:1807
[QTS:EMIT] pos=790 u16=0x0001 (1) @parser.c:1772
[QTS:EMIT] pos=792 op=1 @parser.c:1799
[QTS:EMIT] pos=793 u32=0x00000000 (0) @parser.c:1777
[QTS:EMIT] pos=797 op=187 @parser.c:1799
[QTS:EMIT] pos=798 atom=547 @parser.c:1807
[QTS:EMIT] pos=802 u16=0x0001 (1) @parser.c:1772
[QTS:EMIT] pos=804 op=1 @parser.c:1799
[QTS:EMIT] pos=805 u32=0x00000000 (0) @parser.c:1777
[QTS:EMIT] pos=809 op=187 @parser.c:1799
[QTS:EMIT] pos=810 atom=548 @parser.c:1807
[QTS:EMIT] pos=814 u16=0x0001 (1) @parser.c:1772
[QTS:EMIT] pos=816 op=1 @parser.c:1799
[QTS:EMIT] pos=817 u32=0x00000000 (0) @parser.c:1777
[QTS:EMIT] pos=821 op=187 @parser.c:1799
[QTS:EMIT] pos=822 atom=552 @parser.c:1807
[QTS:EMIT] pos=826 u16=0x0001 (1) @parser.c:1772
[QTS:SCOPE] push: level=1 first_var=-1
[QTS:SCOPE] enter: idx=1 is_body=0
[QTS:EMIT] pos=0 op=182 @parser.c:1799
[QTS:EMIT] pos=1 u16=0x0001 (1) @parser.c:1772
[QTS:EMIT] pos=3 op=200 @parser.c:1786
[QTS:EMIT] pos=4 u32=0x00000d94 (3476) @parser.c:1788
[QTS:EMIT] pos=8 op=186 @parser.c:1799
[QTS:EMIT] pos=9 u32=0x00000225 (549) @parser.c:1777
[QTS:EMIT] pos=13 u16=0x0001 (1) @parser.c:1772
[QTS:EMIT] pos=8 op=189 @parser.c:1799
[QTS:EMIT] pos=9 atom=549 @parser.c:1807
[QTS:EMIT] pos=13 u32=0x00000000 (0) @parser.c:1777
[QTS:EMIT] pos=17 u16=0x0001 (1) @parser.c:1772
[QTS:ASSIGN] lvalue: opcode=61 scope=1 atom=549 label=0
[QTS:EMIT] pos=19 op=200 @parser.c:1786
[QTS:EMIT] pos=20 u32=0x00000d9e (3486) @parser.c:1788
[QTS:EMIT] pos=24 op=186 @parser.c:1799
[QTS:EMIT] pos=25 u32=0x000001d8 (472) @parser.c:1777
[QTS:EMIT] pos=29 u16=0x0001 (1) @parser.c:1772
[QTS:EMIT] pos=31 op=200 @parser.c:1786
[QTS:EMIT] pos=32 u32=0x00000da1 (3489) @parser.c:1788
[QTS:EMIT] pos=36 op=66 @parser.c:1799
[QTS:EMIT] pos=37 atom=13 @parser.c:1807
[QTS:EMIT] pos=41 op=200 @parser.c:1786
[QTS:EMIT] pos=42 u32=0x00000da4 (3492) @parser.c:1788
[QTS:EMIT] pos=46 op=66 @parser.c:1799
[QTS:EMIT] pos=47 atom=555 @parser.c:1807
[QTS:EMIT] pos=51 op=200 @parser.c:1786
[QTS:EMIT] pos=52 u32=0x00000dab (3499) @parser.c:1788
[QTS:EMIT] pos=56 op=36 @parser.c:1799
[QTS:EMIT] pos=57 u16=0x0000 (0) @parser.c:1772
[QTS:EMIT] pos=59 op=184 @parser.c:1799
[QTS:EMIT] pos=60 u32=0x00000000 (0) @parser.c:1777
[QTS:EMIT] pos=64 op=22 @parser.c:1799
[QTS:EMIT] pos=65 op=62 @parser.c:1799
[QTS:EMIT] pos=66 op=14 @parser.c:1799
[QTS:EMIT] pos=67 op=200 @parser.c:1786
[QTS:EMIT] pos=68 u32=0x00000ddb (3547) @parser.c:1788
[QTS:EMIT] pos=72 op=186 @parser.c:1799
[QTS:EMIT] pos=73 u32=0x00000227 (551) @parser.c:1777
[QTS:EMIT] pos=77 u16=0x0001 (1) @parser.c:1772
[QTS:EMIT] pos=72 op=189 @parser.c:1799
[QTS:EMIT] pos=73 atom=551 @parser.c:1807
[QTS:EMIT] pos=77 u32=0x00000001 (1) @parser.c:1777
[QTS:EMIT] pos=81 u16=0x0001 (1) @parser.c:1772
[QTS:ASSIGN] lvalue: opcode=61 scope=1 atom=551 label=1
[QTS:EMIT] pos=83 op=1 @parser.c:1799
[QTS:EMIT] pos=84 u32=0x00000050 (80) @parser.c:1777
[QTS:EMIT] pos=88 op=184 @parser.c:1799
[QTS:EMIT] pos=89 u32=0x00000001 (1) @parser.c:1777
[QTS:EMIT] pos=93 op=22 @parser.c:1799
[QTS:EMIT] pos=94 op=62 @parser.c:1799
[QTS:EMIT] pos=95 op=14 @parser.c:1799
[QTS:SCOPE] push: level=2 first_var=-1
[QTS:SCOPE] enter: idx=2 is_body=0
[QTS:EMIT] pos=96 op=182 @parser.c:1799
[QTS:EMIT] pos=97 u16=0x0002 (2) @parser.c:1772
[QTS:EMIT] pos=99 op=200 @parser.c:1786
[QTS:EMIT] pos=100 u32=0x00000df8 (3576) @parser.c:1788
[QTS:EMIT] pos=104 op=186 @parser.c:1799
[QTS:EMIT] pos=105 u32=0x000001d9 (473) @parser.c:1777
[QTS:EMIT] pos=109 u16=0x0002 (2) @parser.c:1772
[QTS:EMIT] pos=111 op=200 @parser.c:1786
[QTS:EMIT] pos=112 u32=0x00000dfa (3578) @parser.c:1788
[QTS:EMIT] pos=116 op=66 @parser.c:1799
[QTS:EMIT] pos=117 atom=556 @parser.c:1807
[QTS:EMIT] pos=121 op=200 @parser.c:1786
[QTS:EMIT] pos=122 u32=0x00000e02 (3586) @parser.c:1788
[QTS:EMIT] pos=126 op=186 @parser.c:1799
[QTS:EMIT] pos=127 u32=0x00000225 (549) @parser.c:1777
[QTS:EMIT] pos=131 u16=0x0002 (2) @parser.c:1772
[QTS:EMIT] pos=133 op=200 @parser.c:1786
[QTS:EMIT] pos=134 u32=0x00000e01 (3585) @parser.c:1788
[QTS:EMIT] pos=138 op=36 @parser.c:1799
[QTS:EMIT] pos=139 u16=0x0001 (1) @parser.c:1772
[QTS:EMIT] pos=141 op=108 @parser.c:1799
[QTS:EMIT] pos=142 u32=0x00000002 (2) @parser.c:1777
[QTS:SCOPE] push: level=3 first_var=-1
[QTS:SCOPE] enter: idx=3 is_body=0
[QTS:EMIT] pos=146 op=182 @parser.c:1799
[QTS:EMIT] pos=147 u16=0x0003 (3) @parser.c:1772
[QTS:SCOPE] push: level=4 first_var=-1
[QTS:SCOPE] enter: idx=4 is_body=0
[QTS:EMIT] pos=149 op=182 @parser.c:1799
[QTS:EMIT] pos=150 u16=0x0004 (4) @parser.c:1772
[QTS:EMIT] pos=152 op=200 @parser.c:1786
[QTS:EMIT] pos=153 u32=0x00000e1e (3614) @parser.c:1788
[QTS:EMIT] pos=157 op=186 @parser.c:1799
[QTS:EMIT] pos=158 u32=0x000001d9 (473) @parser.c:1777
[QTS:EMIT] pos=162 u16=0x0004 (4) @parser.c:1772
[QTS:EMIT] pos=164 op=200 @parser.c:1786
[QTS:EMIT] pos=165 u32=0x00000e20 (3616) @parser.c:1788
[QTS:EMIT] pos=169 op=66 @parser.c:1799
[QTS:EMIT] pos=170 atom=557 @parser.c:1807
[QTS:EMIT] pos=174 op=108 @parser.c:1799
[QTS:EMIT] pos=175 u32=0x00000003 (3) @parser.c:1777
[QTS:SCOPE] push: level=5 first_var=-1
[QTS:SCOPE] enter: idx=5 is_body=0
[QTS:EMIT] pos=179 op=182 @parser.c:1799
[QTS:EMIT] pos=180 u16=0x0005 (5) @parser.c:1772
[QTS:EMIT] pos=182 op=200 @parser.c:1786
[QTS:EMIT] pos=183 u32=0x00000e42 (3650) @parser.c:1788
[QTS:EMIT] pos=187 op=186 @parser.c:1799
[QTS:EMIT] pos=188 u32=0x0000022a (554) @parser.c:1777
[QTS:EMIT] pos=192 u16=0x0005 (5) @parser.c:1772
[QTS:EMIT] pos=187 op=189 @parser.c:1799
[QTS:EMIT] pos=188 atom=554 @parser.c:1807
[QTS:EMIT] pos=192 u32=0x00000004 (4) @parser.c:1777
[QTS:EMIT] pos=196 u16=0x0005 (5) @parser.c:1772
[QTS:ASSIGN] lvalue: opcode=61 scope=5 atom=554 label=4
[QTS:EMIT] pos=198 op=200 @parser.c:1786
[QTS:EMIT] pos=199 u32=0x00000e48 (3656) @parser.c:1788
[QTS:EMIT] pos=203 op=186 @parser.c:1799
[QTS:EMIT] pos=204 u32=0x000001d9 (473) @parser.c:1777
[QTS:EMIT] pos=208 u16=0x0005 (5) @parser.c:1772
[QTS:EMIT] pos=210 op=200 @parser.c:1786
[QTS:EMIT] pos=211 u32=0x00000e4a (3658) @parser.c:1788
[QTS:EMIT] pos=215 op=66 @parser.c:1799
[QTS:EMIT] pos=216 atom=557 @parser.c:1807
[QTS:EMIT] pos=220 op=200 @parser.c:1786
[QTS:EMIT] pos=221 u32=0x00000e59 (3673) @parser.c:1788
[QTS:EMIT] pos=225 op=186 @parser.c:1799
[QTS:EMIT] pos=226 u32=0x00000225 (549) @parser.c:1777
[QTS:EMIT] pos=230 u16=0x0005 (5) @parser.c:1772
[QTS:EMIT] pos=232 op=200 @parser.c:1786
[QTS:EMIT] pos=233 u32=0x00000e58 (3672) @parser.c:1788
[QTS:EMIT] pos=237 op=36 @parser.c:1799
[QTS:EMIT] pos=238 u16=0x0001 (1) @parser.c:1772
[QTS:EMIT] pos=240 op=184 @parser.c:1799
[QTS:EMIT] pos=241 u32=0x00000004 (4) @parser.c:1777
[QTS:EMIT] pos=245 op=22 @parser.c:1799
[QTS:EMIT] pos=246 op=62 @parser.c:1799
[QTS:EMIT] pos=247 op=14 @parser.c:1799
[QTS:SCOPE] push: level=6 first_var=-1
[QTS:SCOPE] enter: idx=6 is_body=0
[QTS:EMIT] pos=248 op=182 @parser.c:1799
[QTS:EMIT] pos=249 u16=0x0006 (6) @parser.c:1772
[QTS:EMIT] pos=251 op=200 @parser.c:1786
[QTS:EMIT] pos=252 u32=0x00000e77 (3703) @parser.c:1788
[QTS:EMIT] pos=256 op=186 @parser.c:1799
[QTS:EMIT] pos=257 u32=0x0000022a (554) @parser.c:1777
[QTS:EMIT] pos=261 u16=0x0006 (6) @parser.c:1772
[QTS:EMIT] pos=263 op=108 @parser.c:1799
[QTS:EMIT] pos=264 u32=0x00000005 (5) @parser.c:1777
[QTS:EMIT] pos=268 op=200 @parser.c:1786
[QTS:EMIT] pos=269 u32=0x00000e90 (3728) @parser.c:1788
[QTS:EMIT] pos=273 op=186 @parser.c:1799
[QTS:EMIT] pos=274 u32=0x00000227 (551) @parser.c:1777
[QTS:EMIT] pos=278 u16=0x0006 (6) @parser.c:1772
[QTS:EMIT] pos=273 op=189 @parser.c:1799
[QTS:EMIT] pos=274 atom=551 @parser.c:1807
[QTS:EMIT] pos=278 u32=0x00000006 (6) @parser.c:1777
[QTS:EMIT] pos=282 u16=0x0006 (6) @parser.c:1772
[QTS:ASSIGN] lvalue: opcode=61 scope=6 atom=551 label=6
[QTS:EMIT] pos=284 op=200 @parser.c:1786
[QTS:EMIT] pos=285 u32=0x00000e9d (3741) @parser.c:1788
[QTS:EMIT] pos=289 op=186 @parser.c:1799
[QTS:EMIT] pos=290 u32=0x0000022a (554) @parser.c:1777
[QTS:EMIT] pos=294 u16=0x0006 (6) @parser.c:1772
[QTS:EMIT] pos=296 op=1 @parser.c:1799
[QTS:EMIT] pos=297 u32=0x00000000 (0) @parser.c:1777
[QTS:EMIT] pos=301 op=200 @parser.c:1786
[QTS:EMIT] pos=302 u32=0x00000ea0 (3744) @parser.c:1788
[QTS:EMIT] pos=306 op=72 @parser.c:1799
[QTS:EMIT] pos=307 op=184 @parser.c:1799
[QTS:EMIT] pos=308 u32=0x00000006 (6) @parser.c:1777
[QTS:EMIT] pos=312 op=22 @parser.c:1799
[QTS:EMIT] pos=313 op=62 @parser.c:1799
[QTS:EMIT] pos=314 op=14 @parser.c:1799
[QTS:EMIT] pos=315 op=184 @parser.c:1799
[QTS:EMIT] pos=316 u32=0x00000005 (5) @parser.c:1777
[QTS:SCOPE] leave: idx=6
[QTS:SCOPE] pop: level=6
[QTS:EMIT] pos=320 op=183 @parser.c:1799
[QTS:EMIT] pos=321 u16=0x0006 (6) @parser.c:1772
[QTS:SCOPE] leave: idx=5
[QTS:SCOPE] pop: level=5
[QTS:EMIT] pos=323 op=183 @parser.c:1799
[QTS:EMIT] pos=324 u16=0x0005 (5) @parser.c:1772
[QTS:EMIT] pos=326 op=184 @parser.c:1799
[QTS:EMIT] pos=327 u32=0x00000003 (3) @parser.c:1777
[QTS:SCOPE] leave: idx=4
[QTS:SCOPE] pop: level=4
[QTS:EMIT] pos=331 op=183 @parser.c:1799
[QTS:EMIT] pos=332 u16=0x0004 (4) @parser.c:1772
[QTS:SCOPE] push: level=7 first_var=-1
[QTS:SCOPE] enter: idx=7 is_body=0
[QTS:EMIT] pos=334 op=182 @parser.c:1799
[QTS:EMIT] pos=335 u16=0x0007 (7) @parser.c:1772
[QTS:EMIT] pos=337 op=200 @parser.c:1786
[QTS:EMIT] pos=338 u32=0x00000ec3 (3779) @parser.c:1788
[QTS:EMIT] pos=342 op=186 @parser.c:1799
[QTS:EMIT] pos=343 u32=0x000001d9 (473) @parser.c:1777
[QTS:EMIT] pos=347 u16=0x0007 (7) @parser.c:1772
[QTS:EMIT] pos=349 op=200 @parser.c:1786
[QTS:EMIT] pos=350 u32=0x00000ec5 (3781) @parser.c:1788
[QTS:EMIT] pos=354 op=66 @parser.c:1799
[QTS:EMIT] pos=355 atom=558 @parser.c:1807
[QTS:EMIT] pos=359 op=108 @parser.c:1799
[QTS:EMIT] pos=360 u32=0x00000007 (7) @parser.c:1777
[QTS:SCOPE] push: level=8 first_var=-1
[QTS:SCOPE] enter: idx=8 is_body=0
[QTS:EMIT] pos=364 op=182 @parser.c:1799
[QTS:EMIT] pos=365 u16=0x0008 (8) @parser.c:1772
[QTS:EMIT] pos=367 op=200 @parser.c:1786
[QTS:EMIT] pos=368 u32=0x00000f11 (3857) @parser.c:1788
[QTS:EMIT] pos=372 op=186 @parser.c:1799
[QTS:EMIT] pos=373 u32=0x000001d9 (473) @parser.c:1777
[QTS:EMIT] pos=377 u16=0x0008 (8) @parser.c:1772
[QTS:EMIT] pos=379 op=200 @parser.c:1786
[QTS:EMIT] pos=380 u32=0x00000f13 (3859) @parser.c:1788
[QTS:EMIT] pos=384 op=66 @parser.c:1799
[QTS:EMIT] pos=385 atom=558 @parser.c:1807
[QTS:EMIT] pos=389 op=200 @parser.c:1786
[QTS:EMIT] pos=390 u32=0x00000f1e (3870) @parser.c:1788
[QTS:EMIT] pos=394 op=186 @parser.c:1799
[QTS:EMIT] pos=395 u32=0x00000225 (549) @parser.c:1777
[QTS:EMIT] pos=399 u16=0x0008 (8) @parser.c:1772
[QTS:EMIT] pos=401 op=200 @parser.c:1786
[QTS:EMIT] pos=402 u32=0x00000f1d (3869) @parser.c:1788
[QTS:EMIT] pos=406 op=36 @parser.c:1799
[QTS:EMIT] pos=407 u16=0x0001 (1) @parser.c:1772
[QTS:EMIT] pos=409 op=14 @parser.c:1799
[QTS:SCOPE] leave: idx=8
[QTS:SCOPE] pop: level=8
[QTS:EMIT] pos=410 op=183 @parser.c:1799
[QTS:EMIT] pos=411 u16=0x0008 (8) @parser.c:1772
[QTS:EMIT] pos=413 op=184 @parser.c:1799
[QTS:EMIT] pos=414 u32=0x00000007 (7) @parser.c:1777
[QTS:SCOPE] leave: idx=7
[QTS:SCOPE] pop: level=7
[QTS:EMIT] pos=418 op=183 @parser.c:1799
[QTS:EMIT] pos=419 u16=0x0007 (7) @parser.c:1772
[QTS:SCOPE] leave: idx=3
[QTS:SCOPE] pop: level=3
[QTS:EMIT] pos=421 op=183 @parser.c:1799
[QTS:EMIT] pos=422 u16=0x0003 (3) @parser.c:1772
[QTS:EMIT] pos=424 op=184 @parser.c:1799
[QTS:EMIT] pos=425 u32=0x00000002 (2) @parser.c:1777
[QTS:SCOPE] leave: idx=2
[QTS:SCOPE] pop: level=2
[QTS:EMIT] pos=429 op=183 @parser.c:1799
[QTS:EMIT] pos=430 u16=0x0002 (2) @parser.c:1772
[QTS:EMIT] pos=432 op=200 @parser.c:1786
[QTS:EMIT] pos=433 u32=0x00000f76 (3958) @parser.c:1788
[QTS:EMIT] pos=437 op=186 @parser.c:1799
[QTS:EMIT] pos=438 u32=0x000001d9 (473) @parser.c:1777
[QTS:EMIT] pos=442 u16=0x0001 (1) @parser.c:1772
[QTS:EMIT] pos=444 op=200 @parser.c:1786
[QTS:EMIT] pos=445 u32=0x00000f78 (3960) @parser.c:1788
[QTS:EMIT] pos=449 op=66 @parser.c:1799
[QTS:EMIT] pos=450 atom=559 @parser.c:1807
[QTS:EMIT] pos=454 op=200 @parser.c:1786
[QTS:EMIT] pos=455 u32=0x00000f80 (3968) @parser.c:1788
[QTS:EMIT] pos=459 op=186 @parser.c:1799
[QTS:EMIT] pos=460 u32=0x000001d9 (473) @parser.c:1777
[QTS:EMIT] pos=464 u16=0x0001 (1) @parser.c:1772
[QTS:EMIT] pos=466 op=200 @parser.c:1786
[QTS:EMIT] pos=467 u32=0x00000f82 (3970) @parser.c:1788
[QTS:EMIT] pos=471 op=66 @parser.c:1799
[QTS:EMIT] pos=472 atom=560 @parser.c:1807
[QTS:EMIT] pos=476 op=200 @parser.c:1786
[QTS:EMIT] pos=477 u32=0x00000f8b (3979) @parser.c:1788
[QTS:EMIT] pos=481 op=186 @parser.c:1799
[QTS:EMIT] pos=482 u32=0x00000231 (561) @parser.c:1777
[QTS:EMIT] pos=486 u16=0x0001 (1) @parser.c:1772
[QTS:EMIT] pos=488 op=200 @parser.c:1786
[QTS:EMIT] pos=489 u32=0x00000f7f (3967) @parser.c:1788
[QTS:EMIT] pos=493 op=36 @parser.c:1799
[QTS:EMIT] pos=494 u16=0x0002 (2) @parser.c:1772
[QTS:EMIT] pos=496 op=14 @parser.c:1799
[QTS:EMIT] pos=497 op=200 @parser.c:1786
[QTS:EMIT] pos=498 u32=0x00000fd2 (4050) @parser.c:1788
[QTS:EMIT] pos=502 op=186 @parser.c:1799
[QTS:EMIT] pos=503 u32=0x00000226 (550) @parser.c:1777
[QTS:EMIT] pos=507 u16=0x0001 (1) @parser.c:1772
[QTS:EMIT] pos=502 op=189 @parser.c:1799
[QTS:EMIT] pos=503 atom=550 @parser.c:1807
[QTS:EMIT] pos=507 u32=0x00000008 (8) @parser.c:1777
[QTS:EMIT] pos=511 u16=0x0001 (1) @parser.c:1772
[QTS:ASSIGN] lvalue: opcode=61 scope=1 atom=550 label=8
[QTS:EMIT] pos=513 op=200 @parser.c:1786
[QTS:EMIT] pos=514 u32=0x00000fe6 (4070) @parser.c:1788
[QTS:EMIT] pos=518 op=186 @parser.c:1799
[QTS:EMIT] pos=519 u32=0x000000b0 (176) @parser.c:1777
[QTS:EMIT] pos=523 u16=0x0001 (1) @parser.c:1772
[QTS:EMIT] pos=525 op=17 @parser.c:1799
[QTS:EMIT] pos=526 op=1 @parser.c:1799
[QTS:EMIT] pos=527 u32=0x00000040 (64) @parser.c:1777
[QTS:EMIT] pos=531 op=200 @parser.c:1786
[QTS:EMIT] pos=532 u32=0x00000ff0 (4080) @parser.c:1788
[QTS:EMIT] pos=536 op=33 @parser.c:1799
[QTS:EMIT] pos=537 u16=0x0001 (1) @parser.c:1772
[QTS:EMIT] pos=539 op=184 @parser.c:1799
[QTS:EMIT] pos=540 u32=0x00000008 (8) @parser.c:1777
[QTS:EMIT] pos=544 op=22 @parser.c:1799
[QTS:EMIT] pos=545 op=62 @parser.c:1799
[QTS:EMIT] pos=546 op=14 @parser.c:1799
[QTS:EMIT] pos=547 op=200 @parser.c:1786
[QTS:EMIT] pos=548 u32=0x00000ffe (4094) @parser.c:1788
[QTS:EMIT] pos=552 op=186 @parser.c:1799
[QTS:EMIT] pos=553 u32=0x000001d9 (473) @parser.c:1777
[QTS:EMIT] pos=557 u16=0x0001 (1) @parser.c:1772
[QTS:EMIT] pos=559 op=200 @parser.c:1786
[QTS:EMIT] pos=560 u32=0x00001000 (4096) @parser.c:1788
[QTS:EMIT] pos=564 op=66 @parser.c:1799
[QTS:EMIT] pos=565 atom=562 @parser.c:1807
[QTS:EMIT] pos=569 op=200 @parser.c:1786
[QTS:EMIT] pos=570 u32=0x00001010 (4112) @parser.c:1788
[QTS:EMIT] pos=574 op=186 @parser.c:1799
[QTS:EMIT] pos=575 u32=0x00000225 (549) @parser.c:1777
[QTS:EMIT] pos=579 u16=0x0001 (1) @parser.c:1772
[QTS:EMIT] pos=581 op=200 @parser.c:1786
[QTS:EMIT] pos=582 u32=0x00001019 (4121) @parser.c:1788
[QTS:EMIT] pos=586 op=186 @parser.c:1799
[QTS:EMIT] pos=587 u32=0x00000233 (563) @parser.c:1777
[QTS:EMIT] pos=591 u16=0x0001 (1) @parser.c:1772
[QTS:EMIT] pos=593 op=200 @parser.c:1786
[QTS:EMIT] pos=594 u32=0x0000100f (4111) @parser.c:1788
[QTS:EMIT] pos=598 op=36 @parser.c:1799
[QTS:EMIT] pos=599 u16=0x0002 (2) @parser.c:1772
[QTS:EMIT] pos=601 op=14 @parser.c:1799
[QTS:EMIT] pos=602 op=41 @parser.c:1799
[QTS:SCOPE] push: level=1 first_var=-1
[QTS:SCOPE] enter: idx=1 is_body=0
[QTS:EMIT] pos=0 op=182 @parser.c:1799
[QTS:EMIT] pos=1 u16=0x0001 (1) @parser.c:1772
[QTS:EMIT] pos=3 op=200 @parser.c:1786
[QTS:EMIT] pos=4 u32=0x00001081 (4225) @parser.c:1788
[QTS:EMIT] pos=8 op=186 @parser.c:1799
[QTS:EMIT] pos=9 u32=0x00000234 (564) @parser.c:1777
[QTS:EMIT] pos=13 u16=0x0001 (1) @parser.c:1772
[QTS:EMIT] pos=15 op=1 @parser.c:1799
[QTS:EMIT] pos=16 u32=0x00000003 (3) @parser.c:1777
[QTS:EMIT] pos=20 op=200 @parser.c:1786
[QTS:EMIT] pos=21 u32=0x0000108c (4236) @parser.c:1788
[QTS:EMIT] pos=25 op=34 @parser.c:1799
[QTS:EMIT] pos=26 u16=0x0001 (1) @parser.c:1772
[QTS:EMIT] pos=28 op=14 @parser.c:1799
[QTS:EMIT] pos=29 op=41 @parser.c:1799
[QTS:SCOPE] push: level=1 first_var=-1
[QTS:SCOPE] enter: idx=1 is_body=0
[QTS:EMIT] pos=0 op=182 @parser.c:1799
[QTS:EMIT] pos=1 u16=0x0001 (1) @parser.c:1772
[QTS:EMIT] pos=3 op=200 @parser.c:1786
[QTS:EMIT] pos=4 u32=0x000010d4 (4308) @parser.c:1788
[QTS:EMIT] pos=8 op=186 @parser.c:1799
[QTS:EMIT] pos=9 u32=0x00000235 (565) @parser.c:1777
[QTS:EMIT] pos=13 u16=0x0001 (1) @parser.c:1772
[QTS:EMIT] pos=8 op=189 @parser.c:1799
[QTS:EMIT] pos=9 atom=565 @parser.c:1807
[QTS:EMIT] pos=13 u32=0x00000000 (0) @parser.c:1777
[QTS:EMIT] pos=17 u16=0x0001 (1) @parser.c:1772
[QTS:ASSIGN] lvalue: opcode=61 scope=1 atom=565 label=0
[QTS:EMIT] pos=19 op=200 @parser.c:1786
[QTS:EMIT] pos=20 u32=0x000010d8 (4312) @parser.c:1788
[QTS:EMIT] pos=24 op=186 @parser.c:1799
[QTS:EMIT] pos=25 u32=0x000001d9 (473) @parser.c:1777
[QTS:EMIT] pos=29 u16=0x0001 (1) @parser.c:1772
[QTS:EMIT] pos=31 op=200 @parser.c:1786
[QTS:EMIT] pos=32 u32=0x000010da (4314) @parser.c:1788
[QTS:EMIT] pos=36 op=66 @parser.c:1799
[QTS:EMIT] pos=37 atom=567 @parser.c:1807
[QTS:EMIT] pos=41 op=200 @parser.c:1786
[QTS:EMIT] pos=42 u32=0x000010e0 (4320) @parser.c:1788
[QTS:EMIT] pos=46 op=186 @parser.c:1799
[QTS:EMIT] pos=47 u32=0x00000225 (549) @parser.c:1777
[QTS:EMIT] pos=51 u16=0x0001 (1) @parser.c:1772
[QTS:EMIT] pos=53 op=200 @parser.c:1786
[QTS:EMIT] pos=54 u32=0x000010e9 (4329) @parser.c:1788
[QTS:EMIT] pos=58 op=186 @parser.c:1799
[QTS:EMIT] pos=59 u32=0x00000226 (550) @parser.c:1777
[QTS:EMIT] pos=63 u16=0x0001 (1) @parser.c:1772
[QTS:EMIT] pos=65 op=200 @parser.c:1786
[QTS:EMIT] pos=66 u32=0x000010f6 (4342) @parser.c:1788
[QTS:EMIT] pos=70 op=66 @parser.c:1799
[QTS:EMIT] pos=71 atom=437 @parser.c:1807
[QTS:EMIT] pos=75 op=1 @parser.c:1799
[QTS:EMIT] pos=76 u32=0x00000000 (0) @parser.c:1777
[QTS:EMIT] pos=80 op=200 @parser.c:1786
[QTS:EMIT] pos=81 u32=0x00001102 (4354) @parser.c:1788
[QTS:EMIT] pos=85 op=186 @parser.c:1799
[QTS:EMIT] pos=86 u32=0x00000226 (550) @parser.c:1777
[QTS:EMIT] pos=90 u16=0x0001 (1) @parser.c:1772
[QTS:EMIT] pos=92 op=200 @parser.c:1786
[QTS:EMIT] pos=93 u32=0x0000110f (4367) @parser.c:1788
[QTS:EMIT] pos=97 op=66 @parser.c:1799
[QTS:EMIT] pos=98 atom=48 @parser.c:1807
[QTS:EMIT] pos=102 op=200 @parser.c:1786
[QTS:EMIT] pos=103 u32=0x000010df (4319) @parser.c:1788
[QTS:EMIT] pos=107 op=36 @parser.c:1799
[QTS:EMIT] pos=108 u16=0x0004 (4) @parser.c:1772
[QTS:EMIT] pos=110 op=184 @parser.c:1799
[QTS:EMIT] pos=111 u32=0x00000000 (0) @parser.c:1777
[QTS:EMIT] pos=115 op=22 @parser.c:1799
[QTS:EMIT] pos=116 op=62 @parser.c:1799
[QTS:EMIT] pos=117 op=14 @parser.c:1799
[QTS:SCOPE] push: level=2 first_var=-1
[QTS:SCOPE] enter: idx=2 is_body=0
[QTS:EMIT] pos=118 op=182 @parser.c:1799
[QTS:EMIT] pos=119 u16=0x0002 (2) @parser.c:1772
[QTS:EMIT] pos=121 op=200 @parser.c:1786
[QTS:EMIT] pos=122 u32=0x00001126 (4390) @parser.c:1788
[QTS:EMIT] pos=126 op=186 @parser.c:1799
[QTS:EMIT] pos=127 u32=0x00000236 (566) @parser.c:1777
[QTS:EMIT] pos=131 u16=0x0002 (2) @parser.c:1772
[QTS:EMIT] pos=126 op=189 @parser.c:1799
[QTS:EMIT] pos=127 atom=566 @parser.c:1807
[QTS:EMIT] pos=131 u32=0x00000001 (1) @parser.c:1777
[QTS:EMIT] pos=135 u16=0x0002 (2) @parser.c:1772
[QTS:ASSIGN] lvalue: opcode=61 scope=2 atom=566 label=1
[QTS:EMIT] pos=137 op=1 @parser.c:1799
[QTS:EMIT] pos=138 u32=0x00000000 (0) @parser.c:1777
[QTS:EMIT] pos=142 op=184 @parser.c:1799
[QTS:EMIT] pos=143 u32=0x00000001 (1) @parser.c:1777
[QTS:EMIT] pos=147 op=22 @parser.c:1799
[QTS:EMIT] pos=148 op=62 @parser.c:1799
[QTS:EMIT] pos=149 op=14 @parser.c:1799
[QTS:EMIT] pos=150 op=183 @parser.c:1799
[QTS:EMIT] pos=151 u16=0x0002 (2) @parser.c:1772
[QTS:EMIT] pos=153 op=184 @parser.c:1799
[QTS:EMIT] pos=154 u32=0x00000002 (2) @parser.c:1777
[QTS:EMIT] pos=158 op=200 @parser.c:1786
[QTS:EMIT] pos=159 u32=0x0000112d (4397) @parser.c:1788
[QTS:EMIT] pos=163 op=186 @parser.c:1799
[QTS:EMIT] pos=164 u32=0x00000236 (566) @parser.c:1777
[QTS:EMIT] pos=168 u16=0x0002 (2) @parser.c:1772
[QTS:EMIT] pos=170 op=200 @parser.c:1786
[QTS:EMIT] pos=171 u32=0x00001131 (4401) @parser.c:1788
[QTS:EMIT] pos=175 op=186 @parser.c:1799
[QTS:EMIT] pos=176 u32=0x00000235 (565) @parser.c:1777
[QTS:EMIT] pos=180 u16=0x0002 (2) @parser.c:1772
[QTS:EMIT] pos=182 op=200 @parser.c:1786
[QTS:EMIT] pos=183 u32=0x0000112f (4399) @parser.c:1788
[QTS:EMIT] pos=187 op=165 @parser.c:1799
[QTS:EMIT] pos=188 op=108 @parser.c:1799
[QTS:EMIT] pos=189 u32=0x00000005 (5) @parser.c:1777
[QTS:EMIT] pos=193 op=110 @parser.c:1799
[QTS:EMIT] pos=194 u32=0x00000004 (4) @parser.c:1777
[QTS:EMIT] pos=198 op=184 @parser.c:1799
[QTS:EMIT] pos=199 u32=0x00000003 (3) @parser.c:1777
[QTS:EMIT] pos=203 op=200 @parser.c:1786
[QTS:EMIT] pos=204 u32=0x00001134 (4404) @parser.c:1788
[QTS:EMIT] pos=208 op=186 @parser.c:1799
[QTS:EMIT] pos=209 u32=0x00000236 (566) @parser.c:1777
[QTS:EMIT] pos=213 u16=0x0002 (2) @parser.c:1772
[QTS:EMIT] pos=208 op=189 @parser.c:1799
[QTS:EMIT] pos=209 atom=566 @parser.c:1807
[QTS:EMIT] pos=213 u32=0x00000006 (6) @parser.c:1777
[QTS:EMIT] pos=217 u16=0x0002 (2) @parser.c:1772
[QTS:EMIT] pos=219 op=61 @parser.c:1799
[QTS:EMIT] pos=220 op=200 @parser.c:1786
[QTS:EMIT] pos=221 u32=0x00001135 (4405) @parser.c:1788
[QTS:EMIT] pos=225 op=147 @parser.c:1799
[QTS:EMIT] pos=226 op=184 @parser.c:1799
[QTS:EMIT] pos=227 u32=0x00000006 (6) @parser.c:1777
[QTS:EMIT] pos=231 op=25 @parser.c:1799
[QTS:EMIT] pos=232 op=62 @parser.c:1799
[QTS:EMIT] pos=233 op=14 @parser.c:1799
[QTS:EMIT] pos=234 op=110 @parser.c:1799
[QTS:EMIT] pos=235 u32=0x00000002 (2) @parser.c:1777
[QTS:EMIT] pos=239 op=184 @parser.c:1799
[QTS:EMIT] pos=240 u32=0x00000004 (4) @parser.c:1777
[QTS:EMIT] pos=244 op=200 @parser.c:1786
[QTS:EMIT] pos=245 u32=0x00001145 (4421) @parser.c:1788
[QTS:EMIT] pos=249 op=186 @parser.c:1799
[QTS:EMIT] pos=250 u32=0x00000234 (564) @parser.c:1777
[QTS:EMIT] pos=254 u16=0x0002 (2) @parser.c:1772
[QTS:EMIT] pos=256 op=200 @parser.c:1786
[QTS:EMIT] pos=257 u32=0x00001151 (4433) @parser.c:1788
[QTS:EMIT] pos=261 op=186 @parser.c:1799
[QTS:EMIT] pos=262 u32=0x00000226 (550) @parser.c:1777
[QTS:EMIT] pos=266 u16=0x0002 (2) @parser.c:1772
[QTS:EMIT] pos=268 op=200 @parser.c:1786
[QTS:EMIT] pos=269 u32=0x0000115f (4447) @parser.c:1788
[QTS:EMIT] pos=273 op=186 @parser.c:1799
[QTS:EMIT] pos=274 u32=0x00000236 (566) @parser.c:1777
[QTS:EMIT] pos=278 u16=0x0002 (2) @parser.c:1772
[QTS:EMIT] pos=280 op=200 @parser.c:1786
[QTS:EMIT] pos=281 u32=0x0000115e (4446) @parser.c:1788
[QTS:EMIT] pos=285 op=72 @parser.c:1799
[QTS:EMIT] pos=286 op=200 @parser.c:1786
[QTS:EMIT] pos=287 u32=0x00001150 (4432) @parser.c:1788
[QTS:EMIT] pos=291 op=34 @parser.c:1799
[QTS:EMIT] pos=292 u16=0x0001 (1) @parser.c:1772
[QTS:EMIT] pos=294 op=14 @parser.c:1799
[QTS:EMIT] pos=295 op=183 @parser.c:1799
[QTS:EMIT] pos=296 u16=0x0002 (2) @parser.c:1772
[QTS:EMIT] pos=339 op=184 @parser.c:1799
[QTS:EMIT] pos=340 u32=0x00000005 (5) @parser.c:1777
[QTS:SCOPE] leave: idx=2
[QTS:SCOPE] pop: level=2
[QTS:EMIT] pos=344 op=183 @parser.c:1799
[QTS:EMIT] pos=345 u16=0x0002 (2) @parser.c:1772
[QTS:EMIT] pos=347 op=41 @parser.c:1799
[QTS:SCOPE] push: level=1 first_var=-1
[QTS:SCOPE] enter: idx=1 is_body=0
[QTS:EMIT] pos=0 op=182 @parser.c:1799
[QTS:EMIT] pos=1 u16=0x0001 (1) @parser.c:1772
[QTS:SCOPE] push: level=2 first_var=-1
[QTS:SCOPE] enter: idx=2 is_body=0
[QTS:EMIT] pos=3 op=182 @parser.c:1799
[QTS:EMIT] pos=4 u16=0x0002 (2) @parser.c:1772
[QTS:EMIT] pos=6 op=200 @parser.c:1786
[QTS:EMIT] pos=7 u32=0x00001195 (4501) @parser.c:1788
[QTS:EMIT] pos=11 op=186 @parser.c:1799
[QTS:EMIT] pos=12 u32=0x00000214 (532) @parser.c:1777
[QTS:EMIT] pos=16 u16=0x0002 (2) @parser.c:1772
[QTS:EMIT] pos=18 op=152 @parser.c:1799
[QTS:EMIT] pos=19 op=108 @parser.c:1799
[QTS:EMIT] pos=20 u32=0x00000000 (0) @parser.c:1777
[QTS:SCOPE] push: level=3 first_var=-1
[QTS:SCOPE] enter: idx=3 is_body=0
[QTS:EMIT] pos=24 op=182 @parser.c:1799
[QTS:EMIT] pos=25 u16=0x0003 (3) @parser.c:1772
[QTS:EMIT] pos=27 op=200 @parser.c:1786
[QTS:EMIT] pos=28 u32=0x000011a9 (4521) @parser.c:1788
[QTS:EMIT] pos=32 op=186 @parser.c:1799
[QTS:EMIT] pos=33 u32=0x00000239 (569) @parser.c:1777
[QTS:EMIT] pos=37 u16=0x0003 (3) @parser.c:1772
[QTS:EMIT] pos=39 op=200 @parser.c:1786
[QTS:EMIT] pos=40 u32=0x000011b5 (4533) @parser.c:1788
[QTS:EMIT] pos=44 op=186 @parser.c:1799
[QTS:EMIT] pos=45 u32=0x00000238 (568) @parser.c:1777
[QTS:EMIT] pos=49 u16=0x0003 (3) @parser.c:1772
[QTS:EMIT] pos=51 op=200 @parser.c:1786
[QTS:EMIT] pos=52 u32=0x000011b4 (4532) @parser.c:1788
[QTS:EMIT] pos=56 op=34 @parser.c:1799
[QTS:EMIT] pos=57 u16=0x0001 (1) @parser.c:1772
[QTS:EMIT] pos=59 op=14 @parser.c:1799
[QTS:SCOPE] leave: idx=3
[QTS:SCOPE] pop: level=3
[QTS:EMIT] pos=60 op=183 @parser.c:1799
[QTS:EMIT] pos=61 u16=0x0003 (3) @parser.c:1772
[QTS:EMIT] pos=63 op=110 @parser.c:1799
[QTS:EMIT] pos=64 u32=0x00000001 (1) @parser.c:1777
[QTS:EMIT] pos=68 op=184 @parser.c:1799
[QTS:EMIT] pos=69 u32=0x00000000 (0) @parser.c:1777
[QTS:SCOPE] push: level=4 first_var=-1
[QTS:SCOPE] enter: idx=4 is_body=0
[QTS:EMIT] pos=73 op=182 @parser.c:1799
[QTS:EMIT] pos=74 u16=0x0004 (4) @parser.c:1772
[QTS:EMIT] pos=76 op=200 @parser.c:1786
[QTS:EMIT] pos=77 u32=0x000011d4 (4564) @parser.c:1788
[QTS:EMIT] pos=81 op=186 @parser.c:1799
[QTS:EMIT] pos=82 u32=0x00000223 (547) @parser.c:1777
[QTS:EMIT] pos=86 u16=0x0004 (4) @parser.c:1772
[QTS:EMIT] pos=88 op=1 @parser.c:1799
[QTS:EMIT] pos=89 u32=0x00000000 (0) @parser.c:1777
[QTS:EMIT] pos=93 op=200 @parser.c:1786
[QTS:EMIT] pos=94 u32=0x000011df (4575) @parser.c:1788
[QTS:EMIT] pos=98 op=174 @parser.c:1799
[QTS:EMIT] pos=99 op=17 @parser.c:1799
[QTS:EMIT] pos=100 op=108 @parser.c:1799
[QTS:EMIT] pos=101 u32=0x00000002 (2) @parser.c:1777
[QTS:EMIT] pos=105 op=14 @parser.c:1799
[QTS:EMIT] pos=106 op=200 @parser.c:1786
[QTS:EMIT] pos=107 u32=0x000011e9 (4585) @parser.c:1788
[QTS:EMIT] pos=111 op=186 @parser.c:1799
[QTS:EMIT] pos=112 u32=0x00000238 (568) @parser.c:1777
[QTS:EMIT] pos=116 u16=0x0004 (4) @parser.c:1772
[QTS:EMIT] pos=118 op=1 @parser.c:1799
[QTS:EMIT] pos=119 u32=0x00000080 (128) @parser.c:1777
[QTS:EMIT] pos=123 op=200 @parser.c:1786
[QTS:EMIT] pos=124 u32=0x000011eb (4587) @parser.c:1788
[QTS:EMIT] pos=128 op=168 @parser.c:1799
[QTS:EMIT] pos=129 op=17 @parser.c:1799
[QTS:EMIT] pos=130 op=108 @parser.c:1799
[QTS:EMIT] pos=131 u32=0x00000003 (3) @parser.c:1777
[QTS:EMIT] pos=135 op=14 @parser.c:1799
[QTS:EMIT] pos=136 op=200 @parser.c:1786
[QTS:EMIT] pos=137 u32=0x000011f6 (4598) @parser.c:1788
[QTS:EMIT] pos=141 op=186 @parser.c:1799
[QTS:EMIT] pos=142 u32=0x00000238 (568) @parser.c:1777
[QTS:EMIT] pos=146 u16=0x0004 (4) @parser.c:1772
[QTS:EMIT] pos=148 op=1 @parser.c:1799
[QTS:EMIT] pos=149 u32=0x000000c0 (192) @parser.c:1777
[QTS:EMIT] pos=153 op=200 @parser.c:1786
[QTS:EMIT] pos=154 u32=0x000011f8 (4600) @parser.c:1788
[QTS:EMIT] pos=158 op=165 @parser.c:1799
[QTS:EMIT] pos=159 op=184 @parser.c:1799
[QTS:EMIT] pos=160 u32=0x00000003 (3) @parser.c:1777
[QTS:EMIT] pos=164 op=184 @parser.c:1799
[QTS:EMIT] pos=165 u32=0x00000002 (2) @parser.c:1777
[QTS:EMIT] pos=169 op=108 @parser.c:1799
[QTS:EMIT] pos=170 u32=0x00000004 (4) @parser.c:1777
[QTS:SCOPE] push: level=5 first_var=-1
[QTS:SCOPE] enter: idx=5 is_body=0
[QTS:EMIT] pos=174 op=182 @parser.c:1799
[QTS:EMIT] pos=175 u16=0x0005 (5) @parser.c:1772
[QTS:EMIT] pos=177 op=200 @parser.c:1786
[QTS:EMIT] pos=178 u32=0x0000120f (4623) @parser.c:1788
[QTS:EMIT] pos=182 op=186 @parser.c:1799
[QTS:EMIT] pos=183 u32=0x00000224 (548) @parser.c:1777
[QTS:EMIT] pos=187 u16=0x0005 (5) @parser.c:1772
[QTS:EMIT] pos=182 op=189 @parser.c:1799
[QTS:EMIT] pos=183 atom=548 @parser.c:1807
[QTS:EMIT] pos=187 u32=0x00000005 (5) @parser.c:1777
[QTS:EMIT] pos=191 u16=0x0005 (5) @parser.c:1772
[QTS:ASSIGN] lvalue: opcode=61 scope=5 atom=548 label=5
[QTS:EMIT] pos=193 op=200 @parser.c:1786
[QTS:EMIT] pos=194 u32=0x0000121b (4635) @parser.c:1788
[QTS:EMIT] pos=198 op=186 @parser.c:1799
[QTS:EMIT] pos=199 u32=0x00000224 (548) @parser.c:1777
[QTS:EMIT] pos=203 u16=0x0005 (5) @parser.c:1772
[QTS:EMIT] pos=205 op=1 @parser.c:1799
[QTS:EMIT] pos=206 u32=0x00000006 (6) @parser.c:1777
[QTS:EMIT] pos=210 op=200 @parser.c:1786
[QTS:EMIT] pos=211 u32=0x00001224 (4644) @parser.c:1788
[QTS:EMIT] pos=215 op=162 @parser.c:1799
[QTS:EMIT] pos=216 op=200 @parser.c:1786
[QTS:EMIT] pos=217 u32=0x0000122d (4653) @parser.c:1788
[QTS:EMIT] pos=221 op=186 @parser.c:1799
[QTS:EMIT] pos=222 u32=0x00000238 (568) @parser.c:1777
[QTS:EMIT] pos=226 u16=0x0005 (5) @parser.c:1772
[QTS:EMIT] pos=228 op=1 @parser.c:1799
[QTS:EMIT] pos=229 u32=0x0000003f (63) @parser.c:1777
[QTS:EMIT] pos=233 op=200 @parser.c:1786
[QTS:EMIT] pos=234 u32=0x0000122f (4655) @parser.c:1788
[QTS:EMIT] pos=238 op=175 @parser.c:1799
[QTS:EMIT] pos=239 op=200 @parser.c:1786
[QTS:EMIT] pos=240 u32=0x0000122a (4650) @parser.c:1788
[QTS:EMIT] pos=244 op=177 @parser.c:1799
[QTS:EMIT] pos=245 op=184 @parser.c:1799
[QTS:EMIT] pos=246 u32=0x00000005 (5) @parser.c:1777
[QTS:EMIT] pos=250 op=22 @parser.c:1799
[QTS:EMIT] pos=251 op=62 @parser.c:1799
[QTS:EMIT] pos=252 op=14 @parser.c:1799
[QTS:EMIT] pos=253 op=200 @parser.c:1786
[QTS:EMIT] pos=254 u32=0x00001244 (4676) @parser.c:1788
[QTS:EMIT] pos=258 op=186 @parser.c:1799
[QTS:EMIT] pos=259 u32=0x00000223 (547) @parser.c:1777
[QTS:EMIT] pos=263 u16=0x0005 (5) @parser.c:1772
[QTS:EMIT] pos=258 op=189 @parser.c:1799
[QTS:EMIT] pos=259 atom=547 @parser.c:1807
[QTS:EMIT] pos=263 u32=0x00000006 (6) @parser.c:1777
[QTS:EMIT] pos=267 u16=0x0005 (5) @parser.c:1772
[QTS:EMIT] pos=269 op=61 @parser.c:1799
[QTS:EMIT] pos=270 op=200 @parser.c:1786
[QTS:EMIT] pos=271 u32=0x0000124e (4686) @parser.c:1788
[QTS:EMIT] pos=275 op=146 @parser.c:1799
[QTS:EMIT] pos=276 op=184 @parser.c:1799
[QTS:EMIT] pos=277 u32=0x00000006 (6) @parser.c:1777
[QTS:EMIT] pos=281 op=25 @parser.c:1799
[QTS:EMIT] pos=282 op=62 @parser.c:1799
[QTS:EMIT] pos=283 op=14 @parser.c:1799
[QTS:SCOPE] push: level=6 first_var=-1
[QTS:SCOPE] enter: idx=6 is_body=0
[QTS:EMIT] pos=284 op=182 @parser.c:1799
[QTS:EMIT] pos=285 u16=0x0006 (6) @parser.c:1772
[QTS:EMIT] pos=287 op=200 @parser.c:1786
[QTS:EMIT] pos=288 u32=0x00001262 (4706) @parser.c:1788
[QTS:EMIT] pos=292 op=186 @parser.c:1799
[QTS:EMIT] pos=293 u32=0x00000223 (547) @parser.c:1777
[QTS:EMIT] pos=297 u16=0x0006 (6) @parser.c:1772
[QTS:EMIT] pos=299 op=1 @parser.c:1799
[QTS:EMIT] pos=300 u32=0x00000000 (0) @parser.c:1777
[QTS:EMIT] pos=304 op=200 @parser.c:1786
[QTS:EMIT] pos=305 u32=0x0000126d (4717) @parser.c:1788
[QTS:EMIT] pos=309 op=173 @parser.c:1799
[QTS:EMIT] pos=310 op=108 @parser.c:1799
[QTS:EMIT] pos=311 u32=0x00000007 (7) @parser.c:1777
[QTS:SCOPE] push: level=7 first_var=-1
[QTS:SCOPE] enter: idx=7 is_body=0
[QTS:EMIT] pos=315 op=182 @parser.c:1799
[QTS:EMIT] pos=316 u16=0x0007 (7) @parser.c:1772
[QTS:EMIT] pos=318 op=200 @parser.c:1786
[QTS:EMIT] pos=319 u32=0x00001286 (4742) @parser.c:1788
[QTS:EMIT] pos=323 op=186 @parser.c:1799
[QTS:EMIT] pos=324 u32=0x00000239 (569) @parser.c:1777
[QTS:EMIT] pos=328 u16=0x0007 (7) @parser.c:1772
[QTS:EMIT] pos=330 op=200 @parser.c:1786
[QTS:EMIT] pos=331 u32=0x00001292 (4754) @parser.c:1788
[QTS:EMIT] pos=335 op=186 @parser.c:1799
[QTS:EMIT] pos=336 u32=0x00000224 (548) @parser.c:1777
[QTS:EMIT] pos=340 u16=0x0007 (7) @parser.c:1772
[QTS:EMIT] pos=342 op=200 @parser.c:1786
[QTS:EMIT] pos=343 u32=0x00001291 (4753) @parser.c:1788
[QTS:EMIT] pos=347 op=34 @parser.c:1799
[QTS:EMIT] pos=348 u16=0x0001 (1) @parser.c:1772
[QTS:EMIT] pos=350 op=14 @parser.c:1799
[QTS:SCOPE] leave: idx=7
[QTS:SCOPE] pop: level=7
[QTS:EMIT] pos=351 op=183 @parser.c:1799
[QTS:EMIT] pos=352 u16=0x0007 (7) @parser.c:1772
[QTS:EMIT] pos=354 op=184 @parser.c:1799
[QTS:EMIT] pos=355 u32=0x00000007 (7) @parser.c:1777
[QTS:SCOPE] leave: idx=6
[QTS:SCOPE] pop: level=6
[QTS:EMIT] pos=359 op=183 @parser.c:1799
[QTS:EMIT] pos=360 u16=0x0006 (6) @parser.c:1772
[QTS:SCOPE] leave: idx=5
[QTS:SCOPE] pop: level=5
[QTS:EMIT] pos=362 op=183 @parser.c:1799
[QTS:EMIT] pos=363 u16=0x0005 (5) @parser.c:1772
[QTS:EMIT] pos=365 op=110 @parser.c:1799
[QTS:EMIT] pos=366 u32=0x00000008 (8) @parser.c:1777
[QTS:EMIT] pos=370 op=184 @parser.c:1799
[QTS:EMIT] pos=371 u32=0x00000004 (4) @parser.c:1777
[QTS:SCOPE] push: level=8 first_var=-1
[QTS:SCOPE] enter: idx=8 is_body=0
[QTS:EMIT] pos=375 op=182 @parser.c:1799
[QTS:EMIT] pos=376 u16=0x0008 (8) @parser.c:1772
[QTS:EMIT] pos=378 op=200 @parser.c:1786
[QTS:EMIT] pos=379 u32=0x000012c6 (4806) @parser.c:1788
[QTS:EMIT] pos=383 op=186 @parser.c:1799
[QTS:EMIT] pos=384 u32=0x00000238 (568) @parser.c:1777
[QTS:EMIT] pos=388 u16=0x0008 (8) @parser.c:1772
[QTS:EMIT] pos=390 op=1 @parser.c:1799
[QTS:EMIT] pos=391 u32=0x000000c0 (192) @parser.c:1777
[QTS:EMIT] pos=395 op=200 @parser.c:1786
[QTS:EMIT] pos=396 u32=0x000012c8 (4808) @parser.c:1788
[QTS:EMIT] pos=400 op=168 @parser.c:1799
[QTS:EMIT] pos=401 op=17 @parser.c:1799
[QTS:EMIT] pos=402 op=108 @parser.c:1799
[QTS:EMIT] pos=403 u32=0x00000009 (9) @parser.c:1777
[QTS:EMIT] pos=407 op=14 @parser.c:1799
[QTS:EMIT] pos=408 op=200 @parser.c:1786
[QTS:EMIT] pos=409 u32=0x000012d3 (4819) @parser.c:1788
[QTS:EMIT] pos=413 op=186 @parser.c:1799
[QTS:EMIT] pos=414 u32=0x00000238 (568) @parser.c:1777
[QTS:EMIT] pos=418 u16=0x0008 (8) @parser.c:1772
[QTS:EMIT] pos=420 op=1 @parser.c:1799
[QTS:EMIT] pos=421 u32=0x000000f8 (248) @parser.c:1777
[QTS:EMIT] pos=425 op=200 @parser.c:1786
[QTS:EMIT] pos=426 u32=0x000012d5 (4821) @parser.c:1788
[QTS:EMIT] pos=430 op=165 @parser.c:1799
[QTS:EMIT] pos=431 op=184 @parser.c:1799
[QTS:EMIT] pos=432 u32=0x00000009 (9) @parser.c:1777
[QTS:EMIT] pos=436 op=108 @parser.c:1799
[QTS:EMIT] pos=437 u32=0x0000000a (10) @parser.c:1777
[QTS:SCOPE] push: level=9 first_var=-1
[QTS:SCOPE] enter: idx=9 is_body=0
[QTS:EMIT] pos=441 op=182 @parser.c:1799
[QTS:EMIT] pos=442 u16=0x0009 (9) @parser.c:1772
[QTS:EMIT] pos=444 op=200 @parser.c:1786
[QTS:EMIT] pos=445 u32=0x000012eb (4843) @parser.c:1788
[QTS:EMIT] pos=449 op=186 @parser.c:1799
[QTS:EMIT] pos=450 u32=0x00000223 (547) @parser.c:1777
[QTS:EMIT] pos=454 u16=0x0009 (9) @parser.c:1772
[QTS:EMIT] pos=449 op=189 @parser.c:1799
[QTS:EMIT] pos=450 atom=547 @parser.c:1807
[QTS:EMIT] pos=454 u32=0x0000000b (11) @parser.c:1777
[QTS:EMIT] pos=458 u16=0x0009 (9) @parser.c:1772
[QTS:ASSIGN] lvalue: opcode=61 scope=9 atom=547 label=11
[QTS:EMIT] pos=460 op=1 @parser.c:1799
[QTS:EMIT] pos=461 u32=0x00000001 (1) @parser.c:1777
[QTS:EMIT] pos=465 op=200 @parser.c:1786
[QTS:EMIT] pos=466 u32=0x000012fd (4861) @parser.c:1788
[QTS:EMIT] pos=470 op=186 @parser.c:1799
[QTS:EMIT] pos=471 u32=0x00000238 (568) @parser.c:1777
[QTS:EMIT] pos=475 u16=0x0009 (9) @parser.c:1772
[QTS:EMIT] pos=477 op=1 @parser.c:1799
[QTS:EMIT] pos=478 u32=0x000000e0 (224) @parser.c:1777
[QTS:EMIT] pos=482 op=200 @parser.c:1786
[QTS:EMIT] pos=483 u32=0x000012ff (4863) @parser.c:1788
[QTS:EMIT] pos=487 op=168 @parser.c:1799
[QTS:EMIT] pos=488 op=200 @parser.c:1786
[QTS:EMIT] pos=489 u32=0x000012fa (4858) @parser.c:1788
[QTS:EMIT] pos=493 op=159 @parser.c:1799
[QTS:EMIT] pos=494 op=200 @parser.c:1786
[QTS:EMIT] pos=495 u32=0x0000130b (4875) @parser.c:1788
[QTS:EMIT] pos=499 op=186 @parser.c:1799
[QTS:EMIT] pos=500 u32=0x00000238 (568) @parser.c:1777
[QTS:EMIT] pos=504 u16=0x0009 (9) @parser.c:1772
[QTS:EMIT] pos=506 op=1 @parser.c:1799
[QTS:EMIT] pos=507 u32=0x000000f0 (240) @parser.c:1777
[QTS:EMIT] pos=511 op=200 @parser.c:1786
[QTS:EMIT] pos=512 u32=0x0000130d (4877) @parser.c:1788
[QTS:EMIT] pos=516 op=168 @parser.c:1799
[QTS:EMIT] pos=517 op=200 @parser.c:1786
[QTS:EMIT] pos=518 u32=0x00001308 (4872) @parser.c:1788
[QTS:EMIT] pos=522 op=159 @parser.c:1799
[QTS:EMIT] pos=523 op=184 @parser.c:1799
[QTS:EMIT] pos=524 u32=0x0000000b (11) @parser.c:1777
[QTS:EMIT] pos=528 op=22 @parser.c:1799
[QTS:EMIT] pos=529 op=62 @parser.c:1799
[QTS:EMIT] pos=530 op=14 @parser.c:1799
[QTS:EMIT] pos=531 op=200 @parser.c:1786
[QTS:EMIT] pos=532 u32=0x00001323 (4899) @parser.c:1788
[QTS:EMIT] pos=536 op=186 @parser.c:1799
[QTS:EMIT] pos=537 u32=0x00000224 (548) @parser.c:1777
[QTS:EMIT] pos=541 u16=0x0009 (9) @parser.c:1772
[QTS:EMIT] pos=536 op=189 @parser.c:1799
[QTS:EMIT] pos=537 atom=548 @parser.c:1807
[QTS:EMIT] pos=541 u32=0x0000000c (12) @parser.c:1777
[QTS:EMIT] pos=545 u16=0x0009 (9) @parser.c:1772
[QTS:ASSIGN] lvalue: opcode=61 scope=9 atom=548 label=12
[QTS:EMIT] pos=547 op=200 @parser.c:1786
[QTS:EMIT] pos=548 u32=0x0000132e (4910) @parser.c:1788
[QTS:EMIT] pos=552 op=186 @parser.c:1799
[QTS:EMIT] pos=553 u32=0x00000238 (568) @parser.c:1777
[QTS:EMIT] pos=557 u16=0x0009 (9) @parser.c:1772
[QTS:EMIT] pos=559 op=1 @parser.c:1799
[QTS:EMIT] pos=560 u32=0x00000001 (1) @parser.c:1777
[QTS:EMIT] pos=564 op=1 @parser.c:1799
[QTS:EMIT] pos=565 u32=0x00000006 (6) @parser.c:1777
[QTS:EMIT] pos=569 op=200 @parser.c:1786
[QTS:EMIT] pos=570 u32=0x0000133e (4926) @parser.c:1788
[QTS:EMIT] pos=574 op=186 @parser.c:1799
[QTS:EMIT] pos=575 u32=0x00000223 (547) @parser.c:1777
[QTS:EMIT] pos=579 u16=0x0009 (9) @parser.c:1772
[QTS:EMIT] pos=581 op=200 @parser.c:1786
[QTS:EMIT] pos=582 u32=0x0000133c (4924) @parser.c:1788
[QTS:EMIT] pos=586 op=160 @parser.c:1799
[QTS:EMIT] pos=587 op=200 @parser.c:1786
[QTS:EMIT] pos=588 u32=0x00001336 (4918) @parser.c:1788
[QTS:EMIT] pos=592 op=162 @parser.c:1799
[QTS:EMIT] pos=593 op=1 @parser.c:1799
[QTS:EMIT] pos=594 u32=0x00000001 (1) @parser.c:1777
[QTS:EMIT] pos=598 op=200 @parser.c:1786
[QTS:EMIT] pos=599 u32=0x0000134b (4939) @parser.c:1788
[QTS:EMIT] pos=603 op=160 @parser.c:1799
[QTS:EMIT] pos=604 op=200 @parser.c:1786
[QTS:EMIT] pos=605 u32=0x00001330 (4912) @parser.c:1788
[QTS:EMIT] pos=609 op=175 @parser.c:1799
[QTS:EMIT] pos=610 op=184 @parser.c:1799
[QTS:EMIT] pos=611 u32=0x0000000c (12) @parser.c:1777
[QTS:EMIT] pos=615 op=22 @parser.c:1799
[QTS:EMIT] pos=616 op=62 @parser.c:1799
[QTS:EMIT] pos=617 op=14 @parser.c:1799
[QTS:SCOPE] leave: idx=9
[QTS:SCOPE] pop: level=9
[QTS:EMIT] pos=618 op=183 @parser.c:1799
[QTS:EMIT] pos=619 u16=0x0009 (9) @parser.c:1772
[QTS:EMIT] pos=621 op=110 @parser.c:1799
[QTS:EMIT] pos=622 u32=0x0000000d (13) @parser.c:1777
[QTS:EMIT] pos=626 op=184 @parser.c:1799
[QTS:EMIT] pos=627 u32=0x0000000a (10) @parser.c:1777
[QTS:SCOPE] push: level=10 first_var=-1
[QTS:SCOPE] enter: idx=10 is_body=0
[QTS:EMIT] pos=631 op=182 @parser.c:1799
[QTS:EMIT] pos=632 u16=0x000a (10) @parser.c:1772
[QTS:EMIT] pos=634 op=200 @parser.c:1786
[QTS:EMIT] pos=635 u32=0x00001376 (4982) @parser.c:1788
[QTS:EMIT] pos=639 op=186 @parser.c:1799
[QTS:EMIT] pos=640 u32=0x00000223 (547) @parser.c:1777
[QTS:EMIT] pos=644 u16=0x000a (10) @parser.c:1772
[QTS:EMIT] pos=639 op=189 @parser.c:1799
[QTS:EMIT] pos=640 atom=547 @parser.c:1807
[QTS:EMIT] pos=644 u32=0x0000000e (14) @parser.c:1777
[QTS:EMIT] pos=648 u16=0x000a (10) @parser.c:1772
[QTS:ASSIGN] lvalue: opcode=61 scope=10 atom=547 label=14
[QTS:EMIT] pos=650 op=1 @parser.c:1799
[QTS:EMIT] pos=651 u32=0x00000000 (0) @parser.c:1777
[QTS:EMIT] pos=655 op=184 @parser.c:1799
[QTS:EMIT] pos=656 u32=0x0000000e (14) @parser.c:1777
[QTS:EMIT] pos=660 op=22 @parser.c:1799
[QTS:EMIT] pos=661 op=62 @parser.c:1799
[QTS:EMIT] pos=662 op=14 @parser.c:1799
[QTS:EMIT] pos=663 op=200 @parser.c:1786
[QTS:EMIT] pos=664 u32=0x00001392 (5010) @parser.c:1788
[QTS:EMIT] pos=668 op=186 @parser.c:1799
[QTS:EMIT] pos=669 u32=0x00000239 (569) @parser.c:1777
[QTS:EMIT] pos=673 u16=0x000a (10) @parser.c:1772
[QTS:EMIT] pos=675 op=200 @parser.c:1786
[QTS:EMIT] pos=676 u32=0x0000139e (5022) @parser.c:1788
[QTS:EMIT] pos=680 op=186 @parser.c:1799
[QTS:EMIT] pos=681 u32=0x00000238 (568) @parser.c:1777
[QTS:EMIT] pos=685 u16=0x000a (10) @parser.c:1772
[QTS:EMIT] pos=687 op=200 @parser.c:1786
[QTS:EMIT] pos=688 u32=0x0000139d (5021) @parser.c:1788
[QTS:EMIT] pos=692 op=34 @parser.c:1799
[QTS:EMIT] pos=693 u16=0x0001 (1) @parser.c:1772
[QTS:EMIT] pos=695 op=14 @parser.c:1799
[QTS:SCOPE] leave: idx=10
[QTS:SCOPE] pop: level=10
[QTS:EMIT] pos=696 op=183 @parser.c:1799
[QTS:EMIT] pos=697 u16=0x000a (10) @parser.c:1772
[QTS:EMIT] pos=699 op=184 @parser.c:1799
[QTS:EMIT] pos=700 u32=0x0000000d (13) @parser.c:1777
[QTS:SCOPE] leave: idx=8
[QTS:SCOPE] pop: level=8
[QTS:EMIT] pos=704 op=183 @parser.c:1799
[QTS:EMIT] pos=705 u16=0x0008 (8) @parser.c:1772
[QTS:EMIT] pos=707 op=184 @parser.c:1799
[QTS:EMIT] pos=708 u32=0x00000008 (8) @parser.c:1777
[QTS:SCOPE] leave: idx=4
[QTS:SCOPE] pop: level=4
[QTS:EMIT] pos=712 op=183 @parser.c:1799
[QTS:EMIT] pos=713 u16=0x0004 (4) @parser.c:1772
[QTS:EMIT] pos=715 op=184 @parser.c:1799
[QTS:EMIT] pos=716 u32=0x00000001 (1) @parser.c:1777
[QTS:SCOPE] leave: idx=2
[QTS:SCOPE] pop: level=2
[QTS:EMIT] pos=720 op=183 @parser.c:1799
[QTS:EMIT] pos=721 u16=0x0002 (2) @parser.c:1772
[QTS:EMIT] pos=723 op=41 @parser.c:1799
[QTS:SCOPE] push: level=1 first_var=-1
[QTS:SCOPE] enter: idx=1 is_body=0
[QTS:EMIT] pos=0 op=182 @parser.c:1799
[QTS:EMIT] pos=1 u16=0x0001 (1) @parser.c:1772
[QTS:EMIT] pos=3 op=200 @parser.c:1786
[QTS:EMIT] pos=4 u32=0x000013e3 (5091) @parser.c:1788
[QTS:EMIT] pos=8 op=186 @parser.c:1799
[QTS:EMIT] pos=9 u32=0x00000238 (568) @parser.c:1777
[QTS:EMIT] pos=13 u16=0x0001 (1) @parser.c:1772
[QTS:EMIT] pos=15 op=153 @parser.c:1799
[QTS:EMIT] pos=16 op=4 @parser.c:1799
[QTS:EMIT] pos=17 u32=0x0000004a (74) @parser.c:1777
[QTS:EMIT] pos=21 op=200 @parser.c:1786
[QTS:EMIT] pos=22 u32=0x000013e5 (5093) @parser.c:1788
[QTS:EMIT] pos=26 op=173 @parser.c:1799
[QTS:EMIT] pos=27 op=17 @parser.c:1799
[QTS:EMIT] pos=28 op=108 @parser.c:1799
[QTS:EMIT] pos=29 u32=0x00000000 (0) @parser.c:1777
[QTS:EMIT] pos=33 op=14 @parser.c:1799
[QTS:EMIT] pos=34 op=200 @parser.c:1786
[QTS:EMIT] pos=35 u32=0x00001403 (5123) @parser.c:1788
[QTS:EMIT] pos=39 op=186 @parser.c:1799
[QTS:EMIT] pos=40 u32=0x00000238 (568) @parser.c:1777
[QTS:EMIT] pos=44 u16=0x0001 (1) @parser.c:1772
[QTS:EMIT] pos=46 op=4 @parser.c:1799
[QTS:EMIT] pos=47 u32=0x0000023b (571) @parser.c:1777
[QTS:EMIT] pos=51 op=200 @parser.c:1786
[QTS:EMIT] pos=52 u32=0x00001405 (5125) @parser.c:1788
[QTS:EMIT] pos=56 op=168 @parser.c:1799
[QTS:EMIT] pos=57 op=17 @parser.c:1799
[QTS:EMIT] pos=58 op=108 @parser.c:1799
[QTS:EMIT] pos=59 u32=0x00000001 (1) @parser.c:1777
[QTS:EMIT] pos=63 op=14 @parser.c:1799
[QTS:EMIT] pos=64 op=200 @parser.c:1786
[QTS:EMIT] pos=65 u32=0x0000140f (5135) @parser.c:1788
[QTS:EMIT] pos=69 op=186 @parser.c:1799
[QTS:EMIT] pos=70 u32=0x00000238 (568) @parser.c:1777
[QTS:EMIT] pos=74 u16=0x0001 (1) @parser.c:1772
[QTS:EMIT] pos=76 op=4 @parser.c:1799
[QTS:EMIT] pos=77 u32=0x0000023c (572) @parser.c:1777
[QTS:EMIT] pos=81 op=200 @parser.c:1786
[QTS:EMIT] pos=82 u32=0x00001411 (5137) @parser.c:1788
[QTS:EMIT] pos=86 op=166 @parser.c:1799
[QTS:EMIT] pos=87 op=184 @parser.c:1799
[QTS:EMIT] pos=88 u32=0x00000001 (1) @parser.c:1777
[QTS:EMIT] pos=92 op=17 @parser.c:1799
[QTS:EMIT] pos=93 op=109 @parser.c:1799
[QTS:EMIT] pos=94 u32=0x00000002 (2) @parser.c:1777
[QTS:EMIT] pos=98 op=14 @parser.c:1799
[QTS:EMIT] pos=99 op=200 @parser.c:1786
[QTS:EMIT] pos=100 u32=0x0000141d (5149) @parser.c:1788
[QTS:EMIT] pos=104 op=186 @parser.c:1799
[QTS:EMIT] pos=105 u32=0x00000238 (568) @parser.c:1777
[QTS:EMIT] pos=109 u16=0x0001 (1) @parser.c:1772
[QTS:EMIT] pos=111 op=4 @parser.c:1799
[QTS:EMIT] pos=112 u32=0x0000023d (573) @parser.c:1777
[QTS:EMIT] pos=116 op=200 @parser.c:1786
[QTS:EMIT] pos=117 u32=0x0000141f (5151) @parser.c:1788
[QTS:EMIT] pos=121 op=168 @parser.c:1799
[QTS:EMIT] pos=122 op=17 @parser.c:1799
[QTS:EMIT] pos=123 op=108 @parser.c:1799
[QTS:EMIT] pos=124 u32=0x00000003 (3) @parser.c:1777
[QTS:EMIT] pos=128 op=14 @parser.c:1799
[QTS:EMIT] pos=129 op=200 @parser.c:1786
[QTS:EMIT] pos=130 u32=0x00001429 (5161) @parser.c:1788
[QTS:EMIT] pos=134 op=186 @parser.c:1799
[QTS:EMIT] pos=135 u32=0x00000238 (568) @parser.c:1777
[QTS:EMIT] pos=139 u16=0x0001 (1) @parser.c:1772
[QTS:EMIT] pos=141 op=4 @parser.c:1799
[QTS:EMIT] pos=142 u32=0x0000023e (574) @parser.c:1777
[QTS:EMIT] pos=146 op=200 @parser.c:1786
[QTS:EMIT] pos=147 u32=0x0000142b (5163) @parser.c:1788
[QTS:EMIT] pos=151 op=166 @parser.c:1799
[QTS:EMIT] pos=152 op=184 @parser.c:1799
[QTS:EMIT] pos=153 u32=0x00000003 (3) @parser.c:1777
[QTS:EMIT] pos=157 op=184 @parser.c:1799
[QTS:EMIT] pos=158 u32=0x00000002 (2) @parser.c:1777
[QTS:EMIT] pos=162 op=184 @parser.c:1799
[QTS:EMIT] pos=163 u32=0x00000000 (0) @parser.c:1777
[QTS:EMIT] pos=167 op=200 @parser.c:1786
[QTS:EMIT] pos=168 u32=0x000013d5 (5077) @parser.c:1788
[QTS:EMIT] pos=172 op=40 @parser.c:1799
[QTS:SCOPE] push: level=1 first_var=-1
[QTS:SCOPE] enter: idx=1 is_body=0
[QTS:EMIT] pos=0 op=182 @parser.c:1799
[QTS:EMIT] pos=1 u16=0x0001 (1) @parser.c:1772
[QTS:EMIT] pos=3 op=200 @parser.c:1786
[QTS:EMIT] pos=4 u32=0x0000146c (5228) @parser.c:1788
[QTS:EMIT] pos=8 op=186 @parser.c:1799
[QTS:EMIT] pos=9 u32=0x00000238 (568) @parser.c:1777
[QTS:EMIT] pos=13 u16=0x0001 (1) @parser.c:1772
[QTS:EMIT] pos=15 op=153 @parser.c:1799
[QTS:EMIT] pos=16 op=4 @parser.c:1799
[QTS:EMIT] pos=17 u32=0x0000004a (74) @parser.c:1777
[QTS:EMIT] pos=21 op=200 @parser.c:1786
[QTS:EMIT] pos=22 u32=0x0000146e (5230) @parser.c:1788
[QTS:EMIT] pos=26 op=173 @parser.c:1799
[QTS:EMIT] pos=27 op=17 @parser.c:1799
[QTS:EMIT] pos=28 op=108 @parser.c:1799
[QTS:EMIT] pos=29 u32=0x00000000 (0) @parser.c:1777
[QTS:EMIT] pos=33 op=14 @parser.c:1799
[QTS:EMIT] pos=34 op=200 @parser.c:1786
[QTS:EMIT] pos=35 u32=0x0000147f (5247) @parser.c:1788
[QTS:EMIT] pos=39 op=186 @parser.c:1799
[QTS:EMIT] pos=40 u32=0x00000238 (568) @parser.c:1777
[QTS:EMIT] pos=44 u16=0x0001 (1) @parser.c:1772
[QTS:EMIT] pos=46 op=2 @parser.c:1799
[QTS:EMIT] pos=47 u32=0x00000000 (0) @parser.c:1777
[QTS:EMIT] pos=51 op=200 @parser.c:1786
[QTS:EMIT] pos=52 u32=0x00001481 (5249) @parser.c:1788
[QTS:EMIT] pos=56 op=168 @parser.c:1799
[QTS:EMIT] pos=57 op=17 @parser.c:1799
[QTS:EMIT] pos=58 op=108 @parser.c:1799
[QTS:EMIT] pos=59 u32=0x00000001 (1) @parser.c:1777
[QTS:EMIT] pos=63 op=14 @parser.c:1799
[QTS:EMIT] pos=64 op=200 @parser.c:1786
[QTS:EMIT] pos=65 u32=0x0000148b (5259) @parser.c:1788
[QTS:EMIT] pos=69 op=186 @parser.c:1799
[QTS:EMIT] pos=70 u32=0x00000238 (568) @parser.c:1777
[QTS:EMIT] pos=74 u16=0x0001 (1) @parser.c:1772
[QTS:EMIT] pos=76 op=2 @parser.c:1799
[QTS:EMIT] pos=77 u32=0x00000001 (1) @parser.c:1777
[QTS:EMIT] pos=81 op=200 @parser.c:1786
[QTS:EMIT] pos=82 u32=0x0000148d (5261) @parser.c:1788
[QTS:EMIT] pos=86 op=166 @parser.c:1799
[QTS:EMIT] pos=87 op=184 @parser.c:1799
[QTS:EMIT] pos=88 u32=0x00000001 (1) @parser.c:1777
[QTS:EMIT] pos=92 op=184 @parser.c:1799
[QTS:EMIT] pos=93 u32=0x00000000 (0) @parser.c:1777
[QTS:EMIT] pos=97 op=200 @parser.c:1786
[QTS:EMIT] pos=98 u32=0x0000145e (5214) @parser.c:1788
[QTS:EMIT] pos=102 op=40 @parser.c:1799
[QTS:SCOPE] push: level=1 first_var=-1
[QTS:SCOPE] enter: idx=1 is_body=0
[QTS:EMIT] pos=0 op=182 @parser.c:1799
[QTS:EMIT] pos=1 u16=0x0001 (1) @parser.c:1772
[QTS:EMIT] pos=3 op=200 @parser.c:1786
[QTS:EMIT] pos=4 u32=0x000014cc (5324) @parser.c:1788
[QTS:EMIT] pos=8 op=186 @parser.c:1799
[QTS:EMIT] pos=9 u32=0x00000238 (568) @parser.c:1777
[QTS:EMIT] pos=13 u16=0x0001 (1) @parser.c:1772
[QTS:EMIT] pos=15 op=153 @parser.c:1799
[QTS:EMIT] pos=16 op=4 @parser.c:1799
[QTS:EMIT] pos=17 u32=0x0000004a (74) @parser.c:1777
[QTS:EMIT] pos=21 op=200 @parser.c:1786
[QTS:EMIT] pos=22 u32=0x000014ce (5326) @parser.c:1788
[QTS:EMIT] pos=26 op=173 @parser.c:1799
[QTS:EMIT] pos=27 op=17 @parser.c:1799
[QTS:EMIT] pos=28 op=108 @parser.c:1799
[QTS:EMIT] pos=29 u32=0x00000000 (0) @parser.c:1777
[QTS:EMIT] pos=33 op=14 @parser.c:1799
[QTS:EMIT] pos=34 op=200 @parser.c:1786
[QTS:EMIT] pos=35 u32=0x000014eb (5355) @parser.c:1788
[QTS:EMIT] pos=39 op=186 @parser.c:1799
[QTS:EMIT] pos=40 u32=0x0000023a (570) @parser.c:1777
[QTS:EMIT] pos=44 u16=0x0001 (1) @parser.c:1772
[QTS:EMIT] pos=46 op=200 @parser.c:1786
[QTS:EMIT] pos=47 u32=0x000014f4 (5364) @parser.c:1788
[QTS:EMIT] pos=51 op=186 @parser.c:1799
[QTS:EMIT] pos=52 u32=0x00000238 (568) @parser.c:1777
[QTS:EMIT] pos=56 u16=0x0001 (1) @parser.c:1772
[QTS:EMIT] pos=58 op=200 @parser.c:1786
[QTS:EMIT] pos=59 u32=0x000014f3 (5363) @parser.c:1788
[QTS:EMIT] pos=63 op=34 @parser.c:1799
[QTS:EMIT] pos=64 u16=0x0001 (1) @parser.c:1772
[QTS:EMIT] pos=66 op=17 @parser.c:1799
[QTS:EMIT] pos=67 op=109 @parser.c:1799
[QTS:EMIT] pos=68 u32=0x00000001 (1) @parser.c:1777
[QTS:EMIT] pos=72 op=14 @parser.c:1799
[QTS:EMIT] pos=73 op=200 @parser.c:1786
[QTS:EMIT] pos=74 u32=0x000014fa (5370) @parser.c:1788
[QTS:EMIT] pos=78 op=186 @parser.c:1799
[QTS:EMIT] pos=79 u32=0x0000023f (575) @parser.c:1777
[QTS:EMIT] pos=83 u16=0x0001 (1) @parser.c:1772
[QTS:EMIT] pos=85 op=200 @parser.c:1786
[QTS:EMIT] pos=86 u32=0x00001503 (5379) @parser.c:1788
[QTS:EMIT] pos=90 op=186 @parser.c:1799
[QTS:EMIT] pos=91 u32=0x00000238 (568) @parser.c:1777
[QTS:EMIT] pos=95 u16=0x0001 (1) @parser.c:1772
[QTS:EMIT] pos=97 op=200 @parser.c:1786
[QTS:EMIT] pos=98 u32=0x00001502 (5378) @parser.c:1788
[QTS:EMIT] pos=102 op=34 @parser.c:1799
[QTS:EMIT] pos=103 u16=0x0001 (1) @parser.c:1772
[QTS:EMIT] pos=105 op=17 @parser.c:1799
[QTS:EMIT] pos=106 op=109 @parser.c:1799
[QTS:EMIT] pos=107 u32=0x00000001 (1) @parser.c:1777
[QTS:EMIT] pos=111 op=14 @parser.c:1799
[QTS:EMIT] pos=112 op=200 @parser.c:1786
[QTS:EMIT] pos=113 u32=0x00001509 (5385) @parser.c:1788
[QTS:EMIT] pos=117 op=186 @parser.c:1799
[QTS:EMIT] pos=118 u32=0x00000238 (568) @parser.c:1777
[QTS:EMIT] pos=122 u16=0x0001 (1) @parser.c:1772
[QTS:EMIT] pos=124 op=4 @parser.c:1799
[QTS:EMIT] pos=125 u32=0x00000241 (577) @parser.c:1777
[QTS:EMIT] pos=129 op=200 @parser.c:1786
[QTS:EMIT] pos=130 u32=0x0000150b (5387) @parser.c:1788
[QTS:EMIT] pos=134 op=171 @parser.c:1799
[QTS:EMIT] pos=135 op=17 @parser.c:1799
[QTS:EMIT] pos=136 op=109 @parser.c:1799
[QTS:EMIT] pos=137 u32=0x00000001 (1) @parser.c:1777
[QTS:EMIT] pos=141 op=14 @parser.c:1799
[QTS:EMIT] pos=142 op=200 @parser.c:1786
[QTS:EMIT] pos=143 u32=0x00001515 (5397) @parser.c:1788
[QTS:EMIT] pos=147 op=186 @parser.c:1799
[QTS:EMIT] pos=148 u32=0x00000238 (568) @parser.c:1777
[QTS:EMIT] pos=152 u16=0x0001 (1) @parser.c:1772
[QTS:EMIT] pos=154 op=4 @parser.c:1799
[QTS:EMIT] pos=155 u32=0x00000242 (578) @parser.c:1777
[QTS:EMIT] pos=159 op=200 @parser.c:1786
[QTS:EMIT] pos=160 u32=0x00001517 (5399) @parser.c:1788
[QTS:EMIT] pos=164 op=171 @parser.c:1799
[QTS:EMIT] pos=165 op=184 @parser.c:1799
[QTS:EMIT] pos=166 u32=0x00000001 (1) @parser.c:1777
[QTS:EMIT] pos=170 op=184 @parser.c:1799
[QTS:EMIT] pos=171 u32=0x00000000 (0) @parser.c:1777
[QTS:EMIT] pos=175 op=200 @parser.c:1786
[QTS:EMIT] pos=176 u32=0x000014be (5310) @parser.c:1788
[QTS:EMIT] pos=180 op=40 @parser.c:1799
[QTS:SCOPE] push: level=1 first_var=-1
[QTS:SCOPE] enter: idx=1 is_body=0
[QTS:EMIT] pos=0 op=182 @parser.c:1799
[QTS:EMIT] pos=1 u16=0x0001 (1) @parser.c:1772
[QTS:EMIT] pos=3 op=200 @parser.c:1786
[QTS:EMIT] pos=4 u32=0x00001566 (5478) @parser.c:1788
[QTS:EMIT] pos=8 op=186 @parser.c:1799
[QTS:EMIT] pos=9 u32=0x00000244 (580) @parser.c:1777
[QTS:EMIT] pos=13 u16=0x0001 (1) @parser.c:1772
[QTS:EMIT] pos=15 op=200 @parser.c:1786
[QTS:EMIT] pos=16 u32=0x00001569 (5481) @parser.c:1788
[QTS:EMIT] pos=20 op=66 @parser.c:1799
[QTS:EMIT] pos=21 atom=48 @parser.c:1807
[QTS:EMIT] pos=25 op=187 @parser.c:1799
[QTS:EMIT] pos=26 atom=582 @parser.c:1807
[QTS:EMIT] pos=30 u16=0x0001 (1) @parser.c:1772
[QTS:EMIT] pos=32 op=200 @parser.c:1786
[QTS:EMIT] pos=33 u32=0x0000157a (5498) @parser.c:1788
[QTS:EMIT] pos=37 op=186 @parser.c:1799
[QTS:EMIT] pos=38 u32=0x00000245 (581) @parser.c:1777
[QTS:EMIT] pos=42 u16=0x0001 (1) @parser.c:1772
[QTS:EMIT] pos=37 op=189 @parser.c:1799
[QTS:EMIT] pos=38 atom=581 @parser.c:1807
[QTS:EMIT] pos=42 u32=0x00000000 (0) @parser.c:1777
[QTS:EMIT] pos=46 u16=0x0001 (1) @parser.c:1772
[QTS:ASSIGN] lvalue: opcode=61 scope=1 atom=581 label=0
[QTS:EMIT] pos=48 op=1 @parser.c:1799
[QTS:EMIT] pos=49 u32=0x00000000 (0) @parser.c:1777
[QTS:EMIT] pos=53 op=184 @parser.c:1799
[QTS:EMIT] pos=54 u32=0x00000000 (0) @parser.c:1777
[QTS:EMIT] pos=58 op=22 @parser.c:1799
[QTS:EMIT] pos=59 op=62 @parser.c:1799
[QTS:EMIT] pos=60 op=14 @parser.c:1799
[QTS:SCOPE] push: level=2 first_var=-1
[QTS:SCOPE] enter: idx=2 is_body=0
[QTS:EMIT] pos=61 op=182 @parser.c:1799
[QTS:EMIT] pos=62 u16=0x0002 (2) @parser.c:1772
[QTS:EMIT] pos=64 op=200 @parser.c:1786
[QTS:EMIT] pos=65 u32=0x00001675 (5749) @parser.c:1788
[QTS:EMIT] pos=69 op=186 @parser.c:1799
[QTS:EMIT] pos=70 u32=0x00000236 (566) @parser.c:1777
[QTS:EMIT] pos=74 u16=0x0002 (2) @parser.c:1772
[QTS:EMIT] pos=69 op=189 @parser.c:1799
[QTS:EMIT] pos=70 atom=566 @parser.c:1807
[QTS:EMIT] pos=74 u32=0x00000001 (1) @parser.c:1777
[QTS:EMIT] pos=78 u16=0x0002 (2) @parser.c:1772
[QTS:ASSIGN] lvalue: opcode=61 scope=2 atom=566 label=1
[QTS:EMIT] pos=80 op=1 @parser.c:1799
[QTS:EMIT] pos=81 u32=0x00000000 (0) @parser.c:1777
[QTS:EMIT] pos=85 op=184 @parser.c:1799
[QTS:EMIT] pos=86 u32=0x00000001 (1) @parser.c:1777
[QTS:EMIT] pos=90 op=22 @parser.c:1799
[QTS:EMIT] pos=91 op=62 @parser.c:1799
[QTS:EMIT] pos=92 op=14 @parser.c:1799
[QTS:EMIT] pos=93 op=183 @parser.c:1799
[QTS:EMIT] pos=94 u16=0x0002 (2) @parser.c:1772
[QTS:EMIT] pos=96 op=184 @parser.c:1799
[QTS:EMIT] pos=97 u32=0x00000002 (2) @parser.c:1777
[QTS:EMIT] pos=101 op=200 @parser.c:1786
[QTS:EMIT] pos=102 u32=0x0000167c (5756) @parser.c:1788
[QTS:EMIT] pos=106 op=186 @parser.c:1799
[QTS:EMIT] pos=107 u32=0x00000236 (566) @parser.c:1777
[QTS:EMIT] pos=111 u16=0x0002 (2) @parser.c:1772
[QTS:EMIT] pos=113 op=200 @parser.c:1786
[QTS:EMIT] pos=114 u32=0x00001680 (5760) @parser.c:1788
[QTS:EMIT] pos=118 op=186 @parser.c:1799
[QTS:EMIT] pos=119 u32=0x00000246 (582) @parser.c:1777
[QTS:EMIT] pos=123 u16=0x0002 (2) @parser.c:1772
[QTS:EMIT] pos=125 op=200 @parser.c:1786
[QTS:EMIT] pos=126 u32=0x0000167e (5758) @parser.c:1788
[QTS:EMIT] pos=130 op=165 @parser.c:1799
[QTS:EMIT] pos=131 op=108 @parser.c:1799
[QTS:EMIT] pos=132 u32=0x00000005 (5) @parser.c:1777
[QTS:EMIT] pos=136 op=110 @parser.c:1799
[QTS:EMIT] pos=137 u32=0x00000004 (4) @parser.c:1777
[QTS:EMIT] pos=141 op=184 @parser.c:1799
[QTS:EMIT] pos=142 u32=0x00000003 (3) @parser.c:1777
[QTS:EMIT] pos=146 op=200 @parser.c:1786
[QTS:EMIT] pos=147 u32=0x00001689 (5769) @parser.c:1788
[QTS:EMIT] pos=151 op=186 @parser.c:1799
[QTS:EMIT] pos=152 u32=0x00000236 (566) @parser.c:1777
[QTS:EMIT] pos=156 u16=0x0002 (2) @parser.c:1772
[QTS:EMIT] pos=151 op=189 @parser.c:1799
[QTS:EMIT] pos=152 atom=566 @parser.c:1807
[QTS:EMIT] pos=156 u32=0x00000006 (6) @parser.c:1777
[QTS:EMIT] pos=160 u16=0x0002 (2) @parser.c:1772
[QTS:EMIT] pos=162 op=61 @parser.c:1799
[QTS:EMIT] pos=163 op=200 @parser.c:1786
[QTS:EMIT] pos=164 u32=0x0000168a (5770) @parser.c:1788
[QTS:EMIT] pos=168 op=147 @parser.c:1799
[QTS:EMIT] pos=169 op=184 @parser.c:1799
[QTS:EMIT] pos=170 u32=0x00000006 (6) @parser.c:1777
[QTS:EMIT] pos=174 op=25 @parser.c:1799
[QTS:EMIT] pos=175 op=62 @parser.c:1799
[QTS:EMIT] pos=176 op=14 @parser.c:1799
[QTS:EMIT] pos=177 op=110 @parser.c:1799
[QTS:EMIT] pos=178 u32=0x00000002 (2) @parser.c:1777
[QTS:EMIT] pos=182 op=184 @parser.c:1799
[QTS:EMIT] pos=183 u32=0x00000004 (4) @parser.c:1777
[QTS:SCOPE] push: level=3 first_var=-1
[QTS:SCOPE] enter: idx=3 is_body=0
[QTS:EMIT] pos=187 op=182 @parser.c:1799
[QTS:EMIT] pos=188 u16=0x0003 (3) @parser.c:1772
[QTS:EMIT] pos=190 op=200 @parser.c:1786
[QTS:EMIT] pos=191 u32=0x0000169c (5788) @parser.c:1788
[QTS:EMIT] pos=195 op=186 @parser.c:1799
[QTS:EMIT] pos=196 u32=0x00000238 (568) @parser.c:1777
[QTS:EMIT] pos=200 u16=0x0003 (3) @parser.c:1772
[QTS:EMIT] pos=195 op=189 @parser.c:1799
[QTS:EMIT] pos=196 atom=568 @parser.c:1807
[QTS:EMIT] pos=200 u32=0x00000007 (7) @parser.c:1777
[QTS:EMIT] pos=204 u16=0x0003 (3) @parser.c:1772
[QTS:ASSIGN] lvalue: opcode=61 scope=3 atom=568 label=7
[QTS:EMIT] pos=206 op=200 @parser.c:1786
[QTS:EMIT] pos=207 u32=0x000016a0 (5792) @parser.c:1788
[QTS:EMIT] pos=211 op=186 @parser.c:1799
[QTS:EMIT] pos=212 u32=0x00000244 (580) @parser.c:1777
[QTS:EMIT] pos=216 u16=0x0003 (3) @parser.c:1772
[QTS:EMIT] pos=218 op=200 @parser.c:1786
[QTS:EMIT] pos=219 u32=0x000016a3 (5795) @parser.c:1788
[QTS:EMIT] pos=223 op=66 @parser.c:1799
[QTS:EMIT] pos=224 atom=316 @parser.c:1807
[QTS:EMIT] pos=228 op=200 @parser.c:1786
[QTS:EMIT] pos=229 u32=0x000016af (5807) @parser.c:1788
[QTS:EMIT] pos=233 op=186 @parser.c:1799
[QTS:EMIT] pos=234 u32=0x00000236 (566) @parser.c:1777
[QTS:EMIT] pos=238 u16=0x0003 (3) @parser.c:1772
[QTS:EMIT] pos=240 op=200 @parser.c:1786
[QTS:EMIT] pos=241 u32=0x000016ae (5806) @parser.c:1788
[QTS:EMIT] pos=245 op=36 @parser.c:1799
[QTS:EMIT] pos=246 u16=0x0001 (1) @parser.c:1772
[QTS:EMIT] pos=248 op=184 @parser.c:1799
[QTS:EMIT] pos=249 u32=0x00000007 (7) @parser.c:1777
[QTS:EMIT] pos=253 op=22 @parser.c:1799
[QTS:EMIT] pos=254 op=62 @parser.c:1799
[QTS:EMIT] pos=255 op=14 @parser.c:1799
[QTS:SCOPE] push: level=4 first_var=-1
[QTS:SCOPE] enter: idx=4 is_body=0
[QTS:EMIT] pos=256 op=182 @parser.c:1799
[QTS:EMIT] pos=257 u16=0x0004 (4) @parser.c:1772
[QTS:EMIT] pos=259 op=200 @parser.c:1786
[QTS:EMIT] pos=260 u32=0x000016c3 (5827) @parser.c:1788
[QTS:EMIT] pos=264 op=186 @parser.c:1799
[QTS:EMIT] pos=265 u32=0x00000238 (568) @parser.c:1777
[QTS:EMIT] pos=269 u16=0x0004 (4) @parser.c:1772
[QTS:EMIT] pos=271 op=1 @parser.c:1799
[QTS:EMIT] pos=272 u32=0x0000dc00 (56320) @parser.c:1777
[QTS:EMIT] pos=276 op=200 @parser.c:1786
[QTS:EMIT] pos=277 u32=0x000016c5 (5829) @parser.c:1788
[QTS:EMIT] pos=281 op=165 @parser.c:1799
[QTS:EMIT] pos=282 op=17 @parser.c:1799
[QTS:EMIT] pos=283 op=109 @parser.c:1799
[QTS:EMIT] pos=284 u32=0x00000008 (8) @parser.c:1777
[QTS:EMIT] pos=288 op=14 @parser.c:1799
[QTS:EMIT] pos=289 op=200 @parser.c:1786
[QTS:EMIT] pos=290 u32=0x000016d1 (5841) @parser.c:1788
[QTS:EMIT] pos=294 op=186 @parser.c:1799
[QTS:EMIT] pos=295 u32=0x00000238 (568) @parser.c:1777
[QTS:EMIT] pos=299 u16=0x0004 (4) @parser.c:1772
[QTS:EMIT] pos=301 op=1 @parser.c:1799
[QTS:EMIT] pos=302 u32=0x0000e000 (57344) @parser.c:1777
[QTS:EMIT] pos=306 op=200 @parser.c:1786
[QTS:EMIT] pos=307 u32=0x000016d3 (5843) @parser.c:1788
[QTS:EMIT] pos=311 op=168 @parser.c:1799
[QTS:EMIT] pos=312 op=184 @parser.c:1799
[QTS:EMIT] pos=313 u32=0x00000008 (8) @parser.c:1777
[QTS:EMIT] pos=317 op=108 @parser.c:1799
[QTS:EMIT] pos=318 u32=0x00000009 (9) @parser.c:1777
[QTS:EMIT] pos=322 op=200 @parser.c:1786
[QTS:EMIT] pos=323 u32=0x000016ee (5870) @parser.c:1788
[QTS:EMIT] pos=327 op=186 @parser.c:1799
[QTS:EMIT] pos=328 u32=0x00000245 (581) @parser.c:1777
[QTS:EMIT] pos=332 u16=0x0004 (4) @parser.c:1772
[QTS:EMIT] pos=327 op=189 @parser.c:1799
[QTS:EMIT] pos=328 atom=581 @parser.c:1807
[QTS:EMIT] pos=332 u32=0x0000000a (10) @parser.c:1777
[QTS:EMIT] pos=336 u16=0x0004 (4) @parser.c:1772
[QTS:EMIT] pos=338 op=61 @parser.c:1799
[QTS:EMIT] pos=339 op=200 @parser.c:1786
[QTS:EMIT] pos=340 u32=0x000016f1 (5873) @parser.c:1788
[QTS:EMIT] pos=344 op=147 @parser.c:1799
[QTS:EMIT] pos=345 op=184 @parser.c:1799
[QTS:EMIT] pos=346 u32=0x0000000a (10) @parser.c:1777
[QTS:EMIT] pos=350 op=25 @parser.c:1799
[QTS:EMIT] pos=351 op=62 @parser.c:1799
[QTS:EMIT] pos=352 op=14 @parser.c:1799
[QTS:EMIT] pos=353 op=184 @parser.c:1799
[QTS:EMIT] pos=354 u32=0x00000009 (9) @parser.c:1777
[QTS:SCOPE] leave: idx=4
[QTS:SCOPE] pop: level=4
[QTS:EMIT] pos=358 op=183 @parser.c:1799
[QTS:EMIT] pos=359 u16=0x0004 (4) @parser.c:1772
[QTS:SCOPE] leave: idx=3
[QTS:SCOPE] pop: level=3
[QTS:EMIT] pos=361 op=183 @parser.c:1799
[QTS:EMIT] pos=362 u16=0x0003 (3) @parser.c:1772
[QTS:EMIT] pos=364 op=183 @parser.c:1799
[QTS:EMIT] pos=365 u16=0x0002 (2) @parser.c:1772
[QTS:EMIT] pos=408 op=184 @parser.c:1799
[QTS:EMIT] pos=409 u32=0x00000005 (5) @parser.c:1777
[QTS:SCOPE] leave: idx=2
[QTS:SCOPE] pop: level=2
[QTS:EMIT] pos=413 op=183 @parser.c:1799
[QTS:EMIT] pos=414 u16=0x0002 (2) @parser.c:1772
[QTS:EMIT] pos=416 op=200 @parser.c:1786
[QTS:EMIT] pos=417 u32=0x0000170e (5902) @parser.c:1788
[QTS:EMIT] pos=421 op=186 @parser.c:1799
[QTS:EMIT] pos=422 u32=0x00000245 (581) @parser.c:1777
[QTS:EMIT] pos=426 u16=0x0001 (1) @parser.c:1772
[QTS:EMIT] pos=428 op=200 @parser.c:1786
[QTS:EMIT] pos=429 u32=0x00001707 (5895) @parser.c:1788
[QTS:EMIT] pos=433 op=40 @parser.c:1799
[QTS:SCOPE] push: level=1 first_var=-1
[QTS:SCOPE] enter: idx=1 is_body=0
[QTS:EMIT] pos=0 op=182 @parser.c:1799
[QTS:EMIT] pos=1 u16=0x0001 (1) @parser.c:1772
[QTS:SCOPE] push: level=2 first_var=-1
[QTS:SCOPE] enter: idx=2 is_body=0
[QTS:EMIT] pos=3 op=182 @parser.c:1799
[QTS:EMIT] pos=4 u16=0x0002 (2) @parser.c:1772
[QTS:EMIT] pos=6 op=200 @parser.c:1786
[QTS:EMIT] pos=7 u32=0x00001763 (5987) @parser.c:1788
[QTS:EMIT] pos=11 op=186 @parser.c:1799
[QTS:EMIT] pos=12 u32=0x00000238 (568) @parser.c:1777
[QTS:EMIT] pos=16 u16=0x0002 (2) @parser.c:1772
[QTS:EMIT] pos=18 op=153 @parser.c:1799
[QTS:EMIT] pos=19 op=4 @parser.c:1799
[QTS:EMIT] pos=20 u32=0x0000004a (74) @parser.c:1777
[QTS:EMIT] pos=24 op=200 @parser.c:1786
[QTS:EMIT] pos=25 u32=0x00001765 (5989) @parser.c:1788
[QTS:EMIT] pos=29 op=174 @parser.c:1799
[QTS:EMIT] pos=30 op=108 @parser.c:1799
[QTS:EMIT] pos=31 u32=0x00000000 (0) @parser.c:1777
[QTS:EMIT] pos=35 op=9 @parser.c:1799
[QTS:EMIT] pos=36 op=200 @parser.c:1786
[QTS:EMIT] pos=37 u32=0x0000177f (6015) @parser.c:1788
[QTS:EMIT] pos=41 op=40 @parser.c:1799
[QTS:EMIT] pos=42 op=184 @parser.c:1799
[QTS:EMIT] pos=43 u32=0x00000000 (0) @parser.c:1777
[QTS:SCOPE] leave: idx=2
[QTS:SCOPE] pop: level=2
[QTS:EMIT] pos=47 op=183 @parser.c:1799
[QTS:EMIT] pos=48 u16=0x0002 (2) @parser.c:1772
[QTS:EMIT] pos=50 op=200 @parser.c:1786
[QTS:EMIT] pos=51 u32=0x00001795 (6037) @parser.c:1788
[QTS:EMIT] pos=55 op=186 @parser.c:1799
[QTS:EMIT] pos=56 u32=0x00000248 (584) @parser.c:1777
[QTS:EMIT] pos=60 u16=0x0001 (1) @parser.c:1772
[QTS:EMIT] pos=55 op=189 @parser.c:1799
[QTS:EMIT] pos=56 atom=584 @parser.c:1807
[QTS:EMIT] pos=60 u32=0x00000001 (1) @parser.c:1777
[QTS:EMIT] pos=64 u16=0x0001 (1) @parser.c:1772
[QTS:ASSIGN] lvalue: opcode=61 scope=1 atom=584 label=1
[QTS:EMIT] pos=66 op=200 @parser.c:1786
[QTS:EMIT] pos=67 u32=0x00001799 (6041) @parser.c:1788
[QTS:EMIT] pos=71 op=186 @parser.c:1799
[QTS:EMIT] pos=72 u32=0x00000238 (568) @parser.c:1777
[QTS:EMIT] pos=76 u16=0x0001 (1) @parser.c:1772
[QTS:EMIT] pos=78 op=200 @parser.c:1786
[QTS:EMIT] pos=79 u32=0x0000179a (6042) @parser.c:1788
[QTS:EMIT] pos=83 op=66 @parser.c:1799
[QTS:EMIT] pos=84 atom=318 @parser.c:1807
[QTS:EMIT] pos=88 op=1 @parser.c:1799
[QTS:EMIT] pos=89 u32=0x00000000 (0) @parser.c:1777
[QTS:EMIT] pos=93 op=200 @parser.c:1786
[QTS:EMIT] pos=94 u32=0x000017a6 (6054) @parser.c:1788
[QTS:EMIT] pos=98 op=36 @parser.c:1799
[QTS:EMIT] pos=99 u16=0x0001 (1) @parser.c:1772
[QTS:EMIT] pos=101 op=184 @parser.c:1799
[QTS:EMIT] pos=102 u32=0x00000001 (1) @parser.c:1777
[QTS:EMIT] pos=106 op=22 @parser.c:1799
[QTS:EMIT] pos=107 op=62 @parser.c:1799
[QTS:EMIT] pos=108 op=14 @parser.c:1799
[QTS:EMIT] pos=109 op=200 @parser.c:1786
[QTS:EMIT] pos=110 u32=0x000017db (6107) @parser.c:1788
[QTS:EMIT] pos=114 op=186 @parser.c:1799
[QTS:EMIT] pos=115 u32=0x00000248 (584) @parser.c:1777
[QTS:EMIT] pos=119 u16=0x0001 (1) @parser.c:1772
[QTS:EMIT] pos=121 op=1 @parser.c:1799
[QTS:EMIT] pos=122 u32=0x0000dc00 (56320) @parser.c:1777
[QTS:EMIT] pos=126 op=200 @parser.c:1786
[QTS:EMIT] pos=127 u32=0x000017dd (6109) @parser.c:1788
[QTS:EMIT] pos=131 op=168 @parser.c:1799
[QTS:EMIT] pos=132 op=17 @parser.c:1799
[QTS:EMIT] pos=133 op=108 @parser.c:1799
[QTS:EMIT] pos=134 u32=0x00000002 (2) @parser.c:1777
[QTS:EMIT] pos=138 op=14 @parser.c:1799
[QTS:EMIT] pos=139 op=200 @parser.c:1786
[QTS:EMIT] pos=140 u32=0x000017ea (6122) @parser.c:1788
[QTS:EMIT] pos=144 op=186 @parser.c:1799
[QTS:EMIT] pos=145 u32=0x00000248 (584) @parser.c:1777
[QTS:EMIT] pos=149 u16=0x0001 (1) @parser.c:1772
[QTS:EMIT] pos=151 op=1 @parser.c:1799
[QTS:EMIT] pos=152 u32=0x0000e000 (57344) @parser.c:1777
[QTS:EMIT] pos=156 op=200 @parser.c:1786
[QTS:EMIT] pos=157 u32=0x000017ec (6124) @parser.c:1788
[QTS:EMIT] pos=161 op=165 @parser.c:1799
[QTS:EMIT] pos=162 op=184 @parser.c:1799
[QTS:EMIT] pos=163 u32=0x00000002 (2) @parser.c:1777
[QTS:EMIT] pos=167 op=200 @parser.c:1786
[QTS:EMIT] pos=168 u32=0x000017d4 (6100) @parser.c:1788
[QTS:EMIT] pos=172 op=40 @parser.c:1799
[QTS:SCOPE] push: level=1 first_var=-1
[QTS:SCOPE] enter: idx=1 is_body=0
[QTS:EMIT] pos=0 op=182 @parser.c:1799
[QTS:EMIT] pos=1 u16=0x0001 (1) @parser.c:1772
[QTS:EMIT] pos=3 op=200 @parser.c:1786
[QTS:EMIT] pos=4 u32=0x0000182d (6189) @parser.c:1788
[QTS:EMIT] pos=8 op=186 @parser.c:1799
[QTS:EMIT] pos=9 u32=0x0000023d (573) @parser.c:1777
[QTS:EMIT] pos=13 u16=0x0001 (1) @parser.c:1772
[QTS:EMIT] pos=15 op=200 @parser.c:1786
[QTS:EMIT] pos=16 u32=0x00001831 (6193) @parser.c:1788
[QTS:EMIT] pos=20 op=186 @parser.c:1799
[QTS:EMIT] pos=21 u32=0x0000024a (586) @parser.c:1777
[QTS:EMIT] pos=25 u16=0x0001 (1) @parser.c:1772
[QTS:EMIT] pos=27 op=200 @parser.c:1786
[QTS:EMIT] pos=28 u32=0x0000182f (6191) @parser.c:1788
[QTS:EMIT] pos=32 op=159 @parser.c:1799
[QTS:SCOPE] push: level=2 first_var=-1
[QTS:SCOPE] enter: idx=2 is_body=0
[QTS:EMIT] pos=33 op=182 @parser.c:1799
[QTS:EMIT] pos=34 u16=0x0002 (2) @parser.c:1772
[QTS:EMIT] pos=36 op=17 @parser.c:1799
[QTS:EMIT] pos=37 op=4 @parser.c:1799
[QTS:EMIT] pos=38 u32=0x0000024b (587) @parser.c:1777
[QTS:EMIT] pos=42 op=173 @parser.c:1799
[QTS:EMIT] pos=43 op=109 @parser.c:1799
[QTS:EMIT] pos=44 u32=0x00000001 (1) @parser.c:1777
[QTS:EMIT] pos=48 op=17 @parser.c:1799
[QTS:EMIT] pos=49 op=4 @parser.c:1799
[QTS:EMIT] pos=50 u32=0x0000024c (588) @parser.c:1777
[QTS:EMIT] pos=54 op=173 @parser.c:1799
[QTS:EMIT] pos=55 op=109 @parser.c:1799
[QTS:EMIT] pos=56 u32=0x00000001 (1) @parser.c:1777
[QTS:EMIT] pos=60 op=17 @parser.c:1799
[QTS:EMIT] pos=61 op=4 @parser.c:1799
[QTS:EMIT] pos=62 u32=0x0000024d (589) @parser.c:1777
[QTS:EMIT] pos=66 op=173 @parser.c:1799
[QTS:EMIT] pos=67 op=108 @parser.c:1799
[QTS:EMIT] pos=68 u32=0x00000002 (2) @parser.c:1777
[QTS:EMIT] pos=72 op=184 @parser.c:1799
[QTS:EMIT] pos=73 u32=0x00000001 (1) @parser.c:1777
[QTS:EMIT] pos=77 op=10 @parser.c:1799
[QTS:EMIT] pos=78 op=200 @parser.c:1786
[QTS:EMIT] pos=79 u32=0x0000188b (6283) @parser.c:1788
[QTS:EMIT] pos=83 op=40 @parser.c:1799
[QTS:EMIT] pos=84 op=184 @parser.c:1799
[QTS:EMIT] pos=85 u32=0x00000002 (2) @parser.c:1777
[QTS:EMIT] pos=89 op=184 @parser.c:1799
[QTS:EMIT] pos=90 u32=0x00000000 (0) @parser.c:1777
[QTS:EMIT] pos=94 op=14 @parser.c:1799
[QTS:SCOPE] leave: idx=2
[QTS:SCOPE] pop: level=2
[QTS:EMIT] pos=95 op=183 @parser.c:1799
[QTS:EMIT] pos=96 u16=0x0002 (2) @parser.c:1772
[QTS:EMIT] pos=98 op=9 @parser.c:1799
[QTS:EMIT] pos=99 op=200 @parser.c:1786
[QTS:EMIT] pos=100 u32=0x000018aa (6314) @parser.c:1788
[QTS:EMIT] pos=104 op=40 @parser.c:1799
[QTS:SCOPE] push: level=1 first_var=-1
[QTS:SCOPE] enter: idx=1 is_body=0
[QTS:EMIT] pos=0 op=182 @parser.c:1799
[QTS:EMIT] pos=1 u16=0x0001 (1) @parser.c:1772
[QTS:SCOPE] push: level=2 first_var=-1
[QTS:SCOPE] enter: idx=2 is_body=0
[QTS:EMIT] pos=3 op=182 @parser.c:1799
[QTS:EMIT] pos=4 u16=0x0002 (2) @parser.c:1772
[QTS:EMIT] pos=6 op=200 @parser.c:1786
[QTS:EMIT] pos=7 u32=0x00001916 (6422) @parser.c:1788
[QTS:EMIT] pos=11 op=186 @parser.c:1799
[QTS:EMIT] pos=12 u32=0x00000251 (593) @parser.c:1777
[QTS:EMIT] pos=16 u16=0x0002 (2) @parser.c:1772
[QTS:EMIT] pos=11 op=189 @parser.c:1799
[QTS:EMIT] pos=12 atom=593 @parser.c:1807
[QTS:EMIT] pos=16 u32=0x00000000 (0) @parser.c:1777
[QTS:EMIT] pos=20 u16=0x0002 (2) @parser.c:1772
[QTS:ASSIGN] lvalue: opcode=61 scope=2 atom=593 label=0
[QTS:EMIT] pos=22 op=200 @parser.c:1786
[QTS:EMIT] pos=23 u32=0x0000191a (6426) @parser.c:1788
[QTS:EMIT] pos=27 op=186 @parser.c:1799
[QTS:EMIT] pos=28 u32=0x0000024f (591) @parser.c:1777
[QTS:EMIT] pos=32 u16=0x0002 (2) @parser.c:1772
[QTS:EMIT] pos=34 op=184 @parser.c:1799
[QTS:EMIT] pos=35 u32=0x00000000 (0) @parser.c:1777
[QTS:EMIT] pos=39 op=22 @parser.c:1799
[QTS:EMIT] pos=40 op=62 @parser.c:1799
[QTS:EMIT] pos=41 op=14 @parser.c:1799
[QTS:EMIT] pos=42 op=183 @parser.c:1799
[QTS:EMIT] pos=43 u16=0x0002 (2) @parser.c:1772
[QTS:EMIT] pos=45 op=184 @parser.c:1799
[QTS:EMIT] pos=46 u32=0x00000001 (1) @parser.c:1777
[QTS:EMIT] pos=50 op=200 @parser.c:1786
[QTS:EMIT] pos=51 u32=0x00001921 (6433) @parser.c:1788
[QTS:EMIT] pos=55 op=186 @parser.c:1799
[QTS:EMIT] pos=56 u32=0x00000251 (593) @parser.c:1777
[QTS:EMIT] pos=60 u16=0x0002 (2) @parser.c:1772
[QTS:EMIT] pos=62 op=200 @parser.c:1786
[QTS:EMIT] pos=63 u32=0x00001925 (6437) @parser.c:1788
[QTS:EMIT] pos=67 op=186 @parser.c:1799
[QTS:EMIT] pos=68 u32=0x00000244 (580) @parser.c:1777
[QTS:EMIT] pos=72 u16=0x0002 (2) @parser.c:1772
[QTS:EMIT] pos=74 op=200 @parser.c:1786
[QTS:EMIT] pos=75 u32=0x00001928 (6440) @parser.c:1788
[QTS:EMIT] pos=79 op=66 @parser.c:1799
[QTS:EMIT] pos=80 atom=48 @parser.c:1807
[QTS:EMIT] pos=84 op=200 @parser.c:1786
[QTS:EMIT] pos=85 u32=0x00001923 (6435) @parser.c:1788
[QTS:EMIT] pos=89 op=165 @parser.c:1799
[QTS:EMIT] pos=90 op=108 @parser.c:1799
[QTS:EMIT] pos=91 u32=0x00000004 (4) @parser.c:1777
[QTS:EMIT] pos=95 op=184 @parser.c:1799
[QTS:EMIT] pos=96 u32=0x00000003 (3) @parser.c:1777
[QTS:SCOPE] push: level=3 first_var=-1
[QTS:SCOPE] enter: idx=3 is_body=0
[QTS:EMIT] pos=100 op=182 @parser.c:1799
[QTS:EMIT] pos=101 u16=0x0003 (3) @parser.c:1772
[QTS:EMIT] pos=103 op=200 @parser.c:1786
[QTS:EMIT] pos=104 u32=0x0000194c (6476) @parser.c:1788
[QTS:EMIT] pos=108 op=186 @parser.c:1799
[QTS:EMIT] pos=109 u32=0x00000250 (592) @parser.c:1777
[QTS:EMIT] pos=113 u16=0x0003 (3) @parser.c:1772
[QTS:EMIT] pos=115 op=200 @parser.c:1786
[QTS:EMIT] pos=116 u32=0x00001958 (6488) @parser.c:1788
[QTS:EMIT] pos=120 op=186 @parser.c:1799
[QTS:EMIT] pos=121 u32=0x00000236 (566) @parser.c:1777
[QTS:EMIT] pos=125 u16=0x0003 (3) @parser.c:1772
[QTS:EMIT] pos=120 op=189 @parser.c:1799
[QTS:EMIT] pos=121 atom=566 @parser.c:1807
[QTS:EMIT] pos=125 u32=0x00000005 (5) @parser.c:1777
[QTS:EMIT] pos=129 u16=0x0003 (3) @parser.c:1772
[QTS:ASSIGN] lvalue: opcode=61 scope=3 atom=566 label=5
[QTS:EMIT] pos=131 op=200 @parser.c:1786
[QTS:EMIT] pos=132 u32=0x0000195c (6492) @parser.c:1788
[QTS:EMIT] pos=136 op=186 @parser.c:1799
[QTS:EMIT] pos=137 u32=0x00000251 (593) @parser.c:1777
[QTS:EMIT] pos=141 u16=0x0003 (3) @parser.c:1772
[QTS:EMIT] pos=143 op=184 @parser.c:1799
[QTS:EMIT] pos=144 u32=0x00000005 (5) @parser.c:1777
[QTS:EMIT] pos=148 op=22 @parser.c:1799
[QTS:EMIT] pos=149 op=62 @parser.c:1799
[QTS:EMIT] pos=150 op=200 @parser.c:1786
[QTS:EMIT] pos=151 u32=0x00001957 (6487) @parser.c:1788
[QTS:EMIT] pos=155 op=72 @parser.c:1799
[QTS:EMIT] pos=156 op=187 @parser.c:1799
[QTS:EMIT] pos=157 atom=594 @parser.c:1807
[QTS:EMIT] pos=161 u16=0x0003 (3) @parser.c:1772
[QTS:EMIT] pos=163 op=184 @parser.c:1799
[QTS:EMIT] pos=164 u32=0x00000006 (6) @parser.c:1777
[QTS:EMIT] pos=168 op=200 @parser.c:1786
[QTS:EMIT] pos=169 u32=0x00001975 (6517) @parser.c:1788
[QTS:EMIT] pos=173 op=186 @parser.c:1799
[QTS:EMIT] pos=174 u32=0x00000251 (593) @parser.c:1777
[QTS:EMIT] pos=178 u16=0x0003 (3) @parser.c:1772
[QTS:EMIT] pos=173 op=189 @parser.c:1799
[QTS:EMIT] pos=174 atom=593 @parser.c:1807
[QTS:EMIT] pos=178 u32=0x00000008 (8) @parser.c:1777
[QTS:EMIT] pos=182 u16=0x0003 (3) @parser.c:1772
[QTS:EMIT] pos=184 op=61 @parser.c:1799
[QTS:EMIT] pos=185 op=200 @parser.c:1786
[QTS:EMIT] pos=186 u32=0x00001973 (6515) @parser.c:1788
[QTS:EMIT] pos=190 op=145 @parser.c:1799
[QTS:EMIT] pos=191 op=184 @parser.c:1799
[QTS:EMIT] pos=192 u32=0x00000008 (8) @parser.c:1777
[QTS:EMIT] pos=196 op=22 @parser.c:1799
[QTS:EMIT] pos=197 op=62 @parser.c:1799
[QTS:EMIT] pos=198 op=200 @parser.c:1786
[QTS:EMIT] pos=199 u32=0x00001979 (6521) @parser.c:1788
[QTS:EMIT] pos=203 op=186 @parser.c:1799
[QTS:EMIT] pos=204 u32=0x00000244 (580) @parser.c:1777
[QTS:EMIT] pos=208 u16=0x0003 (3) @parser.c:1772
[QTS:EMIT] pos=210 op=200 @parser.c:1786
[QTS:EMIT] pos=211 u32=0x0000197c (6524) @parser.c:1788
[QTS:EMIT] pos=215 op=66 @parser.c:1799
[QTS:EMIT] pos=216 atom=48 @parser.c:1807
[QTS:EMIT] pos=220 op=200 @parser.c:1786
[QTS:EMIT] pos=221 u32=0x00001977 (6519) @parser.c:1788
[QTS:EMIT] pos=225 op=165 @parser.c:1799
[QTS:EMIT] pos=226 op=17 @parser.c:1799
[QTS:EMIT] pos=227 op=108 @parser.c:1799
[QTS:EMIT] pos=228 u32=0x00000009 (9) @parser.c:1777
[QTS:EMIT] pos=232 op=14 @parser.c:1799
[QTS:EMIT] pos=233 op=200 @parser.c:1786
[QTS:EMIT] pos=234 u32=0x00001987 (6535) @parser.c:1788
[QTS:EMIT] pos=238 op=186 @parser.c:1799
[QTS:EMIT] pos=239 u32=0x00000250 (592) @parser.c:1777
[QTS:EMIT] pos=243 u16=0x0003 (3) @parser.c:1772
[QTS:EMIT] pos=245 op=200 @parser.c:1786
[QTS:EMIT] pos=246 u32=0x00001993 (6547) @parser.c:1788
[QTS:EMIT] pos=250 op=186 @parser.c:1799
[QTS:EMIT] pos=251 u32=0x00000251 (593) @parser.c:1777
[QTS:EMIT] pos=255 u16=0x0003 (3) @parser.c:1772
[QTS:EMIT] pos=257 op=200 @parser.c:1786
[QTS:EMIT] pos=258 u32=0x00001992 (6546) @parser.c:1788
[QTS:EMIT] pos=262 op=72 @parser.c:1799
[QTS:EMIT] pos=263 op=200 @parser.c:1786
[QTS:EMIT] pos=264 u32=0x00001999 (6553) @parser.c:1788
[QTS:EMIT] pos=268 op=186 @parser.c:1799
[QTS:EMIT] pos=269 u32=0x00000252 (594) @parser.c:1777
[QTS:EMIT] pos=273 u16=0x0003 (3) @parser.c:1772
[QTS:EMIT] pos=275 op=200 @parser.c:1786
[QTS:EMIT] pos=276 u32=0x00001996 (6550) @parser.c:1788
[QTS:EMIT] pos=280 op=171 @parser.c:1799
[QTS:EMIT] pos=281 op=184 @parser.c:1799
[QTS:EMIT] pos=282 u32=0x00000009 (9) @parser.c:1777
[QTS:EMIT] pos=286 op=108 @parser.c:1799
[QTS:EMIT] pos=287 u32=0x00000007 (7) @parser.c:1777
[QTS:EMIT] pos=291 op=110 @parser.c:1799
[QTS:EMIT] pos=292 u32=0x00000006 (6) @parser.c:1777
[QTS:EMIT] pos=296 op=184 @parser.c:1799
[QTS:EMIT] pos=297 u32=0x00000007 (7) @parser.c:1777
[QTS:EMIT] pos=301 op=200 @parser.c:1786
[QTS:EMIT] pos=302 u32=0x000019c6 (6598) @parser.c:1788
[QTS:EMIT] pos=306 op=186 @parser.c:1799
[QTS:EMIT] pos=307 u32=0x000001d8 (472) @parser.c:1777
[QTS:EMIT] pos=311 u16=0x0003 (3) @parser.c:1772
[QTS:EMIT] pos=313 op=200 @parser.c:1786
[QTS:EMIT] pos=314 u32=0x000019c9 (6601) @parser.c:1788
[QTS:EMIT] pos=318 op=66 @parser.c:1799
[QTS:EMIT] pos=319 atom=595 @parser.c:1807
[QTS:EMIT] pos=323 op=200 @parser.c:1786
[QTS:EMIT] pos=324 u32=0x000019cf (6607) @parser.c:1788
[QTS:EMIT] pos=328 op=186 @parser.c:1799
[QTS:EMIT] pos=329 u32=0x000001db (475) @parser.c:1777
[QTS:EMIT] pos=333 u16=0x0003 (3) @parser.c:1772
[QTS:EMIT] pos=335 op=200 @parser.c:1786
[QTS:EMIT] pos=336 u32=0x000019d6 (6614) @parser.c:1788
[QTS:EMIT] pos=340 op=186 @parser.c:1799
[QTS:EMIT] pos=341 u32=0x000001ff (511) @parser.c:1777
[QTS:EMIT] pos=345 u16=0x0003 (3) @parser.c:1772
[QTS:EMIT] pos=347 op=200 @parser.c:1786
[QTS:EMIT] pos=348 u32=0x000019dd (6621) @parser.c:1788
[QTS:EMIT] pos=352 op=186 @parser.c:1799
[QTS:EMIT] pos=353 u32=0x00000252 (594) @parser.c:1777
[QTS:EMIT] pos=357 u16=0x0003 (3) @parser.c:1772
[QTS:EMIT] pos=359 op=200 @parser.c:1786
[QTS:EMIT] pos=360 u32=0x000019dc (6620) @parser.c:1788
[QTS:EMIT] pos=364 op=72 @parser.c:1799
[QTS:EMIT] pos=365 op=17 @parser.c:1799
[QTS:EMIT] pos=366 op=109 @parser.c:1799
[QTS:EMIT] pos=367 u32=0x0000000a (10) @parser.c:1777
[QTS:EMIT] pos=371 op=14 @parser.c:1799
[QTS:EMIT] pos=372 op=4 @parser.c:1799
[QTS:EMIT] pos=373 u32=0x00000016 (22) @parser.c:1777
[QTS:EMIT] pos=377 op=184 @parser.c:1799
[QTS:EMIT] pos=378 u32=0x0000000a (10) @parser.c:1777
[QTS:EMIT] pos=382 op=200 @parser.c:1786
[QTS:EMIT] pos=383 u32=0x000019d5 (6613) @parser.c:1788
[QTS:EMIT] pos=387 op=72 @parser.c:1799
[QTS:EMIT] pos=388 op=200 @parser.c:1786
[QTS:EMIT] pos=389 u32=0x000019ce (6606) @parser.c:1788
[QTS:EMIT] pos=393 op=36 @parser.c:1799
[QTS:EMIT] pos=394 u16=0x0001 (1) @parser.c:1772
[QTS:EMIT] pos=396 op=14 @parser.c:1799
[QTS:EMIT] pos=397 op=200 @parser.c:1786
[QTS:EMIT] pos=398 u32=0x00001a00 (6656) @parser.c:1788
[QTS:EMIT] pos=402 op=186 @parser.c:1799
[QTS:EMIT] pos=403 u32=0x000001d8 (472) @parser.c:1777
[QTS:EMIT] pos=407 u16=0x0003 (3) @parser.c:1772
[QTS:EMIT] pos=409 op=200 @parser.c:1786
[QTS:EMIT] pos=410 u32=0x00001a03 (6659) @parser.c:1788
[QTS:EMIT] pos=414 op=66 @parser.c:1799
[QTS:EMIT] pos=415 atom=595 @parser.c:1807
[QTS:EMIT] pos=419 op=200 @parser.c:1786
[QTS:EMIT] pos=420 u32=0x00001a09 (6665) @parser.c:1788
[QTS:EMIT] pos=424 op=186 @parser.c:1799
[QTS:EMIT] pos=425 u32=0x00000244 (580) @parser.c:1777
[QTS:EMIT] pos=429 u16=0x0003 (3) @parser.c:1772
[QTS:EMIT] pos=431 op=200 @parser.c:1786
[QTS:EMIT] pos=432 u32=0x00001a0c (6668) @parser.c:1788
[QTS:EMIT] pos=436 op=66 @parser.c:1799
[QTS:EMIT] pos=437 atom=326 @parser.c:1807
[QTS:EMIT] pos=441 op=200 @parser.c:1786
[QTS:EMIT] pos=442 u32=0x00001a17 (6679) @parser.c:1788
[QTS:EMIT] pos=446 op=186 @parser.c:1799
[QTS:EMIT] pos=447 u32=0x00000236 (566) @parser.c:1777
[QTS:EMIT] pos=451 u16=0x0003 (3) @parser.c:1772
[QTS:EMIT] pos=453 op=200 @parser.c:1786
[QTS:EMIT] pos=454 u32=0x00001a1a (6682) @parser.c:1788
[QTS:EMIT] pos=458 op=186 @parser.c:1799
[QTS:EMIT] pos=459 u32=0x00000251 (593) @parser.c:1777
[QTS:EMIT] pos=463 u16=0x0003 (3) @parser.c:1772
[QTS:EMIT] pos=465 op=200 @parser.c:1786
[QTS:EMIT] pos=466 u32=0x00001a16 (6678) @parser.c:1788
[QTS:EMIT] pos=470 op=36 @parser.c:1799
[QTS:EMIT] pos=471 u16=0x0002 (2) @parser.c:1772
[QTS:EMIT] pos=473 op=200 @parser.c:1786
[QTS:EMIT] pos=474 u32=0x00001a08 (6664) @parser.c:1788
[QTS:EMIT] pos=478 op=36 @parser.c:1799
[QTS:EMIT] pos=479 u16=0x0001 (1) @parser.c:1772
[QTS:EMIT] pos=481 op=14 @parser.c:1799
[QTS:EMIT] pos=482 op=200 @parser.c:1786
[QTS:EMIT] pos=483 u32=0x00001a2b (6699) @parser.c:1788
[QTS:EMIT] pos=487 op=186 @parser.c:1799
[QTS:EMIT] pos=488 u32=0x000001d8 (472) @parser.c:1777
[QTS:EMIT] pos=492 u16=0x0003 (3) @parser.c:1772
[QTS:EMIT] pos=494 op=200 @parser.c:1786
[QTS:EMIT] pos=495 u32=0x00001a2e (6702) @parser.c:1788
[QTS:EMIT] pos=499 op=66 @parser.c:1799
[QTS:EMIT] pos=500 atom=595 @parser.c:1807
[QTS:EMIT] pos=504 op=200 @parser.c:1786
[QTS:EMIT] pos=505 u32=0x00001a34 (6708) @parser.c:1788
[QTS:EMIT] pos=509 op=186 @parser.c:1799
[QTS:EMIT] pos=510 u32=0x000001db (475) @parser.c:1777
[QTS:EMIT] pos=514 u16=0x0003 (3) @parser.c:1772
[QTS:EMIT] pos=516 op=4 @parser.c:1799
[QTS:EMIT] pos=517 u32=0x000001dc (476) @parser.c:1777
[QTS:EMIT] pos=521 op=200 @parser.c:1786
[QTS:EMIT] pos=522 u32=0x00001a3a (6714) @parser.c:1788
[QTS:EMIT] pos=526 op=72 @parser.c:1799
[QTS:EMIT] pos=527 op=200 @parser.c:1786
[QTS:EMIT] pos=528 u32=0x00001a33 (6707) @parser.c:1788
[QTS:EMIT] pos=532 op=36 @parser.c:1799
[QTS:EMIT] pos=533 u16=0x0001 (1) @parser.c:1772
[QTS:EMIT] pos=535 op=14 @parser.c:1799
[QTS:SCOPE] leave: idx=3
[QTS:SCOPE] pop: level=3
[QTS:EMIT] pos=536 op=183 @parser.c:1799
[QTS:EMIT] pos=537 u16=0x0003 (3) @parser.c:1772
[QTS:EMIT] pos=539 op=183 @parser.c:1799
[QTS:EMIT] pos=540 u16=0x0002 (2) @parser.c:1772
[QTS:EMIT] pos=542 op=110 @parser.c:1799
[QTS:EMIT] pos=543 u32=0x00000001 (1) @parser.c:1777
[QTS:EMIT] pos=547 op=184 @parser.c:1799
[QTS:EMIT] pos=548 u32=0x00000004 (4) @parser.c:1777
[QTS:SCOPE] leave: idx=2
[QTS:SCOPE] pop: level=2
[QTS:EMIT] pos=552 op=183 @parser.c:1799
[QTS:EMIT] pos=553 u16=0x0002 (2) @parser.c:1772
[QTS:EMIT] pos=555 op=41 @parser.c:1799
[QTS:SCOPE] push: level=1 first_var=-1
[QTS:SCOPE] enter: idx=1 is_body=0
[QTS:EMIT] pos=0 op=182 @parser.c:1799
[QTS:EMIT] pos=1 u16=0x0001 (1) @parser.c:1772
[QTS:EMIT] pos=3 op=200 @parser.c:1786
[QTS:EMIT] pos=4 u32=0x00001a7f (6783) @parser.c:1788
[QTS:EMIT] pos=8 op=186 @parser.c:1799
[QTS:EMIT] pos=9 u32=0x000001d8 (472) @parser.c:1777
[QTS:EMIT] pos=13 u16=0x0001 (1) @parser.c:1772
[QTS:EMIT] pos=15 op=200 @parser.c:1786
[QTS:EMIT] pos=16 u32=0x00001a82 (6786) @parser.c:1788
[QTS:EMIT] pos=20 op=66 @parser.c:1799
[QTS:EMIT] pos=21 atom=595 @parser.c:1807
[QTS:EMIT] pos=25 op=4 @parser.c:1799
[QTS:EMIT] pos=26 u32=0x00000257 (599) @parser.c:1777
[QTS:EMIT] pos=30 op=200 @parser.c:1786
[QTS:EMIT] pos=31 u32=0x00001a94 (6804) @parser.c:1788
[QTS:EMIT] pos=35 op=186 @parser.c:1799
[QTS:EMIT] pos=36 u32=0x00000255 (597) @parser.c:1777
[QTS:EMIT] pos=40 u16=0x0001 (1) @parser.c:1772
[QTS:EMIT] pos=42 op=1 @parser.c:1799
[QTS:EMIT] pos=43 u32=0x00000001 (1) @parser.c:1777
[QTS:EMIT] pos=47 op=200 @parser.c:1786
[QTS:EMIT] pos=48 u32=0x00001a96 (6806) @parser.c:1788
[QTS:EMIT] pos=52 op=172 @parser.c:1799
[QTS:EMIT] pos=53 op=108 @parser.c:1799
[QTS:EMIT] pos=54 u32=0x00000000 (0) @parser.c:1777
[QTS:EMIT] pos=58 op=200 @parser.c:1786
[QTS:EMIT] pos=59 u32=0x00001a9e (6814) @parser.c:1788
[QTS:EMIT] pos=63 op=186 @parser.c:1799
[QTS:EMIT] pos=64 u32=0x00000255 (597) @parser.c:1777
[QTS:EMIT] pos=68 u16=0x0001 (1) @parser.c:1772
[QTS:EMIT] pos=70 op=110 @parser.c:1799
[QTS:EMIT] pos=71 u32=0x00000001 (1) @parser.c:1777
[QTS:EMIT] pos=75 op=184 @parser.c:1799
[QTS:EMIT] pos=76 u32=0x00000000 (0) @parser.c:1777
[QTS:EMIT] pos=80 op=4 @parser.c:1799
[QTS:EMIT] pos=81 u32=0x0000002f (47) @parser.c:1777
[QTS:EMIT] pos=85 op=184 @parser.c:1799
[QTS:EMIT] pos=86 u32=0x00000001 (1) @parser.c:1777
[QTS:EMIT] pos=90 op=200 @parser.c:1786
[QTS:EMIT] pos=91 u32=0x00001a90 (6800) @parser.c:1788
[QTS:EMIT] pos=95 op=159 @parser.c:1799
[QTS:EMIT] pos=96 op=200 @parser.c:1786
[QTS:EMIT] pos=97 u32=0x00001aa8 (6824) @parser.c:1788
[QTS:EMIT] pos=101 op=186 @parser.c:1799
[QTS:EMIT] pos=102 u32=0x00000256 (598) @parser.c:1777
[QTS:EMIT] pos=106 u16=0x0001 (1) @parser.c:1772
[QTS:EMIT] pos=108 op=200 @parser.c:1786
[QTS:EMIT] pos=109 u32=0x00001aa6 (6822) @parser.c:1788
[QTS:EMIT] pos=113 op=159 @parser.c:1799
[QTS:EMIT] pos=114 op=200 @parser.c:1786
[QTS:EMIT] pos=115 u32=0x00001a87 (6791) @parser.c:1788
[QTS:EMIT] pos=119 op=36 @parser.c:1799
[QTS:EMIT] pos=120 u16=0x0001 (1) @parser.c:1772
[QTS:EMIT] pos=122 op=14 @parser.c:1799
[QTS:EMIT] pos=123 op=41 @parser.c:1799
[QTS:SCOPE] push: level=1 first_var=-1
[QTS:SCOPE] enter: idx=1 is_body=0
[QTS:EMIT] pos=0 op=182 @parser.c:1799
[QTS:EMIT] pos=1 u16=0x0001 (1) @parser.c:1772
[QTS:SCOPE] push: level=2 first_var=-1
[QTS:SCOPE] enter: idx=2 is_body=0
[QTS:EMIT] pos=3 op=182 @parser.c:1799
[QTS:EMIT] pos=4 u16=0x0002 (2) @parser.c:1772
[QTS:EMIT] pos=6 op=200 @parser.c:1786
[QTS:EMIT] pos=7 u32=0x00001b23 (6947) @parser.c:1788
[QTS:EMIT] pos=11 op=186 @parser.c:1799
[QTS:EMIT] pos=12 u32=0x00000259 (601) @parser.c:1777
[QTS:EMIT] pos=16 u16=0x0002 (2) @parser.c:1772
[QTS:EMIT] pos=18 op=1 @parser.c:1799
[QTS:EMIT] pos=19 u32=0x00000000 (0) @parser.c:1777
[QTS:EMIT] pos=23 op=200 @parser.c:1786
[QTS:EMIT] pos=24 u32=0x00001b29 (6953) @parser.c:1788
[QTS:EMIT] pos=28 op=167 @parser.c:1799
[QTS:EMIT] pos=29 op=108 @parser.c:1799
[QTS:EMIT] pos=30 u32=0x00000000 (0) @parser.c:1777
[QTS:SCOPE] push: level=3 first_var=-1
[QTS:SCOPE] enter: idx=3 is_body=0
[QTS:EMIT] pos=34 op=182 @parser.c:1799
[QTS:EMIT] pos=35 u16=0x0003 (3) @parser.c:1772
[QTS:EMIT] pos=37 op=184 @parser.c:1799
[QTS:EMIT] pos=38 u32=0x00000001 (1) @parser.c:1777
[QTS:EMIT] pos=42 op=200 @parser.c:1786
[QTS:EMIT] pos=43 u32=0x00001b43 (6979) @parser.c:1788
[QTS:EMIT] pos=47 op=186 @parser.c:1799
[QTS:EMIT] pos=48 u32=0x00000259 (601) @parser.c:1777
[QTS:EMIT] pos=52 u16=0x0003 (3) @parser.c:1772
[QTS:EMIT] pos=54 op=1 @parser.c:1799
[QTS:EMIT] pos=55 u32=0x00000000 (0) @parser.c:1777
[QTS:EMIT] pos=59 op=200 @parser.c:1786
[QTS:EMIT] pos=60 u32=0x00001b49 (6985) @parser.c:1788
[QTS:EMIT] pos=64 op=172 @parser.c:1799
[QTS:EMIT] pos=65 op=108 @parser.c:1799
[QTS:EMIT] pos=66 u32=0x00000002 (2) @parser.c:1777
[QTS:SCOPE] push: level=4 first_var=-1
[QTS:SCOPE] enter: idx=4 is_body=0
[QTS:EMIT] pos=70 op=182 @parser.c:1799
[QTS:EMIT] pos=71 u16=0x0004 (4) @parser.c:1772
[QTS:SCOPE] push: level=5 first_var=-1
[QTS:SCOPE] enter: idx=5 is_body=0
[QTS:EMIT] pos=73 op=182 @parser.c:1799
[QTS:EMIT] pos=74 u16=0x0005 (5) @parser.c:1772
[QTS:EMIT] pos=76 op=200 @parser.c:1786
[QTS:EMIT] pos=77 u32=0x00001b65 (7013) @parser.c:1788
[QTS:EMIT] pos=81 op=186 @parser.c:1799
[QTS:EMIT] pos=82 u32=0x00000228 (552) @parser.c:1777
[QTS:EMIT] pos=86 u16=0x0005 (5) @parser.c:1772
[QTS:EMIT] pos=88 op=200 @parser.c:1786
[QTS:EMIT] pos=89 u32=0x00001b77 (7031) @parser.c:1788
[QTS:EMIT] pos=93 op=186 @parser.c:1799
[QTS:EMIT] pos=94 u32=0x00000227 (551) @parser.c:1777
[QTS:EMIT] pos=98 u16=0x0005 (5) @parser.c:1772
[QTS:EMIT] pos=100 op=1 @parser.c:1799
[QTS:EMIT] pos=101 u32=0x00000001 (1) @parser.c:1777
[QTS:EMIT] pos=105 op=200 @parser.c:1786
[QTS:EMIT] pos=106 u32=0x00001b82 (7042) @parser.c:1788
[QTS:EMIT] pos=110 op=160 @parser.c:1799
[QTS:EMIT] pos=111 op=200 @parser.c:1786
[QTS:EMIT] pos=112 u32=0x00001b73 (7027) @parser.c:1788
[QTS:EMIT] pos=116 op=171 @parser.c:1799
[QTS:EMIT] pos=117 op=108 @parser.c:1799
[QTS:EMIT] pos=118 u32=0x00000003 (3) @parser.c:1777
[QTS:SCOPE] push: level=6 first_var=-1
[QTS:SCOPE] enter: idx=6 is_body=0
[QTS:EMIT] pos=122 op=182 @parser.c:1799
[QTS:EMIT] pos=123 u16=0x0006 (6) @parser.c:1772
[QTS:EMIT] pos=125 op=200 @parser.c:1786
[QTS:EMIT] pos=126 u32=0x00001b9e (7070) @parser.c:1788
[QTS:EMIT] pos=130 op=186 @parser.c:1799
[QTS:EMIT] pos=131 u32=0x000001d8 (472) @parser.c:1777
[QTS:EMIT] pos=135 u16=0x0006 (6) @parser.c:1772
[QTS:EMIT] pos=137 op=200 @parser.c:1786
[QTS:EMIT] pos=138 u32=0x00001ba1 (7073) @parser.c:1788
[QTS:EMIT] pos=142 op=66 @parser.c:1799
[QTS:EMIT] pos=143 atom=595 @parser.c:1807
[QTS:EMIT] pos=147 op=4 @parser.c:1799
[QTS:EMIT] pos=148 u32=0x0000025a (602) @parser.c:1777
[QTS:EMIT] pos=152 op=200 @parser.c:1786
[QTS:EMIT] pos=153 u32=0x00001ba6 (7078) @parser.c:1788
[QTS:EMIT] pos=157 op=36 @parser.c:1799
[QTS:EMIT] pos=158 u16=0x0001 (1) @parser.c:1772
[QTS:EMIT] pos=160 op=14 @parser.c:1799
[QTS:EMIT] pos=161 op=200 @parser.c:1786
[QTS:EMIT] pos=162 u32=0x00001bdb (7131) @parser.c:1788
[QTS:EMIT] pos=166 op=186 @parser.c:1799
[QTS:EMIT] pos=167 u32=0x00000228 (552) @parser.c:1777
[QTS:EMIT] pos=171 u16=0x0006 (6) @parser.c:1772
[QTS:EMIT] pos=166 op=189 @parser.c:1799
[QTS:EMIT] pos=167 atom=552 @parser.c:1807
[QTS:EMIT] pos=171 u32=0x00000004 (4) @parser.c:1777
[QTS:EMIT] pos=175 u16=0x0006 (6) @parser.c:1772
[QTS:ASSIGN] lvalue: opcode=61 scope=6 atom=552 label=4
[QTS:EMIT] pos=177 op=1 @parser.c:1799
[QTS:EMIT] pos=178 u32=0x00000000 (0) @parser.c:1777
[QTS:EMIT] pos=182 op=184 @parser.c:1799
[QTS:EMIT] pos=183 u32=0x00000004 (4) @parser.c:1777
[QTS:EMIT] pos=187 op=22 @parser.c:1799
[QTS:EMIT] pos=188 op=62 @parser.c:1799
[QTS:EMIT] pos=189 op=14 @parser.c:1799
[QTS:EMIT] pos=190 op=200 @parser.c:1786
[QTS:EMIT] pos=191 u32=0x00001c02 (7170) @parser.c:1788
[QTS:EMIT] pos=195 op=186 @parser.c:1799
[QTS:EMIT] pos=196 u32=0x00000259 (601) @parser.c:1777
[QTS:EMIT] pos=200 u16=0x0006 (6) @parser.c:1772
[QTS:EMIT] pos=195 op=189 @parser.c:1799
[QTS:EMIT] pos=196 atom=601 @parser.c:1807
[QTS:EMIT] pos=200 u32=0x00000005 (5) @parser.c:1777
[QTS:EMIT] pos=204 u16=0x0006 (6) @parser.c:1772
[QTS:EMIT] pos=206 op=61 @parser.c:1799
[QTS:EMIT] pos=207 op=200 @parser.c:1786
[QTS:EMIT] pos=208 u32=0x00001c07 (7175) @parser.c:1788
[QTS:EMIT] pos=212 op=146 @parser.c:1799
[QTS:EMIT] pos=213 op=184 @parser.c:1799
[QTS:EMIT] pos=214 u32=0x00000005 (5) @parser.c:1777
[QTS:EMIT] pos=218 op=25 @parser.c:1799
[QTS:EMIT] pos=219 op=62 @parser.c:1799
[QTS:EMIT] pos=220 op=14 @parser.c:1799
[QTS:SCOPE] leave: idx=6
[QTS:SCOPE] pop: level=6
[QTS:EMIT] pos=221 op=183 @parser.c:1799
[QTS:EMIT] pos=222 u16=0x0006 (6) @parser.c:1772
[QTS:EMIT] pos=224 op=110 @parser.c:1799
[QTS:EMIT] pos=225 u32=0x00000006 (6) @parser.c:1777
[QTS:EMIT] pos=229 op=184 @parser.c:1799
[QTS:EMIT] pos=230 u32=0x00000003 (3) @parser.c:1777
[QTS:SCOPE] push: level=7 first_var=-1
[QTS:SCOPE] enter: idx=7 is_body=0
[QTS:EMIT] pos=234 op=182 @parser.c:1799
[QTS:EMIT] pos=235 u16=0x0007 (7) @parser.c:1772
[QTS:EMIT] pos=237 op=200 @parser.c:1786
[QTS:EMIT] pos=238 u32=0x00001c48 (7240) @parser.c:1788
[QTS:EMIT] pos=242 op=186 @parser.c:1799
[QTS:EMIT] pos=243 u32=0x00000235 (565) @parser.c:1777
[QTS:EMIT] pos=247 u16=0x0007 (7) @parser.c:1772
[QTS:EMIT] pos=242 op=189 @parser.c:1799
[QTS:EMIT] pos=243 atom=565 @parser.c:1807
[QTS:EMIT] pos=247 u32=0x00000007 (7) @parser.c:1777
[QTS:EMIT] pos=251 u16=0x0007 (7) @parser.c:1772
[QTS:ASSIGN] lvalue: opcode=61 scope=7 atom=565 label=7
[QTS:EMIT] pos=253 op=200 @parser.c:1786
[QTS:EMIT] pos=254 u32=0x00001c4c (7244) @parser.c:1788
[QTS:EMIT] pos=258 op=186 @parser.c:1799
[QTS:EMIT] pos=259 u32=0x000000a5 (165) @parser.c:1777
[QTS:EMIT] pos=263 u16=0x0007 (7) @parser.c:1772
[QTS:EMIT] pos=265 op=200 @parser.c:1786
[QTS:EMIT] pos=266 u32=0x00001c50 (7248) @parser.c:1788
[QTS:EMIT] pos=270 op=66 @parser.c:1799
[QTS:EMIT] pos=271 atom=603 @parser.c:1807
[QTS:EMIT] pos=275 op=200 @parser.c:1786
[QTS:EMIT] pos=276 u32=0x00001c55 (7253) @parser.c:1788
[QTS:EMIT] pos=280 op=186 @parser.c:1799
[QTS:EMIT] pos=281 u32=0x00000227 (551) @parser.c:1777
[QTS:EMIT] pos=285 u16=0x0007 (7) @parser.c:1772
[QTS:EMIT] pos=287 op=1 @parser.c:1799
[QTS:EMIT] pos=288 u32=0x00000001 (1) @parser.c:1777
[QTS:EMIT] pos=292 op=200 @parser.c:1786
[QTS:EMIT] pos=293 u32=0x00001c60 (7264) @parser.c:1788
[QTS:EMIT] pos=297 op=160 @parser.c:1799
[QTS:EMIT] pos=298 op=200 @parser.c:1786
[QTS:EMIT] pos=299 u32=0x00001c66 (7270) @parser.c:1788
[QTS:EMIT] pos=303 op=186 @parser.c:1799
[QTS:EMIT] pos=304 u32=0x00000228 (552) @parser.c:1777
[QTS:EMIT] pos=308 u16=0x0007 (7) @parser.c:1772
[QTS:EMIT] pos=310 op=200 @parser.c:1786
[QTS:EMIT] pos=311 u32=0x00001c64 (7268) @parser.c:1788
[QTS:EMIT] pos=315 op=160 @parser.c:1799
[QTS:EMIT] pos=316 op=200 @parser.c:1786
[QTS:EMIT] pos=317 u32=0x00001c75 (7285) @parser.c:1788
[QTS:EMIT] pos=321 op=186 @parser.c:1799
[QTS:EMIT] pos=322 u32=0x00000259 (601) @parser.c:1777
[QTS:EMIT] pos=326 u16=0x0007 (7) @parser.c:1772
[QTS:EMIT] pos=328 op=200 @parser.c:1786
[QTS:EMIT] pos=329 u32=0x00001c54 (7252) @parser.c:1788
[QTS:EMIT] pos=333 op=36 @parser.c:1799
[QTS:EMIT] pos=334 u16=0x0002 (2) @parser.c:1772
[QTS:EMIT] pos=336 op=184 @parser.c:1799
[QTS:EMIT] pos=337 u32=0x00000007 (7) @parser.c:1777
[QTS:EMIT] pos=341 op=22 @parser.c:1799
[QTS:EMIT] pos=342 op=62 @parser.c:1799
[QTS:EMIT] pos=343 op=14 @parser.c:1799
[QTS:EMIT] pos=344 op=200 @parser.c:1786
[QTS:EMIT] pos=345 u32=0x00001c91 (7313) @parser.c:1788
[QTS:EMIT] pos=349 op=186 @parser.c:1799
[QTS:EMIT] pos=350 u32=0x00000254 (596) @parser.c:1777
[QTS:EMIT] pos=354 u16=0x0007 (7) @parser.c:1772
[QTS:EMIT] pos=356 op=200 @parser.c:1786
[QTS:EMIT] pos=357 u32=0x00001c9b (7323) @parser.c:1788
[QTS:EMIT] pos=361 op=186 @parser.c:1799
[QTS:EMIT] pos=362 u32=0x00000235 (565) @parser.c:1777
[QTS:EMIT] pos=366 u16=0x0007 (7) @parser.c:1772
[QTS:EMIT] pos=368 op=4 @parser.c:1799
[QTS:EMIT] pos=369 u32=0x0000025c (604) @parser.c:1777
[QTS:EMIT] pos=373 op=200 @parser.c:1786
[QTS:EMIT] pos=374 u32=0x00001c9a (7322) @parser.c:1788
[QTS:EMIT] pos=378 op=34 @parser.c:1799
[QTS:EMIT] pos=379 u16=0x0002 (2) @parser.c:1772
[QTS:EMIT] pos=381 op=14 @parser.c:1799
[QTS:EMIT] pos=382 op=200 @parser.c:1786
[QTS:EMIT] pos=383 u32=0x00001cc4 (7364) @parser.c:1788
[QTS:EMIT] pos=387 op=186 @parser.c:1799
[QTS:EMIT] pos=388 u32=0x00000259 (601) @parser.c:1777
[QTS:EMIT] pos=392 u16=0x0007 (7) @parser.c:1772
[QTS:EMIT] pos=387 op=189 @parser.c:1799
[QTS:EMIT] pos=388 atom=601 @parser.c:1807
[QTS:EMIT] pos=392 u32=0x00000008 (8) @parser.c:1777
[QTS:EMIT] pos=396 u16=0x0007 (7) @parser.c:1772
[QTS:EMIT] pos=398 op=61 @parser.c:1799
[QTS:ASSIGN] lvalue: opcode=61 scope=7 atom=601 label=8
[QTS:EMIT] pos=399 op=200 @parser.c:1786
[QTS:EMIT] pos=400 u32=0x00001ccd (7373) @parser.c:1788
[QTS:EMIT] pos=404 op=186 @parser.c:1799
[QTS:EMIT] pos=405 u32=0x00000235 (565) @parser.c:1777
[QTS:EMIT] pos=409 u16=0x0007 (7) @parser.c:1772
[QTS:ASSIGN] compound: tok=59 op=160
[QTS:EMIT] pos=411 op=200 @parser.c:1786
[QTS:EMIT] pos=412 u32=0x00001cca (7370) @parser.c:1788
[QTS:EMIT] pos=416 op=160 @parser.c:1799
[QTS:EMIT] pos=417 op=184 @parser.c:1799
[QTS:EMIT] pos=418 u32=0x00000008 (8) @parser.c:1777
[QTS:EMIT] pos=422 op=22 @parser.c:1799
[QTS:EMIT] pos=423 op=62 @parser.c:1799
[QTS:EMIT] pos=424 op=14 @parser.c:1799
[QTS:EMIT] pos=425 op=200 @parser.c:1786
[QTS:EMIT] pos=426 u32=0x00001ce4 (7396) @parser.c:1788
[QTS:EMIT] pos=430 op=186 @parser.c:1799
[QTS:EMIT] pos=431 u32=0x00000228 (552) @parser.c:1777
[QTS:EMIT] pos=435 u16=0x0007 (7) @parser.c:1772
[QTS:EMIT] pos=430 op=189 @parser.c:1799
[QTS:EMIT] pos=431 atom=552 @parser.c:1807
[QTS:EMIT] pos=435 u32=0x00000009 (9) @parser.c:1777
[QTS:EMIT] pos=439 u16=0x0007 (7) @parser.c:1772
[QTS:EMIT] pos=441 op=61 @parser.c:1799
[QTS:ASSIGN] lvalue: opcode=61 scope=7 atom=552 label=9
[QTS:EMIT] pos=442 op=200 @parser.c:1786
[QTS:EMIT] pos=443 u32=0x00001cf5 (7413) @parser.c:1788
[QTS:EMIT] pos=447 op=186 @parser.c:1799
[QTS:EMIT] pos=448 u32=0x00000235 (565) @parser.c:1777
[QTS:EMIT] pos=452 u16=0x0007 (7) @parser.c:1772
[QTS:ASSIGN] compound: tok=59 op=159
[QTS:EMIT] pos=454 op=200 @parser.c:1786
[QTS:EMIT] pos=455 u32=0x00001cf2 (7410) @parser.c:1788
[QTS:EMIT] pos=459 op=159 @parser.c:1799
[QTS:EMIT] pos=460 op=184 @parser.c:1799
[QTS:EMIT] pos=461 u32=0x00000009 (9) @parser.c:1777
[QTS:EMIT] pos=465 op=22 @parser.c:1799
[QTS:EMIT] pos=466 op=62 @parser.c:1799
[QTS:EMIT] pos=467 op=14 @parser.c:1799
[QTS:SCOPE] leave: idx=7
[QTS:SCOPE] pop: level=7
[QTS:EMIT] pos=468 op=183 @parser.c:1799
[QTS:EMIT] pos=469 u16=0x0007 (7) @parser.c:1772
[QTS:EMIT] pos=471 op=184 @parser.c:1799
[QTS:EMIT] pos=472 u32=0x00000006 (6) @parser.c:1777
[QTS:SCOPE] leave: idx=5
[QTS:SCOPE] pop: level=5
[QTS:EMIT] pos=476 op=183 @parser.c:1799
[QTS:EMIT] pos=477 u16=0x0005 (5) @parser.c:1772
[QTS:SCOPE] leave: idx=4
[QTS:SCOPE] pop: level=4
[QTS:EMIT] pos=479 op=183 @parser.c:1799
[QTS:EMIT] pos=480 u16=0x0004 (4) @parser.c:1772
[QTS:EMIT] pos=482 op=110 @parser.c:1799
[QTS:EMIT] pos=483 u32=0x00000001 (1) @parser.c:1777
[QTS:EMIT] pos=487 op=184 @parser.c:1799
[QTS:EMIT] pos=488 u32=0x00000002 (2) @parser.c:1777
[QTS:SCOPE] leave: idx=3
[QTS:SCOPE] pop: level=3
[QTS:EMIT] pos=492 op=183 @parser.c:1799
[QTS:EMIT] pos=493 u16=0x0003 (3) @parser.c:1772
[QTS:EMIT] pos=495 op=110 @parser.c:1799
[QTS:EMIT] pos=496 u32=0x0000000a (10) @parser.c:1777
[QTS:EMIT] pos=500 op=184 @parser.c:1799
[QTS:EMIT] pos=501 u32=0x00000000 (0) @parser.c:1777
[QTS:SCOPE] push: level=8 first_var=-1
[QTS:SCOPE] enter: idx=8 is_body=0
[QTS:EMIT] pos=505 op=182 @parser.c:1799
[QTS:EMIT] pos=506 u16=0x0008 (8) @parser.c:1772
[QTS:EMIT] pos=508 op=200 @parser.c:1786
[QTS:EMIT] pos=509 u32=0x00001d3d (7485) @parser.c:1788
[QTS:EMIT] pos=513 op=186 @parser.c:1799
[QTS:EMIT] pos=514 u32=0x00000259 (601) @parser.c:1777
[QTS:EMIT] pos=518 u16=0x0008 (8) @parser.c:1772
[QTS:EMIT] pos=513 op=189 @parser.c:1799
[QTS:EMIT] pos=514 atom=601 @parser.c:1807
[QTS:EMIT] pos=518 u32=0x0000000b (11) @parser.c:1777
[QTS:EMIT] pos=522 u16=0x0008 (8) @parser.c:1772
[QTS:ASSIGN] lvalue: opcode=61 scope=8 atom=601 label=11
[QTS:EMIT] pos=524 op=200 @parser.c:1786
[QTS:EMIT] pos=525 u32=0x00001d46 (7494) @parser.c:1788
[QTS:EMIT] pos=529 op=186 @parser.c:1799
[QTS:EMIT] pos=530 u32=0x00000259 (601) @parser.c:1777
[QTS:EMIT] pos=534 u16=0x0008 (8) @parser.c:1772
[QTS:EMIT] pos=536 op=200 @parser.c:1786
[QTS:EMIT] pos=537 u32=0x00001d45 (7493) @parser.c:1788
[QTS:EMIT] pos=541 op=142 @parser.c:1799
[QTS:EMIT] pos=542 op=184 @parser.c:1799
[QTS:EMIT] pos=543 u32=0x0000000b (11) @parser.c:1777
[QTS:EMIT] pos=547 op=22 @parser.c:1799
[QTS:EMIT] pos=548 op=62 @parser.c:1799
[QTS:EMIT] pos=549 op=14 @parser.c:1799
[QTS:EMIT] pos=550 op=184 @parser.c:1799
[QTS:EMIT] pos=551 u32=0x0000000c (12) @parser.c:1777
[QTS:EMIT] pos=555 op=200 @parser.c:1786
[QTS:EMIT] pos=556 u32=0x00001d60 (7520) @parser.c:1788
[QTS:EMIT] pos=560 op=186 @parser.c:1799
[QTS:EMIT] pos=561 u32=0x00000259 (601) @parser.c:1777
[QTS:EMIT] pos=565 u16=0x0008 (8) @parser.c:1772
[QTS:EMIT] pos=567 op=1 @parser.c:1799
[QTS:EMIT] pos=568 u32=0x00000000 (0) @parser.c:1777
[QTS:EMIT] pos=572 op=200 @parser.c:1786
[QTS:EMIT] pos=573 u32=0x00001d66 (7526) @parser.c:1788
[QTS:EMIT] pos=577 op=172 @parser.c:1799
[QTS:EMIT] pos=578 op=108 @parser.c:1799
[QTS:EMIT] pos=579 u32=0x0000000d (13) @parser.c:1777
[QTS:SCOPE] push: level=9 first_var=-1
[QTS:SCOPE] enter: idx=9 is_body=0
[QTS:EMIT] pos=583 op=182 @parser.c:1799
[QTS:EMIT] pos=584 u16=0x0009 (9) @parser.c:1772
[QTS:SCOPE] push: level=10 first_var=-1
[QTS:SCOPE] enter: idx=10 is_body=0
[QTS:EMIT] pos=586 op=182 @parser.c:1799
[QTS:EMIT] pos=587 u16=0x000a (10) @parser.c:1772
[QTS:EMIT] pos=589 op=200 @parser.c:1786
[QTS:EMIT] pos=590 u32=0x00001d82 (7554) @parser.c:1788
[QTS:EMIT] pos=594 op=186 @parser.c:1799
[QTS:EMIT] pos=595 u32=0x00000228 (552) @parser.c:1777
[QTS:EMIT] pos=599 u16=0x000a (10) @parser.c:1772
[QTS:EMIT] pos=601 op=1 @parser.c:1799
[QTS:EMIT] pos=602 u32=0x00000000 (0) @parser.c:1777
[QTS:EMIT] pos=606 op=200 @parser.c:1786
[QTS:EMIT] pos=607 u32=0x00001d90 (7568) @parser.c:1788
[QTS:EMIT] pos=611 op=171 @parser.c:1799
[QTS:EMIT] pos=612 op=108 @parser.c:1799
[QTS:EMIT] pos=613 u32=0x0000000e (14) @parser.c:1777
[QTS:SCOPE] push: level=11 first_var=-1
[QTS:SCOPE] enter: idx=11 is_body=0
[QTS:EMIT] pos=617 op=182 @parser.c:1799
[QTS:EMIT] pos=618 u16=0x000b (11) @parser.c:1772
[QTS:EMIT] pos=620 op=200 @parser.c:1786
[QTS:EMIT] pos=621 u32=0x00001dac (7596) @parser.c:1788
[QTS:EMIT] pos=625 op=186 @parser.c:1799
[QTS:EMIT] pos=626 u32=0x00000254 (596) @parser.c:1777
[QTS:EMIT] pos=630 u16=0x000b (11) @parser.c:1772
[QTS:EMIT] pos=632 op=1 @parser.c:1799
[QTS:EMIT] pos=633 u32=0x00000001 (1) @parser.c:1777
[QTS:EMIT] pos=637 op=4 @parser.c:1799
[QTS:EMIT] pos=638 u32=0x0000023b (571) @parser.c:1777
[QTS:EMIT] pos=642 op=200 @parser.c:1786
[QTS:EMIT] pos=643 u32=0x00001db5 (7605) @parser.c:1788
[QTS:EMIT] pos=647 op=34 @parser.c:1799
[QTS:EMIT] pos=648 u16=0x0002 (2) @parser.c:1772
[QTS:EMIT] pos=650 op=14 @parser.c:1799
[QTS:EMIT] pos=651 op=200 @parser.c:1786
[QTS:EMIT] pos=652 u32=0x00001ddc (7644) @parser.c:1788
[QTS:EMIT] pos=656 op=186 @parser.c:1799
[QTS:EMIT] pos=657 u32=0x00000254 (596) @parser.c:1777
[QTS:EMIT] pos=661 u16=0x000b (11) @parser.c:1772
[QTS:EMIT] pos=663 op=200 @parser.c:1786
[QTS:EMIT] pos=664 u32=0x00001de6 (7654) @parser.c:1788
[QTS:EMIT] pos=668 op=186 @parser.c:1799
[QTS:EMIT] pos=669 u32=0x00000227 (551) @parser.c:1777
[QTS:EMIT] pos=673 u16=0x000b (11) @parser.c:1772
[QTS:EMIT] pos=675 op=1 @parser.c:1799
[QTS:EMIT] pos=676 u32=0x00000001 (1) @parser.c:1777
[QTS:EMIT] pos=680 op=200 @parser.c:1786
[QTS:EMIT] pos=681 u32=0x00001df1 (7665) @parser.c:1788
[QTS:EMIT] pos=685 op=160 @parser.c:1799
[QTS:EMIT] pos=686 op=4 @parser.c:1799
[QTS:EMIT] pos=687 u32=0x0000025c (604) @parser.c:1777
[QTS:EMIT] pos=691 op=200 @parser.c:1786
[QTS:EMIT] pos=692 u32=0x00001de5 (7653) @parser.c:1788
[QTS:EMIT] pos=696 op=34 @parser.c:1799
[QTS:EMIT] pos=697 u16=0x0002 (2) @parser.c:1772
[QTS:EMIT] pos=699 op=14 @parser.c:1799
[QTS:EMIT] pos=700 op=200 @parser.c:1786
[QTS:EMIT] pos=701 u32=0x00001e1c (7708) @parser.c:1788
[QTS:EMIT] pos=705 op=186 @parser.c:1799
[QTS:EMIT] pos=706 u32=0x00000259 (601) @parser.c:1777
[QTS:EMIT] pos=710 u16=0x000b (11) @parser.c:1772
[QTS:EMIT] pos=705 op=189 @parser.c:1799
[QTS:EMIT] pos=706 atom=601 @parser.c:1807
[QTS:EMIT] pos=710 u32=0x0000000f (15) @parser.c:1777
[QTS:EMIT] pos=714 u16=0x000b (11) @parser.c:1772
[QTS:EMIT] pos=716 op=61 @parser.c:1799
[QTS:EMIT] pos=717 op=200 @parser.c:1786
[QTS:EMIT] pos=718 u32=0x00001e21 (7713) @parser.c:1788
[QTS:EMIT] pos=722 op=146 @parser.c:1799
[QTS:EMIT] pos=723 op=184 @parser.c:1799
[QTS:EMIT] pos=724 u32=0x0000000f (15) @parser.c:1777
[QTS:EMIT] pos=728 op=25 @parser.c:1799
[QTS:EMIT] pos=729 op=62 @parser.c:1799
[QTS:EMIT] pos=730 op=14 @parser.c:1799
[QTS:EMIT] pos=731 op=200 @parser.c:1786
[QTS:EMIT] pos=732 u32=0x00001e39 (7737) @parser.c:1788
[QTS:EMIT] pos=736 op=186 @parser.c:1799
[QTS:EMIT] pos=737 u32=0x00000228 (552) @parser.c:1777
[QTS:EMIT] pos=741 u16=0x000b (11) @parser.c:1772
[QTS:EMIT] pos=736 op=189 @parser.c:1799
[QTS:EMIT] pos=737 atom=552 @parser.c:1807
[QTS:EMIT] pos=741 u32=0x00000010 (16) @parser.c:1777
[QTS:EMIT] pos=745 u16=0x000b (11) @parser.c:1772
[QTS:ASSIGN] lvalue: opcode=61 scope=11 atom=552 label=16
[QTS:EMIT] pos=747 op=200 @parser.c:1786
[QTS:EMIT] pos=748 u32=0x00001e49 (7753) @parser.c:1788
[QTS:EMIT] pos=752 op=186 @parser.c:1799
[QTS:EMIT] pos=753 u32=0x00000227 (551) @parser.c:1777
[QTS:EMIT] pos=757 u16=0x000b (11) @parser.c:1772
[QTS:EMIT] pos=759 op=1 @parser.c:1799
[QTS:EMIT] pos=760 u32=0x00000001 (1) @parser.c:1777
[QTS:EMIT] pos=764 op=200 @parser.c:1786
[QTS:EMIT] pos=765 u32=0x00001e54 (7764) @parser.c:1788
[QTS:EMIT] pos=769 op=160 @parser.c:1799
[QTS:EMIT] pos=770 op=184 @parser.c:1799
[QTS:EMIT] pos=771 u32=0x00000010 (16) @parser.c:1777
[QTS:EMIT] pos=775 op=22 @parser.c:1799
[QTS:EMIT] pos=776 op=62 @parser.c:1799
[QTS:EMIT] pos=777 op=14 @parser.c:1799
[QTS:SCOPE] leave: idx=11
[QTS:SCOPE] pop: level=11
[QTS:EMIT] pos=778 op=183 @parser.c:1799
[QTS:EMIT] pos=779 u16=0x000b (11) @parser.c:1772
[QTS:EMIT] pos=781 op=110 @parser.c:1799
[QTS:EMIT] pos=782 u32=0x00000011 (17) @parser.c:1777
[QTS:EMIT] pos=786 op=184 @parser.c:1799
[QTS:EMIT] pos=787 u32=0x0000000e (14) @parser.c:1777
[QTS:SCOPE] push: level=12 first_var=-1
[QTS:SCOPE] enter: idx=12 is_body=0
[QTS:EMIT] pos=791 op=182 @parser.c:1799
[QTS:EMIT] pos=792 u16=0x000c (12) @parser.c:1772
[QTS:EMIT] pos=794 op=200 @parser.c:1786
[QTS:EMIT] pos=795 u32=0x00001e96 (7830) @parser.c:1788
[QTS:EMIT] pos=799 op=186 @parser.c:1799
[QTS:EMIT] pos=800 u32=0x00000235 (565) @parser.c:1777
[QTS:EMIT] pos=804 u16=0x000c (12) @parser.c:1772
[QTS:EMIT] pos=799 op=189 @parser.c:1799
[QTS:EMIT] pos=800 atom=565 @parser.c:1807
[QTS:EMIT] pos=804 u32=0x00000012 (18) @parser.c:1777
[QTS:EMIT] pos=808 u16=0x000c (12) @parser.c:1772
[QTS:ASSIGN] lvalue: opcode=61 scope=12 atom=565 label=18
[QTS:EMIT] pos=810 op=200 @parser.c:1786
[QTS:EMIT] pos=811 u32=0x00001e9a (7834) @parser.c:1788
[QTS:EMIT] pos=815 op=186 @parser.c:1799
[QTS:EMIT] pos=816 u32=0x000000a5 (165) @parser.c:1777
[QTS:EMIT] pos=820 u16=0x000c (12) @parser.c:1772
[QTS:EMIT] pos=822 op=200 @parser.c:1786
[QTS:EMIT] pos=823 u32=0x00001e9e (7838) @parser.c:1788
[QTS:EMIT] pos=827 op=66 @parser.c:1799
[QTS:EMIT] pos=828 atom=603 @parser.c:1807
[QTS:EMIT] pos=832 op=200 @parser.c:1786
[QTS:EMIT] pos=833 u32=0x00001ea3 (7843) @parser.c:1788
[QTS:EMIT] pos=837 op=186 @parser.c:1799
[QTS:EMIT] pos=838 u32=0x00000259 (601) @parser.c:1777
[QTS:EMIT] pos=842 u16=0x000c (12) @parser.c:1772
[QTS:EMIT] pos=844 op=200 @parser.c:1786
[QTS:EMIT] pos=845 u32=0x00001eaa (7850) @parser.c:1788
[QTS:EMIT] pos=849 op=186 @parser.c:1799
[QTS:EMIT] pos=850 u32=0x00000228 (552) @parser.c:1777
[QTS:EMIT] pos=854 u16=0x000c (12) @parser.c:1772
[QTS:EMIT] pos=856 op=200 @parser.c:1786
[QTS:EMIT] pos=857 u32=0x00001ea2 (7842) @parser.c:1788
[QTS:EMIT] pos=861 op=36 @parser.c:1799
[QTS:EMIT] pos=862 u16=0x0002 (2) @parser.c:1772
[QTS:EMIT] pos=864 op=184 @parser.c:1799
[QTS:EMIT] pos=865 u32=0x00000012 (18) @parser.c:1777
[QTS:EMIT] pos=869 op=22 @parser.c:1799
[QTS:EMIT] pos=870 op=62 @parser.c:1799
[QTS:EMIT] pos=871 op=14 @parser.c:1799
[QTS:EMIT] pos=872 op=200 @parser.c:1786
[QTS:EMIT] pos=873 u32=0x00001ece (7886) @parser.c:1788
[QTS:EMIT] pos=877 op=186 @parser.c:1799
[QTS:EMIT] pos=878 u32=0x00000254 (596) @parser.c:1777
[QTS:EMIT] pos=882 u16=0x000c (12) @parser.c:1772
[QTS:EMIT] pos=884 op=200 @parser.c:1786
[QTS:EMIT] pos=885 u32=0x00001ed8 (7896) @parser.c:1788
[QTS:EMIT] pos=889 op=186 @parser.c:1799
[QTS:EMIT] pos=890 u32=0x00000235 (565) @parser.c:1777
[QTS:EMIT] pos=894 u16=0x000c (12) @parser.c:1772
[QTS:EMIT] pos=896 op=4 @parser.c:1799
[QTS:EMIT] pos=897 u32=0x0000025d (605) @parser.c:1777
[QTS:EMIT] pos=901 op=200 @parser.c:1786
[QTS:EMIT] pos=902 u32=0x00001ed7 (7895) @parser.c:1788
[QTS:EMIT] pos=906 op=34 @parser.c:1799
[QTS:EMIT] pos=907 u16=0x0002 (2) @parser.c:1772
[QTS:EMIT] pos=909 op=14 @parser.c:1799
[QTS:EMIT] pos=910 op=200 @parser.c:1786
[QTS:EMIT] pos=911 u32=0x00001f00 (7936) @parser.c:1788
[QTS:EMIT] pos=915 op=186 @parser.c:1799
[QTS:EMIT] pos=916 u32=0x00000259 (601) @parser.c:1777
[QTS:EMIT] pos=920 u16=0x000c (12) @parser.c:1772
[QTS:EMIT] pos=915 op=189 @parser.c:1799
[QTS:EMIT] pos=916 atom=601 @parser.c:1807
[QTS:EMIT] pos=920 u32=0x00000013 (19) @parser.c:1777
[QTS:EMIT] pos=924 u16=0x000c (12) @parser.c:1772
[QTS:EMIT] pos=926 op=61 @parser.c:1799
[QTS:ASSIGN] lvalue: opcode=61 scope=12 atom=601 label=19
[QTS:EMIT] pos=927 op=200 @parser.c:1786
[QTS:EMIT] pos=928 u32=0x00001f09 (7945) @parser.c:1788
[QTS:EMIT] pos=932 op=186 @parser.c:1799
[QTS:EMIT] pos=933 u32=0x00000235 (565) @parser.c:1777
[QTS:EMIT] pos=937 u16=0x000c (12) @parser.c:1772
[QTS:ASSIGN] compound: tok=59 op=160
[QTS:EMIT] pos=939 op=200 @parser.c:1786
[QTS:EMIT] pos=940 u32=0x00001f06 (7942) @parser.c:1788
[QTS:EMIT] pos=944 op=160 @parser.c:1799
[QTS:EMIT] pos=945 op=184 @parser.c:1799
[QTS:EMIT] pos=946 u32=0x00000013 (19) @parser.c:1777
[QTS:EMIT] pos=950 op=22 @parser.c:1799
[QTS:EMIT] pos=951 op=62 @parser.c:1799
[QTS:EMIT] pos=952 op=14 @parser.c:1799
[QTS:EMIT] pos=953 op=200 @parser.c:1786
[QTS:EMIT] pos=954 u32=0x00001f20 (7968) @parser.c:1788
[QTS:EMIT] pos=958 op=186 @parser.c:1799
[QTS:EMIT] pos=959 u32=0x00000228 (552) @parser.c:1777
[QTS:EMIT] pos=963 u16=0x000c (12) @parser.c:1772
[QTS:EMIT] pos=958 op=189 @parser.c:1799
[QTS:EMIT] pos=959 atom=552 @parser.c:1807
[QTS:EMIT] pos=963 u32=0x00000014 (20) @parser.c:1777
[QTS:EMIT] pos=967 u16=0x000c (12) @parser.c:1772
[QTS:EMIT] pos=969 op=61 @parser.c:1799
[QTS:ASSIGN] lvalue: opcode=61 scope=12 atom=552 label=20
[QTS:EMIT] pos=970 op=200 @parser.c:1786
[QTS:EMIT] pos=971 u32=0x00001f31 (7985) @parser.c:1788
[QTS:EMIT] pos=975 op=186 @parser.c:1799
[QTS:EMIT] pos=976 u32=0x00000235 (565) @parser.c:1777
[QTS:EMIT] pos=980 u16=0x000c (12) @parser.c:1772
[QTS:ASSIGN] compound: tok=59 op=160
[QTS:EMIT] pos=982 op=200 @parser.c:1786
[QTS:EMIT] pos=983 u32=0x00001f2e (7982) @parser.c:1788
[QTS:EMIT] pos=987 op=160 @parser.c:1799
[QTS:EMIT] pos=988 op=184 @parser.c:1799
[QTS:EMIT] pos=989 u32=0x00000014 (20) @parser.c:1777
[QTS:EMIT] pos=993 op=22 @parser.c:1799
[QTS:EMIT] pos=994 op=62 @parser.c:1799
[QTS:EMIT] pos=995 op=14 @parser.c:1799
[QTS:SCOPE] leave: idx=12
[QTS:SCOPE] pop: level=12
[QTS:EMIT] pos=996 op=183 @parser.c:1799
[QTS:EMIT] pos=997 u16=0x000c (12) @parser.c:1772
[QTS:EMIT] pos=999 op=184 @parser.c:1799
[QTS:EMIT] pos=1000 u32=0x00000011 (17) @parser.c:1777
[QTS:SCOPE] leave: idx=10
[QTS:SCOPE] pop: level=10
[QTS:EMIT] pos=1004 op=183 @parser.c:1799
[QTS:EMIT] pos=1005 u16=0x000a (10) @parser.c:1772
[QTS:SCOPE] leave: idx=9
[QTS:SCOPE] pop: level=9
[QTS:EMIT] pos=1007 op=183 @parser.c:1799
[QTS:EMIT] pos=1008 u16=0x0009 (9) @parser.c:1772
[QTS:EMIT] pos=1010 op=110 @parser.c:1799
[QTS:EMIT] pos=1011 u32=0x0000000c (12) @parser.c:1777
[QTS:EMIT] pos=1015 op=184 @parser.c:1799
[QTS:EMIT] pos=1016 u32=0x0000000d (13) @parser.c:1777
[QTS:SCOPE] leave: idx=8
[QTS:SCOPE] pop: level=8
[QTS:EMIT] pos=1020 op=183 @parser.c:1799
[QTS:EMIT] pos=1021 u16=0x0008 (8) @parser.c:1772
[QTS:EMIT] pos=1023 op=184 @parser.c:1799
[QTS:EMIT] pos=1024 u32=0x0000000a (10) @parser.c:1777
[QTS:SCOPE] leave: idx=2
[QTS:SCOPE] pop: level=2
[QTS:EMIT] pos=1028 op=183 @parser.c:1799
[QTS:EMIT] pos=1029 u16=0x0002 (2) @parser.c:1772
[QTS:EMIT] pos=1031 op=41 @parser.c:1799
[QTS:SCOPE] push: level=1 first_var=-1
[QTS:SCOPE] enter: idx=1 is_body=0
[QTS:EMIT] pos=0 op=182 @parser.c:1799
[QTS:EMIT] pos=1 u16=0x0001 (1) @parser.c:1772
[QTS:SCOPE] push: level=2 first_var=-1
[QTS:SCOPE] enter: idx=2 is_body=0
[QTS:EMIT] pos=3 op=182 @parser.c:1799
[QTS:EMIT] pos=4 u16=0x0002 (2) @parser.c:1772
[QTS:EMIT] pos=6 op=200 @parser.c:1786
[QTS:EMIT] pos=7 u32=0x00002008 (8200) @parser.c:1788
[QTS:EMIT] pos=11 op=186 @parser.c:1799
[QTS:EMIT] pos=12 u32=0x0000021b (539) @parser.c:1777
[QTS:EMIT] pos=16 u16=0x0002 (2) @parser.c:1772
[QTS:EMIT] pos=18 op=200 @parser.c:1786
[QTS:EMIT] pos=19 u32=0x0000200f (8207) @parser.c:1788
[QTS:EMIT] pos=23 op=186 @parser.c:1799
[QTS:EMIT] pos=24 u32=0x0000021d (541) @parser.c:1777
[QTS:EMIT] pos=28 u16=0x0002 (2) @parser.c:1772
[QTS:EMIT] pos=30 op=200 @parser.c:1786
[QTS:EMIT] pos=31 u32=0x0000200c (8204) @parser.c:1788
[QTS:EMIT] pos=35 op=172 @parser.c:1799
[QTS:EMIT] pos=36 op=108 @parser.c:1799
[QTS:EMIT] pos=37 u32=0x00000000 (0) @parser.c:1777
[QTS:SCOPE] push: level=3 first_var=-1
[QTS:SCOPE] enter: idx=3 is_body=0
[QTS:EMIT] pos=41 op=182 @parser.c:1799
[QTS:EMIT] pos=42 u16=0x0003 (3) @parser.c:1772
[QTS:SCOPE] push: level=4 first_var=-1
[QTS:SCOPE] enter: idx=4 is_body=0
[QTS:EMIT] pos=44 op=182 @parser.c:1799
[QTS:EMIT] pos=45 u16=0x0004 (4) @parser.c:1772
[QTS:EMIT] pos=47 op=200 @parser.c:1786
[QTS:EMIT] pos=48 u32=0x0000202c (8236) @parser.c:1788
[QTS:EMIT] pos=52 op=186 @parser.c:1799
[QTS:EMIT] pos=53 u32=0x00000216 (534) @parser.c:1777
[QTS:EMIT] pos=57 u16=0x0004 (4) @parser.c:1772
[QTS:EMIT] pos=59 op=152 @parser.c:1799
[QTS:EMIT] pos=60 op=17 @parser.c:1799
[QTS:EMIT] pos=61 op=108 @parser.c:1799
[QTS:EMIT] pos=62 u32=0x00000001 (1) @parser.c:1777
[QTS:EMIT] pos=66 op=14 @parser.c:1799
[QTS:EMIT] pos=67 op=200 @parser.c:1786
[QTS:EMIT] pos=68 u32=0x0000203b (8251) @parser.c:1788
[QTS:EMIT] pos=72 op=186 @parser.c:1799
[QTS:EMIT] pos=73 u32=0x0000021d (541) @parser.c:1777
[QTS:EMIT] pos=77 u16=0x0004 (4) @parser.c:1772
[QTS:EMIT] pos=79 op=200 @parser.c:1786
[QTS:EMIT] pos=80 u32=0x00002043 (8259) @parser.c:1788
[QTS:EMIT] pos=84 op=66 @parser.c:1799
[QTS:EMIT] pos=85 atom=326 @parser.c:1807
[QTS:EMIT] pos=89 op=1 @parser.c:1799
[QTS:EMIT] pos=90 u32=0x00000000 (0) @parser.c:1777
[QTS:EMIT] pos=94 op=200 @parser.c:1786
[QTS:EMIT] pos=95 u32=0x00002051 (8273) @parser.c:1788
[QTS:EMIT] pos=99 op=186 @parser.c:1799
[QTS:EMIT] pos=100 u32=0x0000021e (542) @parser.c:1777
[QTS:EMIT] pos=104 u16=0x0004 (4) @parser.c:1772
[QTS:EMIT] pos=106 op=200 @parser.c:1786
[QTS:EMIT] pos=107 u32=0x0000204d (8269) @parser.c:1788
[QTS:EMIT] pos=111 op=36 @parser.c:1799
[QTS:EMIT] pos=112 u16=0x0002 (2) @parser.c:1772
[QTS:EMIT] pos=114 op=200 @parser.c:1786
[QTS:EMIT] pos=115 u32=0x00002065 (8293) @parser.c:1788
[QTS:EMIT] pos=119 op=186 @parser.c:1799
[QTS:EMIT] pos=120 u32=0x0000021b (539) @parser.c:1777
[QTS:EMIT] pos=124 u16=0x0004 (4) @parser.c:1772
[QTS:EMIT] pos=126 op=200 @parser.c:1786
[QTS:EMIT] pos=127 u32=0x00002068 (8296) @parser.c:1788
[QTS:EMIT] pos=131 op=66 @parser.c:1799
[QTS:EMIT] pos=132 atom=326 @parser.c:1807
[QTS:EMIT] pos=136 op=1 @parser.c:1799
[QTS:EMIT] pos=137 u32=0x00000000 (0) @parser.c:1777
[QTS:EMIT] pos=141 op=200 @parser.c:1786
[QTS:EMIT] pos=142 u32=0x00002076 (8310) @parser.c:1788
[QTS:EMIT] pos=146 op=186 @parser.c:1799
[QTS:EMIT] pos=147 u32=0x0000021e (542) @parser.c:1777
[QTS:EMIT] pos=151 u16=0x0004 (4) @parser.c:1772
[QTS:EMIT] pos=153 op=200 @parser.c:1786
[QTS:EMIT] pos=154 u32=0x00002072 (8306) @parser.c:1788
[QTS:EMIT] pos=158 op=36 @parser.c:1799
[QTS:EMIT] pos=159 u16=0x0002 (2) @parser.c:1772
[QTS:EMIT] pos=161 op=200 @parser.c:1786
[QTS:EMIT] pos=162 u32=0x00002062 (8290) @parser.c:1788
[QTS:EMIT] pos=166 op=171 @parser.c:1799
[QTS:EMIT] pos=167 op=184 @parser.c:1799
[QTS:EMIT] pos=168 u32=0x00000001 (1) @parser.c:1777
[QTS:EMIT] pos=172 op=108 @parser.c:1799
[QTS:EMIT] pos=173 u32=0x00000002 (2) @parser.c:1777
[QTS:SCOPE] push: level=5 first_var=-1
[QTS:SCOPE] enter: idx=5 is_body=0
[QTS:EMIT] pos=177 op=182 @parser.c:1799
[QTS:EMIT] pos=178 u16=0x0005 (5) @parser.c:1772
[QTS:EMIT] pos=180 op=200 @parser.c:1786
[QTS:EMIT] pos=181 u32=0x000020c5 (8389) @parser.c:1788
[QTS:EMIT] pos=185 op=186 @parser.c:1799
[QTS:EMIT] pos=186 u32=0x000001d8 (472) @parser.c:1777
[QTS:EMIT] pos=190 u16=0x0005 (5) @parser.c:1772
[QTS:EMIT] pos=192 op=200 @parser.c:1786
[QTS:EMIT] pos=193 u32=0x000020c8 (8392) @parser.c:1788
[QTS:EMIT] pos=197 op=66 @parser.c:1799
[QTS:EMIT] pos=198 atom=595 @parser.c:1807
[QTS:EMIT] pos=202 op=200 @parser.c:1786
[QTS:EMIT] pos=203 u32=0x000020ce (8398) @parser.c:1788
[QTS:EMIT] pos=207 op=186 @parser.c:1799
[QTS:EMIT] pos=208 u32=0x0000021b (539) @parser.c:1777
[QTS:EMIT] pos=212 u16=0x0005 (5) @parser.c:1772
[QTS:EMIT] pos=214 op=200 @parser.c:1786
[QTS:EMIT] pos=215 u32=0x000020d1 (8401) @parser.c:1788
[QTS:EMIT] pos=219 op=66 @parser.c:1799
[QTS:EMIT] pos=220 atom=326 @parser.c:1807
[QTS:EMIT] pos=224 op=200 @parser.c:1786
[QTS:EMIT] pos=225 u32=0x000020dc (8412) @parser.c:1788
[QTS:EMIT] pos=229 op=186 @parser.c:1799
[QTS:EMIT] pos=230 u32=0x0000021e (542) @parser.c:1777
[QTS:EMIT] pos=234 u16=0x0005 (5) @parser.c:1772
[QTS:EMIT] pos=236 op=200 @parser.c:1786
[QTS:EMIT] pos=237 u32=0x000020db (8411) @parser.c:1788
[QTS:EMIT] pos=241 op=36 @parser.c:1799
[QTS:EMIT] pos=242 u16=0x0001 (1) @parser.c:1772
[QTS:EMIT] pos=244 op=200 @parser.c:1786
[QTS:EMIT] pos=245 u32=0x000020cd (8397) @parser.c:1788
[QTS:EMIT] pos=249 op=36 @parser.c:1799
[QTS:EMIT] pos=250 u16=0x0001 (1) @parser.c:1772
[QTS:EMIT] pos=252 op=14 @parser.c:1799
[QTS:SCOPE] leave: idx=5
[QTS:SCOPE] pop: level=5
[QTS:EMIT] pos=253 op=183 @parser.c:1799
[QTS:EMIT] pos=254 u16=0x0005 (5) @parser.c:1772
[QTS:EMIT] pos=256 op=110 @parser.c:1799
[QTS:EMIT] pos=257 u32=0x00000003 (3) @parser.c:1777
[QTS:EMIT] pos=261 op=184 @parser.c:1799
[QTS:EMIT] pos=262 u32=0x00000002 (2) @parser.c:1777
[QTS:SCOPE] push: level=6 first_var=-1
[QTS:SCOPE] enter: idx=6 is_body=0
[QTS:EMIT] pos=266 op=182 @parser.c:1799
[QTS:EMIT] pos=267 u16=0x0006 (6) @parser.c:1772
[QTS:EMIT] pos=269 op=200 @parser.c:1786
[QTS:EMIT] pos=270 u32=0x00002151 (8529) @parser.c:1788
[QTS:EMIT] pos=274 op=186 @parser.c:1799
[QTS:EMIT] pos=275 u32=0x00000258 (600) @parser.c:1777
[QTS:EMIT] pos=279 u16=0x0006 (6) @parser.c:1772
[QTS:EMIT] pos=281 op=200 @parser.c:1786
[QTS:EMIT] pos=282 u32=0x0000215e (8542) @parser.c:1788
[QTS:EMIT] pos=286 op=186 @parser.c:1799
[QTS:EMIT] pos=287 u32=0x00000243 (579) @parser.c:1777
[QTS:EMIT] pos=291 u16=0x0006 (6) @parser.c:1772
[QTS:EMIT] pos=293 op=200 @parser.c:1786
[QTS:EMIT] pos=294 u32=0x00002169 (8553) @parser.c:1788
[QTS:EMIT] pos=298 op=186 @parser.c:1799
[QTS:EMIT] pos=299 u32=0x0000021d (541) @parser.c:1777
[QTS:EMIT] pos=303 u16=0x0006 (6) @parser.c:1772
[QTS:EMIT] pos=305 op=200 @parser.c:1786
[QTS:EMIT] pos=306 u32=0x00002171 (8561) @parser.c:1788
[QTS:EMIT] pos=310 op=66 @parser.c:1799
[QTS:EMIT] pos=311 atom=326 @parser.c:1807
[QTS:EMIT] pos=315 op=1 @parser.c:1799
[QTS:EMIT] pos=316 u32=0x00000000 (0) @parser.c:1777
[QTS:EMIT] pos=320 op=200 @parser.c:1786
[QTS:EMIT] pos=321 u32=0x0000217f (8575) @parser.c:1788
[QTS:EMIT] pos=325 op=186 @parser.c:1799
[QTS:EMIT] pos=326 u32=0x0000021e (542) @parser.c:1777
[QTS:EMIT] pos=330 u16=0x0006 (6) @parser.c:1772
[QTS:EMIT] pos=332 op=200 @parser.c:1786
[QTS:EMIT] pos=333 u32=0x0000217b (8571) @parser.c:1788
[QTS:EMIT] pos=337 op=36 @parser.c:1799
[QTS:EMIT] pos=338 u16=0x0002 (2) @parser.c:1772
[QTS:EMIT] pos=340 op=200 @parser.c:1786
[QTS:EMIT] pos=341 u32=0x00002168 (8552) @parser.c:1788
[QTS:EMIT] pos=345 op=34 @parser.c:1799
[QTS:EMIT] pos=346 u16=0x0001 (1) @parser.c:1772
[QTS:EMIT] pos=348 op=200 @parser.c:1786
[QTS:EMIT] pos=349 u32=0x0000215d (8541) @parser.c:1788
[QTS:EMIT] pos=353 op=142 @parser.c:1799
[QTS:EMIT] pos=354 op=200 @parser.c:1786
[QTS:EMIT] pos=355 u32=0x0000215c (8540) @parser.c:1788
[QTS:EMIT] pos=359 op=34 @parser.c:1799
[QTS:EMIT] pos=360 u16=0x0001 (1) @parser.c:1772
[QTS:EMIT] pos=362 op=14 @parser.c:1799
[QTS:SCOPE] push: level=7 first_var=-1
[QTS:SCOPE] enter: idx=7 is_body=0
[QTS:EMIT] pos=363 op=182 @parser.c:1799
[QTS:EMIT] pos=364 u16=0x0007 (7) @parser.c:1772
[QTS:EMIT] pos=366 op=200 @parser.c:1786
[QTS:EMIT] pos=367 u32=0x000021a7 (8615) @parser.c:1788
[QTS:EMIT] pos=371 op=186 @parser.c:1799
[QTS:EMIT] pos=372 u32=0x00000216 (534) @parser.c:1777
[QTS:EMIT] pos=376 u16=0x0007 (7) @parser.c:1772
[QTS:EMIT] pos=378 op=108 @parser.c:1799
[QTS:EMIT] pos=379 u32=0x00000004 (4) @parser.c:1777
[QTS:SCOPE] push: level=8 first_var=-1
[QTS:SCOPE] enter: idx=8 is_body=0
[QTS:EMIT] pos=383 op=182 @parser.c:1799
[QTS:EMIT] pos=384 u16=0x0008 (8) @parser.c:1772
[QTS:EMIT] pos=386 op=200 @parser.c:1786
[QTS:EMIT] pos=387 u32=0x000021d4 (8660) @parser.c:1788
[QTS:EMIT] pos=391 op=186 @parser.c:1799
[QTS:EMIT] pos=392 u32=0x00000219 (537) @parser.c:1777
[QTS:EMIT] pos=396 u16=0x0008 (8) @parser.c:1772
[QTS:EMIT] pos=398 op=108 @parser.c:1799
[QTS:EMIT] pos=399 u32=0x00000005 (5) @parser.c:1777
[QTS:EMIT] pos=403 op=200 @parser.c:1786
[QTS:EMIT] pos=404 u32=0x000021dc (8668) @parser.c:1788
[QTS:EMIT] pos=408 op=186 @parser.c:1799
[QTS:EMIT] pos=409 u32=0x00000219 (537) @parser.c:1777
[QTS:EMIT] pos=413 u16=0x0008 (8) @parser.c:1772
[QTS:EMIT] pos=415 op=4 @parser.c:1799
[QTS:EMIT] pos=416 u32=0x0000025a (602) @parser.c:1777
[QTS:EMIT] pos=420 op=200 @parser.c:1786
[QTS:EMIT] pos=421 u32=0x000021e2 (8674) @parser.c:1788
[QTS:EMIT] pos=425 op=159 @parser.c:1799
[QTS:EMIT] pos=426 op=200 @parser.c:1786
[QTS:EMIT] pos=427 u32=0x000021eb (8683) @parser.c:1788
[QTS:EMIT] pos=431 op=186 @parser.c:1799
[QTS:EMIT] pos=432 u32=0x0000021b (539) @parser.c:1777
[QTS:EMIT] pos=436 u16=0x0008 (8) @parser.c:1772
[QTS:EMIT] pos=438 op=200 @parser.c:1786
[QTS:EMIT] pos=439 u32=0x000021e9 (8681) @parser.c:1788
[QTS:EMIT] pos=443 op=159 @parser.c:1799
[QTS:EMIT] pos=444 op=110 @parser.c:1799
[QTS:EMIT] pos=445 u32=0x00000006 (6) @parser.c:1777
[QTS:EMIT] pos=449 op=184 @parser.c:1799
[QTS:EMIT] pos=450 u32=0x00000005 (5) @parser.c:1777
[QTS:EMIT] pos=454 op=200 @parser.c:1786
[QTS:EMIT] pos=455 u32=0x000021f1 (8689) @parser.c:1788
[QTS:EMIT] pos=459 op=186 @parser.c:1799
[QTS:EMIT] pos=460 u32=0x0000021b (539) @parser.c:1777
[QTS:EMIT] pos=464 u16=0x0008 (8) @parser.c:1772
[QTS:EMIT] pos=466 op=184 @parser.c:1799
[QTS:EMIT] pos=467 u32=0x00000006 (6) @parser.c:1777
[QTS:EMIT] pos=471 op=187 @parser.c:1799
[QTS:EMIT] pos=472 atom=580 @parser.c:1807
[QTS:EMIT] pos=476 u16=0x0008 (8) @parser.c:1772
[QTS:EMIT] pos=478 op=200 @parser.c:1786
[QTS:EMIT] pos=479 u32=0x00002216 (8726) @parser.c:1788
[QTS:EMIT] pos=483 op=186 @parser.c:1799
[QTS:EMIT] pos=484 u32=0x00000244 (580) @parser.c:1777
[QTS:EMIT] pos=488 u16=0x0008 (8) @parser.c:1772
[QTS:EMIT] pos=490 op=200 @parser.c:1786
[QTS:EMIT] pos=491 u32=0x00002219 (8729) @parser.c:1788
[QTS:EMIT] pos=495 op=66 @parser.c:1799
[QTS:EMIT] pos=496 atom=48 @parser.c:1807
[QTS:EMIT] pos=500 op=200 @parser.c:1786
[QTS:EMIT] pos=501 u32=0x00002223 (8739) @parser.c:1788
[QTS:EMIT] pos=505 op=186 @parser.c:1799
[QTS:EMIT] pos=506 u32=0x0000021b (539) @parser.c:1777
[QTS:EMIT] pos=510 u16=0x0008 (8) @parser.c:1772
[QTS:EMIT] pos=512 op=200 @parser.c:1786
[QTS:EMIT] pos=513 u32=0x00002226 (8742) @parser.c:1788
[QTS:EMIT] pos=517 op=66 @parser.c:1799
[QTS:EMIT] pos=518 atom=48 @parser.c:1807
[QTS:EMIT] pos=522 op=200 @parser.c:1786
[QTS:EMIT] pos=523 u32=0x00002221 (8737) @parser.c:1788
[QTS:EMIT] pos=527 op=160 @parser.c:1799
[QTS:EMIT] pos=528 op=187 @parser.c:1799
[QTS:EMIT] pos=529 atom=591 @parser.c:1807
[QTS:EMIT] pos=533 u16=0x0008 (8) @parser.c:1772
[QTS:EMIT] pos=535 op=200 @parser.c:1786
[QTS:EMIT] pos=536 u32=0x00002254 (8788) @parser.c:1788
[QTS:EMIT] pos=540 op=186 @parser.c:1799
[QTS:EMIT] pos=541 u32=0x00000261 (609) @parser.c:1777
[QTS:EMIT] pos=545 u16=0x0008 (8) @parser.c:1772
[QTS:EMIT] pos=547 op=200 @parser.c:1786
[QTS:EMIT] pos=548 u32=0x00002260 (8800) @parser.c:1788
[QTS:EMIT] pos=552 op=186 @parser.c:1799
[QTS:EMIT] pos=553 u32=0x00000244 (580) @parser.c:1777
[QTS:EMIT] pos=557 u16=0x0008 (8) @parser.c:1772
[QTS:EMIT] pos=559 op=200 @parser.c:1786
[QTS:EMIT] pos=560 u32=0x0000225f (8799) @parser.c:1788
[QTS:EMIT] pos=564 op=34 @parser.c:1799
[QTS:EMIT] pos=565 u16=0x0001 (1) @parser.c:1772
[QTS:EMIT] pos=567 op=187 @parser.c:1799
[QTS:EMIT] pos=568 atom=608 @parser.c:1807
[QTS:EMIT] pos=572 u16=0x0008 (8) @parser.c:1772
[QTS:EMIT] pos=574 op=200 @parser.c:1786
[QTS:EMIT] pos=575 u32=0x0000227a (8826) @parser.c:1788
[QTS:EMIT] pos=579 op=186 @parser.c:1799
[QTS:EMIT] pos=580 u32=0x0000024e (590) @parser.c:1777
[QTS:EMIT] pos=584 u16=0x0008 (8) @parser.c:1772
[QTS:EMIT] pos=586 op=200 @parser.c:1786
[QTS:EMIT] pos=587 u32=0x0000228b (8843) @parser.c:1788
[QTS:EMIT] pos=591 op=186 @parser.c:1799
[QTS:EMIT] pos=592 u32=0x00000244 (580) @parser.c:1777
[QTS:EMIT] pos=596 u16=0x0008 (8) @parser.c:1772
[QTS:EMIT] pos=598 op=200 @parser.c:1786
[QTS:EMIT] pos=599 u32=0x00002290 (8848) @parser.c:1788
[QTS:EMIT] pos=603 op=186 @parser.c:1799
[QTS:EMIT] pos=604 u32=0x0000024f (591) @parser.c:1777
[QTS:EMIT] pos=608 u16=0x0008 (8) @parser.c:1772
[QTS:EMIT] pos=610 op=200 @parser.c:1786
[QTS:EMIT] pos=611 u32=0x00002297 (8855) @parser.c:1788
[QTS:EMIT] pos=615 op=186 @parser.c:1799
[QTS:EMIT] pos=616 u32=0x00000260 (608) @parser.c:1777
[QTS:EMIT] pos=620 u16=0x0008 (8) @parser.c:1772
[QTS:EMIT] pos=622 op=1 @parser.c:1799
[QTS:EMIT] pos=623 u32=0x00000002 (2) @parser.c:1777
[QTS:EMIT] pos=627 op=200 @parser.c:1786
[QTS:EMIT] pos=628 u32=0x000022a1 (8865) @parser.c:1788
[QTS:EMIT] pos=632 op=72 @parser.c:1799
[QTS:EMIT] pos=633 op=200 @parser.c:1786
[QTS:EMIT] pos=634 u32=0x0000228a (8842) @parser.c:1788
[QTS:EMIT] pos=638 op=34 @parser.c:1799
[QTS:EMIT] pos=639 u16=0x0003 (3) @parser.c:1772
[QTS:EMIT] pos=641 op=14 @parser.c:1799
[QTS:SCOPE] leave: idx=8
[QTS:SCOPE] pop: level=8
[QTS:EMIT] pos=642 op=183 @parser.c:1799
[QTS:EMIT] pos=643 u16=0x0008 (8) @parser.c:1772
[QTS:EMIT] pos=645 op=110 @parser.c:1799
[QTS:EMIT] pos=646 u32=0x00000007 (7) @parser.c:1777
[QTS:EMIT] pos=650 op=184 @parser.c:1799
[QTS:EMIT] pos=651 u32=0x00000004 (4) @parser.c:1777
[QTS:SCOPE] push: level=9 first_var=-1
[QTS:SCOPE] enter: idx=9 is_body=0
[QTS:EMIT] pos=655 op=182 @parser.c:1799
[QTS:EMIT] pos=656 u16=0x0009 (9) @parser.c:1772
[QTS:EMIT] pos=658 op=200 @parser.c:1786
[QTS:EMIT] pos=659 u32=0x000022e4 (8932) @parser.c:1788
[QTS:EMIT] pos=663 op=186 @parser.c:1799
[QTS:EMIT] pos=664 u32=0x000001d8 (472) @parser.c:1777
[QTS:EMIT] pos=668 u16=0x0009 (9) @parser.c:1772
[QTS:EMIT] pos=670 op=200 @parser.c:1786
[QTS:EMIT] pos=671 u32=0x000022e7 (8935) @parser.c:1788
[QTS:EMIT] pos=675 op=66 @parser.c:1799
[QTS:EMIT] pos=676 atom=595 @parser.c:1807
[QTS:EMIT] pos=680 op=200 @parser.c:1786
[QTS:EMIT] pos=681 u32=0x000022ed (8941) @parser.c:1788
[QTS:EMIT] pos=685 op=186 @parser.c:1799
[QTS:EMIT] pos=686 u32=0x0000021b (539) @parser.c:1777
[QTS:EMIT] pos=690 u16=0x0009 (9) @parser.c:1772
[QTS:EMIT] pos=692 op=200 @parser.c:1786
[QTS:EMIT] pos=693 u32=0x000022ec (8940) @parser.c:1788
[QTS:EMIT] pos=697 op=36 @parser.c:1799
[QTS:EMIT] pos=698 u16=0x0001 (1) @parser.c:1772
[QTS:EMIT] pos=700 op=14 @parser.c:1799
[QTS:SCOPE] leave: idx=9
[QTS:SCOPE] pop: level=9
[QTS:EMIT] pos=701 op=183 @parser.c:1799
[QTS:EMIT] pos=702 u16=0x0009 (9) @parser.c:1772
[QTS:EMIT] pos=704 op=184 @parser.c:1799
[QTS:EMIT] pos=705 u32=0x00000007 (7) @parser.c:1777
[QTS:SCOPE] leave: idx=7
[QTS:SCOPE] pop: level=7
[QTS:EMIT] pos=709 op=183 @parser.c:1799
[QTS:EMIT] pos=710 u16=0x0007 (7) @parser.c:1772
[QTS:SCOPE] leave: idx=6
[QTS:SCOPE] pop: level=6
[QTS:EMIT] pos=712 op=183 @parser.c:1799
[QTS:EMIT] pos=713 u16=0x0006 (6) @parser.c:1772
[QTS:EMIT] pos=715 op=184 @parser.c:1799
[QTS:EMIT] pos=716 u32=0x00000003 (3) @parser.c:1777
[QTS:SCOPE] leave: idx=4
[QTS:SCOPE] pop: level=4
[QTS:EMIT] pos=720 op=183 @parser.c:1799
[QTS:EMIT] pos=721 u16=0x0004 (4) @parser.c:1772
[QTS:EMIT] pos=723 op=200 @parser.c:1786
[QTS:EMIT] pos=724 u32=0x0000231f (8991) @parser.c:1788
[QTS:EMIT] pos=728 op=186 @parser.c:1799
[QTS:EMIT] pos=729 u32=0x00000228 (552) @parser.c:1777
[QTS:EMIT] pos=733 u16=0x0003 (3) @parser.c:1772
[QTS:EMIT] pos=728 op=189 @parser.c:1799
[QTS:EMIT] pos=729 atom=552 @parser.c:1807
[QTS:EMIT] pos=733 u32=0x00000008 (8) @parser.c:1777
[QTS:EMIT] pos=737 u16=0x0003 (3) @parser.c:1772
[QTS:ASSIGN] lvalue: opcode=61 scope=3 atom=552 label=8
[QTS:EMIT] pos=739 op=200 @parser.c:1786
[QTS:EMIT] pos=740 u32=0x00002330 (9008) @parser.c:1788
[QTS:EMIT] pos=744 op=186 @parser.c:1799
[QTS:EMIT] pos=745 u32=0x00000228 (552) @parser.c:1777
[QTS:EMIT] pos=749 u16=0x0003 (3) @parser.c:1772
[QTS:EMIT] pos=751 op=200 @parser.c:1786
[QTS:EMIT] pos=752 u32=0x00002340 (9024) @parser.c:1788
[QTS:EMIT] pos=756 op=186 @parser.c:1799
[QTS:EMIT] pos=757 u32=0x00000243 (579) @parser.c:1777
[QTS:EMIT] pos=761 u16=0x0003 (3) @parser.c:1772
[QTS:EMIT] pos=763 op=200 @parser.c:1786
[QTS:EMIT] pos=764 u32=0x0000234b (9035) @parser.c:1788
[QTS:EMIT] pos=768 op=186 @parser.c:1799
[QTS:EMIT] pos=769 u32=0x0000021b (539) @parser.c:1777
[QTS:EMIT] pos=773 u16=0x0003 (3) @parser.c:1772
[QTS:EMIT] pos=775 op=200 @parser.c:1786
[QTS:EMIT] pos=776 u32=0x0000234a (9034) @parser.c:1788
[QTS:EMIT] pos=780 op=34 @parser.c:1799
[QTS:EMIT] pos=781 u16=0x0001 (1) @parser.c:1772
[QTS:EMIT] pos=783 op=200 @parser.c:1786
[QTS:EMIT] pos=784 u32=0x0000233e (9022) @parser.c:1788
[QTS:EMIT] pos=788 op=159 @parser.c:1799
[QTS:EMIT] pos=789 op=200 @parser.c:1786
[QTS:EMIT] pos=790 u32=0x00002353 (9043) @parser.c:1788
[QTS:EMIT] pos=794 op=186 @parser.c:1799
[QTS:EMIT] pos=795 u32=0x00000227 (551) @parser.c:1777
[QTS:EMIT] pos=799 u16=0x0003 (3) @parser.c:1772
[QTS:EMIT] pos=801 op=200 @parser.c:1786
[QTS:EMIT] pos=802 u32=0x00002351 (9041) @parser.c:1788
[QTS:EMIT] pos=806 op=158 @parser.c:1799
[QTS:EMIT] pos=807 op=184 @parser.c:1799
[QTS:EMIT] pos=808 u32=0x00000008 (8) @parser.c:1777
[QTS:EMIT] pos=812 op=22 @parser.c:1799
[QTS:EMIT] pos=813 op=62 @parser.c:1799
[QTS:EMIT] pos=814 op=14 @parser.c:1799
[QTS:SCOPE] push: level=10 first_var=-1
[QTS:SCOPE] enter: idx=10 is_body=0
[QTS:EMIT] pos=815 op=182 @parser.c:1799
[QTS:EMIT] pos=816 u16=0x000a (10) @parser.c:1772
[QTS:EMIT] pos=818 op=200 @parser.c:1786
[QTS:EMIT] pos=819 u32=0x0000236f (9071) @parser.c:1788
[QTS:EMIT] pos=823 op=186 @parser.c:1799
[QTS:EMIT] pos=824 u32=0x00000228 (552) @parser.c:1777
[QTS:EMIT] pos=828 u16=0x000a (10) @parser.c:1772
[QTS:EMIT] pos=830 op=1 @parser.c:1799
[QTS:EMIT] pos=831 u32=0x00000000 (0) @parser.c:1777
[QTS:EMIT] pos=835 op=200 @parser.c:1786
[QTS:EMIT] pos=836 u32=0x0000237d (9085) @parser.c:1788
[QTS:EMIT] pos=840 op=171 @parser.c:1799
[QTS:EMIT] pos=841 op=108 @parser.c:1799
[QTS:EMIT] pos=842 u32=0x00000009 (9) @parser.c:1777
[QTS:SCOPE] push: level=11 first_var=-1
[QTS:SCOPE] enter: idx=11 is_body=0
[QTS:EMIT] pos=846 op=182 @parser.c:1799
[QTS:EMIT] pos=847 u16=0x000b (11) @parser.c:1772
[QTS:EMIT] pos=849 op=200 @parser.c:1786
[QTS:EMIT] pos=850 u32=0x000023cc (9164) @parser.c:1788
[QTS:EMIT] pos=854 op=186 @parser.c:1799
[QTS:EMIT] pos=855 u32=0x000001d8 (472) @parser.c:1777
[QTS:EMIT] pos=859 u16=0x000b (11) @parser.c:1772
[QTS:EMIT] pos=861 op=200 @parser.c:1786
[QTS:EMIT] pos=862 u32=0x000023cf (9167) @parser.c:1788
[QTS:EMIT] pos=866 op=66 @parser.c:1799
[QTS:EMIT] pos=867 atom=595 @parser.c:1807
[QTS:EMIT] pos=871 op=4 @parser.c:1799
[QTS:EMIT] pos=872 u32=0x00000262 (610) @parser.c:1777
[QTS:EMIT] pos=876 op=200 @parser.c:1786
[QTS:EMIT] pos=877 u32=0x000023d4 (9172) @parser.c:1788
[QTS:EMIT] pos=881 op=36 @parser.c:1799
[QTS:EMIT] pos=882 u16=0x0001 (1) @parser.c:1772
[QTS:EMIT] pos=884 op=14 @parser.c:1799
[QTS:SCOPE] leave: idx=11
[QTS:SCOPE] pop: level=11
[QTS:EMIT] pos=885 op=183 @parser.c:1799
[QTS:EMIT] pos=886 u16=0x000b (11) @parser.c:1772
[QTS:EMIT] pos=888 op=184 @parser.c:1799
[QTS:EMIT] pos=889 u32=0x00000009 (9) @parser.c:1777
[QTS:SCOPE] leave: idx=10
[QTS:SCOPE] pop: level=10
[QTS:EMIT] pos=893 op=183 @parser.c:1799
[QTS:EMIT] pos=894 u16=0x000a (10) @parser.c:1772
[QTS:EMIT] pos=896 op=200 @parser.c:1786
[QTS:EMIT] pos=897 u32=0x0000242a (9258) @parser.c:1788
[QTS:EMIT] pos=901 op=186 @parser.c:1799
[QTS:EMIT] pos=902 u32=0x000001d8 (472) @parser.c:1777
[QTS:EMIT] pos=906 u16=0x0003 (3) @parser.c:1772
[QTS:EMIT] pos=908 op=200 @parser.c:1786
[QTS:EMIT] pos=909 u32=0x0000242d (9261) @parser.c:1788
[QTS:EMIT] pos=913 op=66 @parser.c:1799
[QTS:EMIT] pos=914 atom=595 @parser.c:1807
[QTS:EMIT] pos=918 op=4 @parser.c:1799
[QTS:EMIT] pos=919 u32=0x00000263 (611) @parser.c:1777
[QTS:EMIT] pos=923 op=200 @parser.c:1786
[QTS:EMIT] pos=924 u32=0x00002432 (9266) @parser.c:1788
[QTS:EMIT] pos=928 op=36 @parser.c:1799
[QTS:EMIT] pos=929 u16=0x0001 (1) @parser.c:1772
[QTS:EMIT] pos=931 op=14 @parser.c:1799
[QTS:EMIT] pos=932 op=200 @parser.c:1786
[QTS:EMIT] pos=933 u32=0x0000244a (9290) @parser.c:1788
[QTS:EMIT] pos=937 op=186 @parser.c:1799
[QTS:EMIT] pos=938 u32=0x0000021d (541) @parser.c:1777
[QTS:EMIT] pos=942 u16=0x0003 (3) @parser.c:1772
[QTS:EMIT] pos=937 op=189 @parser.c:1799
[QTS:EMIT] pos=938 atom=541 @parser.c:1807
[QTS:EMIT] pos=942 u32=0x0000000a (10) @parser.c:1777
[QTS:EMIT] pos=946 u16=0x0003 (3) @parser.c:1772
[QTS:ASSIGN] lvalue: opcode=61 scope=3 atom=541 label=10
[QTS:EMIT] pos=948 op=200 @parser.c:1786
[QTS:EMIT] pos=949 u32=0x00002455 (9301) @parser.c:1788
[QTS:EMIT] pos=953 op=186 @parser.c:1799
[QTS:EMIT] pos=954 u32=0x0000021b (539) @parser.c:1777
[QTS:EMIT] pos=958 u16=0x0003 (3) @parser.c:1772
[QTS:EMIT] pos=960 op=184 @parser.c:1799
[QTS:EMIT] pos=961 u32=0x0000000a (10) @parser.c:1777
[QTS:EMIT] pos=965 op=22 @parser.c:1799
[QTS:EMIT] pos=966 op=62 @parser.c:1799
[QTS:EMIT] pos=967 op=14 @parser.c:1799
[QTS:EMIT] pos=968 op=200 @parser.c:1786
[QTS:EMIT] pos=969 u32=0x00002466 (9318) @parser.c:1788
[QTS:EMIT] pos=973 op=186 @parser.c:1799
[QTS:EMIT] pos=974 u32=0x0000021e (542) @parser.c:1777
[QTS:EMIT] pos=978 u16=0x0003 (3) @parser.c:1772
[QTS:EMIT] pos=973 op=189 @parser.c:1799
[QTS:EMIT] pos=974 atom=542 @parser.c:1807
[QTS:EMIT] pos=978 u32=0x0000000b (11) @parser.c:1777
[QTS:EMIT] pos=982 u16=0x0003 (3) @parser.c:1772
[QTS:ASSIGN] lvalue: opcode=61 scope=3 atom=542 label=11
[QTS:EMIT] pos=984 op=200 @parser.c:1786
[QTS:EMIT] pos=985 u32=0x00002478 (9336) @parser.c:1788
[QTS:EMIT] pos=989 op=186 @parser.c:1799
[QTS:EMIT] pos=990 u32=0x0000021b (539) @parser.c:1777
[QTS:EMIT] pos=994 u16=0x0003 (3) @parser.c:1772
[QTS:EMIT] pos=996 op=200 @parser.c:1786
[QTS:EMIT] pos=997 u32=0x0000247b (9339) @parser.c:1788
[QTS:EMIT] pos=1001 op=66 @parser.c:1799
[QTS:EMIT] pos=1002 atom=48 @parser.c:1807
[QTS:EMIT] pos=1006 op=184 @parser.c:1799
[QTS:EMIT] pos=1007 u32=0x0000000b (11) @parser.c:1777
[QTS:EMIT] pos=1011 op=22 @parser.c:1799
[QTS:EMIT] pos=1012 op=62 @parser.c:1799
[QTS:EMIT] pos=1013 op=14 @parser.c:1799
[QTS:SCOPE] leave: idx=3
[QTS:SCOPE] pop: level=3
[QTS:EMIT] pos=1014 op=183 @parser.c:1799
[QTS:EMIT] pos=1015 u16=0x0003 (3) @parser.c:1772
[QTS:EMIT] pos=1017 op=184 @parser.c:1799
[QTS:EMIT] pos=1018 u32=0x00000000 (0) @parser.c:1777
[QTS:SCOPE] leave: idx=2
[QTS:SCOPE] pop: level=2
[QTS:EMIT] pos=1022 op=183 @parser.c:1799
[QTS:EMIT] pos=1023 u16=0x0002 (2) @parser.c:1772
[QTS:SCOPE] push: level=12 first_var=-1
[QTS:SCOPE] enter: idx=12 is_body=0
[QTS:EMIT] pos=1025 op=182 @parser.c:1799
[QTS:EMIT] pos=1026 u16=0x000c (12) @parser.c:1772
[QTS:EMIT] pos=1028 op=200 @parser.c:1786
[QTS:EMIT] pos=1029 u32=0x0000249a (9370) @parser.c:1788
[QTS:EMIT] pos=1033 op=186 @parser.c:1799
[QTS:EMIT] pos=1034 u32=0x0000021c (540) @parser.c:1777
[QTS:EMIT] pos=1038 u16=0x000c (12) @parser.c:1772
[QTS:EMIT] pos=1040 op=200 @parser.c:1786
[QTS:EMIT] pos=1041 u32=0x000024a7 (9383) @parser.c:1788
[QTS:EMIT] pos=1045 op=186 @parser.c:1799
[QTS:EMIT] pos=1046 u32=0x0000021e (542) @parser.c:1777
[QTS:EMIT] pos=1050 u16=0x000c (12) @parser.c:1772
[QTS:EMIT] pos=1052 op=200 @parser.c:1786
[QTS:EMIT] pos=1053 u32=0x000024a5 (9381) @parser.c:1788
[QTS:EMIT] pos=1057 op=167 @parser.c:1799
[QTS:EMIT] pos=1058 op=108 @parser.c:1799
[QTS:EMIT] pos=1059 u32=0x0000000c (12) @parser.c:1777
[QTS:SCOPE] push: level=13 first_var=-1
[QTS:SCOPE] enter: idx=13 is_body=0
[QTS:EMIT] pos=1063 op=182 @parser.c:1799
[QTS:EMIT] pos=1064 u16=0x000d (13) @parser.c:1772
[QTS:EMIT] pos=1066 op=200 @parser.c:1786
[QTS:EMIT] pos=1067 u32=0x000024c6 (9414) @parser.c:1788
[QTS:EMIT] pos=1071 op=186 @parser.c:1799
[QTS:EMIT] pos=1072 u32=0x00000258 (600) @parser.c:1777
[QTS:EMIT] pos=1076 u16=0x000d (13) @parser.c:1772
[QTS:EMIT] pos=1078 op=200 @parser.c:1786
[QTS:EMIT] pos=1079 u32=0x000024d2 (9426) @parser.c:1788
[QTS:EMIT] pos=1083 op=186 @parser.c:1799
[QTS:EMIT] pos=1084 u32=0x00000243 (579) @parser.c:1777
[QTS:EMIT] pos=1088 u16=0x000d (13) @parser.c:1772
[QTS:EMIT] pos=1090 op=200 @parser.c:1786
[QTS:EMIT] pos=1091 u32=0x000024dd (9437) @parser.c:1788
[QTS:EMIT] pos=1095 op=186 @parser.c:1799
[QTS:EMIT] pos=1096 u32=0x0000021b (539) @parser.c:1777
[QTS:EMIT] pos=1100 u16=0x000d (13) @parser.c:1772
[QTS:EMIT] pos=1102 op=200 @parser.c:1786
[QTS:EMIT] pos=1103 u32=0x000024e0 (9440) @parser.c:1788
[QTS:EMIT] pos=1107 op=66 @parser.c:1799
[QTS:EMIT] pos=1108 atom=326 @parser.c:1807
[QTS:EMIT] pos=1112 op=200 @parser.c:1786
[QTS:EMIT] pos=1113 u32=0x000024eb (9451) @parser.c:1788
[QTS:EMIT] pos=1117 op=186 @parser.c:1799
[QTS:EMIT] pos=1118 u32=0x0000021e (542) @parser.c:1777
[QTS:EMIT] pos=1122 u16=0x000d (13) @parser.c:1772
[QTS:EMIT] pos=1124 op=200 @parser.c:1786
[QTS:EMIT] pos=1125 u32=0x000024fc (9468) @parser.c:1788
[QTS:EMIT] pos=1129 op=186 @parser.c:1799
[QTS:EMIT] pos=1130 u32=0x0000021c (540) @parser.c:1777
[QTS:EMIT] pos=1134 u16=0x000d (13) @parser.c:1772
[QTS:EMIT] pos=1136 op=200 @parser.c:1786
[QTS:EMIT] pos=1137 u32=0x000024ea (9450) @parser.c:1788
[QTS:EMIT] pos=1141 op=36 @parser.c:1799
[QTS:EMIT] pos=1142 u16=0x0002 (2) @parser.c:1772
[QTS:EMIT] pos=1144 op=200 @parser.c:1786
[QTS:EMIT] pos=1145 u32=0x000024dc (9436) @parser.c:1788
[QTS:EMIT] pos=1149 op=34 @parser.c:1799
[QTS:EMIT] pos=1150 u16=0x0001 (1) @parser.c:1772
[QTS:EMIT] pos=1152 op=200 @parser.c:1786
[QTS:EMIT] pos=1153 u32=0x000024d1 (9425) @parser.c:1788
[QTS:EMIT] pos=1157 op=34 @parser.c:1799
[QTS:EMIT] pos=1158 u16=0x0001 (1) @parser.c:1772
[QTS:EMIT] pos=1160 op=14 @parser.c:1799
[QTS:SCOPE] leave: idx=13
[QTS:SCOPE] pop: level=13
[QTS:EMIT] pos=1161 op=183 @parser.c:1799
[QTS:EMIT] pos=1162 u16=0x000d (13) @parser.c:1772
[QTS:EMIT] pos=1164 op=110 @parser.c:1799
[QTS:EMIT] pos=1165 u32=0x0000000d (13) @parser.c:1777
[QTS:EMIT] pos=1169 op=184 @parser.c:1799
[QTS:EMIT] pos=1170 u32=0x0000000c (12) @parser.c:1777
[QTS:SCOPE] push: level=14 first_var=-1
[QTS:SCOPE] enter: idx=14 is_body=0
[QTS:EMIT] pos=1174 op=182 @parser.c:1799
[QTS:EMIT] pos=1175 u16=0x000e (14) @parser.c:1772
[QTS:EMIT] pos=1177 op=200 @parser.c:1786
[QTS:EMIT] pos=1178 u32=0x00002526 (9510) @parser.c:1788
[QTS:EMIT] pos=1182 op=186 @parser.c:1799
[QTS:EMIT] pos=1183 u32=0x0000021c (540) @parser.c:1777
[QTS:EMIT] pos=1187 u16=0x000e (14) @parser.c:1772
[QTS:EMIT] pos=1189 op=200 @parser.c:1786
[QTS:EMIT] pos=1190 u32=0x00002533 (9523) @parser.c:1788
[QTS:EMIT] pos=1194 op=186 @parser.c:1799
[QTS:EMIT] pos=1195 u32=0x0000021e (542) @parser.c:1777
[QTS:EMIT] pos=1199 u16=0x000e (14) @parser.c:1772
[QTS:EMIT] pos=1201 op=200 @parser.c:1786
[QTS:EMIT] pos=1202 u32=0x00002531 (9521) @parser.c:1788
[QTS:EMIT] pos=1206 op=165 @parser.c:1799
[QTS:EMIT] pos=1207 op=108 @parser.c:1799
[QTS:EMIT] pos=1208 u32=0x0000000e (14) @parser.c:1777
[QTS:SCOPE] push: level=15 first_var=-1
[QTS:SCOPE] enter: idx=15 is_body=0
[QTS:EMIT] pos=1212 op=182 @parser.c:1799
[QTS:EMIT] pos=1213 u16=0x000f (15) @parser.c:1772
[QTS:EMIT] pos=1215 op=200 @parser.c:1786
[QTS:EMIT] pos=1216 u32=0x00002552 (9554) @parser.c:1788
[QTS:EMIT] pos=1220 op=186 @parser.c:1799
[QTS:EMIT] pos=1221 u32=0x00000258 (600) @parser.c:1777
[QTS:EMIT] pos=1225 u16=0x000f (15) @parser.c:1772
[QTS:EMIT] pos=1227 op=200 @parser.c:1786
[QTS:EMIT] pos=1228 u32=0x0000255f (9567) @parser.c:1788
[QTS:EMIT] pos=1232 op=186 @parser.c:1799
[QTS:EMIT] pos=1233 u32=0x00000243 (579) @parser.c:1777
[QTS:EMIT] pos=1237 u16=0x000f (15) @parser.c:1772
[QTS:EMIT] pos=1239 op=200 @parser.c:1786
[QTS:EMIT] pos=1240 u32=0x0000256a (9578) @parser.c:1788
[QTS:EMIT] pos=1244 op=186 @parser.c:1799
[QTS:EMIT] pos=1245 u32=0x0000021b (539) @parser.c:1777
[QTS:EMIT] pos=1249 u16=0x000f (15) @parser.c:1772
[QTS:EMIT] pos=1251 op=200 @parser.c:1786
[QTS:EMIT] pos=1252 u32=0x0000256d (9581) @parser.c:1788
[QTS:EMIT] pos=1256 op=66 @parser.c:1799
[QTS:EMIT] pos=1257 atom=326 @parser.c:1807
[QTS:EMIT] pos=1261 op=200 @parser.c:1786
[QTS:EMIT] pos=1262 u32=0x00002578 (9592) @parser.c:1788
[QTS:EMIT] pos=1266 op=186 @parser.c:1799
[QTS:EMIT] pos=1267 u32=0x0000021c (540) @parser.c:1777
[QTS:EMIT] pos=1271 u16=0x000f (15) @parser.c:1772
[QTS:EMIT] pos=1273 op=200 @parser.c:1786
[QTS:EMIT] pos=1274 u32=0x00002584 (9604) @parser.c:1788
[QTS:EMIT] pos=1278 op=186 @parser.c:1799
[QTS:EMIT] pos=1279 u32=0x0000021e (542) @parser.c:1777
[QTS:EMIT] pos=1283 u16=0x000f (15) @parser.c:1772
[QTS:EMIT] pos=1285 op=200 @parser.c:1786
[QTS:EMIT] pos=1286 u32=0x00002577 (9591) @parser.c:1788
[QTS:EMIT] pos=1290 op=36 @parser.c:1799
[QTS:EMIT] pos=1291 u16=0x0002 (2) @parser.c:1772
[QTS:EMIT] pos=1293 op=200 @parser.c:1786
[QTS:EMIT] pos=1294 u32=0x00002569 (9577) @parser.c:1788
[QTS:EMIT] pos=1298 op=34 @parser.c:1799
[QTS:EMIT] pos=1299 u16=0x0001 (1) @parser.c:1772
[QTS:EMIT] pos=1301 op=200 @parser.c:1786
[QTS:EMIT] pos=1302 u32=0x0000255e (9566) @parser.c:1788
[QTS:EMIT] pos=1306 op=142 @parser.c:1799
[QTS:EMIT] pos=1307 op=200 @parser.c:1786
[QTS:EMIT] pos=1308 u32=0x0000255d (9565) @parser.c:1788
[QTS:EMIT] pos=1312 op=34 @parser.c:1799
[QTS:EMIT] pos=1313 u16=0x0001 (1) @parser.c:1772
[QTS:EMIT] pos=1315 op=14 @parser.c:1799
[QTS:SCOPE] leave: idx=15
[QTS:SCOPE] pop: level=15
[QTS:EMIT] pos=1316 op=183 @parser.c:1799
[QTS:EMIT] pos=1317 u16=0x000f (15) @parser.c:1772
[QTS:EMIT] pos=1319 op=184 @parser.c:1799
[QTS:EMIT] pos=1320 u32=0x0000000e (14) @parser.c:1777
[QTS:SCOPE] leave: idx=14
[QTS:SCOPE] pop: level=14
[QTS:EMIT] pos=1324 op=183 @parser.c:1799
[QTS:EMIT] pos=1325 u16=0x000e (14) @parser.c:1772
[QTS:EMIT] pos=1327 op=184 @parser.c:1799
[QTS:EMIT] pos=1328 u32=0x0000000d (13) @parser.c:1777
[QTS:SCOPE] leave: idx=12
[QTS:SCOPE] pop: level=12
[QTS:EMIT] pos=1332 op=183 @parser.c:1799
[QTS:EMIT] pos=1333 u16=0x000c (12) @parser.c:1772
[QTS:EMIT] pos=1335 op=200 @parser.c:1786
[QTS:EMIT] pos=1336 u32=0x000025aa (9642) @parser.c:1788
[QTS:EMIT] pos=1340 op=186 @parser.c:1799
[QTS:EMIT] pos=1341 u32=0x0000021e (542) @parser.c:1777
[QTS:EMIT] pos=1345 u16=0x0001 (1) @parser.c:1772
[QTS:EMIT] pos=1340 op=189 @parser.c:1799
[QTS:EMIT] pos=1341 atom=542 @parser.c:1807
[QTS:EMIT] pos=1345 u32=0x0000000f (15) @parser.c:1777
[QTS:EMIT] pos=1349 u16=0x0001 (1) @parser.c:1772
[QTS:ASSIGN] lvalue: opcode=61 scope=1 atom=542 label=15
[QTS:EMIT] pos=1351 op=200 @parser.c:1786
[QTS:EMIT] pos=1352 u32=0x000025bc (9660) @parser.c:1788
[QTS:EMIT] pos=1356 op=186 @parser.c:1799
[QTS:EMIT] pos=1357 u32=0x0000021c (540) @parser.c:1777
[QTS:EMIT] pos=1361 u16=0x0001 (1) @parser.c:1772
[QTS:EMIT] pos=1363 op=184 @parser.c:1799
[QTS:EMIT] pos=1364 u32=0x0000000f (15) @parser.c:1777
[QTS:EMIT] pos=1368 op=22 @parser.c:1799
[QTS:EMIT] pos=1369 op=62 @parser.c:1799
[QTS:EMIT] pos=1370 op=14 @parser.c:1799
[QTS:EMIT] pos=1371 op=200 @parser.c:1786
[QTS:EMIT] pos=1372 u32=0x000025d0 (9680) @parser.c:1788
[QTS:EMIT] pos=1376 op=186 @parser.c:1799
[QTS:EMIT] pos=1377 u32=0x000001d8 (472) @parser.c:1777
[QTS:EMIT] pos=1381 u16=0x0001 (1) @parser.c:1772
[QTS:EMIT] pos=1383 op=200 @parser.c:1786
[QTS:EMIT] pos=1384 u32=0x000025d3 (9683) @parser.c:1788
[QTS:EMIT] pos=1388 op=66 @parser.c:1799
[QTS:EMIT] pos=1389 atom=612 @parser.c:1807
[QTS:EMIT] pos=1393 op=200 @parser.c:1786
[QTS:EMIT] pos=1394 u32=0x000025d7 (9687) @parser.c:1788
[QTS:EMIT] pos=1398 op=66 @parser.c:1799
[QTS:EMIT] pos=1399 atom=613 @parser.c:1807
[QTS:EMIT] pos=1403 op=200 @parser.c:1786
[QTS:EMIT] pos=1404 u32=0x000025dd (9693) @parser.c:1788
[QTS:EMIT] pos=1408 op=36 @parser.c:1799
[QTS:EMIT] pos=1409 u16=0x0000 (0) @parser.c:1772
[QTS:EMIT] pos=1411 op=14 @parser.c:1799
[QTS:EMIT] pos=1412 op=41 @parser.c:1799
[QTS:SCOPE] push: level=1 first_var=-1
[QTS:SCOPE] enter: idx=1 is_body=0
[QTS:EMIT] pos=0 op=182 @parser.c:1799
[QTS:EMIT] pos=1 u16=0x0001 (1) @parser.c:1772
[QTS:SCOPE] push: level=2 first_var=-1
[QTS:SCOPE] enter: idx=2 is_body=0
[QTS:EMIT] pos=3 op=182 @parser.c:1799
[QTS:EMIT] pos=4 u16=0x0002 (2) @parser.c:1772
[QTS:EMIT] pos=6 op=200 @parser.c:1786
[QTS:EMIT] pos=7 u32=0x00002629 (9769) @parser.c:1788
[QTS:EMIT] pos=11 op=186 @parser.c:1799
[QTS:EMIT] pos=12 u32=0x00000244 (580) @parser.c:1777
[QTS:EMIT] pos=16 u16=0x0002 (2) @parser.c:1772
[QTS:EMIT] pos=18 op=108 @parser.c:1799
[QTS:EMIT] pos=19 u32=0x00000000 (0) @parser.c:1777
[QTS:SCOPE] push: level=3 first_var=-1
[QTS:SCOPE] enter: idx=3 is_body=0
[QTS:EMIT] pos=23 op=182 @parser.c:1799
[QTS:EMIT] pos=24 u16=0x0003 (3) @parser.c:1772
[QTS:EMIT] pos=26 op=200 @parser.c:1786
[QTS:EMIT] pos=27 u32=0x0000263c (9788) @parser.c:1788
[QTS:EMIT] pos=31 op=186 @parser.c:1799
[QTS:EMIT] pos=32 u32=0x0000021b (539) @parser.c:1777
[QTS:EMIT] pos=36 u16=0x0003 (3) @parser.c:1772
[QTS:EMIT] pos=31 op=189 @parser.c:1799
[QTS:EMIT] pos=32 atom=539 @parser.c:1807
[QTS:EMIT] pos=36 u32=0x00000001 (1) @parser.c:1777
[QTS:EMIT] pos=40 u16=0x0003 (3) @parser.c:1772
[QTS:ASSIGN] lvalue: opcode=61 scope=3 atom=539 label=1
[QTS:EMIT] pos=42 op=200 @parser.c:1786
[QTS:EMIT] pos=43 u32=0x00002642 (9794) @parser.c:1788
[QTS:EMIT] pos=47 op=186 @parser.c:1799
[QTS:EMIT] pos=48 u32=0x0000021b (539) @parser.c:1777
[QTS:EMIT] pos=52 u16=0x0003 (3) @parser.c:1772
[QTS:EMIT] pos=54 op=200 @parser.c:1786
[QTS:EMIT] pos=55 u32=0x00002645 (9797) @parser.c:1788
[QTS:EMIT] pos=59 op=66 @parser.c:1799
[QTS:EMIT] pos=60 atom=326 @parser.c:1807
[QTS:EMIT] pos=64 op=1 @parser.c:1799
[QTS:EMIT] pos=65 u32=0x00000000 (0) @parser.c:1777
[QTS:EMIT] pos=69 op=200 @parser.c:1786
[QTS:EMIT] pos=70 u32=0x00002653 (9811) @parser.c:1788
[QTS:EMIT] pos=74 op=186 @parser.c:1799
[QTS:EMIT] pos=75 u32=0x0000021c (540) @parser.c:1777
[QTS:EMIT] pos=79 u16=0x0003 (3) @parser.c:1772
[QTS:EMIT] pos=81 op=200 @parser.c:1786
[QTS:EMIT] pos=82 u32=0x0000264f (9807) @parser.c:1788
[QTS:EMIT] pos=86 op=36 @parser.c:1799
[QTS:EMIT] pos=87 u16=0x0002 (2) @parser.c:1772
[QTS:EMIT] pos=89 op=200 @parser.c:1786
[QTS:EMIT] pos=90 u32=0x00002661 (9825) @parser.c:1788
[QTS:EMIT] pos=94 op=186 @parser.c:1799
[QTS:EMIT] pos=95 u32=0x00000244 (580) @parser.c:1777
[QTS:EMIT] pos=99 u16=0x0003 (3) @parser.c:1772
[QTS:EMIT] pos=101 op=200 @parser.c:1786
[QTS:EMIT] pos=102 u32=0x0000265f (9823) @parser.c:1788
[QTS:EMIT] pos=106 op=159 @parser.c:1799
[QTS:EMIT] pos=107 op=200 @parser.c:1786
[QTS:EMIT] pos=108 u32=0x00002667 (9831) @parser.c:1788
[QTS:EMIT] pos=112 op=186 @parser.c:1799
[QTS:EMIT] pos=113 u32=0x0000021b (539) @parser.c:1777
[QTS:EMIT] pos=117 u16=0x0003 (3) @parser.c:1772
[QTS:EMIT] pos=119 op=200 @parser.c:1786
[QTS:EMIT] pos=120 u32=0x0000266a (9834) @parser.c:1788
[QTS:EMIT] pos=124 op=66 @parser.c:1799
[QTS:EMIT] pos=125 atom=326 @parser.c:1807
[QTS:EMIT] pos=129 op=200 @parser.c:1786
[QTS:EMIT] pos=130 u32=0x00002675 (9845) @parser.c:1788
[QTS:EMIT] pos=134 op=186 @parser.c:1799
[QTS:EMIT] pos=135 u32=0x0000021c (540) @parser.c:1777
[QTS:EMIT] pos=139 u16=0x0003 (3) @parser.c:1772
[QTS:EMIT] pos=141 op=200 @parser.c:1786
[QTS:EMIT] pos=142 u32=0x00002674 (9844) @parser.c:1788
[QTS:EMIT] pos=146 op=36 @parser.c:1799
[QTS:EMIT] pos=147 u16=0x0001 (1) @parser.c:1772
[QTS:EMIT] pos=149 op=200 @parser.c:1786
[QTS:EMIT] pos=150 u32=0x00002665 (9829) @parser.c:1788
[QTS:EMIT] pos=154 op=159 @parser.c:1799
[QTS:EMIT] pos=155 op=184 @parser.c:1799
[QTS:EMIT] pos=156 u32=0x00000001 (1) @parser.c:1777
[QTS:EMIT] pos=160 op=22 @parser.c:1799
[QTS:EMIT] pos=161 op=62 @parser.c:1799
[QTS:EMIT] pos=162 op=14 @parser.c:1799
[QTS:EMIT] pos=163 op=200 @parser.c:1786
[QTS:EMIT] pos=164 u32=0x0000268e (9870) @parser.c:1788
[QTS:EMIT] pos=168 op=186 @parser.c:1799
[QTS:EMIT] pos=169 u32=0x0000021c (540) @parser.c:1777
[QTS:EMIT] pos=173 u16=0x0003 (3) @parser.c:1772
[QTS:EMIT] pos=168 op=189 @parser.c:1799
[QTS:EMIT] pos=169 atom=540 @parser.c:1807
[QTS:EMIT] pos=173 u32=0x00000002 (2) @parser.c:1777
[QTS:EMIT] pos=177 u16=0x0003 (3) @parser.c:1772
[QTS:EMIT] pos=179 op=61 @parser.c:1799
[QTS:ASSIGN] lvalue: opcode=61 scope=3 atom=540 label=2
[QTS:EMIT] pos=180 op=200 @parser.c:1786
[QTS:EMIT] pos=181 u32=0x0000269c (9884) @parser.c:1788
[QTS:EMIT] pos=185 op=186 @parser.c:1799
[QTS:EMIT] pos=186 u32=0x00000244 (580) @parser.c:1777
[QTS:EMIT] pos=190 u16=0x0003 (3) @parser.c:1772
[QTS:EMIT] pos=192 op=200 @parser.c:1786
[QTS:EMIT] pos=193 u32=0x0000269f (9887) @parser.c:1788
[QTS:EMIT] pos=197 op=66 @parser.c:1799
[QTS:EMIT] pos=198 atom=48 @parser.c:1807
[QTS:ASSIGN] compound: tok=59 op=159
[QTS:EMIT] pos=202 op=200 @parser.c:1786
[QTS:EMIT] pos=203 u32=0x00002699 (9881) @parser.c:1788
[QTS:EMIT] pos=207 op=159 @parser.c:1799
[QTS:EMIT] pos=208 op=184 @parser.c:1799
[QTS:EMIT] pos=209 u32=0x00000002 (2) @parser.c:1777
[QTS:EMIT] pos=213 op=22 @parser.c:1799
[QTS:EMIT] pos=214 op=62 @parser.c:1799
[QTS:EMIT] pos=215 op=14 @parser.c:1799
[QTS:SCOPE] leave: idx=3
[QTS:SCOPE] pop: level=3
[QTS:EMIT] pos=216 op=183 @parser.c:1799
[QTS:EMIT] pos=217 u16=0x0003 (3) @parser.c:1772
[QTS:EMIT] pos=219 op=184 @parser.c:1799
[QTS:EMIT] pos=220 u32=0x00000000 (0) @parser.c:1777
[QTS:SCOPE] leave: idx=2
[QTS:SCOPE] pop: level=2
[QTS:EMIT] pos=224 op=183 @parser.c:1799
[QTS:EMIT] pos=225 u16=0x0002 (2) @parser.c:1772
[QTS:EMIT] pos=227 op=41 @parser.c:1799
[QTS:SCOPE] push: level=1 first_var=-1
[QTS:SCOPE] enter: idx=1 is_body=0
[QTS:EMIT] pos=0 op=182 @parser.c:1799
[QTS:EMIT] pos=1 u16=0x0001 (1) @parser.c:1772
[QTS:EMIT] pos=3 op=200 @parser.c:1786
[QTS:EMIT] pos=4 u32=0x000026df (9951) @parser.c:1788
[QTS:EMIT] pos=8 op=186 @parser.c:1799
[QTS:EMIT] pos=9 u32=0x00000222 (546) @parser.c:1777
[QTS:EMIT] pos=13 u16=0x0001 (1) @parser.c:1772
[QTS:EMIT] pos=8 op=189 @parser.c:1799
[QTS:EMIT] pos=9 atom=546 @parser.c:1807
[QTS:EMIT] pos=13 u32=0x00000000 (0) @parser.c:1777
[QTS:EMIT] pos=17 u16=0x0001 (1) @parser.c:1772
[QTS:ASSIGN] lvalue: opcode=61 scope=1 atom=546 label=0
[QTS:EMIT] pos=19 op=10 @parser.c:1799
[QTS:EMIT] pos=20 op=184 @parser.c:1799
[QTS:EMIT] pos=21 u32=0x00000000 (0) @parser.c:1777
[QTS:EMIT] pos=25 op=22 @parser.c:1799
[QTS:EMIT] pos=26 op=62 @parser.c:1799
[QTS:EMIT] pos=27 op=14 @parser.c:1799
[QTS:EMIT] pos=28 op=41 @parser.c:1799
[QTS:SCOPE] push: level=1 first_var=-1
[QTS:SCOPE] enter: idx=1 is_body=0
[QTS:EMIT] pos=0 op=182 @parser.c:1799
[QTS:EMIT] pos=1 u16=0x0001 (1) @parser.c:1772
[QTS:EMIT] pos=3 op=200 @parser.c:1786
[QTS:EMIT] pos=4 u32=0x00002717 (10007) @parser.c:1788
[QTS:EMIT] pos=8 op=186 @parser.c:1799
[QTS:EMIT] pos=9 u32=0x0000021b (539) @parser.c:1777
[QTS:EMIT] pos=13 u16=0x0001 (1) @parser.c:1772
[QTS:EMIT] pos=8 op=189 @parser.c:1799
[QTS:EMIT] pos=9 atom=539 @parser.c:1807
[QTS:EMIT] pos=13 u32=0x00000000 (0) @parser.c:1777
[QTS:EMIT] pos=17 u16=0x0001 (1) @parser.c:1772
[QTS:ASSIGN] lvalue: opcode=61 scope=1 atom=539 label=0
[QTS:EMIT] pos=19 op=4 @parser.c:1799
[QTS:EMIT] pos=20 u32=0x0000002f (47) @parser.c:1777
[QTS:EMIT] pos=24 op=184 @parser.c:1799
[QTS:EMIT] pos=25 u32=0x00000000 (0) @parser.c:1777
[QTS:EMIT] pos=29 op=22 @parser.c:1799
[QTS:EMIT] pos=30 op=62 @parser.c:1799
[QTS:EMIT] pos=31 op=14 @parser.c:1799
[QTS:EMIT] pos=32 op=200 @parser.c:1786
[QTS:EMIT] pos=33 u32=0x00002729 (10025) @parser.c:1788
[QTS:EMIT] pos=37 op=186 @parser.c:1799
[QTS:EMIT] pos=38 u32=0x0000021c (540) @parser.c:1777
[QTS:EMIT] pos=42 u16=0x0001 (1) @parser.c:1772
[QTS:EMIT] pos=37 op=189 @parser.c:1799
[QTS:EMIT] pos=38 atom=540 @parser.c:1807
[QTS:EMIT] pos=42 u32=0x00000001 (1) @parser.c:1777
[QTS:EMIT] pos=46 u16=0x0001 (1) @parser.c:1772
[QTS:ASSIGN] lvalue: opcode=61 scope=1 atom=540 label=1
[QTS:EMIT] pos=48 op=1 @parser.c:1799
[QTS:EMIT] pos=49 u32=0x00000000 (0) @parser.c:1777
[QTS:EMIT] pos=53 op=184 @parser.c:1799
[QTS:EMIT] pos=54 u32=0x00000001 (1) @parser.c:1777
[QTS:EMIT] pos=58 op=22 @parser.c:1799
[QTS:EMIT] pos=59 op=62 @parser.c:1799
[QTS:EMIT] pos=60 op=14 @parser.c:1799
[QTS:EMIT] pos=61 op=1 @parser.c:1799
[QTS:EMIT] pos=62 u32=0x00000002 (2) @parser.c:1777
[QTS:EMIT] pos=66 op=200 @parser.c:1786
[QTS:EMIT] pos=67 u32=0x00002748 (10056) @parser.c:1788
[QTS:EMIT] pos=71 op=142 @parser.c:1799
[QTS:EMIT] pos=72 op=200 @parser.c:1786
[QTS:EMIT] pos=73 u32=0x00002741 (10049) @parser.c:1788
[QTS:EMIT] pos=77 op=40 @parser.c:1799
[QTS:SCOPE] push: level=1 first_var=-1
[QTS:SCOPE] enter: idx=1 is_body=0
[QTS:EMIT] pos=0 op=182 @parser.c:1799
[QTS:EMIT] pos=1 u16=0x0001 (1) @parser.c:1772
[QTS:EMIT] pos=3 op=41 @parser.c:1799
[QTS:SCOPE] push: level=1 first_var=-1
[QTS:SCOPE] enter: idx=1 is_body=0
[QTS:EMIT] pos=0 op=182 @parser.c:1799
[QTS:EMIT] pos=1 u16=0x0001 (1) @parser.c:1772
[QTS:EMIT] pos=3 op=200 @parser.c:1786
[QTS:EMIT] pos=4 u32=0x0000279a (10138) @parser.c:1788
[QTS:EMIT] pos=8 op=186 @parser.c:1799
[QTS:EMIT] pos=9 u32=0x0000021c (540) @parser.c:1777
[QTS:EMIT] pos=13 u16=0x0001 (1) @parser.c:1772
[QTS:EMIT] pos=8 op=189 @parser.c:1799
[QTS:EMIT] pos=9 atom=540 @parser.c:1807
[QTS:EMIT] pos=13 u32=0x00000000 (0) @parser.c:1777
[QTS:EMIT] pos=17 u16=0x0001 (1) @parser.c:1772
[QTS:ASSIGN] lvalue: opcode=61 scope=1 atom=540 label=0
[QTS:EMIT] pos=19 op=1 @parser.c:1799
[QTS:EMIT] pos=20 u32=0x00000000 (0) @parser.c:1777
[QTS:EMIT] pos=24 op=184 @parser.c:1799
[QTS:EMIT] pos=25 u32=0x00000000 (0) @parser.c:1777
[QTS:EMIT] pos=29 op=22 @parser.c:1799
[QTS:EMIT] pos=30 op=62 @parser.c:1799
[QTS:EMIT] pos=31 op=14 @parser.c:1799
[QTS:EMIT] pos=32 op=41 @parser.c:1799
[QTS:SCOPE] push: level=1 first_var=-1
[QTS:SCOPE] enter: idx=1 is_body=0
[QTS:EMIT] pos=0 op=182 @parser.c:1799
[QTS:EMIT] pos=1 u16=0x0001 (1) @parser.c:1772
[QTS:EMIT] pos=3 op=200 @parser.c:1786
[QTS:EMIT] pos=4 u32=0x000027d5 (10197) @parser.c:1788
[QTS:EMIT] pos=8 op=186 @parser.c:1799
[QTS:EMIT] pos=9 u32=0x0000021c (540) @parser.c:1777
[QTS:EMIT] pos=13 u16=0x0001 (1) @parser.c:1772
[QTS:EMIT] pos=8 op=189 @parser.c:1799
[QTS:EMIT] pos=9 atom=540 @parser.c:1807
[QTS:EMIT] pos=13 u32=0x00000000 (0) @parser.c:1777
[QTS:EMIT] pos=17 u16=0x0001 (1) @parser.c:1772
[QTS:ASSIGN] lvalue: opcode=61 scope=1 atom=540 label=0
[QTS:EMIT] pos=19 op=200 @parser.c:1786
[QTS:EMIT] pos=20 u32=0x000027e2 (10210) @parser.c:1788
[QTS:EMIT] pos=24 op=186 @parser.c:1799
[QTS:EMIT] pos=25 u32=0x0000021b (539) @parser.c:1777
[QTS:EMIT] pos=29 u16=0x0001 (1) @parser.c:1772
[QTS:EMIT] pos=31 op=200 @parser.c:1786
[QTS:EMIT] pos=32 u32=0x000027e5 (10213) @parser.c:1788
[QTS:EMIT] pos=36 op=66 @parser.c:1799
[QTS:EMIT] pos=37 atom=48 @parser.c:1807
[QTS:EMIT] pos=41 op=184 @parser.c:1799
[QTS:EMIT] pos=42 u32=0x00000000 (0) @parser.c:1777
[QTS:EMIT] pos=46 op=22 @parser.c:1799
[QTS:EMIT] pos=47 op=62 @parser.c:1799
[QTS:EMIT] pos=48 op=14 @parser.c:1799
[QTS:EMIT] pos=49 op=41 @parser.c:1799
[QTS:SCOPE] push: level=1 first_var=-1
[QTS:SCOPE] enter: idx=1 is_body=0
[QTS:EMIT] pos=0 op=182 @parser.c:1799
[QTS:EMIT] pos=1 u16=0x0001 (1) @parser.c:1772
[QTS:SCOPE] push: level=2 first_var=-1
[QTS:SCOPE] enter: idx=2 is_body=0
[QTS:EMIT] pos=3 op=182 @parser.c:1799
[QTS:EMIT] pos=4 u16=0x0002 (2) @parser.c:1772
[QTS:EMIT] pos=6 op=200 @parser.c:1786
[QTS:EMIT] pos=7 u32=0x0000281e (10270) @parser.c:1788
[QTS:EMIT] pos=11 op=186 @parser.c:1799
[QTS:EMIT] pos=12 u32=0x0000021c (540) @parser.c:1777
[QTS:EMIT] pos=16 u16=0x0002 (2) @parser.c:1772
[QTS:EMIT] pos=18 op=200 @parser.c:1786
[QTS:EMIT] pos=19 u32=0x0000282b (10283) @parser.c:1788
[QTS:EMIT] pos=23 op=186 @parser.c:1799
[QTS:EMIT] pos=24 u32=0x0000021b (539) @parser.c:1777
[QTS:EMIT] pos=28 u16=0x0002 (2) @parser.c:1772
[QTS:EMIT] pos=30 op=200 @parser.c:1786
[QTS:EMIT] pos=31 u32=0x0000282e (10286) @parser.c:1788
[QTS:EMIT] pos=35 op=66 @parser.c:1799
[QTS:EMIT] pos=36 atom=48 @parser.c:1807
[QTS:EMIT] pos=40 op=200 @parser.c:1786
[QTS:EMIT] pos=41 u32=0x00002829 (10281) @parser.c:1788
[QTS:EMIT] pos=45 op=165 @parser.c:1799
[QTS:EMIT] pos=46 op=108 @parser.c:1799
[QTS:EMIT] pos=47 u32=0x00000000 (0) @parser.c:1777
[QTS:SCOPE] push: level=3 first_var=-1
[QTS:SCOPE] enter: idx=3 is_body=0
[QTS:EMIT] pos=51 op=182 @parser.c:1799
[QTS:EMIT] pos=52 u16=0x0003 (3) @parser.c:1772
[QTS:EMIT] pos=54 op=200 @parser.c:1786
[QTS:EMIT] pos=55 u32=0x00002845 (10309) @parser.c:1788
[QTS:EMIT] pos=59 op=186 @parser.c:1799
[QTS:EMIT] pos=60 u32=0x0000021c (540) @parser.c:1777
[QTS:EMIT] pos=64 u16=0x0003 (3) @parser.c:1772
[QTS:EMIT] pos=59 op=189 @parser.c:1799
[QTS:EMIT] pos=60 atom=540 @parser.c:1807
[QTS:EMIT] pos=64 u32=0x00000001 (1) @parser.c:1777
[QTS:EMIT] pos=68 u16=0x0003 (3) @parser.c:1772
[QTS:EMIT] pos=70 op=61 @parser.c:1799
[QTS:EMIT] pos=71 op=200 @parser.c:1786
[QTS:EMIT] pos=72 u32=0x0000284f (10319) @parser.c:1788
[QTS:EMIT] pos=76 op=147 @parser.c:1799
[QTS:EMIT] pos=77 op=184 @parser.c:1799
[QTS:EMIT] pos=78 u32=0x00000001 (1) @parser.c:1777
[QTS:EMIT] pos=82 op=25 @parser.c:1799
[QTS:EMIT] pos=83 op=62 @parser.c:1799
[QTS:EMIT] pos=84 op=14 @parser.c:1799
[QTS:EMIT] pos=85 op=184 @parser.c:1799
[QTS:EMIT] pos=86 u32=0x00000002 (2) @parser.c:1777
[QTS:EMIT] pos=90 op=200 @parser.c:1786
[QTS:EMIT] pos=91 u32=0x00002866 (10342) @parser.c:1788
[QTS:EMIT] pos=95 op=186 @parser.c:1799
[QTS:EMIT] pos=96 u32=0x00000247 (583) @parser.c:1777
[QTS:EMIT] pos=100 u16=0x0003 (3) @parser.c:1772
[QTS:EMIT] pos=102 op=200 @parser.c:1786
[QTS:EMIT] pos=103 u32=0x0000287c (10364) @parser.c:1788
[QTS:EMIT] pos=107 op=186 @parser.c:1799
[QTS:EMIT] pos=108 u32=0x0000021b (539) @parser.c:1777
[QTS:EMIT] pos=112 u16=0x0003 (3) @parser.c:1772
[QTS:EMIT] pos=114 op=200 @parser.c:1786
[QTS:EMIT] pos=115 u32=0x0000287f (10367) @parser.c:1788
[QTS:EMIT] pos=119 op=66 @parser.c:1799
[QTS:EMIT] pos=120 atom=317 @parser.c:1807
[QTS:EMIT] pos=124 op=200 @parser.c:1786
[QTS:EMIT] pos=125 u32=0x00002887 (10375) @parser.c:1788
[QTS:EMIT] pos=129 op=186 @parser.c:1799
[QTS:EMIT] pos=130 u32=0x0000021c (540) @parser.c:1777
[QTS:EMIT] pos=134 u16=0x0003 (3) @parser.c:1772
[QTS:EMIT] pos=136 op=200 @parser.c:1786
[QTS:EMIT] pos=137 u32=0x00002886 (10374) @parser.c:1788
[QTS:EMIT] pos=141 op=36 @parser.c:1799
[QTS:EMIT] pos=142 u16=0x0001 (1) @parser.c:1772
[QTS:EMIT] pos=144 op=200 @parser.c:1786
[QTS:EMIT] pos=145 u32=0x0000287b (10363) @parser.c:1788
[QTS:EMIT] pos=149 op=34 @parser.c:1799
[QTS:EMIT] pos=150 u16=0x0001 (1) @parser.c:1772
[QTS:EMIT] pos=152 op=108 @parser.c:1799
[QTS:EMIT] pos=153 u32=0x00000003 (3) @parser.c:1777
[QTS:EMIT] pos=157 op=200 @parser.c:1786
[QTS:EMIT] pos=158 u32=0x000028a5 (10405) @parser.c:1788
[QTS:EMIT] pos=162 op=186 @parser.c:1799
[QTS:EMIT] pos=163 u32=0x0000021c (540) @parser.c:1777
[QTS:EMIT] pos=167 u16=0x0003 (3) @parser.c:1772
[QTS:EMIT] pos=162 op=189 @parser.c:1799
[QTS:EMIT] pos=163 atom=540 @parser.c:1807
[QTS:EMIT] pos=167 u32=0x00000004 (4) @parser.c:1777
[QTS:EMIT] pos=171 u16=0x0003 (3) @parser.c:1772
[QTS:EMIT] pos=173 op=61 @parser.c:1799
[QTS:EMIT] pos=174 op=200 @parser.c:1786
[QTS:EMIT] pos=175 u32=0x000028af (10415) @parser.c:1788
[QTS:EMIT] pos=179 op=147 @parser.c:1799
[QTS:EMIT] pos=180 op=184 @parser.c:1799
[QTS:EMIT] pos=181 u32=0x00000004 (4) @parser.c:1777
[QTS:EMIT] pos=185 op=25 @parser.c:1799
[QTS:EMIT] pos=186 op=62 @parser.c:1799
[QTS:EMIT] pos=187 op=14 @parser.c:1799
[QTS:EMIT] pos=188 op=110 @parser.c:1799
[QTS:EMIT] pos=189 u32=0x00000002 (2) @parser.c:1777
[QTS:EMIT] pos=193 op=184 @parser.c:1799
[QTS:EMIT] pos=194 u32=0x00000003 (3) @parser.c:1777
[QTS:SCOPE] leave: idx=3
[QTS:SCOPE] pop: level=3
[QTS:EMIT] pos=198 op=183 @parser.c:1799
[QTS:EMIT] pos=199 u16=0x0003 (3) @parser.c:1772
[QTS:EMIT] pos=201 op=184 @parser.c:1799
[QTS:EMIT] pos=202 u32=0x00000000 (0) @parser.c:1777
[QTS:SCOPE] leave: idx=2
[QTS:SCOPE] pop: level=2
[QTS:EMIT] pos=206 op=183 @parser.c:1799
[QTS:EMIT] pos=207 u16=0x0002 (2) @parser.c:1772
[QTS:EMIT] pos=209 op=41 @parser.c:1799
[QTS:SCOPE] push: level=1 first_var=-1
[QTS:SCOPE] enter: idx=1 is_body=0
[QTS:EMIT] pos=0 op=182 @parser.c:1799
[QTS:EMIT] pos=1 u16=0x0001 (1) @parser.c:1772
[QTS:SCOPE] push: level=2 first_var=-1
[QTS:SCOPE] enter: idx=2 is_body=0
[QTS:EMIT] pos=3 op=182 @parser.c:1799
[QTS:EMIT] pos=4 u16=0x0002 (2) @parser.c:1772
[QTS:EMIT] pos=6 op=200 @parser.c:1786
[QTS:EMIT] pos=7 u32=0x000028ee (10478) @parser.c:1788
[QTS:EMIT] pos=11 op=186 @parser.c:1799
[QTS:EMIT] pos=12 u32=0x0000021c (540) @parser.c:1777
[QTS:EMIT] pos=16 u16=0x0002 (2) @parser.c:1772
[QTS:EMIT] pos=18 op=1 @parser.c:1799
[QTS:EMIT] pos=19 u32=0x00000000 (0) @parser.c:1777
[QTS:EMIT] pos=23 op=200 @parser.c:1786
[QTS:EMIT] pos=24 u32=0x000028f9 (10489) @parser.c:1788
[QTS:EMIT] pos=28 op=167 @parser.c:1799
[QTS:EMIT] pos=29 op=108 @parser.c:1799
[QTS:EMIT] pos=30 u32=0x00000000 (0) @parser.c:1777
[QTS:SCOPE] push: level=3 first_var=-1
[QTS:SCOPE] enter: idx=3 is_body=0
[QTS:EMIT] pos=34 op=182 @parser.c:1799
[QTS:EMIT] pos=35 u16=0x0003 (3) @parser.c:1772
[QTS:EMIT] pos=37 op=200 @parser.c:1786
[QTS:EMIT] pos=38 u32=0x0000290c (10508) @parser.c:1788
[QTS:EMIT] pos=42 op=186 @parser.c:1799
[QTS:EMIT] pos=43 u32=0x0000021c (540) @parser.c:1777
[QTS:EMIT] pos=47 u16=0x0003 (3) @parser.c:1772
[QTS:EMIT] pos=42 op=189 @parser.c:1799
[QTS:EMIT] pos=43 atom=540 @parser.c:1807
[QTS:EMIT] pos=47 u32=0x00000001 (1) @parser.c:1777
[QTS:EMIT] pos=51 u16=0x0003 (3) @parser.c:1772
[QTS:EMIT] pos=53 op=61 @parser.c:1799
[QTS:EMIT] pos=54 op=200 @parser.c:1786
[QTS:EMIT] pos=55 u32=0x00002916 (10518) @parser.c:1788
[QTS:EMIT] pos=59 op=146 @parser.c:1799
[QTS:EMIT] pos=60 op=184 @parser.c:1799
[QTS:EMIT] pos=61 u32=0x00000001 (1) @parser.c:1777
[QTS:EMIT] pos=65 op=25 @parser.c:1799
[QTS:EMIT] pos=66 op=62 @parser.c:1799
[QTS:EMIT] pos=67 op=14 @parser.c:1799
[QTS:EMIT] pos=68 op=184 @parser.c:1799
[QTS:EMIT] pos=69 u32=0x00000002 (2) @parser.c:1777
[QTS:EMIT] pos=73 op=200 @parser.c:1786
[QTS:EMIT] pos=74 u32=0x0000292d (10541) @parser.c:1788
[QTS:EMIT] pos=78 op=186 @parser.c:1799
[QTS:EMIT] pos=79 u32=0x00000247 (583) @parser.c:1777
[QTS:EMIT] pos=83 u16=0x0003 (3) @parser.c:1772
[QTS:EMIT] pos=85 op=200 @parser.c:1786
[QTS:EMIT] pos=86 u32=0x00002943 (10563) @parser.c:1788
[QTS:EMIT] pos=90 op=186 @parser.c:1799
[QTS:EMIT] pos=91 u32=0x0000021b (539) @parser.c:1777
[QTS:EMIT] pos=95 u16=0x0003 (3) @parser.c:1772
[QTS:EMIT] pos=97 op=200 @parser.c:1786
[QTS:EMIT] pos=98 u32=0x00002946 (10566) @parser.c:1788
[QTS:EMIT] pos=102 op=66 @parser.c:1799
[QTS:EMIT] pos=103 atom=317 @parser.c:1807
[QTS:EMIT] pos=107 op=200 @parser.c:1786
[QTS:EMIT] pos=108 u32=0x0000294e (10574) @parser.c:1788
[QTS:EMIT] pos=112 op=186 @parser.c:1799
[QTS:EMIT] pos=113 u32=0x0000021c (540) @parser.c:1777
[QTS:EMIT] pos=117 u16=0x0003 (3) @parser.c:1772
[QTS:EMIT] pos=119 op=200 @parser.c:1786
[QTS:EMIT] pos=120 u32=0x0000294d (10573) @parser.c:1788
[QTS:EMIT] pos=124 op=36 @parser.c:1799
[QTS:EMIT] pos=125 u16=0x0001 (1) @parser.c:1772
[QTS:EMIT] pos=127 op=200 @parser.c:1786
[QTS:EMIT] pos=128 u32=0x00002942 (10562) @parser.c:1788
[QTS:EMIT] pos=132 op=34 @parser.c:1799
[QTS:EMIT] pos=133 u16=0x0001 (1) @parser.c:1772
[QTS:EMIT] pos=135 op=108 @parser.c:1799
[QTS:EMIT] pos=136 u32=0x00000003 (3) @parser.c:1777
[QTS:EMIT] pos=140 op=200 @parser.c:1786
[QTS:EMIT] pos=141 u32=0x0000296c (10604) @parser.c:1788
[QTS:EMIT] pos=145 op=186 @parser.c:1799
[QTS:EMIT] pos=146 u32=0x0000021c (540) @parser.c:1777
[QTS:EMIT] pos=150 u16=0x0003 (3) @parser.c:1772
[QTS:EMIT] pos=145 op=189 @parser.c:1799
[QTS:EMIT] pos=146 atom=540 @parser.c:1807
[QTS:EMIT] pos=150 u32=0x00000004 (4) @parser.c:1777
[QTS:EMIT] pos=154 u16=0x0003 (3) @parser.c:1772
[QTS:EMIT] pos=156 op=61 @parser.c:1799
[QTS:EMIT] pos=157 op=200 @parser.c:1786
[QTS:EMIT] pos=158 u32=0x00002976 (10614) @parser.c:1788
[QTS:EMIT] pos=162 op=146 @parser.c:1799
[QTS:EMIT] pos=163 op=184 @parser.c:1799
[QTS:EMIT] pos=164 u32=0x00000004 (4) @parser.c:1777
[QTS:EMIT] pos=168 op=25 @parser.c:1799
[QTS:EMIT] pos=169 op=62 @parser.c:1799
[QTS:EMIT] pos=170 op=14 @parser.c:1799
[QTS:EMIT] pos=171 op=110 @parser.c:1799
[QTS:EMIT] pos=172 u32=0x00000002 (2) @parser.c:1777
[QTS:EMIT] pos=176 op=184 @parser.c:1799
[QTS:EMIT] pos=177 u32=0x00000003 (3) @parser.c:1777
[QTS:SCOPE] leave: idx=3
[QTS:SCOPE] pop: level=3
[QTS:EMIT] pos=181 op=183 @parser.c:1799
[QTS:EMIT] pos=182 u16=0x0003 (3) @parser.c:1772
[QTS:EMIT] pos=184 op=184 @parser.c:1799
[QTS:EMIT] pos=185 u32=0x00000000 (0) @parser.c:1777
[QTS:SCOPE] leave: idx=2
[QTS:SCOPE] pop: level=2
[QTS:EMIT] pos=189 op=183 @parser.c:1799
[QTS:EMIT] pos=190 u16=0x0002 (2) @parser.c:1772
[QTS:EMIT] pos=192 op=41 @parser.c:1799
[QTS:SCOPE] push: level=1 first_var=-1
[QTS:SCOPE] enter: idx=1 is_body=0
[QTS:EMIT] pos=0 op=182 @parser.c:1799
[QTS:EMIT] pos=1 u16=0x0001 (1) @parser.c:1772
[QTS:EMIT] pos=3 op=184 @parser.c:1799
[QTS:EMIT] pos=4 u32=0x00000000 (0) @parser.c:1777
[QTS:EMIT] pos=8 op=200 @parser.c:1786
[QTS:EMIT] pos=9 u32=0x000029bf (10687) @parser.c:1788
[QTS:EMIT] pos=13 op=186 @parser.c:1799
[QTS:EMIT] pos=14 u32=0x0000026f (623) @parser.c:1777
[QTS:EMIT] pos=18 u16=0x0001 (1) @parser.c:1772
[QTS:EMIT] pos=20 op=200 @parser.c:1786
[QTS:EMIT] pos=21 u32=0x000029c5 (10693) @parser.c:1788
[QTS:EMIT] pos=25 op=186 @parser.c:1799
[QTS:EMIT] pos=26 u32=0x0000021b (539) @parser.c:1777
[QTS:EMIT] pos=30 u16=0x0001 (1) @parser.c:1772
[QTS:EMIT] pos=32 op=200 @parser.c:1786
[QTS:EMIT] pos=33 u32=0x000029c8 (10696) @parser.c:1788
[QTS:EMIT] pos=37 op=66 @parser.c:1799
[QTS:EMIT] pos=38 atom=48 @parser.c:1807
[QTS:EMIT] pos=42 op=200 @parser.c:1786
[QTS:EMIT] pos=43 u32=0x000029c3 (10691) @parser.c:1788
[QTS:EMIT] pos=47 op=165 @parser.c:1799
[QTS:EMIT] pos=48 op=17 @parser.c:1799
[QTS:EMIT] pos=49 op=108 @parser.c:1799
[QTS:EMIT] pos=50 u32=0x00000002 (2) @parser.c:1777
[QTS:EMIT] pos=54 op=14 @parser.c:1799
[QTS:EMIT] pos=55 op=200 @parser.c:1786
[QTS:EMIT] pos=56 u32=0x000029d4 (10708) @parser.c:1788
[QTS:EMIT] pos=60 op=186 @parser.c:1799
[QTS:EMIT] pos=61 u32=0x00000240 (576) @parser.c:1777
[QTS:EMIT] pos=65 u16=0x0001 (1) @parser.c:1772
[QTS:EMIT] pos=67 op=200 @parser.c:1786
[QTS:EMIT] pos=68 u32=0x000029dc (10716) @parser.c:1788
[QTS:EMIT] pos=72 op=186 @parser.c:1799
[QTS:EMIT] pos=73 u32=0x0000021b (539) @parser.c:1777
[QTS:EMIT] pos=77 u16=0x0001 (1) @parser.c:1772
[QTS:EMIT] pos=79 op=200 @parser.c:1786
[QTS:EMIT] pos=80 u32=0x000029df (10719) @parser.c:1788
[QTS:EMIT] pos=84 op=66 @parser.c:1799
[QTS:EMIT] pos=85 atom=317 @parser.c:1807
[QTS:EMIT] pos=89 op=200 @parser.c:1786
[QTS:EMIT] pos=90 u32=0x000029e7 (10727) @parser.c:1788
[QTS:EMIT] pos=94 op=186 @parser.c:1799
[QTS:EMIT] pos=95 u32=0x0000026f (623) @parser.c:1777
[QTS:EMIT] pos=99 u16=0x0001 (1) @parser.c:1772
[QTS:EMIT] pos=101 op=200 @parser.c:1786
[QTS:EMIT] pos=102 u32=0x000029e6 (10726) @parser.c:1788
[QTS:EMIT] pos=106 op=36 @parser.c:1799
[QTS:EMIT] pos=107 u16=0x0001 (1) @parser.c:1772
[QTS:EMIT] pos=109 op=200 @parser.c:1786
[QTS:EMIT] pos=110 u32=0x000029db (10715) @parser.c:1788
[QTS:EMIT] pos=114 op=34 @parser.c:1799
[QTS:EMIT] pos=115 u16=0x0001 (1) @parser.c:1772
[QTS:EMIT] pos=117 op=152 @parser.c:1799
[QTS:EMIT] pos=118 op=184 @parser.c:1799
[QTS:EMIT] pos=119 u32=0x00000002 (2) @parser.c:1777
[QTS:EMIT] pos=123 op=108 @parser.c:1799
[QTS:EMIT] pos=124 u32=0x00000001 (1) @parser.c:1777
[QTS:EMIT] pos=128 op=200 @parser.c:1786
[QTS:EMIT] pos=129 u32=0x000029fa (10746) @parser.c:1788
[QTS:EMIT] pos=133 op=186 @parser.c:1799
[QTS:EMIT] pos=134 u32=0x0000026f (623) @parser.c:1777
[QTS:EMIT] pos=138 u16=0x0001 (1) @parser.c:1772
[QTS:EMIT] pos=133 op=189 @parser.c:1799
[QTS:EMIT] pos=134 atom=623 @parser.c:1807
[QTS:EMIT] pos=138 u32=0x00000003 (3) @parser.c:1777
[QTS:EMIT] pos=142 u16=0x0001 (1) @parser.c:1772
[QTS:EMIT] pos=144 op=61 @parser.c:1799
[QTS:EMIT] pos=145 op=200 @parser.c:1786
[QTS:EMIT] pos=146 u32=0x000029fd (10749) @parser.c:1788
[QTS:EMIT] pos=150 op=147 @parser.c:1799
[QTS:EMIT] pos=151 op=184 @parser.c:1799
[QTS:EMIT] pos=152 u32=0x00000003 (3) @parser.c:1777
[QTS:EMIT] pos=156 op=25 @parser.c:1799
[QTS:EMIT] pos=157 op=62 @parser.c:1799
[QTS:EMIT] pos=158 op=14 @parser.c:1799
[QTS:EMIT] pos=159 op=110 @parser.c:1799
[QTS:EMIT] pos=160 u32=0x00000000 (0) @parser.c:1777
[QTS:EMIT] pos=164 op=184 @parser.c:1799
[QTS:EMIT] pos=165 u32=0x00000001 (1) @parser.c:1777
[QTS:EMIT] pos=169 op=184 @parser.c:1799
[QTS:EMIT] pos=170 u32=0x00000004 (4) @parser.c:1777
[QTS:EMIT] pos=174 op=200 @parser.c:1786
[QTS:EMIT] pos=175 u32=0x00002a10 (10768) @parser.c:1788
[QTS:EMIT] pos=179 op=186 @parser.c:1799
[QTS:EMIT] pos=180 u32=0x0000026f (623) @parser.c:1777
[QTS:EMIT] pos=184 u16=0x0001 (1) @parser.c:1772
[QTS:EMIT] pos=186 op=200 @parser.c:1786
[QTS:EMIT] pos=187 u32=0x00002a16 (10774) @parser.c:1788
[QTS:EMIT] pos=191 op=186 @parser.c:1799
[QTS:EMIT] pos=192 u32=0x0000021b (539) @parser.c:1777
[QTS:EMIT] pos=196 u16=0x0001 (1) @parser.c:1772
[QTS:EMIT] pos=198 op=200 @parser.c:1786
[QTS:EMIT] pos=199 u32=0x00002a19 (10777) @parser.c:1788
[QTS:EMIT] pos=203 op=66 @parser.c:1799
[QTS:EMIT] pos=204 atom=48 @parser.c:1807
[QTS:EMIT] pos=208 op=200 @parser.c:1786
[QTS:EMIT] pos=209 u32=0x00002a14 (10772) @parser.c:1788
[QTS:EMIT] pos=213 op=165 @parser.c:1799
[QTS:EMIT] pos=214 op=17 @parser.c:1799
[QTS:EMIT] pos=215 op=108 @parser.c:1799
[QTS:EMIT] pos=216 u32=0x00000006 (6) @parser.c:1777
[QTS:EMIT] pos=220 op=14 @parser.c:1799
[QTS:EMIT] pos=221 op=200 @parser.c:1786
[QTS:EMIT] pos=222 u32=0x00002a24 (10788) @parser.c:1788
[QTS:EMIT] pos=226 op=186 @parser.c:1799
[QTS:EMIT] pos=227 u32=0x00000240 (576) @parser.c:1777
[QTS:EMIT] pos=231 u16=0x0001 (1) @parser.c:1772
[QTS:EMIT] pos=233 op=200 @parser.c:1786
[QTS:EMIT] pos=234 u32=0x00002a2c (10796) @parser.c:1788
[QTS:EMIT] pos=238 op=186 @parser.c:1799
[QTS:EMIT] pos=239 u32=0x0000021b (539) @parser.c:1777
[QTS:EMIT] pos=243 u16=0x0001 (1) @parser.c:1772
[QTS:EMIT] pos=245 op=200 @parser.c:1786
[QTS:EMIT] pos=246 u32=0x00002a2f (10799) @parser.c:1788
[QTS:EMIT] pos=250 op=66 @parser.c:1799
[QTS:EMIT] pos=251 atom=317 @parser.c:1807
[QTS:EMIT] pos=255 op=200 @parser.c:1786
[QTS:EMIT] pos=256 u32=0x00002a37 (10807) @parser.c:1788
[QTS:EMIT] pos=260 op=186 @parser.c:1799
[QTS:EMIT] pos=261 u32=0x0000026f (623) @parser.c:1777
[QTS:EMIT] pos=265 u16=0x0001 (1) @parser.c:1772
[QTS:EMIT] pos=267 op=200 @parser.c:1786
[QTS:EMIT] pos=268 u32=0x00002a36 (10806) @parser.c:1788
[QTS:EMIT] pos=272 op=36 @parser.c:1799
[QTS:EMIT] pos=273 u16=0x0001 (1) @parser.c:1772
[QTS:EMIT] pos=275 op=200 @parser.c:1786
[QTS:EMIT] pos=276 u32=0x00002a2b (10795) @parser.c:1788
[QTS:EMIT] pos=280 op=34 @parser.c:1799
[QTS:EMIT] pos=281 u16=0x0001 (1) @parser.c:1772
[QTS:EMIT] pos=283 op=184 @parser.c:1799
[QTS:EMIT] pos=284 u32=0x00000006 (6) @parser.c:1777
[QTS:EMIT] pos=288 op=108 @parser.c:1799
[QTS:EMIT] pos=289 u32=0x00000005 (5) @parser.c:1777
[QTS:EMIT] pos=293 op=200 @parser.c:1786
[QTS:EMIT] pos=294 u32=0x00002a4a (10826) @parser.c:1788
[QTS:EMIT] pos=298 op=186 @parser.c:1799
[QTS:EMIT] pos=299 u32=0x0000026f (623) @parser.c:1777
[QTS:EMIT] pos=303 u16=0x0001 (1) @parser.c:1772
[QTS:EMIT] pos=298 op=189 @parser.c:1799
[QTS:EMIT] pos=299 atom=623 @parser.c:1807
[QTS:EMIT] pos=303 u32=0x00000007 (7) @parser.c:1777
[QTS:EMIT] pos=307 u16=0x0001 (1) @parser.c:1772
[QTS:EMIT] pos=309 op=61 @parser.c:1799
[QTS:EMIT] pos=310 op=200 @parser.c:1786
[QTS:EMIT] pos=311 u32=0x00002a4d (10829) @parser.c:1788
[QTS:EMIT] pos=315 op=147 @parser.c:1799
[QTS:EMIT] pos=316 op=184 @parser.c:1799
[QTS:EMIT] pos=317 u32=0x00000007 (7) @parser.c:1777
[QTS:EMIT] pos=321 op=25 @parser.c:1799
[QTS:EMIT] pos=322 op=62 @parser.c:1799
[QTS:EMIT] pos=323 op=14 @parser.c:1799
[QTS:EMIT] pos=324 op=110 @parser.c:1799
[QTS:EMIT] pos=325 u32=0x00000004 (4) @parser.c:1777
[QTS:EMIT] pos=329 op=184 @parser.c:1799
[QTS:EMIT] pos=330 u32=0x00000005 (5) @parser.c:1777
[QTS:EMIT] pos=334 op=200 @parser.c:1786
[QTS:EMIT] pos=335 u32=0x00002a60 (10848) @parser.c:1788
[QTS:EMIT] pos=339 op=186 @parser.c:1799
[QTS:EMIT] pos=340 u32=0x0000026f (623) @parser.c:1777
[QTS:EMIT] pos=344 u16=0x0001 (1) @parser.c:1772
[QTS:EMIT] pos=346 op=200 @parser.c:1786
[QTS:EMIT] pos=347 u32=0x00002a59 (10841) @parser.c:1788
[QTS:EMIT] pos=351 op=40 @parser.c:1799
[QTS:SCOPE] push: level=1 first_var=-1
[QTS:SCOPE] enter: idx=1 is_body=0
[QTS:EMIT] pos=0 op=182 @parser.c:1799
[QTS:EMIT] pos=1 u16=0x0001 (1) @parser.c:1772
[QTS:EMIT] pos=3 op=184 @parser.c:1799
[QTS:EMIT] pos=4 u32=0x00000000 (0) @parser.c:1777
[QTS:EMIT] pos=8 op=200 @parser.c:1786
[QTS:EMIT] pos=9 u32=0x00002aa1 (10913) @parser.c:1788
[QTS:EMIT] pos=13 op=186 @parser.c:1799
[QTS:EMIT] pos=14 u32=0x0000026f (623) @parser.c:1777
[QTS:EMIT] pos=18 u16=0x0001 (1) @parser.c:1772
[QTS:EMIT] pos=20 op=1 @parser.c:1799
[QTS:EMIT] pos=21 u32=0x00000000 (0) @parser.c:1777
[QTS:EMIT] pos=25 op=200 @parser.c:1786
[QTS:EMIT] pos=26 u32=0x00002aa5 (10917) @parser.c:1788
[QTS:EMIT] pos=30 op=167 @parser.c:1799
[QTS:EMIT] pos=31 op=17 @parser.c:1799
[QTS:EMIT] pos=32 op=108 @parser.c:1799
[QTS:EMIT] pos=33 u32=0x00000002 (2) @parser.c:1777
[QTS:EMIT] pos=37 op=14 @parser.c:1799
[QTS:EMIT] pos=38 op=200 @parser.c:1786
[QTS:EMIT] pos=39 u32=0x00002aad (10925) @parser.c:1788
[QTS:EMIT] pos=43 op=186 @parser.c:1799
[QTS:EMIT] pos=44 u32=0x00000240 (576) @parser.c:1777
[QTS:EMIT] pos=48 u16=0x0001 (1) @parser.c:1772
[QTS:EMIT] pos=50 op=200 @parser.c:1786
[QTS:EMIT] pos=51 u32=0x00002ab5 (10933) @parser.c:1788
[QTS:EMIT] pos=55 op=186 @parser.c:1799
[QTS:EMIT] pos=56 u32=0x0000021b (539) @parser.c:1777
[QTS:EMIT] pos=60 u16=0x0001 (1) @parser.c:1772
[QTS:EMIT] pos=62 op=200 @parser.c:1786
[QTS:EMIT] pos=63 u32=0x00002ab8 (10936) @parser.c:1788
[QTS:EMIT] pos=67 op=66 @parser.c:1799
[QTS:EMIT] pos=68 atom=317 @parser.c:1807
[QTS:EMIT] pos=72 op=200 @parser.c:1786
[QTS:EMIT] pos=73 u32=0x00002ac0 (10944) @parser.c:1788
[QTS:EMIT] pos=77 op=186 @parser.c:1799
[QTS:EMIT] pos=78 u32=0x0000026f (623) @parser.c:1777
[QTS:EMIT] pos=82 u16=0x0001 (1) @parser.c:1772
[QTS:EMIT] pos=84 op=1 @parser.c:1799
[QTS:EMIT] pos=85 u32=0x00000001 (1) @parser.c:1777
[QTS:EMIT] pos=89 op=200 @parser.c:1786
[QTS:EMIT] pos=90 u32=0x00002ac4 (10948) @parser.c:1788
[QTS:EMIT] pos=94 op=160 @parser.c:1799
[QTS:EMIT] pos=95 op=200 @parser.c:1786
[QTS:EMIT] pos=96 u32=0x00002abf (10943) @parser.c:1788
[QTS:EMIT] pos=100 op=36 @parser.c:1799
[QTS:EMIT] pos=101 u16=0x0001 (1) @parser.c:1772
[QTS:EMIT] pos=103 op=200 @parser.c:1786
[QTS:EMIT] pos=104 u32=0x00002ab4 (10932) @parser.c:1788
[QTS:EMIT] pos=108 op=34 @parser.c:1799
[QTS:EMIT] pos=109 u16=0x0001 (1) @parser.c:1772
[QTS:EMIT] pos=111 op=152 @parser.c:1799
[QTS:EMIT] pos=112 op=184 @parser.c:1799
[QTS:EMIT] pos=113 u32=0x00000002 (2) @parser.c:1777
[QTS:EMIT] pos=117 op=108 @parser.c:1799
[QTS:EMIT] pos=118 u32=0x00000001 (1) @parser.c:1777
[QTS:EMIT] pos=122 op=200 @parser.c:1786
[QTS:EMIT] pos=123 u32=0x00002ad7 (10967) @parser.c:1788
[QTS:EMIT] pos=127 op=186 @parser.c:1799
[QTS:EMIT] pos=128 u32=0x0000026f (623) @parser.c:1777
[QTS:EMIT] pos=132 u16=0x0001 (1) @parser.c:1772
[QTS:EMIT] pos=127 op=189 @parser.c:1799
[QTS:EMIT] pos=128 atom=623 @parser.c:1807
[QTS:EMIT] pos=132 u32=0x00000003 (3) @parser.c:1777
[QTS:EMIT] pos=136 u16=0x0001 (1) @parser.c:1772
[QTS:EMIT] pos=138 op=61 @parser.c:1799
[QTS:EMIT] pos=139 op=200 @parser.c:1786
[QTS:EMIT] pos=140 u32=0x00002ada (10970) @parser.c:1788
[QTS:EMIT] pos=144 op=146 @parser.c:1799
[QTS:EMIT] pos=145 op=184 @parser.c:1799
[QTS:EMIT] pos=146 u32=0x00000003 (3) @parser.c:1777
[QTS:EMIT] pos=150 op=25 @parser.c:1799
[QTS:EMIT] pos=151 op=62 @parser.c:1799
[QTS:EMIT] pos=152 op=14 @parser.c:1799
[QTS:EMIT] pos=153 op=110 @parser.c:1799
[QTS:EMIT] pos=154 u32=0x00000000 (0) @parser.c:1777
[QTS:EMIT] pos=158 op=184 @parser.c:1799
[QTS:EMIT] pos=159 u32=0x00000001 (1) @parser.c:1777
[QTS:EMIT] pos=163 op=184 @parser.c:1799
[QTS:EMIT] pos=164 u32=0x00000004 (4) @parser.c:1777
[QTS:EMIT] pos=168 op=200 @parser.c:1786
[QTS:EMIT] pos=169 u32=0x00002aed (10989) @parser.c:1788
[QTS:EMIT] pos=173 op=186 @parser.c:1799
[QTS:EMIT] pos=174 u32=0x0000026f (623) @parser.c:1777
[QTS:EMIT] pos=178 u16=0x0001 (1) @parser.c:1772
[QTS:EMIT] pos=180 op=1 @parser.c:1799
[QTS:EMIT] pos=181 u32=0x00000000 (0) @parser.c:1777
[QTS:EMIT] pos=185 op=200 @parser.c:1786
[QTS:EMIT] pos=186 u32=0x00002af1 (10993) @parser.c:1788
[QTS:EMIT] pos=190 op=167 @parser.c:1799
[QTS:EMIT] pos=191 op=17 @parser.c:1799
[QTS:EMIT] pos=192 op=108 @parser.c:1799
[QTS:EMIT] pos=193 u32=0x00000006 (6) @parser.c:1777
[QTS:EMIT] pos=197 op=14 @parser.c:1799
[QTS:EMIT] pos=198 op=200 @parser.c:1786
[QTS:EMIT] pos=199 u32=0x00002af8 (11000) @parser.c:1788
[QTS:EMIT] pos=203 op=186 @parser.c:1799
[QTS:EMIT] pos=204 u32=0x00000240 (576) @parser.c:1777
[QTS:EMIT] pos=208 u16=0x0001 (1) @parser.c:1772
[QTS:EMIT] pos=210 op=200 @parser.c:1786
[QTS:EMIT] pos=211 u32=0x00002b00 (11008) @parser.c:1788
[QTS:EMIT] pos=215 op=186 @parser.c:1799
[QTS:EMIT] pos=216 u32=0x0000021b (539) @parser.c:1777
[QTS:EMIT] pos=220 u16=0x0001 (1) @parser.c:1772
[QTS:EMIT] pos=222 op=200 @parser.c:1786
[QTS:EMIT] pos=223 u32=0x00002b03 (11011) @parser.c:1788
[QTS:EMIT] pos=227 op=66 @parser.c:1799
[QTS:EMIT] pos=228 atom=317 @parser.c:1807
[QTS:EMIT] pos=232 op=200 @parser.c:1786
[QTS:EMIT] pos=233 u32=0x00002b0b (11019) @parser.c:1788
[QTS:EMIT] pos=237 op=186 @parser.c:1799
[QTS:EMIT] pos=238 u32=0x0000026f (623) @parser.c:1777
[QTS:EMIT] pos=242 u16=0x0001 (1) @parser.c:1772
[QTS:EMIT] pos=244 op=1 @parser.c:1799
[QTS:EMIT] pos=245 u32=0x00000001 (1) @parser.c:1777
[QTS:EMIT] pos=249 op=200 @parser.c:1786
[QTS:EMIT] pos=250 u32=0x00002b0f (11023) @parser.c:1788
[QTS:EMIT] pos=254 op=160 @parser.c:1799
[QTS:EMIT] pos=255 op=200 @parser.c:1786
[QTS:EMIT] pos=256 u32=0x00002b0a (11018) @parser.c:1788
[QTS:EMIT] pos=260 op=36 @parser.c:1799
[QTS:EMIT] pos=261 u16=0x0001 (1) @parser.c:1772
[QTS:EMIT] pos=263 op=200 @parser.c:1786
[QTS:EMIT] pos=264 u32=0x00002aff (11007) @parser.c:1788
[QTS:EMIT] pos=268 op=34 @parser.c:1799
[QTS:EMIT] pos=269 u16=0x0001 (1) @parser.c:1772
[QTS:EMIT] pos=271 op=184 @parser.c:1799
[QTS:EMIT] pos=272 u32=0x00000006 (6) @parser.c:1777
[QTS:EMIT] pos=276 op=108 @parser.c:1799
[QTS:EMIT] pos=277 u32=0x00000005 (5) @parser.c:1777
[QTS:EMIT] pos=281 op=200 @parser.c:1786
[QTS:EMIT] pos=282 u32=0x00002b22 (11042) @parser.c:1788
[QTS:EMIT] pos=286 op=186 @parser.c:1799
[QTS:EMIT] pos=287 u32=0x0000026f (623) @parser.c:1777
[QTS:EMIT] pos=291 u16=0x0001 (1) @parser.c:1772
[QTS:EMIT] pos=286 op=189 @parser.c:1799
[QTS:EMIT] pos=287 atom=623 @parser.c:1807
[QTS:EMIT] pos=291 u32=0x00000007 (7) @parser.c:1777
[QTS:EMIT] pos=295 u16=0x0001 (1) @parser.c:1772
[QTS:EMIT] pos=297 op=61 @parser.c:1799
[QTS:EMIT] pos=298 op=200 @parser.c:1786
[QTS:EMIT] pos=299 u32=0x00002b25 (11045) @parser.c:1788
[QTS:EMIT] pos=303 op=146 @parser.c:1799
[QTS:EMIT] pos=304 op=184 @parser.c:1799
[QTS:EMIT] pos=305 u32=0x00000007 (7) @parser.c:1777
[QTS:EMIT] pos=309 op=25 @parser.c:1799
[QTS:EMIT] pos=310 op=62 @parser.c:1799
[QTS:EMIT] pos=311 op=14 @parser.c:1799
[QTS:EMIT] pos=312 op=110 @parser.c:1799
[QTS:EMIT] pos=313 u32=0x00000004 (4) @parser.c:1777
[QTS:EMIT] pos=317 op=184 @parser.c:1799
[QTS:EMIT] pos=318 u32=0x00000005 (5) @parser.c:1777
[QTS:EMIT] pos=322 op=200 @parser.c:1786
[QTS:EMIT] pos=323 u32=0x00002b38 (11064) @parser.c:1788
[QTS:EMIT] pos=327 op=186 @parser.c:1799
[QTS:EMIT] pos=328 u32=0x0000026f (623) @parser.c:1777
[QTS:EMIT] pos=332 u16=0x0001 (1) @parser.c:1772
[QTS:EMIT] pos=334 op=200 @parser.c:1786
[QTS:EMIT] pos=335 u32=0x00002b31 (11057) @parser.c:1788
[QTS:EMIT] pos=339 op=40 @parser.c:1799
[QTS:SCOPE] push: level=1 first_var=-1
[QTS:SCOPE] enter: idx=1 is_body=0
[QTS:EMIT] pos=0 op=182 @parser.c:1799
[QTS:EMIT] pos=1 u16=0x0001 (1) @parser.c:1772
[QTS:EMIT] pos=3 op=200 @parser.c:1786
[QTS:EMIT] pos=4 u32=0x00002b69 (11113) @parser.c:1788
[QTS:EMIT] pos=8 op=186 @parser.c:1799
[QTS:EMIT] pos=9 u32=0x0000021c (540) @parser.c:1777
[QTS:EMIT] pos=13 u16=0x0001 (1) @parser.c:1772
[QTS:EMIT] pos=8 op=189 @parser.c:1799
[QTS:EMIT] pos=9 atom=540 @parser.c:1807
[QTS:EMIT] pos=13 u32=0x00000000 (0) @parser.c:1777
[QTS:EMIT] pos=17 u16=0x0001 (1) @parser.c:1772
[QTS:ASSIGN] lvalue: opcode=61 scope=1 atom=540 label=0
[QTS:EMIT] pos=19 op=200 @parser.c:1786
[QTS:EMIT] pos=20 u32=0x00002b76 (11126) @parser.c:1788
[QTS:EMIT] pos=24 op=186 @parser.c:1799
[QTS:EMIT] pos=25 u32=0x0000026e (622) @parser.c:1777
[QTS:EMIT] pos=29 u16=0x0001 (1) @parser.c:1772
[QTS:EMIT] pos=31 op=200 @parser.c:1786
[QTS:EMIT] pos=32 u32=0x00002b88 (11144) @parser.c:1788
[QTS:EMIT] pos=36 op=186 @parser.c:1799
[QTS:EMIT] pos=37 u32=0x0000021c (540) @parser.c:1777
[QTS:EMIT] pos=41 u16=0x0001 (1) @parser.c:1772
[QTS:EMIT] pos=43 op=200 @parser.c:1786
[QTS:EMIT] pos=44 u32=0x00002b87 (11143) @parser.c:1788
[QTS:EMIT] pos=48 op=34 @parser.c:1799
[QTS:EMIT] pos=49 u16=0x0001 (1) @parser.c:1772
[QTS:EMIT] pos=51 op=184 @parser.c:1799
[QTS:EMIT] pos=52 u32=0x00000000 (0) @parser.c:1777
[QTS:EMIT] pos=56 op=22 @parser.c:1799
[QTS:EMIT] pos=57 op=62 @parser.c:1799
[QTS:EMIT] pos=58 op=14 @parser.c:1799
[QTS:EMIT] pos=59 op=41 @parser.c:1799
[QTS:SCOPE] push: level=1 first_var=-1
[QTS:SCOPE] enter: idx=1 is_body=0
[QTS:EMIT] pos=0 op=182 @parser.c:1799
[QTS:EMIT] pos=1 u16=0x0001 (1) @parser.c:1772
[QTS:EMIT] pos=3 op=200 @parser.c:1786
[QTS:EMIT] pos=4 u32=0x00002bc2 (11202) @parser.c:1788
[QTS:EMIT] pos=8 op=186 @parser.c:1799
[QTS:EMIT] pos=9 u32=0x0000021c (540) @parser.c:1777
[QTS:EMIT] pos=13 u16=0x0001 (1) @parser.c:1772
[QTS:EMIT] pos=8 op=189 @parser.c:1799
[QTS:EMIT] pos=9 atom=540 @parser.c:1807
[QTS:EMIT] pos=13 u32=0x00000000 (0) @parser.c:1777
[QTS:EMIT] pos=17 u16=0x0001 (1) @parser.c:1772
[QTS:ASSIGN] lvalue: opcode=61 scope=1 atom=540 label=0
[QTS:EMIT] pos=19 op=200 @parser.c:1786
[QTS:EMIT] pos=20 u32=0x00002bcf (11215) @parser.c:1788
[QTS:EMIT] pos=24 op=186 @parser.c:1799
[QTS:EMIT] pos=25 u32=0x00000270 (624) @parser.c:1777
[QTS:EMIT] pos=29 u16=0x0001 (1) @parser.c:1772
[QTS:EMIT] pos=31 op=200 @parser.c:1786
[QTS:EMIT] pos=32 u32=0x00002be2 (11234) @parser.c:1788
[QTS:EMIT] pos=36 op=186 @parser.c:1799
[QTS:EMIT] pos=37 u32=0x0000021c (540) @parser.c:1777
[QTS:EMIT] pos=41 u16=0x0001 (1) @parser.c:1772
[QTS:EMIT] pos=43 op=200 @parser.c:1786
[QTS:EMIT] pos=44 u32=0x00002be1 (11233) @parser.c:1788
[QTS:EMIT] pos=48 op=34 @parser.c:1799
[QTS:EMIT] pos=49 u16=0x0001 (1) @parser.c:1772
[QTS:EMIT] pos=51 op=184 @parser.c:1799
[QTS:EMIT] pos=52 u32=0x00000000 (0) @parser.c:1777
[QTS:EMIT] pos=56 op=22 @parser.c:1799
[QTS:EMIT] pos=57 op=62 @parser.c:1799
[QTS:EMIT] pos=58 op=14 @parser.c:1799
[QTS:EMIT] pos=59 op=41 @parser.c:1799
[QTS:SCOPE] push: level=1 first_var=-1
[QTS:SCOPE] enter: idx=1 is_body=0
[QTS:EMIT] pos=0 op=182 @parser.c:1799
[QTS:EMIT] pos=1 u16=0x0001 (1) @parser.c:1772
[QTS:EMIT] pos=3 op=200 @parser.c:1786
[QTS:EMIT] pos=4 u32=0x00002c1a (11290) @parser.c:1788
[QTS:EMIT] pos=8 op=186 @parser.c:1799
[QTS:EMIT] pos=9 u32=0x000001d8 (472) @parser.c:1777
[QTS:EMIT] pos=13 u16=0x0001 (1) @parser.c:1772
[QTS:EMIT] pos=15 op=200 @parser.c:1786
[QTS:EMIT] pos=16 u32=0x00002c1d (11293) @parser.c:1788
[QTS:EMIT] pos=20 op=66 @parser.c:1799
[QTS:EMIT] pos=21 atom=595 @parser.c:1807
[QTS:EMIT] pos=25 op=4 @parser.c:1799
[QTS:EMIT] pos=26 u32=0x0000025a (602) @parser.c:1777
[QTS:EMIT] pos=30 op=200 @parser.c:1786
[QTS:EMIT] pos=31 u32=0x00002c22 (11298) @parser.c:1788
[QTS:EMIT] pos=35 op=36 @parser.c:1799
[QTS:EMIT] pos=36 u16=0x0001 (1) @parser.c:1772
[QTS:EMIT] pos=38 op=14 @parser.c:1799
[QTS:EMIT] pos=39 op=200 @parser.c:1786
[QTS:EMIT] pos=40 u32=0x00002c32 (11314) @parser.c:1788
[QTS:EMIT] pos=44 op=186 @parser.c:1799
[QTS:EMIT] pos=45 u32=0x00000274 (628) @parser.c:1777
[QTS:EMIT] pos=49 u16=0x0001 (1) @parser.c:1772
[QTS:EMIT] pos=51 op=200 @parser.c:1786
[QTS:EMIT] pos=52 u32=0x00002c3e (11326) @parser.c:1788
[QTS:EMIT] pos=56 op=186 @parser.c:1799
[QTS:EMIT] pos=57 u32=0x0000021b (539) @parser.c:1777
[QTS:EMIT] pos=61 u16=0x0001 (1) @parser.c:1772
[QTS:EMIT] pos=63 op=200 @parser.c:1786
[QTS:EMIT] pos=64 u32=0x00002c3d (11325) @parser.c:1788
[QTS:EMIT] pos=68 op=34 @parser.c:1799
[QTS:EMIT] pos=69 u16=0x0001 (1) @parser.c:1772
[QTS:EMIT] pos=71 op=14 @parser.c:1799
[QTS:EMIT] pos=72 op=1 @parser.c:1799
[QTS:EMIT] pos=73 u32=0x00000001 (1) @parser.c:1777
[QTS:EMIT] pos=77 op=200 @parser.c:1786
[QTS:EMIT] pos=78 u32=0x00002c53 (11347) @parser.c:1788
[QTS:EMIT] pos=82 op=142 @parser.c:1799
[QTS:EMIT] pos=83 op=200 @parser.c:1786
[QTS:EMIT] pos=84 u32=0x00002c4c (11340) @parser.c:1788
[QTS:EMIT] pos=88 op=40 @parser.c:1799
[QTS:SCOPE] push: level=1 first_var=-1
[QTS:SCOPE] enter: idx=1 is_body=0
[QTS:EMIT] pos=0 op=182 @parser.c:1799
[QTS:EMIT] pos=1 u16=0x0001 (1) @parser.c:1772
[QTS:SCOPE] push: level=2 first_var=-1
[QTS:SCOPE] enter: idx=2 is_body=0
[QTS:EMIT] pos=3 op=182 @parser.c:1799
[QTS:EMIT] pos=4 u16=0x0002 (2) @parser.c:1772
[QTS:EMIT] pos=6 op=200 @parser.c:1786
[QTS:EMIT] pos=7 u32=0x00002c89 (11401) @parser.c:1788
[QTS:EMIT] pos=11 op=186 @parser.c:1799
[QTS:EMIT] pos=12 u32=0x00000244 (580) @parser.c:1777
[QTS:EMIT] pos=16 u16=0x0002 (2) @parser.c:1772
[QTS:EMIT] pos=18 op=108 @parser.c:1799
[QTS:EMIT] pos=19 u32=0x00000000 (0) @parser.c:1777
[QTS:SCOPE] push: level=3 first_var=-1
[QTS:SCOPE] enter: idx=3 is_body=0
[QTS:EMIT] pos=23 op=182 @parser.c:1799
[QTS:EMIT] pos=24 u16=0x0003 (3) @parser.c:1772
[QTS:EMIT] pos=26 op=200 @parser.c:1786
[QTS:EMIT] pos=27 u32=0x00002c9c (11420) @parser.c:1788
[QTS:EMIT] pos=31 op=186 @parser.c:1799
[QTS:EMIT] pos=32 u32=0x00000208 (520) @parser.c:1777
[QTS:EMIT] pos=36 u16=0x0003 (3) @parser.c:1772
[QTS:EMIT] pos=38 op=200 @parser.c:1786
[QTS:EMIT] pos=39 u32=0x00002ca3 (11427) @parser.c:1788
[QTS:EMIT] pos=43 op=66 @parser.c:1799
[QTS:EMIT] pos=44 atom=277 @parser.c:1807
[QTS:EMIT] pos=48 op=200 @parser.c:1786
[QTS:EMIT] pos=49 u32=0x00002ca9 (11433) @parser.c:1788
[QTS:EMIT] pos=53 op=186 @parser.c:1799
[QTS:EMIT] pos=54 u32=0x00000244 (580) @parser.c:1777
[QTS:EMIT] pos=58 u16=0x0003 (3) @parser.c:1772
[QTS:EMIT] pos=60 op=200 @parser.c:1786
[QTS:EMIT] pos=61 u32=0x00002ca8 (11432) @parser.c:1788
[QTS:EMIT] pos=65 op=36 @parser.c:1799
[QTS:EMIT] pos=66 u16=0x0001 (1) @parser.c:1772
[QTS:EMIT] pos=68 op=14 @parser.c:1799
[QTS:SCOPE] leave: idx=3
[QTS:SCOPE] pop: level=3
[QTS:EMIT] pos=69 op=183 @parser.c:1799
[QTS:EMIT] pos=70 u16=0x0003 (3) @parser.c:1772
[QTS:EMIT] pos=72 op=184 @parser.c:1799
[QTS:EMIT] pos=73 u32=0x00000000 (0) @parser.c:1777
[QTS:SCOPE] leave: idx=2
[QTS:SCOPE] pop: level=2
[QTS:EMIT] pos=77 op=183 @parser.c:1799
[QTS:EMIT] pos=78 u16=0x0002 (2) @parser.c:1772
[QTS:EMIT] pos=80 op=200 @parser.c:1786
[QTS:EMIT] pos=81 u32=0x00002cc1 (11457) @parser.c:1788
[QTS:EMIT] pos=85 op=186 @parser.c:1799
[QTS:EMIT] pos=86 u32=0x0000021f (543) @parser.c:1777
[QTS:EMIT] pos=90 u16=0x0001 (1) @parser.c:1772
[QTS:EMIT] pos=85 op=189 @parser.c:1799
[QTS:EMIT] pos=86 atom=543 @parser.c:1807
[QTS:EMIT] pos=90 u32=0x00000001 (1) @parser.c:1777
[QTS:EMIT] pos=94 u16=0x0001 (1) @parser.c:1772
[QTS:ASSIGN] lvalue: opcode=61 scope=1 atom=543 label=1
[QTS:EMIT] pos=96 op=200 @parser.c:1786
[QTS:EMIT] pos=97 u32=0x00002cd1 (11473) @parser.c:1788
[QTS:EMIT] pos=101 op=186 @parser.c:1799
[QTS:EMIT] pos=102 u32=0x00000208 (520) @parser.c:1777
[QTS:EMIT] pos=106 u16=0x0001 (1) @parser.c:1772
[QTS:EMIT] pos=108 op=200 @parser.c:1786
[QTS:EMIT] pos=109 u32=0x00002cd8 (11480) @parser.c:1788
[QTS:EMIT] pos=113 op=66 @parser.c:1799
[QTS:EMIT] pos=114 atom=48 @parser.c:1807
[QTS:EMIT] pos=118 op=184 @parser.c:1799
[QTS:EMIT] pos=119 u32=0x00000001 (1) @parser.c:1777
[QTS:EMIT] pos=123 op=22 @parser.c:1799
[QTS:EMIT] pos=124 op=62 @parser.c:1799
[QTS:EMIT] pos=125 op=14 @parser.c:1799
[QTS:EMIT] pos=126 op=41 @parser.c:1799
[QTS:SCOPE] push: level=1 first_var=-1
[QTS:SCOPE] enter: idx=1 is_body=0
[QTS:EMIT] pos=0 op=182 @parser.c:1799
[QTS:EMIT] pos=1 u16=0x0001 (1) @parser.c:1772
[QTS:SCOPE] push: level=2 first_var=-1
[QTS:SCOPE] enter: idx=2 is_body=0
[QTS:EMIT] pos=3 op=182 @parser.c:1799
[QTS:EMIT] pos=4 u16=0x0002 (2) @parser.c:1772
[QTS:EMIT] pos=6 op=200 @parser.c:1786
[QTS:EMIT] pos=7 u32=0x00002d15 (11541) @parser.c:1788
[QTS:EMIT] pos=11 op=186 @parser.c:1799
[QTS:EMIT] pos=12 u32=0x0000021f (543) @parser.c:1777
[QTS:EMIT] pos=16 u16=0x0002 (2) @parser.c:1772
[QTS:EMIT] pos=18 op=1 @parser.c:1799
[QTS:EMIT] pos=19 u32=0x00000000 (0) @parser.c:1777
[QTS:EMIT] pos=23 op=200 @parser.c:1786
[QTS:EMIT] pos=24 u32=0x00002d23 (11555) @parser.c:1788
[QTS:EMIT] pos=28 op=167 @parser.c:1799
[QTS:EMIT] pos=29 op=108 @parser.c:1799
[QTS:EMIT] pos=30 u32=0x00000000 (0) @parser.c:1777
[QTS:SCOPE] push: level=3 first_var=-1
[QTS:SCOPE] enter: idx=3 is_body=0
[QTS:EMIT] pos=34 op=182 @parser.c:1799
[QTS:EMIT] pos=35 u16=0x0003 (3) @parser.c:1772
[QTS:SCOPE] push: level=4 first_var=-1
[QTS:SCOPE] enter: idx=4 is_body=0
[QTS:EMIT] pos=37 op=182 @parser.c:1799
[QTS:EMIT] pos=38 u16=0x0004 (4) @parser.c:1772
[QTS:EMIT] pos=40 op=200 @parser.c:1786
[QTS:EMIT] pos=41 u32=0x00002d3a (11578) @parser.c:1788
[QTS:EMIT] pos=45 op=186 @parser.c:1799
[QTS:EMIT] pos=46 u32=0x0000021f (543) @parser.c:1777
[QTS:EMIT] pos=50 u16=0x0004 (4) @parser.c:1772
[QTS:EMIT] pos=52 op=200 @parser.c:1786
[QTS:EMIT] pos=53 u32=0x00002d4b (11595) @parser.c:1788
[QTS:EMIT] pos=57 op=186 @parser.c:1799
[QTS:EMIT] pos=58 u32=0x00000208 (520) @parser.c:1777
[QTS:EMIT] pos=62 u16=0x0004 (4) @parser.c:1772
[QTS:EMIT] pos=64 op=200 @parser.c:1786
[QTS:EMIT] pos=65 u32=0x00002d52 (11602) @parser.c:1788
[QTS:EMIT] pos=69 op=66 @parser.c:1799
[QTS:EMIT] pos=70 atom=48 @parser.c:1807
[QTS:EMIT] pos=74 op=200 @parser.c:1786
[QTS:EMIT] pos=75 u32=0x00002d48 (11592) @parser.c:1788
[QTS:EMIT] pos=79 op=171 @parser.c:1799
[QTS:EMIT] pos=80 op=108 @parser.c:1799
[QTS:EMIT] pos=81 u32=0x00000001 (1) @parser.c:1777
[QTS:SCOPE] push: level=5 first_var=-1
[QTS:SCOPE] enter: idx=5 is_body=0
[QTS:EMIT] pos=85 op=182 @parser.c:1799
[QTS:EMIT] pos=86 u16=0x0005 (5) @parser.c:1772
[QTS:EMIT] pos=88 op=200 @parser.c:1786
[QTS:EMIT] pos=89 u32=0x00002d6d (11629) @parser.c:1788
[QTS:EMIT] pos=93 op=186 @parser.c:1799
[QTS:EMIT] pos=94 u32=0x00000208 (520) @parser.c:1777
[QTS:EMIT] pos=98 u16=0x0005 (5) @parser.c:1772
[QTS:EMIT] pos=100 op=200 @parser.c:1786
[QTS:EMIT] pos=101 u32=0x00002d74 (11636) @parser.c:1788
[QTS:EMIT] pos=105 op=66 @parser.c:1799
[QTS:EMIT] pos=106 atom=277 @parser.c:1807
[QTS:EMIT] pos=110 op=200 @parser.c:1786
[QTS:EMIT] pos=111 u32=0x00002d7a (11642) @parser.c:1788
[QTS:EMIT] pos=115 op=186 @parser.c:1799
[QTS:EMIT] pos=116 u32=0x0000021b (539) @parser.c:1777
[QTS:EMIT] pos=120 u16=0x0005 (5) @parser.c:1772
[QTS:EMIT] pos=122 op=200 @parser.c:1786
[QTS:EMIT] pos=123 u32=0x00002d79 (11641) @parser.c:1788
[QTS:EMIT] pos=127 op=36 @parser.c:1799
[QTS:EMIT] pos=128 u16=0x0001 (1) @parser.c:1772
[QTS:EMIT] pos=130 op=14 @parser.c:1799
[QTS:SCOPE] leave: idx=5
[QTS:SCOPE] pop: level=5
[QTS:EMIT] pos=131 op=183 @parser.c:1799
[QTS:EMIT] pos=132 u16=0x0005 (5) @parser.c:1772
[QTS:EMIT] pos=134 op=184 @parser.c:1799
[QTS:EMIT] pos=135 u32=0x00000001 (1) @parser.c:1777
[QTS:SCOPE] leave: idx=4
[QTS:SCOPE] pop: level=4
[QTS:EMIT] pos=139 op=183 @parser.c:1799
[QTS:EMIT] pos=140 u16=0x0004 (4) @parser.c:1772
[QTS:EMIT] pos=142 op=200 @parser.c:1786
[QTS:EMIT] pos=143 u32=0x00002d9a (11674) @parser.c:1788
[QTS:EMIT] pos=147 op=186 @parser.c:1799
[QTS:EMIT] pos=148 u32=0x0000021f (543) @parser.c:1777
[QTS:EMIT] pos=152 u16=0x0003 (3) @parser.c:1772
[QTS:EMIT] pos=147 op=189 @parser.c:1799
[QTS:EMIT] pos=148 atom=543 @parser.c:1807
[QTS:EMIT] pos=152 u32=0x00000002 (2) @parser.c:1777
[QTS:EMIT] pos=156 u16=0x0003 (3) @parser.c:1772
[QTS:EMIT] pos=158 op=61 @parser.c:1799
[QTS:EMIT] pos=159 op=200 @parser.c:1786
[QTS:EMIT] pos=160 u32=0x00002da7 (11687) @parser.c:1788
[QTS:EMIT] pos=164 op=146 @parser.c:1799
[QTS:EMIT] pos=165 op=184 @parser.c:1799
[QTS:EMIT] pos=166 u32=0x00000002 (2) @parser.c:1777
[QTS:EMIT] pos=170 op=25 @parser.c:1799
[QTS:EMIT] pos=171 op=62 @parser.c:1799
[QTS:EMIT] pos=172 op=14 @parser.c:1799
[QTS:EMIT] pos=173 op=200 @parser.c:1786
[QTS:EMIT] pos=174 u32=0x00002db7 (11703) @parser.c:1788
[QTS:EMIT] pos=178 op=186 @parser.c:1799
[QTS:EMIT] pos=179 u32=0x0000021b (539) @parser.c:1777
[QTS:EMIT] pos=183 u16=0x0003 (3) @parser.c:1772
[QTS:EMIT] pos=178 op=189 @parser.c:1799
[QTS:EMIT] pos=179 atom=539 @parser.c:1807
[QTS:EMIT] pos=183 u32=0x00000003 (3) @parser.c:1777
[QTS:EMIT] pos=187 u16=0x0003 (3) @parser.c:1772
[QTS:ASSIGN] lvalue: opcode=61 scope=3 atom=539 label=3
[QTS:EMIT] pos=189 op=200 @parser.c:1786
[QTS:EMIT] pos=190 u32=0x00002dbd (11709) @parser.c:1788
[QTS:EMIT] pos=194 op=186 @parser.c:1799
[QTS:EMIT] pos=195 u32=0x00000208 (520) @parser.c:1777
[QTS:EMIT] pos=199 u16=0x0003 (3) @parser.c:1772
[QTS:EMIT] pos=201 op=200 @parser.c:1786
[QTS:EMIT] pos=202 u32=0x00002dc5 (11717) @parser.c:1788
[QTS:EMIT] pos=206 op=186 @parser.c:1799
[QTS:EMIT] pos=207 u32=0x0000021f (543) @parser.c:1777
[QTS:EMIT] pos=211 u16=0x0003 (3) @parser.c:1772
[QTS:EMIT] pos=213 op=200 @parser.c:1786
[QTS:EMIT] pos=214 u32=0x00002dc4 (11716) @parser.c:1788
[QTS:EMIT] pos=218 op=72 @parser.c:1799
[QTS:EMIT] pos=219 op=184 @parser.c:1799
[QTS:EMIT] pos=220 u32=0x00000003 (3) @parser.c:1777
[QTS:EMIT] pos=224 op=22 @parser.c:1799
[QTS:EMIT] pos=225 op=62 @parser.c:1799
[QTS:EMIT] pos=226 op=14 @parser.c:1799
[QTS:EMIT] pos=227 op=200 @parser.c:1786
[QTS:EMIT] pos=228 u32=0x00002de1 (11745) @parser.c:1788
[QTS:EMIT] pos=232 op=186 @parser.c:1799
[QTS:EMIT] pos=233 u32=0x0000021c (540) @parser.c:1777
[QTS:EMIT] pos=237 u16=0x0003 (3) @parser.c:1772
[QTS:EMIT] pos=232 op=189 @parser.c:1799
[QTS:EMIT] pos=233 atom=540 @parser.c:1807
[QTS:EMIT] pos=237 u32=0x00000004 (4) @parser.c:1777
[QTS:EMIT] pos=241 u16=0x0003 (3) @parser.c:1772
[QTS:ASSIGN] lvalue: opcode=61 scope=3 atom=540 label=4
[QTS:EMIT] pos=243 op=200 @parser.c:1786
[QTS:EMIT] pos=244 u32=0x00002dee (11758) @parser.c:1788
[QTS:EMIT] pos=248 op=186 @parser.c:1799
[QTS:EMIT] pos=249 u32=0x0000021b (539) @parser.c:1777
[QTS:EMIT] pos=253 u16=0x0003 (3) @parser.c:1772
[QTS:EMIT] pos=255 op=200 @parser.c:1786
[QTS:EMIT] pos=256 u32=0x00002df1 (11761) @parser.c:1788
[QTS:EMIT] pos=260 op=66 @parser.c:1799
[QTS:EMIT] pos=261 atom=48 @parser.c:1807
[QTS:EMIT] pos=265 op=184 @parser.c:1799
[QTS:EMIT] pos=266 u32=0x00000004 (4) @parser.c:1777
[QTS:EMIT] pos=270 op=22 @parser.c:1799
[QTS:EMIT] pos=271 op=62 @parser.c:1799
[QTS:EMIT] pos=272 op=14 @parser.c:1799
[QTS:SCOPE] leave: idx=3
[QTS:SCOPE] pop: level=3
[QTS:EMIT] pos=273 op=183 @parser.c:1799
[QTS:EMIT] pos=274 u16=0x0003 (3) @parser.c:1772
[QTS:EMIT] pos=276 op=184 @parser.c:1799
[QTS:EMIT] pos=277 u32=0x00000000 (0) @parser.c:1777
[QTS:SCOPE] leave: idx=2
[QTS:SCOPE] pop: level=2
[QTS:EMIT] pos=281 op=183 @parser.c:1799
[QTS:EMIT] pos=282 u16=0x0002 (2) @parser.c:1772
[QTS:EMIT] pos=284 op=41 @parser.c:1799
[QTS:SCOPE] push: level=1 first_var=-1
[QTS:SCOPE] enter: idx=1 is_body=0
[QTS:EMIT] pos=0 op=182 @parser.c:1799
[QTS:EMIT] pos=1 u16=0x0001 (1) @parser.c:1772
[QTS:SCOPE] push: level=2 first_var=-1
[QTS:SCOPE] enter: idx=2 is_body=0
[QTS:EMIT] pos=3 op=182 @parser.c:1799
[QTS:EMIT] pos=4 u16=0x0002 (2) @parser.c:1772
[QTS:EMIT] pos=6 op=200 @parser.c:1786
[QTS:EMIT] pos=7 u32=0x00002e34 (11828) @parser.c:1788
[QTS:EMIT] pos=11 op=186 @parser.c:1799
[QTS:EMIT] pos=12 u32=0x0000021f (543) @parser.c:1777
[QTS:EMIT] pos=16 u16=0x0002 (2) @parser.c:1772
[QTS:EMIT] pos=18 op=200 @parser.c:1786
[QTS:EMIT] pos=19 u32=0x00002e44 (11844) @parser.c:1788
[QTS:EMIT] pos=23 op=186 @parser.c:1799
[QTS:EMIT] pos=24 u32=0x00000208 (520) @parser.c:1777
[QTS:EMIT] pos=28 u16=0x0002 (2) @parser.c:1772
[QTS:EMIT] pos=30 op=200 @parser.c:1786
[QTS:EMIT] pos=31 u32=0x00002e4b (11851) @parser.c:1788
[QTS:EMIT] pos=35 op=66 @parser.c:1799
[QTS:EMIT] pos=36 atom=48 @parser.c:1807
[QTS:EMIT] pos=40 op=1 @parser.c:1799
[QTS:EMIT] pos=41 u32=0x00000001 (1) @parser.c:1777
[QTS:EMIT] pos=45 op=200 @parser.c:1786
[QTS:EMIT] pos=46 u32=0x00002e53 (11859) @parser.c:1788
[QTS:EMIT] pos=50 op=160 @parser.c:1799
[QTS:EMIT] pos=51 op=200 @parser.c:1786
[QTS:EMIT] pos=52 u32=0x00002e42 (11842) @parser.c:1788
[QTS:EMIT] pos=56 op=165 @parser.c:1799
[QTS:EMIT] pos=57 op=108 @parser.c:1799
[QTS:EMIT] pos=58 u32=0x00000000 (0) @parser.c:1777
[QTS:SCOPE] push: level=3 first_var=-1
[QTS:SCOPE] enter: idx=3 is_body=0
[QTS:EMIT] pos=62 op=182 @parser.c:1799
[QTS:EMIT] pos=63 u16=0x0003 (3) @parser.c:1772
[QTS:EMIT] pos=65 op=200 @parser.c:1786
[QTS:EMIT] pos=66 u32=0x00002e66 (11878) @parser.c:1788
[QTS:EMIT] pos=70 op=186 @parser.c:1799
[QTS:EMIT] pos=71 u32=0x0000021f (543) @parser.c:1777
[QTS:EMIT] pos=75 u16=0x0003 (3) @parser.c:1772
[QTS:EMIT] pos=70 op=189 @parser.c:1799
[QTS:EMIT] pos=71 atom=543 @parser.c:1807
[QTS:EMIT] pos=75 u32=0x00000001 (1) @parser.c:1777
[QTS:EMIT] pos=79 u16=0x0003 (3) @parser.c:1772
[QTS:EMIT] pos=81 op=61 @parser.c:1799
[QTS:EMIT] pos=82 op=200 @parser.c:1786
[QTS:EMIT] pos=83 u32=0x00002e73 (11891) @parser.c:1788
[QTS:EMIT] pos=87 op=147 @parser.c:1799
[QTS:EMIT] pos=88 op=184 @parser.c:1799
[QTS:EMIT] pos=89 u32=0x00000001 (1) @parser.c:1777
[QTS:EMIT] pos=93 op=25 @parser.c:1799
[QTS:EMIT] pos=94 op=62 @parser.c:1799
[QTS:EMIT] pos=95 op=14 @parser.c:1799
[QTS:EMIT] pos=96 op=200 @parser.c:1786
[QTS:EMIT] pos=97 u32=0x00002e83 (11907) @parser.c:1788
[QTS:EMIT] pos=101 op=186 @parser.c:1799
[QTS:EMIT] pos=102 u32=0x0000021b (539) @parser.c:1777
[QTS:EMIT] pos=106 u16=0x0003 (3) @parser.c:1772
[QTS:EMIT] pos=101 op=189 @parser.c:1799
[QTS:EMIT] pos=102 atom=539 @parser.c:1807
[QTS:EMIT] pos=106 u32=0x00000002 (2) @parser.c:1777
[QTS:EMIT] pos=110 u16=0x0003 (3) @parser.c:1772
[QTS:ASSIGN] lvalue: opcode=61 scope=3 atom=539 label=2
[QTS:EMIT] pos=112 op=200 @parser.c:1786
[QTS:EMIT] pos=113 u32=0x00002e89 (11913) @parser.c:1788
[QTS:EMIT] pos=117 op=186 @parser.c:1799
[QTS:EMIT] pos=118 u32=0x00000208 (520) @parser.c:1777
[QTS:EMIT] pos=122 u16=0x0003 (3) @parser.c:1772
[QTS:EMIT] pos=124 op=200 @parser.c:1786
[QTS:EMIT] pos=125 u32=0x00002e91 (11921) @parser.c:1788
[QTS:EMIT] pos=129 op=186 @parser.c:1799
[QTS:EMIT] pos=130 u32=0x0000021f (543) @parser.c:1777
[QTS:EMIT] pos=134 u16=0x0003 (3) @parser.c:1772
[QTS:EMIT] pos=136 op=200 @parser.c:1786
[QTS:EMIT] pos=137 u32=0x00002e90 (11920) @parser.c:1788
[QTS:EMIT] pos=141 op=72 @parser.c:1799
[QTS:EMIT] pos=142 op=184 @parser.c:1799
[QTS:EMIT] pos=143 u32=0x00000002 (2) @parser.c:1777
[QTS:EMIT] pos=147 op=22 @parser.c:1799
[QTS:EMIT] pos=148 op=62 @parser.c:1799
[QTS:EMIT] pos=149 op=14 @parser.c:1799
[QTS:EMIT] pos=150 op=200 @parser.c:1786
[QTS:EMIT] pos=151 u32=0x00002ead (11949) @parser.c:1788
[QTS:EMIT] pos=155 op=186 @parser.c:1799
[QTS:EMIT] pos=156 u32=0x0000021c (540) @parser.c:1777
[QTS:EMIT] pos=160 u16=0x0003 (3) @parser.c:1772
[QTS:EMIT] pos=155 op=189 @parser.c:1799
[QTS:EMIT] pos=156 atom=540 @parser.c:1807
[QTS:EMIT] pos=160 u32=0x00000003 (3) @parser.c:1777
[QTS:EMIT] pos=164 u16=0x0003 (3) @parser.c:1772
[QTS:ASSIGN] lvalue: opcode=61 scope=3 atom=540 label=3
[QTS:EMIT] pos=166 op=200 @parser.c:1786
[QTS:EMIT] pos=167 u32=0x00002eba (11962) @parser.c:1788
[QTS:EMIT] pos=171 op=186 @parser.c:1799
[QTS:EMIT] pos=172 u32=0x0000021b (539) @parser.c:1777
[QTS:EMIT] pos=176 u16=0x0003 (3) @parser.c:1772
[QTS:EMIT] pos=178 op=200 @parser.c:1786
[QTS:EMIT] pos=179 u32=0x00002ebd (11965) @parser.c:1788
[QTS:EMIT] pos=183 op=66 @parser.c:1799
[QTS:EMIT] pos=184 atom=48 @parser.c:1807
[QTS:EMIT] pos=188 op=184 @parser.c:1799
[QTS:EMIT] pos=189 u32=0x00000003 (3) @parser.c:1777
[QTS:EMIT] pos=193 op=22 @parser.c:1799
[QTS:EMIT] pos=194 op=62 @parser.c:1799
[QTS:EMIT] pos=195 op=14 @parser.c:1799
[QTS:SCOPE] leave: idx=3
[QTS:SCOPE] pop: level=3
[QTS:EMIT] pos=196 op=183 @parser.c:1799
[QTS:EMIT] pos=197 u16=0x0003 (3) @parser.c:1772
[QTS:EMIT] pos=199 op=184 @parser.c:1799
[QTS:EMIT] pos=200 u32=0x00000000 (0) @parser.c:1777
[QTS:SCOPE] leave: idx=2
[QTS:SCOPE] pop: level=2
[QTS:EMIT] pos=204 op=183 @parser.c:1799
[QTS:EMIT] pos=205 u16=0x0002 (2) @parser.c:1772
[QTS:EMIT] pos=207 op=41 @parser.c:1799
[QTS:SCOPE] push: level=1 first_var=-1
[QTS:SCOPE] enter: idx=1 is_body=0
[QTS:EMIT] pos=0 op=182 @parser.c:1799
[QTS:EMIT] pos=1 u16=0x0001 (1) @parser.c:1772
[QTS:EMIT] pos=3 op=200 @parser.c:1786
[QTS:EMIT] pos=4 u32=0x00002f0b (12043) @parser.c:1788
[QTS:EMIT] pos=8 op=186 @parser.c:1799
[QTS:EMIT] pos=9 u32=0x0000021c (540) @parser.c:1777
[QTS:EMIT] pos=13 u16=0x0001 (1) @parser.c:1772
[QTS:EMIT] pos=15 op=187 @parser.c:1799
[QTS:EMIT] pos=16 atom=623 @parser.c:1807
[QTS:EMIT] pos=20 u16=0x0001 (1) @parser.c:1772
[QTS:SCOPE] push: level=2 first_var=-1
[QTS:SCOPE] enter: idx=2 is_body=0
[QTS:EMIT] pos=22 op=182 @parser.c:1799
[QTS:EMIT] pos=23 u16=0x0002 (2) @parser.c:1772
[QTS:EMIT] pos=25 op=1 @parser.c:1799
[QTS:EMIT] pos=26 u32=0x00000001 (1) @parser.c:1777
[QTS:EMIT] pos=30 op=187 @parser.c:1799
[QTS:EMIT] pos=31 atom=566 @parser.c:1807
[QTS:EMIT] pos=35 u16=0x0002 (2) @parser.c:1772
[QTS:EMIT] pos=37 op=183 @parser.c:1799
[QTS:EMIT] pos=38 u16=0x0002 (2) @parser.c:1772
[QTS:EMIT] pos=40 op=184 @parser.c:1799
[QTS:EMIT] pos=41 u32=0x00000000 (0) @parser.c:1777
[QTS:EMIT] pos=45 op=200 @parser.c:1786
[QTS:EMIT] pos=46 u32=0x00002f2f (12079) @parser.c:1788
[QTS:EMIT] pos=50 op=186 @parser.c:1799
[QTS:EMIT] pos=51 u32=0x00000236 (566) @parser.c:1777
[QTS:EMIT] pos=55 u16=0x0002 (2) @parser.c:1772
[QTS:EMIT] pos=57 op=200 @parser.c:1786
[QTS:EMIT] pos=58 u32=0x00002f34 (12084) @parser.c:1788
[QTS:EMIT] pos=62 op=186 @parser.c:1799
[QTS:EMIT] pos=63 u32=0x00000208 (520) @parser.c:1777
[QTS:EMIT] pos=67 u16=0x0002 (2) @parser.c:1772
[QTS:EMIT] pos=69 op=200 @parser.c:1786
[QTS:EMIT] pos=70 u32=0x00002f3b (12091) @parser.c:1788
[QTS:EMIT] pos=74 op=66 @parser.c:1799
[QTS:EMIT] pos=75 atom=48 @parser.c:1807
[QTS:EMIT] pos=79 op=200 @parser.c:1786
[QTS:EMIT] pos=80 u32=0x00002f31 (12081) @parser.c:1788
[QTS:EMIT] pos=84 op=166 @parser.c:1799
[QTS:EMIT] pos=85 op=108 @parser.c:1799
[QTS:EMIT] pos=86 u32=0x00000003 (3) @parser.c:1777
[QTS:EMIT] pos=90 op=110 @parser.c:1799
[QTS:EMIT] pos=91 u32=0x00000002 (2) @parser.c:1777
[QTS:EMIT] pos=95 op=184 @parser.c:1799
[QTS:EMIT] pos=96 u32=0x00000001 (1) @parser.c:1777
[QTS:EMIT] pos=100 op=200 @parser.c:1786
[QTS:EMIT] pos=101 u32=0x00002f44 (12100) @parser.c:1788
[QTS:EMIT] pos=105 op=186 @parser.c:1799
[QTS:EMIT] pos=106 u32=0x00000236 (566) @parser.c:1777
[QTS:EMIT] pos=110 u16=0x0002 (2) @parser.c:1772
[QTS:EMIT] pos=105 op=189 @parser.c:1799
[QTS:EMIT] pos=106 atom=566 @parser.c:1807
[QTS:EMIT] pos=110 u32=0x00000004 (4) @parser.c:1777
[QTS:EMIT] pos=114 u16=0x0002 (2) @parser.c:1772
[QTS:EMIT] pos=116 op=61 @parser.c:1799
[QTS:EMIT] pos=117 op=200 @parser.c:1786
[QTS:EMIT] pos=118 u32=0x00002f45 (12101) @parser.c:1788
[QTS:EMIT] pos=122 op=147 @parser.c:1799
[QTS:EMIT] pos=123 op=184 @parser.c:1799
[QTS:EMIT] pos=124 u32=0x00000004 (4) @parser.c:1777
[QTS:EMIT] pos=128 op=25 @parser.c:1799
[QTS:EMIT] pos=129 op=62 @parser.c:1799
[QTS:EMIT] pos=130 op=14 @parser.c:1799
[QTS:EMIT] pos=131 op=110 @parser.c:1799
[QTS:EMIT] pos=132 u32=0x00000000 (0) @parser.c:1777
[QTS:EMIT] pos=136 op=184 @parser.c:1799
[QTS:EMIT] pos=137 u32=0x00000002 (2) @parser.c:1777
[QTS:SCOPE] push: level=3 first_var=-1
[QTS:SCOPE] enter: idx=3 is_body=0
[QTS:EMIT] pos=141 op=182 @parser.c:1799
[QTS:EMIT] pos=142 u16=0x0003 (3) @parser.c:1772
[QTS:EMIT] pos=144 op=200 @parser.c:1786
[QTS:EMIT] pos=145 u32=0x00002f64 (12132) @parser.c:1788
[QTS:EMIT] pos=149 op=186 @parser.c:1799
[QTS:EMIT] pos=150 u32=0x00000208 (520) @parser.c:1777
[QTS:EMIT] pos=154 u16=0x0003 (3) @parser.c:1772
[QTS:EMIT] pos=156 op=200 @parser.c:1786
[QTS:EMIT] pos=157 u32=0x00002f6b (12139) @parser.c:1788
[QTS:EMIT] pos=161 op=66 @parser.c:1799
[QTS:EMIT] pos=162 atom=48 @parser.c:1807
[QTS:EMIT] pos=166 op=200 @parser.c:1786
[QTS:EMIT] pos=167 u32=0x00002f75 (12149) @parser.c:1788
[QTS:EMIT] pos=171 op=186 @parser.c:1799
[QTS:EMIT] pos=172 u32=0x00000236 (566) @parser.c:1777
[QTS:EMIT] pos=176 u16=0x0003 (3) @parser.c:1772
[QTS:EMIT] pos=178 op=200 @parser.c:1786
[QTS:EMIT] pos=179 u32=0x00002f79 (12153) @parser.c:1788
[QTS:EMIT] pos=183 op=186 @parser.c:1799
[QTS:EMIT] pos=184 u32=0x00000278 (632) @parser.c:1777
[QTS:EMIT] pos=188 u16=0x0003 (3) @parser.c:1772
[QTS:EMIT] pos=190 op=200 @parser.c:1786
[QTS:EMIT] pos=191 u32=0x00002f77 (12151) @parser.c:1788
[QTS:EMIT] pos=195 op=156 @parser.c:1799
[QTS:EMIT] pos=196 op=200 @parser.c:1786
[QTS:EMIT] pos=197 u32=0x00002f73 (12147) @parser.c:1788
[QTS:EMIT] pos=201 op=159 @parser.c:1799
[QTS:EMIT] pos=202 op=200 @parser.c:1786
[QTS:EMIT] pos=203 u32=0x00002f7f (12159) @parser.c:1788
[QTS:EMIT] pos=207 op=186 @parser.c:1799
[QTS:EMIT] pos=208 u32=0x0000021f (543) @parser.c:1777
[QTS:EMIT] pos=212 u16=0x0003 (3) @parser.c:1772
[QTS:EMIT] pos=214 op=200 @parser.c:1786
[QTS:EMIT] pos=215 u32=0x00002f7d (12157) @parser.c:1788
[QTS:EMIT] pos=219 op=159 @parser.c:1799
[QTS:EMIT] pos=220 op=200 @parser.c:1786
[QTS:EMIT] pos=221 u32=0x00002f90 (12176) @parser.c:1788
[QTS:EMIT] pos=225 op=186 @parser.c:1799
[QTS:EMIT] pos=226 u32=0x00000208 (520) @parser.c:1777
[QTS:EMIT] pos=230 u16=0x0003 (3) @parser.c:1772
[QTS:EMIT] pos=232 op=200 @parser.c:1786
[QTS:EMIT] pos=233 u32=0x00002f97 (12183) @parser.c:1788
[QTS:EMIT] pos=237 op=66 @parser.c:1799
[QTS:EMIT] pos=238 atom=48 @parser.c:1807
[QTS:EMIT] pos=242 op=200 @parser.c:1786
[QTS:EMIT] pos=243 u32=0x00002f8e (12174) @parser.c:1788
[QTS:EMIT] pos=247 op=158 @parser.c:1799
[QTS:EMIT] pos=248 op=187 @parser.c:1799
[QTS:EMIT] pos=249 atom=89 @parser.c:1807
[QTS:EMIT] pos=253 u16=0x0003 (3) @parser.c:1772
[QTS:SCOPE] push: level=4 first_var=-1
[QTS:SCOPE] enter: idx=4 is_body=0
[QTS:EMIT] pos=255 op=182 @parser.c:1799
[QTS:EMIT] pos=256 u16=0x0004 (4) @parser.c:1772
[QTS:EMIT] pos=258 op=200 @parser.c:1786
[QTS:EMIT] pos=259 u32=0x00002fb0 (12208) @parser.c:1788
[QTS:EMIT] pos=263 op=186 @parser.c:1799
[QTS:EMIT] pos=264 u32=0x00000208 (520) @parser.c:1777
[QTS:EMIT] pos=268 u16=0x0004 (4) @parser.c:1772
[QTS:EMIT] pos=270 op=200 @parser.c:1786
[QTS:EMIT] pos=271 u32=0x00002fb8 (12216) @parser.c:1788
[QTS:EMIT] pos=275 op=186 @parser.c:1799
[QTS:EMIT] pos=276 u32=0x00000059 (89) @parser.c:1777
[QTS:EMIT] pos=280 u16=0x0004 (4) @parser.c:1772
[QTS:EMIT] pos=282 op=200 @parser.c:1786
[QTS:EMIT] pos=283 u32=0x00002fb7 (12215) @parser.c:1788
[QTS:EMIT] pos=287 op=72 @parser.c:1799
[QTS:EMIT] pos=288 op=200 @parser.c:1786
[QTS:EMIT] pos=289 u32=0x00002fbe (12222) @parser.c:1788
[QTS:EMIT] pos=293 op=66 @parser.c:1799
[QTS:EMIT] pos=294 atom=326 @parser.c:1807
[QTS:EMIT] pos=298 op=1 @parser.c:1799
[QTS:EMIT] pos=299 u32=0x00000000 (0) @parser.c:1777
[QTS:EMIT] pos=303 op=200 @parser.c:1786
[QTS:EMIT] pos=304 u32=0x00002fcc (12236) @parser.c:1788
[QTS:EMIT] pos=308 op=186 @parser.c:1799
[QTS:EMIT] pos=309 u32=0x0000026f (623) @parser.c:1777
[QTS:EMIT] pos=313 u16=0x0004 (4) @parser.c:1772
[QTS:EMIT] pos=315 op=200 @parser.c:1786
[QTS:EMIT] pos=316 u32=0x00002fc8 (12232) @parser.c:1788
[QTS:EMIT] pos=320 op=36 @parser.c:1799
[QTS:EMIT] pos=321 u16=0x0002 (2) @parser.c:1772
[QTS:EMIT] pos=323 op=200 @parser.c:1786
[QTS:EMIT] pos=324 u32=0x00002fd4 (12244) @parser.c:1788
[QTS:EMIT] pos=328 op=186 @parser.c:1799
[QTS:EMIT] pos=329 u32=0x0000021b (539) @parser.c:1777
[QTS:EMIT] pos=333 u16=0x0004 (4) @parser.c:1772
[QTS:EMIT] pos=335 op=200 @parser.c:1786
[QTS:EMIT] pos=336 u32=0x00002fd7 (12247) @parser.c:1788
[QTS:EMIT] pos=340 op=66 @parser.c:1799
[QTS:EMIT] pos=341 atom=326 @parser.c:1807
[QTS:EMIT] pos=345 op=1 @parser.c:1799
[QTS:EMIT] pos=346 u32=0x00000000 (0) @parser.c:1777
[QTS:EMIT] pos=350 op=200 @parser.c:1786
[QTS:EMIT] pos=351 u32=0x00002fe5 (12261) @parser.c:1788
[QTS:EMIT] pos=355 op=186 @parser.c:1799
[QTS:EMIT] pos=356 u32=0x0000026f (623) @parser.c:1777
[QTS:EMIT] pos=360 u16=0x0004 (4) @parser.c:1772
[QTS:EMIT] pos=362 op=200 @parser.c:1786
[QTS:EMIT] pos=363 u32=0x00002fe1 (12257) @parser.c:1788
[QTS:EMIT] pos=367 op=36 @parser.c:1799
[QTS:EMIT] pos=368 u16=0x0002 (2) @parser.c:1772
[QTS:EMIT] pos=370 op=200 @parser.c:1786
[QTS:EMIT] pos=371 u32=0x00002fd1 (12241) @parser.c:1788
[QTS:EMIT] pos=375 op=171 @parser.c:1799
[QTS:EMIT] pos=376 op=108 @parser.c:1799
[QTS:EMIT] pos=377 u32=0x00000005 (5) @parser.c:1777
[QTS:SCOPE] push: level=5 first_var=-1
[QTS:SCOPE] enter: idx=5 is_body=0
[QTS:EMIT] pos=381 op=182 @parser.c:1799
[QTS:EMIT] pos=382 u16=0x0005 (5) @parser.c:1772
[QTS:EMIT] pos=384 op=200 @parser.c:1786
[QTS:EMIT] pos=385 u32=0x00002ffd (12285) @parser.c:1788
[QTS:EMIT] pos=389 op=186 @parser.c:1799
[QTS:EMIT] pos=390 u32=0x0000021f (543) @parser.c:1777
[QTS:EMIT] pos=394 u16=0x0005 (5) @parser.c:1772
[QTS:EMIT] pos=389 op=189 @parser.c:1799
[QTS:EMIT] pos=390 atom=543 @parser.c:1807
[QTS:EMIT] pos=394 u32=0x00000006 (6) @parser.c:1777
[QTS:EMIT] pos=398 u16=0x0005 (5) @parser.c:1772
[QTS:ASSIGN] lvalue: opcode=61 scope=5 atom=543 label=6
[QTS:EMIT] pos=400 op=200 @parser.c:1786
[QTS:EMIT] pos=401 u32=0x0000300d (12301) @parser.c:1788
[QTS:EMIT] pos=405 op=186 @parser.c:1799
[QTS:EMIT] pos=406 u32=0x00000059 (89) @parser.c:1777
[QTS:EMIT] pos=410 u16=0x0005 (5) @parser.c:1772
[QTS:EMIT] pos=412 op=184 @parser.c:1799
[QTS:EMIT] pos=413 u32=0x00000006 (6) @parser.c:1777
[QTS:EMIT] pos=417 op=22 @parser.c:1799
[QTS:EMIT] pos=418 op=62 @parser.c:1799
[QTS:EMIT] pos=419 op=14 @parser.c:1799
[QTS:EMIT] pos=420 op=200 @parser.c:1786
[QTS:EMIT] pos=421 u32=0x00003024 (12324) @parser.c:1788
[QTS:EMIT] pos=425 op=186 @parser.c:1799
[QTS:EMIT] pos=426 u32=0x0000021b (539) @parser.c:1777
[QTS:EMIT] pos=430 u16=0x0005 (5) @parser.c:1772
[QTS:EMIT] pos=425 op=189 @parser.c:1799
[QTS:EMIT] pos=426 atom=539 @parser.c:1807
[QTS:EMIT] pos=430 u32=0x00000007 (7) @parser.c:1777
[QTS:EMIT] pos=434 u16=0x0005 (5) @parser.c:1772
[QTS:ASSIGN] lvalue: opcode=61 scope=5 atom=539 label=7
[QTS:EMIT] pos=436 op=200 @parser.c:1786
[QTS:EMIT] pos=437 u32=0x0000302a (12330) @parser.c:1788
[QTS:EMIT] pos=441 op=186 @parser.c:1799
[QTS:EMIT] pos=442 u32=0x00000208 (520) @parser.c:1777
[QTS:EMIT] pos=446 u16=0x0005 (5) @parser.c:1772
[QTS:EMIT] pos=448 op=200 @parser.c:1786
[QTS:EMIT] pos=449 u32=0x00003032 (12338) @parser.c:1788
[QTS:EMIT] pos=453 op=186 @parser.c:1799
[QTS:EMIT] pos=454 u32=0x00000059 (89) @parser.c:1777
[QTS:EMIT] pos=458 u16=0x0005 (5) @parser.c:1772
[QTS:EMIT] pos=460 op=200 @parser.c:1786
[QTS:EMIT] pos=461 u32=0x00003031 (12337) @parser.c:1788
[QTS:EMIT] pos=465 op=72 @parser.c:1799
[QTS:EMIT] pos=466 op=184 @parser.c:1799
[QTS:EMIT] pos=467 u32=0x00000007 (7) @parser.c:1777
[QTS:EMIT] pos=471 op=22 @parser.c:1799
[QTS:EMIT] pos=472 op=62 @parser.c:1799
[QTS:EMIT] pos=473 op=14 @parser.c:1799
[QTS:EMIT] pos=474 op=200 @parser.c:1786
[QTS:EMIT] pos=475 u32=0x0000304a (12362) @parser.c:1788
[QTS:EMIT] pos=479 op=41 @parser.c:1799
[QTS:SCOPE] leave: idx=5
[QTS:SCOPE] pop: level=5
[QTS:EMIT] pos=480 op=183 @parser.c:1799
[QTS:EMIT] pos=481 u16=0x0005 (5) @parser.c:1772
[QTS:EMIT] pos=483 op=184 @parser.c:1799
[QTS:EMIT] pos=484 u32=0x00000005 (5) @parser.c:1777
[QTS:SCOPE] leave: idx=4
[QTS:SCOPE] pop: level=4
[QTS:EMIT] pos=488 op=183 @parser.c:1799
[QTS:EMIT] pos=489 u16=0x0004 (4) @parser.c:1772
[QTS:SCOPE] leave: idx=3
[QTS:SCOPE] pop: level=3
[QTS:EMIT] pos=491 op=183 @parser.c:1799
[QTS:EMIT] pos=492 u16=0x0003 (3) @parser.c:1772
[QTS:EMIT] pos=494 op=183 @parser.c:1799
[QTS:EMIT] pos=495 u16=0x0002 (2) @parser.c:1772
[QTS:EMIT] pos=538 op=184 @parser.c:1799
[QTS:EMIT] pos=539 u32=0x00000003 (3) @parser.c:1777
[QTS:SCOPE] leave: idx=2
[QTS:SCOPE] pop: level=2
[QTS:EMIT] pos=543 op=183 @parser.c:1799
[QTS:EMIT] pos=544 u16=0x0002 (2) @parser.c:1772
[QTS:EMIT] pos=546 op=41 @parser.c:1799
[QTS:SCOPE] push: level=1 first_var=-1
[QTS:SCOPE] enter: idx=1 is_body=0
[QTS:EMIT] pos=0 op=182 @parser.c:1799
[QTS:EMIT] pos=1 u16=0x0001 (1) @parser.c:1772
[QTS:EMIT] pos=3 op=200 @parser.c:1786
[QTS:EMIT] pos=4 u32=0x000030a8 (12456) @parser.c:1788
[QTS:EMIT] pos=8 op=186 @parser.c:1799
[QTS:EMIT] pos=9 u32=0x00000277 (631) @parser.c:1777
[QTS:EMIT] pos=13 u16=0x0001 (1) @parser.c:1772
[QTS:EMIT] pos=15 op=1 @parser.c:1799
[QTS:EMIT] pos=16 u32=0x00000001 (1) @parser.c:1777
[QTS:EMIT] pos=20 op=200 @parser.c:1786
[QTS:EMIT] pos=21 u32=0x000030b7 (12471) @parser.c:1788
[QTS:EMIT] pos=25 op=142 @parser.c:1799
[QTS:EMIT] pos=26 op=200 @parser.c:1786
[QTS:EMIT] pos=27 u32=0x000030b6 (12470) @parser.c:1788
[QTS:EMIT] pos=31 op=34 @parser.c:1799
[QTS:EMIT] pos=32 u16=0x0001 (1) @parser.c:1772
[QTS:EMIT] pos=34 op=200 @parser.c:1786
[QTS:EMIT] pos=35 u32=0x000030a1 (12449) @parser.c:1788
[QTS:EMIT] pos=39 op=40 @parser.c:1799
[QTS:SCOPE] push: level=1 first_var=-1
[QTS:SCOPE] enter: idx=1 is_body=0
[QTS:EMIT] pos=0 op=182 @parser.c:1799
[QTS:EMIT] pos=1 u16=0x0001 (1) @parser.c:1772
[QTS:EMIT] pos=3 op=200 @parser.c:1786
[QTS:EMIT] pos=4 u32=0x000030f9 (12537) @parser.c:1788
[QTS:EMIT] pos=8 op=186 @parser.c:1799
[QTS:EMIT] pos=9 u32=0x00000277 (631) @parser.c:1777
[QTS:EMIT] pos=13 u16=0x0001 (1) @parser.c:1772
[QTS:EMIT] pos=15 op=1 @parser.c:1799
[QTS:EMIT] pos=16 u32=0x00000001 (1) @parser.c:1777
[QTS:EMIT] pos=20 op=200 @parser.c:1786
[QTS:EMIT] pos=21 u32=0x00003107 (12551) @parser.c:1788
[QTS:EMIT] pos=25 op=34 @parser.c:1799
[QTS:EMIT] pos=26 u16=0x0001 (1) @parser.c:1772
[QTS:EMIT] pos=28 op=200 @parser.c:1786
[QTS:EMIT] pos=29 u32=0x000030f2 (12530) @parser.c:1788
[QTS:EMIT] pos=33 op=40 @parser.c:1799
[QTS:SCOPE] push: level=1 first_var=-1
[QTS:SCOPE] enter: idx=1 is_body=0
[QTS:EMIT] pos=0 op=182 @parser.c:1799
[QTS:EMIT] pos=1 u16=0x0001 (1) @parser.c:1772
[QTS:EMIT] pos=3 op=200 @parser.c:1786
[QTS:EMIT] pos=4 u32=0x00003156 (12630) @parser.c:1788
[QTS:EMIT] pos=8 op=186 @parser.c:1799
[QTS:EMIT] pos=9 u32=0x0000024f (591) @parser.c:1777
[QTS:EMIT] pos=13 u16=0x0001 (1) @parser.c:1772
[QTS:EMIT] pos=8 op=189 @parser.c:1799
[QTS:EMIT] pos=9 atom=591 @parser.c:1807
[QTS:EMIT] pos=13 u32=0x00000000 (0) @parser.c:1777
[QTS:EMIT] pos=17 u16=0x0001 (1) @parser.c:1772
[QTS:ASSIGN] lvalue: opcode=61 scope=1 atom=591 label=0
[QTS:EMIT] pos=19 op=200 @parser.c:1786
[QTS:EMIT] pos=20 u32=0x0000315e (12638) @parser.c:1788
[QTS:EMIT] pos=24 op=186 @parser.c:1799
[QTS:EMIT] pos=25 u32=0x0000021c (540) @parser.c:1777
[QTS:EMIT] pos=29 u16=0x0001 (1) @parser.c:1772
[QTS:EMIT] pos=31 op=184 @parser.c:1799
[QTS:EMIT] pos=32 u32=0x00000000 (0) @parser.c:1777
[QTS:EMIT] pos=36 op=22 @parser.c:1799
[QTS:EMIT] pos=37 op=62 @parser.c:1799
[QTS:EMIT] pos=38 op=14 @parser.c:1799
[QTS:SCOPE] push: level=2 first_var=-1
[QTS:SCOPE] enter: idx=2 is_body=0
[QTS:EMIT] pos=39 op=182 @parser.c:1799
[QTS:EMIT] pos=40 u16=0x0002 (2) @parser.c:1772
[QTS:EMIT] pos=42 op=200 @parser.c:1786
[QTS:EMIT] pos=43 u32=0x00003176 (12662) @parser.c:1788
[QTS:EMIT] pos=47 op=186 @parser.c:1799
[QTS:EMIT] pos=48 u32=0x00000278 (632) @parser.c:1777
[QTS:EMIT] pos=52 u16=0x0002 (2) @parser.c:1772
[QTS:EMIT] pos=54 op=1 @parser.c:1799
[QTS:EMIT] pos=55 u32=0x00000000 (0) @parser.c:1777
[QTS:EMIT] pos=59 op=200 @parser.c:1786
[QTS:EMIT] pos=60 u32=0x0000317a (12666) @parser.c:1788
[QTS:EMIT] pos=64 op=165 @parser.c:1799
[QTS:EMIT] pos=65 op=108 @parser.c:1799
[QTS:EMIT] pos=66 u32=0x00000001 (1) @parser.c:1777
[QTS:SCOPE] push: level=3 first_var=-1
[QTS:SCOPE] enter: idx=3 is_body=0
[QTS:EMIT] pos=70 op=182 @parser.c:1799
[QTS:EMIT] pos=71 u16=0x0003 (3) @parser.c:1772
[QTS:EMIT] pos=73 op=200 @parser.c:1786
[QTS:EMIT] pos=74 u32=0x0000318d (12685) @parser.c:1788
[QTS:EMIT] pos=78 op=186 @parser.c:1799
[QTS:EMIT] pos=79 u32=0x0000024f (591) @parser.c:1777
[QTS:EMIT] pos=83 u16=0x0003 (3) @parser.c:1772
[QTS:EMIT] pos=78 op=189 @parser.c:1799
[QTS:EMIT] pos=79 atom=591 @parser.c:1807
[QTS:EMIT] pos=83 u32=0x00000002 (2) @parser.c:1777
[QTS:EMIT] pos=87 u16=0x0003 (3) @parser.c:1772
[QTS:EMIT] pos=89 op=61 @parser.c:1799
[QTS:EMIT] pos=90 op=200 @parser.c:1786
[QTS:EMIT] pos=91 u32=0x00003192 (12690) @parser.c:1788
[QTS:EMIT] pos=95 op=146 @parser.c:1799
[QTS:EMIT] pos=96 op=184 @parser.c:1799
[QTS:EMIT] pos=97 u32=0x00000002 (2) @parser.c:1777
[QTS:EMIT] pos=101 op=25 @parser.c:1799
[QTS:EMIT] pos=102 op=62 @parser.c:1799
[QTS:EMIT] pos=103 op=14 @parser.c:1799
[QTS:EMIT] pos=104 op=184 @parser.c:1799
[QTS:EMIT] pos=105 u32=0x00000003 (3) @parser.c:1777
[QTS:EMIT] pos=109 op=200 @parser.c:1786
[QTS:EMIT] pos=110 u32=0x000031a9 (12713) @parser.c:1788
[QTS:EMIT] pos=114 op=186 @parser.c:1799
[QTS:EMIT] pos=115 u32=0x00000247 (583) @parser.c:1777
[QTS:EMIT] pos=119 u16=0x0003 (3) @parser.c:1772
[QTS:EMIT] pos=121 op=200 @parser.c:1786
[QTS:EMIT] pos=122 u32=0x000031bf (12735) @parser.c:1788
[QTS:EMIT] pos=126 op=186 @parser.c:1799
[QTS:EMIT] pos=127 u32=0x0000021b (539) @parser.c:1777
[QTS:EMIT] pos=131 u16=0x0003 (3) @parser.c:1772
[QTS:EMIT] pos=133 op=200 @parser.c:1786
[QTS:EMIT] pos=134 u32=0x000031c2 (12738) @parser.c:1788
[QTS:EMIT] pos=138 op=66 @parser.c:1799
[QTS:EMIT] pos=139 atom=317 @parser.c:1807
[QTS:EMIT] pos=143 op=200 @parser.c:1786
[QTS:EMIT] pos=144 u32=0x000031ca (12746) @parser.c:1788
[QTS:EMIT] pos=148 op=186 @parser.c:1799
[QTS:EMIT] pos=149 u32=0x0000024f (591) @parser.c:1777
[QTS:EMIT] pos=153 u16=0x0003 (3) @parser.c:1772
[QTS:EMIT] pos=155 op=200 @parser.c:1786
[QTS:EMIT] pos=156 u32=0x000031c9 (12745) @parser.c:1788
[QTS:EMIT] pos=160 op=36 @parser.c:1799
[QTS:EMIT] pos=161 u16=0x0001 (1) @parser.c:1772
[QTS:EMIT] pos=163 op=200 @parser.c:1786
[QTS:EMIT] pos=164 u32=0x000031be (12734) @parser.c:1788
[QTS:EMIT] pos=168 op=34 @parser.c:1799
[QTS:EMIT] pos=169 u16=0x0001 (1) @parser.c:1772
[QTS:EMIT] pos=171 op=108 @parser.c:1799
[QTS:EMIT] pos=172 u32=0x00000004 (4) @parser.c:1777
[QTS:EMIT] pos=176 op=200 @parser.c:1786
[QTS:EMIT] pos=177 u32=0x000031e3 (12771) @parser.c:1788
[QTS:EMIT] pos=181 op=186 @parser.c:1799
[QTS:EMIT] pos=182 u32=0x0000024f (591) @parser.c:1777
[QTS:EMIT] pos=186 u16=0x0003 (3) @parser.c:1772
[QTS:EMIT] pos=181 op=189 @parser.c:1799
[QTS:EMIT] pos=182 atom=591 @parser.c:1807
[QTS:EMIT] pos=186 u32=0x00000005 (5) @parser.c:1777
[QTS:EMIT] pos=190 u16=0x0003 (3) @parser.c:1772
[QTS:EMIT] pos=192 op=61 @parser.c:1799
[QTS:EMIT] pos=193 op=200 @parser.c:1786
[QTS:EMIT] pos=194 u32=0x000031e8 (12776) @parser.c:1788
[QTS:EMIT] pos=198 op=146 @parser.c:1799
[QTS:EMIT] pos=199 op=184 @parser.c:1799
[QTS:EMIT] pos=200 u32=0x00000005 (5) @parser.c:1777
[QTS:EMIT] pos=204 op=25 @parser.c:1799
[QTS:EMIT] pos=205 op=62 @parser.c:1799
[QTS:EMIT] pos=206 op=14 @parser.c:1799
[QTS:EMIT] pos=207 op=110 @parser.c:1799
[QTS:EMIT] pos=208 u32=0x00000003 (3) @parser.c:1777
[QTS:EMIT] pos=212 op=184 @parser.c:1799
[QTS:EMIT] pos=213 u32=0x00000004 (4) @parser.c:1777
[QTS:SCOPE] leave: idx=3
[QTS:SCOPE] pop: level=3
[QTS:EMIT] pos=217 op=183 @parser.c:1799
[QTS:EMIT] pos=218 u16=0x0003 (3) @parser.c:1772
[QTS:EMIT] pos=220 op=184 @parser.c:1799
[QTS:EMIT] pos=221 u32=0x00000001 (1) @parser.c:1777
[QTS:SCOPE] leave: idx=2
[QTS:SCOPE] pop: level=2
[QTS:EMIT] pos=225 op=183 @parser.c:1799
[QTS:EMIT] pos=226 u16=0x0002 (2) @parser.c:1772
[QTS:EMIT] pos=228 op=200 @parser.c:1786
[QTS:EMIT] pos=229 u32=0x000031fe (12798) @parser.c:1788
[QTS:EMIT] pos=233 op=186 @parser.c:1799
[QTS:EMIT] pos=234 u32=0x0000027c (636) @parser.c:1777
[QTS:EMIT] pos=238 u16=0x0001 (1) @parser.c:1772
[QTS:EMIT] pos=233 op=189 @parser.c:1799
[QTS:EMIT] pos=234 atom=636 @parser.c:1807
[QTS:EMIT] pos=238 u32=0x00000006 (6) @parser.c:1777
[QTS:EMIT] pos=242 u16=0x0001 (1) @parser.c:1772
[QTS:ASSIGN] lvalue: opcode=61 scope=1 atom=636 label=6
[QTS:EMIT] pos=244 op=200 @parser.c:1786
[QTS:EMIT] pos=245 u32=0x00003204 (12804) @parser.c:1788
[QTS:EMIT] pos=249 op=186 @parser.c:1799
[QTS:EMIT] pos=250 u32=0x0000024f (591) @parser.c:1777
[QTS:EMIT] pos=254 u16=0x0001 (1) @parser.c:1772
[QTS:EMIT] pos=256 op=1 @parser.c:1799
[QTS:EMIT] pos=257 u32=0x00000001 (1) @parser.c:1777
[QTS:EMIT] pos=261 op=200 @parser.c:1786
[QTS:EMIT] pos=262 u32=0x0000320a (12810) @parser.c:1788
[QTS:EMIT] pos=266 op=159 @parser.c:1799
[QTS:EMIT] pos=267 op=184 @parser.c:1799
[QTS:EMIT] pos=268 u32=0x00000006 (6) @parser.c:1777
[QTS:EMIT] pos=272 op=22 @parser.c:1799
[QTS:EMIT] pos=273 op=62 @parser.c:1799
[QTS:EMIT] pos=274 op=14 @parser.c:1799
[QTS:EMIT] pos=275 op=184 @parser.c:1799
[QTS:EMIT] pos=276 u32=0x00000007 (7) @parser.c:1777
[QTS:EMIT] pos=280 op=200 @parser.c:1786
[QTS:EMIT] pos=281 u32=0x0000321e (12830) @parser.c:1788
[QTS:EMIT] pos=285 op=186 @parser.c:1799
[QTS:EMIT] pos=286 u32=0x00000247 (583) @parser.c:1777
[QTS:EMIT] pos=290 u16=0x0001 (1) @parser.c:1772
[QTS:EMIT] pos=292 op=200 @parser.c:1786
[QTS:EMIT] pos=293 u32=0x00003234 (12852) @parser.c:1788
[QTS:EMIT] pos=297 op=186 @parser.c:1799
[QTS:EMIT] pos=298 u32=0x0000021b (539) @parser.c:1777
[QTS:EMIT] pos=302 u16=0x0001 (1) @parser.c:1772
[QTS:EMIT] pos=304 op=200 @parser.c:1786
[QTS:EMIT] pos=305 u32=0x00003237 (12855) @parser.c:1788
[QTS:EMIT] pos=309 op=66 @parser.c:1799
[QTS:EMIT] pos=310 atom=317 @parser.c:1807
[QTS:EMIT] pos=314 op=200 @parser.c:1786
[QTS:EMIT] pos=315 u32=0x0000323f (12863) @parser.c:1788
[QTS:EMIT] pos=319 op=186 @parser.c:1799
[QTS:EMIT] pos=320 u32=0x0000027c (636) @parser.c:1777
[QTS:EMIT] pos=324 u16=0x0001 (1) @parser.c:1772
[QTS:EMIT] pos=326 op=200 @parser.c:1786
[QTS:EMIT] pos=327 u32=0x0000323e (12862) @parser.c:1788
[QTS:EMIT] pos=331 op=36 @parser.c:1799
[QTS:EMIT] pos=332 u16=0x0001 (1) @parser.c:1772
[QTS:EMIT] pos=334 op=200 @parser.c:1786
[QTS:EMIT] pos=335 u32=0x00003233 (12851) @parser.c:1788
[QTS:EMIT] pos=339 op=34 @parser.c:1799
[QTS:EMIT] pos=340 u16=0x0001 (1) @parser.c:1772
[QTS:EMIT] pos=342 op=108 @parser.c:1799
[QTS:EMIT] pos=343 u32=0x00000008 (8) @parser.c:1777
[QTS:EMIT] pos=347 op=200 @parser.c:1786
[QTS:EMIT] pos=348 u32=0x00003252 (12882) @parser.c:1788
[QTS:EMIT] pos=352 op=186 @parser.c:1799
[QTS:EMIT] pos=353 u32=0x0000027c (636) @parser.c:1777
[QTS:EMIT] pos=357 u16=0x0001 (1) @parser.c:1772
[QTS:EMIT] pos=352 op=189 @parser.c:1799
[QTS:EMIT] pos=353 atom=636 @parser.c:1807
[QTS:EMIT] pos=357 u32=0x00000009 (9) @parser.c:1777
[QTS:EMIT] pos=361 u16=0x0001 (1) @parser.c:1772
[QTS:EMIT] pos=363 op=61 @parser.c:1799
[QTS:EMIT] pos=364 op=200 @parser.c:1786
[QTS:EMIT] pos=365 u32=0x00003255 (12885) @parser.c:1788
[QTS:EMIT] pos=369 op=147 @parser.c:1799
[QTS:EMIT] pos=370 op=184 @parser.c:1799
[QTS:EMIT] pos=371 u32=0x00000009 (9) @parser.c:1777
[QTS:EMIT] pos=375 op=25 @parser.c:1799
[QTS:EMIT] pos=376 op=62 @parser.c:1799
[QTS:EMIT] pos=377 op=14 @parser.c:1799
[QTS:EMIT] pos=378 op=110 @parser.c:1799
[QTS:EMIT] pos=379 u32=0x00000007 (7) @parser.c:1777
[QTS:EMIT] pos=383 op=184 @parser.c:1799
[QTS:EMIT] pos=384 u32=0x00000008 (8) @parser.c:1777
[QTS:SCOPE] push: level=4 first_var=-1
[QTS:SCOPE] enter: idx=4 is_body=0
[QTS:EMIT] pos=388 op=182 @parser.c:1799
[QTS:EMIT] pos=389 u16=0x0004 (4) @parser.c:1772
[QTS:EMIT] pos=391 op=200 @parser.c:1786
[QTS:EMIT] pos=392 u32=0x00003265 (12901) @parser.c:1788
[QTS:EMIT] pos=396 op=186 @parser.c:1799
[QTS:EMIT] pos=397 u32=0x0000024f (591) @parser.c:1777
[QTS:EMIT] pos=401 u16=0x0004 (4) @parser.c:1772
[QTS:EMIT] pos=403 op=1 @parser.c:1799
[QTS:EMIT] pos=404 u32=0x00000000 (0) @parser.c:1777
[QTS:EMIT] pos=408 op=200 @parser.c:1786
[QTS:EMIT] pos=409 u32=0x0000326b (12907) @parser.c:1788
[QTS:EMIT] pos=413 op=168 @parser.c:1799
[QTS:EMIT] pos=414 op=17 @parser.c:1799
[QTS:EMIT] pos=415 op=108 @parser.c:1799
[QTS:EMIT] pos=416 u32=0x0000000a (10) @parser.c:1777
[QTS:EMIT] pos=420 op=14 @parser.c:1799
[QTS:EMIT] pos=421 op=200 @parser.c:1786
[QTS:EMIT] pos=422 u32=0x00003273 (12915) @parser.c:1788
[QTS:EMIT] pos=426 op=186 @parser.c:1799
[QTS:EMIT] pos=427 u32=0x0000024f (591) @parser.c:1777
[QTS:EMIT] pos=431 u16=0x0004 (4) @parser.c:1772
[QTS:EMIT] pos=433 op=200 @parser.c:1786
[QTS:EMIT] pos=434 u32=0x0000327b (12923) @parser.c:1788
[QTS:EMIT] pos=438 op=186 @parser.c:1799
[QTS:EMIT] pos=439 u32=0x0000021b (539) @parser.c:1777
[QTS:EMIT] pos=443 u16=0x0004 (4) @parser.c:1772
[QTS:EMIT] pos=445 op=200 @parser.c:1786
[QTS:EMIT] pos=446 u32=0x0000327e (12926) @parser.c:1788
[QTS:EMIT] pos=450 op=66 @parser.c:1799
[QTS:EMIT] pos=451 atom=48 @parser.c:1807
[QTS:EMIT] pos=455 op=200 @parser.c:1786
[QTS:EMIT] pos=456 u32=0x00003279 (12921) @parser.c:1788
[QTS:EMIT] pos=460 op=165 @parser.c:1799
[QTS:EMIT] pos=461 op=184 @parser.c:1799
[QTS:EMIT] pos=462 u32=0x0000000a (10) @parser.c:1777
[QTS:EMIT] pos=466 op=108 @parser.c:1799
[QTS:EMIT] pos=467 u32=0x0000000b (11) @parser.c:1777
[QTS:SCOPE] push: level=5 first_var=-1
[QTS:SCOPE] enter: idx=5 is_body=0
[QTS:EMIT] pos=471 op=182 @parser.c:1799
[QTS:EMIT] pos=472 u16=0x0005 (5) @parser.c:1772
[QTS:SCOPE] push: level=6 first_var=-1
[QTS:SCOPE] enter: idx=6 is_body=0
[QTS:EMIT] pos=474 op=182 @parser.c:1799
[QTS:EMIT] pos=475 u16=0x0006 (6) @parser.c:1772
[QTS:EMIT] pos=477 op=200 @parser.c:1786
[QTS:EMIT] pos=478 u32=0x00003299 (12953) @parser.c:1788
[QTS:EMIT] pos=482 op=186 @parser.c:1799
[QTS:EMIT] pos=483 u32=0x00000221 (545) @parser.c:1777
[QTS:EMIT] pos=487 u16=0x0006 (6) @parser.c:1772
[QTS:EMIT] pos=489 op=200 @parser.c:1786
[QTS:EMIT] pos=490 u32=0x000032a6 (12966) @parser.c:1788
[QTS:EMIT] pos=494 op=186 @parser.c:1799
[QTS:EMIT] pos=495 u32=0x0000027d (637) @parser.c:1777
[QTS:EMIT] pos=499 u16=0x0006 (6) @parser.c:1772
[QTS:EMIT] pos=501 op=200 @parser.c:1786
[QTS:EMIT] pos=502 u32=0x000032a2 (12962) @parser.c:1788
[QTS:EMIT] pos=506 op=173 @parser.c:1799
[QTS:EMIT] pos=507 op=108 @parser.c:1799
[QTS:EMIT] pos=508 u32=0x0000000c (12) @parser.c:1777
[QTS:SCOPE] push: level=7 first_var=-1
[QTS:SCOPE] enter: idx=7 is_body=0
[QTS:EMIT] pos=512 op=182 @parser.c:1799
[QTS:EMIT] pos=513 u16=0x0007 (7) @parser.c:1772
[QTS:EMIT] pos=515 op=200 @parser.c:1786
[QTS:EMIT] pos=516 u32=0x000032c5 (12997) @parser.c:1788
[QTS:EMIT] pos=520 op=186 @parser.c:1799
[QTS:EMIT] pos=521 u32=0x0000027d (637) @parser.c:1777
[QTS:EMIT] pos=525 u16=0x0007 (7) @parser.c:1772
[QTS:EMIT] pos=527 op=200 @parser.c:1786
[QTS:EMIT] pos=528 u32=0x000032d1 (13009) @parser.c:1788
[QTS:EMIT] pos=532 op=186 @parser.c:1799
[QTS:EMIT] pos=533 u32=0x0000024f (591) @parser.c:1777
[QTS:EMIT] pos=537 u16=0x0007 (7) @parser.c:1772
[QTS:EMIT] pos=539 op=200 @parser.c:1786
[QTS:EMIT] pos=540 u32=0x000032d8 (13016) @parser.c:1788
[QTS:EMIT] pos=544 op=186 @parser.c:1799
[QTS:EMIT] pos=545 u32=0x0000027c (636) @parser.c:1777
[QTS:EMIT] pos=549 u16=0x0007 (7) @parser.c:1772
[QTS:EMIT] pos=551 op=200 @parser.c:1786
[QTS:EMIT] pos=552 u32=0x000032dd (13021) @parser.c:1788
[QTS:EMIT] pos=556 op=186 @parser.c:1799
[QTS:EMIT] pos=557 u32=0x00000278 (632) @parser.c:1777
[QTS:EMIT] pos=561 u16=0x0007 (7) @parser.c:1772
[QTS:EMIT] pos=563 op=200 @parser.c:1786
[QTS:EMIT] pos=564 u32=0x000032d0 (13008) @parser.c:1788
[QTS:EMIT] pos=568 op=34 @parser.c:1799
[QTS:EMIT] pos=569 u16=0x0003 (3) @parser.c:1772
[QTS:EMIT] pos=571 op=14 @parser.c:1799
[QTS:SCOPE] leave: idx=7
[QTS:SCOPE] pop: level=7
[QTS:EMIT] pos=572 op=183 @parser.c:1799
[QTS:EMIT] pos=573 u16=0x0007 (7) @parser.c:1772
[QTS:EMIT] pos=575 op=110 @parser.c:1799
[QTS:EMIT] pos=576 u32=0x0000000d (13) @parser.c:1777
[QTS:EMIT] pos=580 op=184 @parser.c:1799
[QTS:EMIT] pos=581 u32=0x0000000c (12) @parser.c:1777
[QTS:SCOPE] push: level=8 first_var=-1
[QTS:SCOPE] enter: idx=8 is_body=0
[QTS:EMIT] pos=585 op=182 @parser.c:1799
[QTS:EMIT] pos=586 u16=0x0008 (8) @parser.c:1772
[QTS:EMIT] pos=588 op=200 @parser.c:1786
[QTS:EMIT] pos=589 u32=0x00003314 (13076) @parser.c:1788
[QTS:EMIT] pos=593 op=186 @parser.c:1799
[QTS:EMIT] pos=594 u32=0x0000021b (539) @parser.c:1777
[QTS:EMIT] pos=598 u16=0x0008 (8) @parser.c:1772
[QTS:EMIT] pos=593 op=189 @parser.c:1799
[QTS:EMIT] pos=594 atom=539 @parser.c:1807
[QTS:EMIT] pos=598 u32=0x0000000e (14) @parser.c:1777
[QTS:EMIT] pos=602 u16=0x0008 (8) @parser.c:1772
[QTS:ASSIGN] lvalue: opcode=61 scope=8 atom=539 label=14
[QTS:EMIT] pos=604 op=200 @parser.c:1786
[QTS:EMIT] pos=605 u32=0x0000331a (13082) @parser.c:1788
[QTS:EMIT] pos=609 op=186 @parser.c:1799
[QTS:EMIT] pos=610 u32=0x0000021b (539) @parser.c:1777
[QTS:EMIT] pos=614 u16=0x0008 (8) @parser.c:1772
[QTS:EMIT] pos=616 op=200 @parser.c:1786
[QTS:EMIT] pos=617 u32=0x0000331d (13085) @parser.c:1788
[QTS:EMIT] pos=621 op=66 @parser.c:1799
[QTS:EMIT] pos=622 atom=326 @parser.c:1807
[QTS:EMIT] pos=626 op=1 @parser.c:1799
[QTS:EMIT] pos=627 u32=0x00000000 (0) @parser.c:1777
[QTS:EMIT] pos=631 op=200 @parser.c:1786
[QTS:EMIT] pos=632 u32=0x0000332b (13099) @parser.c:1788
[QTS:EMIT] pos=636 op=186 @parser.c:1799
[QTS:EMIT] pos=637 u32=0x0000024f (591) @parser.c:1777
[QTS:EMIT] pos=641 u16=0x0008 (8) @parser.c:1772
[QTS:EMIT] pos=643 op=200 @parser.c:1786
[QTS:EMIT] pos=644 u32=0x00003327 (13095) @parser.c:1788
[QTS:EMIT] pos=648 op=36 @parser.c:1799
[QTS:EMIT] pos=649 u16=0x0002 (2) @parser.c:1772
[QTS:EMIT] pos=651 op=200 @parser.c:1786
[QTS:EMIT] pos=652 u32=0x00003334 (13108) @parser.c:1788
[QTS:EMIT] pos=656 op=186 @parser.c:1799
[QTS:EMIT] pos=657 u32=0x0000021b (539) @parser.c:1777
[QTS:EMIT] pos=661 u16=0x0008 (8) @parser.c:1772
[QTS:EMIT] pos=663 op=200 @parser.c:1786
[QTS:EMIT] pos=664 u32=0x00003337 (13111) @parser.c:1788
[QTS:EMIT] pos=668 op=66 @parser.c:1799
[QTS:EMIT] pos=669 atom=326 @parser.c:1807
[QTS:EMIT] pos=673 op=200 @parser.c:1786
[QTS:EMIT] pos=674 u32=0x00003342 (13122) @parser.c:1788
[QTS:EMIT] pos=678 op=186 @parser.c:1799
[QTS:EMIT] pos=679 u32=0x0000027c (636) @parser.c:1777
[QTS:EMIT] pos=683 u16=0x0008 (8) @parser.c:1772
[QTS:EMIT] pos=685 op=200 @parser.c:1786
[QTS:EMIT] pos=686 u32=0x00003341 (13121) @parser.c:1788
[QTS:EMIT] pos=690 op=36 @parser.c:1799
[QTS:EMIT] pos=691 u16=0x0001 (1) @parser.c:1772
[QTS:EMIT] pos=693 op=200 @parser.c:1786
[QTS:EMIT] pos=694 u32=0x00003332 (13106) @parser.c:1788
[QTS:EMIT] pos=698 op=159 @parser.c:1799
[QTS:EMIT] pos=699 op=184 @parser.c:1799
[QTS:EMIT] pos=700 u32=0x0000000e (14) @parser.c:1777
[QTS:EMIT] pos=704 op=22 @parser.c:1799
[QTS:EMIT] pos=705 op=62 @parser.c:1799
[QTS:EMIT] pos=706 op=14 @parser.c:1799
[QTS:EMIT] pos=707 op=200 @parser.c:1786
[QTS:EMIT] pos=708 u32=0x00003358 (13144) @parser.c:1788
[QTS:EMIT] pos=712 op=186 @parser.c:1799
[QTS:EMIT] pos=713 u32=0x0000021c (540) @parser.c:1777
[QTS:EMIT] pos=717 u16=0x0008 (8) @parser.c:1772
[QTS:EMIT] pos=712 op=189 @parser.c:1799
[QTS:EMIT] pos=713 atom=540 @parser.c:1807
[QTS:EMIT] pos=717 u32=0x0000000f (15) @parser.c:1777
[QTS:EMIT] pos=721 u16=0x0008 (8) @parser.c:1772
[QTS:ASSIGN] lvalue: opcode=61 scope=8 atom=540 label=15
[QTS:EMIT] pos=723 op=200 @parser.c:1786
[QTS:EMIT] pos=724 u32=0x00003365 (13157) @parser.c:1788
[QTS:EMIT] pos=728 op=186 @parser.c:1799
[QTS:EMIT] pos=729 u32=0x0000024f (591) @parser.c:1777
[QTS:EMIT] pos=733 u16=0x0008 (8) @parser.c:1772
[QTS:EMIT] pos=735 op=184 @parser.c:1799
[QTS:EMIT] pos=736 u32=0x0000000f (15) @parser.c:1777
[QTS:EMIT] pos=740 op=22 @parser.c:1799
[QTS:EMIT] pos=741 op=62 @parser.c:1799
[QTS:EMIT] pos=742 op=14 @parser.c:1799
[QTS:SCOPE] leave: idx=8
[QTS:SCOPE] pop: level=8
[QTS:EMIT] pos=743 op=183 @parser.c:1799
[QTS:EMIT] pos=744 u16=0x0008 (8) @parser.c:1772
[QTS:EMIT] pos=746 op=184 @parser.c:1799
[QTS:EMIT] pos=747 u32=0x0000000d (13) @parser.c:1777
[QTS:SCOPE] leave: idx=6
[QTS:SCOPE] pop: level=6
[QTS:EMIT] pos=751 op=183 @parser.c:1799
[QTS:EMIT] pos=752 u16=0x0006 (6) @parser.c:1772
[QTS:SCOPE] leave: idx=5
[QTS:SCOPE] pop: level=5
[QTS:EMIT] pos=754 op=183 @parser.c:1799
[QTS:EMIT] pos=755 u16=0x0005 (5) @parser.c:1772
[QTS:EMIT] pos=757 op=184 @parser.c:1799
[QTS:EMIT] pos=758 u32=0x0000000b (11) @parser.c:1777
[QTS:SCOPE] leave: idx=4
[QTS:SCOPE] pop: level=4
[QTS:EMIT] pos=762 op=183 @parser.c:1799
[QTS:EMIT] pos=763 u16=0x0004 (4) @parser.c:1772
[QTS:EMIT] pos=765 op=41 @parser.c:1799
[QTS:SCOPE] push: level=1 first_var=-1
[QTS:SCOPE] enter: idx=1 is_body=0
[QTS:EMIT] pos=0 op=182 @parser.c:1799
[QTS:EMIT] pos=1 u16=0x0001 (1) @parser.c:1772
[QTS:EMIT] pos=3 op=200 @parser.c:1786
[QTS:EMIT] pos=4 u32=0x000033af (13231) @parser.c:1788
[QTS:EMIT] pos=8 op=186 @parser.c:1799
[QTS:EMIT] pos=9 u32=0x0000027b (635) @parser.c:1777
[QTS:EMIT] pos=13 u16=0x0001 (1) @parser.c:1772
[QTS:EMIT] pos=15 op=1 @parser.c:1799
[QTS:EMIT] pos=16 u32=0x00000001 (1) @parser.c:1777
[QTS:EMIT] pos=20 op=200 @parser.c:1786
[QTS:EMIT] pos=21 u32=0x000033be (13246) @parser.c:1788
[QTS:EMIT] pos=25 op=34 @parser.c:1799
[QTS:EMIT] pos=26 u16=0x0001 (1) @parser.c:1772
[QTS:EMIT] pos=28 op=14 @parser.c:1799
[QTS:EMIT] pos=29 op=41 @parser.c:1799
[QTS:SCOPE] push: level=1 first_var=-1
[QTS:SCOPE] enter: idx=1 is_body=0
[QTS:EMIT] pos=0 op=182 @parser.c:1799
[QTS:EMIT] pos=1 u16=0x0001 (1) @parser.c:1772
[QTS:SCOPE] push: level=2 first_var=-1
[QTS:SCOPE] enter: idx=2 is_body=0
[QTS:EMIT] pos=3 op=182 @parser.c:1799
[QTS:EMIT] pos=4 u16=0x0002 (2) @parser.c:1772
[QTS:EMIT] pos=6 op=200 @parser.c:1786
[QTS:EMIT] pos=7 u32=0x000033f0 (13296) @parser.c:1788
[QTS:EMIT] pos=11 op=186 @parser.c:1799
[QTS:EMIT] pos=12 u32=0x0000021b (539) @parser.c:1777
[QTS:EMIT] pos=16 u16=0x0002 (2) @parser.c:1772
[QTS:EMIT] pos=18 op=200 @parser.c:1786
[QTS:EMIT] pos=19 u32=0x000033f3 (13299) @parser.c:1788
[QTS:EMIT] pos=23 op=66 @parser.c:1799
[QTS:EMIT] pos=24 atom=48 @parser.c:1807
[QTS:EMIT] pos=28 op=1 @parser.c:1799
[QTS:EMIT] pos=29 u32=0x00000000 (0) @parser.c:1777
[QTS:EMIT] pos=33 op=200 @parser.c:1786
[QTS:EMIT] pos=34 u32=0x000033fb (13307) @parser.c:1788
[QTS:EMIT] pos=38 op=171 @parser.c:1799
[QTS:EMIT] pos=39 op=108 @parser.c:1799
[QTS:EMIT] pos=40 u32=0x00000000 (0) @parser.c:1777
[QTS:SCOPE] push: level=3 first_var=-1
[QTS:SCOPE] enter: idx=3 is_body=0
[QTS:EMIT] pos=44 op=182 @parser.c:1799
[QTS:EMIT] pos=45 u16=0x0003 (3) @parser.c:1772
[QTS:EMIT] pos=47 op=200 @parser.c:1786
[QTS:EMIT] pos=48 u32=0x0000340f (13327) @parser.c:1788
[QTS:EMIT] pos=52 op=186 @parser.c:1799
[QTS:EMIT] pos=53 u32=0x000001d8 (472) @parser.c:1777
[QTS:EMIT] pos=57 u16=0x0003 (3) @parser.c:1772
[QTS:EMIT] pos=59 op=200 @parser.c:1786
[QTS:EMIT] pos=60 u32=0x00003412 (13330) @parser.c:1788
[QTS:EMIT] pos=64 op=66 @parser.c:1799
[QTS:EMIT] pos=65 atom=595 @parser.c:1807
[QTS:EMIT] pos=69 op=4 @parser.c:1799
[QTS:EMIT] pos=70 u32=0x0000025a (602) @parser.c:1777
[QTS:EMIT] pos=74 op=200 @parser.c:1786
[QTS:EMIT] pos=75 u32=0x00003417 (13335) @parser.c:1788
[QTS:EMIT] pos=79 op=36 @parser.c:1799
[QTS:EMIT] pos=80 u16=0x0001 (1) @parser.c:1772
[QTS:EMIT] pos=82 op=14 @parser.c:1799
[QTS:EMIT] pos=83 op=1 @parser.c:1799
[QTS:EMIT] pos=84 u32=0x00000003 (3) @parser.c:1777
[QTS:EMIT] pos=88 op=200 @parser.c:1786
[QTS:EMIT] pos=89 u32=0x00003432 (13362) @parser.c:1788
[QTS:EMIT] pos=93 op=142 @parser.c:1799
[QTS:EMIT] pos=94 op=200 @parser.c:1786
[QTS:EMIT] pos=95 u32=0x0000342b (13355) @parser.c:1788
[QTS:EMIT] pos=99 op=40 @parser.c:1799
[QTS:SCOPE] leave: idx=3
[QTS:SCOPE] pop: level=3
[QTS:EMIT] pos=100 op=183 @parser.c:1799
[QTS:EMIT] pos=101 u16=0x0003 (3) @parser.c:1772
[QTS:EMIT] pos=103 op=110 @parser.c:1799
[QTS:EMIT] pos=104 u32=0x00000001 (1) @parser.c:1777
[QTS:EMIT] pos=108 op=184 @parser.c:1799
[QTS:EMIT] pos=109 u32=0x00000000 (0) @parser.c:1777
[QTS:SCOPE] push: level=4 first_var=-1
[QTS:SCOPE] enter: idx=4 is_body=0
[QTS:EMIT] pos=113 op=182 @parser.c:1799
[QTS:EMIT] pos=114 u16=0x0004 (4) @parser.c:1772
[QTS:EMIT] pos=116 op=200 @parser.c:1786
[QTS:EMIT] pos=117 u32=0x0000347b (13435) @parser.c:1788
[QTS:EMIT] pos=121 op=186 @parser.c:1799
[QTS:EMIT] pos=122 u32=0x0000027b (635) @parser.c:1777
[QTS:EMIT] pos=126 u16=0x0004 (4) @parser.c:1772
[QTS:EMIT] pos=128 op=1 @parser.c:1799
[QTS:EMIT] pos=129 u32=0x00000001 (1) @parser.c:1777
[QTS:EMIT] pos=133 op=200 @parser.c:1786
[QTS:EMIT] pos=134 u32=0x0000348a (13450) @parser.c:1788
[QTS:EMIT] pos=138 op=34 @parser.c:1799
[QTS:EMIT] pos=139 u16=0x0001 (1) @parser.c:1772
[QTS:EMIT] pos=141 op=14 @parser.c:1799
[QTS:SCOPE] leave: idx=4
[QTS:SCOPE] pop: level=4
[QTS:EMIT] pos=142 op=183 @parser.c:1799
[QTS:EMIT] pos=143 u16=0x0004 (4) @parser.c:1772
[QTS:EMIT] pos=145 op=184 @parser.c:1799
[QTS:EMIT] pos=146 u32=0x00000001 (1) @parser.c:1777
[QTS:SCOPE] leave: idx=2
[QTS:SCOPE] pop: level=2
[QTS:EMIT] pos=150 op=183 @parser.c:1799
[QTS:EMIT] pos=151 u16=0x0002 (2) @parser.c:1772
[QTS:EMIT] pos=153 op=41 @parser.c:1799
[QTS:SCOPE] push: level=1 first_var=-1
[QTS:SCOPE] enter: idx=1 is_body=0
[QTS:EMIT] pos=0 op=182 @parser.c:1799
[QTS:EMIT] pos=1 u16=0x0001 (1) @parser.c:1772
[QTS:EMIT] pos=3 op=200 @parser.c:1786
[QTS:EMIT] pos=4 u32=0x000034cd (13517) @parser.c:1788
[QTS:EMIT] pos=8 op=186 @parser.c:1799
[QTS:EMIT] pos=9 u32=0x0000027b (635) @parser.c:1777
[QTS:EMIT] pos=13 u16=0x0001 (1) @parser.c:1772
[QTS:EMIT] pos=15 op=1 @parser.c:1799
[QTS:EMIT] pos=16 u32=0x00000001 (1) @parser.c:1777
[QTS:EMIT] pos=20 op=200 @parser.c:1786
[QTS:EMIT] pos=21 u32=0x000034dd (13533) @parser.c:1788
[QTS:EMIT] pos=25 op=142 @parser.c:1799
[QTS:EMIT] pos=26 op=200 @parser.c:1786
[QTS:EMIT] pos=27 u32=0x000034dc (13532) @parser.c:1788
[QTS:EMIT] pos=31 op=34 @parser.c:1799
[QTS:EMIT] pos=32 u16=0x0001 (1) @parser.c:1772
[QTS:EMIT] pos=34 op=14 @parser.c:1799
[QTS:EMIT] pos=35 op=41 @parser.c:1799
[QTS:SCOPE] push: level=1 first_var=-1
[QTS:SCOPE] enter: idx=1 is_body=0
[QTS:EMIT] pos=0 op=182 @parser.c:1799
[QTS:EMIT] pos=1 u16=0x0001 (1) @parser.c:1772
[QTS:EMIT] pos=3 op=200 @parser.c:1786
[QTS:EMIT] pos=4 u32=0x0000351b (13595) @parser.c:1788
[QTS:EMIT] pos=8 op=186 @parser.c:1799
[QTS:EMIT] pos=9 u32=0x0000021c (540) @parser.c:1777
[QTS:EMIT] pos=13 u16=0x0001 (1) @parser.c:1772
[QTS:EMIT] pos=15 op=187 @parser.c:1799
[QTS:EMIT] pos=16 atom=623 @parser.c:1807
[QTS:EMIT] pos=20 u16=0x0001 (1) @parser.c:1772
[QTS:SCOPE] push: level=2 first_var=-1
[QTS:SCOPE] enter: idx=2 is_body=0
[QTS:EMIT] pos=22 op=182 @parser.c:1799
[QTS:EMIT] pos=23 u16=0x0002 (2) @parser.c:1772
[QTS:EMIT] pos=25 op=200 @parser.c:1786
[QTS:EMIT] pos=26 u32=0x00003533 (13619) @parser.c:1788
[QTS:EMIT] pos=30 op=186 @parser.c:1799
[QTS:EMIT] pos=31 u32=0x0000021b (539) @parser.c:1777
[QTS:EMIT] pos=35 u16=0x0002 (2) @parser.c:1772
[QTS:EMIT] pos=37 op=200 @parser.c:1786
[QTS:EMIT] pos=38 u32=0x00003536 (13622) @parser.c:1788
[QTS:EMIT] pos=42 op=66 @parser.c:1799
[QTS:EMIT] pos=43 atom=48 @parser.c:1807
[QTS:EMIT] pos=47 op=1 @parser.c:1799
[QTS:EMIT] pos=48 u32=0x00000001 (1) @parser.c:1777
[QTS:EMIT] pos=52 op=200 @parser.c:1786
[QTS:EMIT] pos=53 u32=0x0000353e (13630) @parser.c:1788
[QTS:EMIT] pos=57 op=167 @parser.c:1799
[QTS:EMIT] pos=58 op=17 @parser.c:1799
[QTS:EMIT] pos=59 op=108 @parser.c:1799
[QTS:EMIT] pos=60 u32=0x00000000 (0) @parser.c:1777
[QTS:EMIT] pos=64 op=14 @parser.c:1799
[QTS:EMIT] pos=65 op=200 @parser.c:1786
[QTS:EMIT] pos=66 u32=0x00003545 (13637) @parser.c:1788
[QTS:EMIT] pos=70 op=186 @parser.c:1799
[QTS:EMIT] pos=71 u32=0x0000026f (623) @parser.c:1777
[QTS:EMIT] pos=75 u16=0x0002 (2) @parser.c:1772
[QTS:EMIT] pos=77 op=1 @parser.c:1799
[QTS:EMIT] pos=78 u32=0x00000000 (0) @parser.c:1777
[QTS:EMIT] pos=82 op=200 @parser.c:1786
[QTS:EMIT] pos=83 u32=0x00003549 (13641) @parser.c:1788
[QTS:EMIT] pos=87 op=167 @parser.c:1799
[QTS:EMIT] pos=88 op=184 @parser.c:1799
[QTS:EMIT] pos=89 u32=0x00000000 (0) @parser.c:1777
[QTS:EMIT] pos=93 op=108 @parser.c:1799
[QTS:EMIT] pos=94 u32=0x00000001 (1) @parser.c:1777
[QTS:SCOPE] push: level=3 first_var=-1
[QTS:SCOPE] enter: idx=3 is_body=0
[QTS:EMIT] pos=98 op=182 @parser.c:1799
[QTS:EMIT] pos=99 u16=0x0003 (3) @parser.c:1772
[QTS:SCOPE] push: level=4 first_var=-1
[QTS:SCOPE] enter: idx=4 is_body=0
[QTS:EMIT] pos=101 op=182 @parser.c:1799
[QTS:EMIT] pos=102 u16=0x0004 (4) @parser.c:1772
[QTS:EMIT] pos=104 op=200 @parser.c:1786
[QTS:EMIT] pos=105 u32=0x00003560 (13664) @parser.c:1788
[QTS:EMIT] pos=109 op=186 @parser.c:1799
[QTS:EMIT] pos=110 u32=0x0000026f (623) @parser.c:1777
[QTS:EMIT] pos=114 u16=0x0004 (4) @parser.c:1772
[QTS:EMIT] pos=116 op=200 @parser.c:1786
[QTS:EMIT] pos=117 u32=0x00003567 (13671) @parser.c:1788
[QTS:EMIT] pos=121 op=186 @parser.c:1799
[QTS:EMIT] pos=122 u32=0x0000021b (539) @parser.c:1777
[QTS:EMIT] pos=126 u16=0x0004 (4) @parser.c:1772
[QTS:EMIT] pos=128 op=200 @parser.c:1786
[QTS:EMIT] pos=129 u32=0x0000356a (13674) @parser.c:1788
[QTS:EMIT] pos=133 op=66 @parser.c:1799
[QTS:EMIT] pos=134 atom=48 @parser.c:1807
[QTS:EMIT] pos=138 op=200 @parser.c:1786
[QTS:EMIT] pos=139 u32=0x00003564 (13668) @parser.c:1788
[QTS:EMIT] pos=143 op=171 @parser.c:1799
[QTS:EMIT] pos=144 op=108 @parser.c:1799
[QTS:EMIT] pos=145 u32=0x00000002 (2) @parser.c:1777
[QTS:EMIT] pos=149 op=200 @parser.c:1786
[QTS:EMIT] pos=150 u32=0x00003583 (13699) @parser.c:1788
[QTS:EMIT] pos=154 op=186 @parser.c:1799
[QTS:EMIT] pos=155 u32=0x0000026f (623) @parser.c:1777
[QTS:EMIT] pos=159 u16=0x0004 (4) @parser.c:1772
[QTS:EMIT] pos=154 op=189 @parser.c:1799
[QTS:EMIT] pos=155 atom=623 @parser.c:1807
[QTS:EMIT] pos=159 u32=0x00000003 (3) @parser.c:1777
[QTS:EMIT] pos=163 u16=0x0004 (4) @parser.c:1772
[QTS:EMIT] pos=165 op=61 @parser.c:1799
[QTS:EMIT] pos=166 op=200 @parser.c:1786
[QTS:EMIT] pos=167 u32=0x00003586 (13702) @parser.c:1788
[QTS:EMIT] pos=171 op=146 @parser.c:1799
[QTS:EMIT] pos=172 op=184 @parser.c:1799
[QTS:EMIT] pos=173 u32=0x00000003 (3) @parser.c:1777
[QTS:EMIT] pos=177 op=25 @parser.c:1799
[QTS:EMIT] pos=178 op=62 @parser.c:1799
[QTS:EMIT] pos=179 op=14 @parser.c:1799
[QTS:EMIT] pos=180 op=184 @parser.c:1799
[QTS:EMIT] pos=181 u32=0x00000002 (2) @parser.c:1777
[QTS:SCOPE] leave: idx=4
[QTS:SCOPE] pop: level=4
[QTS:EMIT] pos=185 op=183 @parser.c:1799
[QTS:EMIT] pos=186 u16=0x0004 (4) @parser.c:1772
[QTS:EMIT] pos=188 op=200 @parser.c:1786
[QTS:EMIT] pos=189 u32=0x00003596 (13718) @parser.c:1788
[QTS:EMIT] pos=193 op=186 @parser.c:1799
[QTS:EMIT] pos=194 u32=0x0000021b (539) @parser.c:1777
[QTS:EMIT] pos=198 u16=0x0003 (3) @parser.c:1772
[QTS:EMIT] pos=193 op=189 @parser.c:1799
[QTS:EMIT] pos=194 atom=539 @parser.c:1807
[QTS:EMIT] pos=198 u32=0x00000004 (4) @parser.c:1777
[QTS:EMIT] pos=202 u16=0x0003 (3) @parser.c:1772
[QTS:ASSIGN] lvalue: opcode=61 scope=3 atom=539 label=4
[QTS:EMIT] pos=204 op=200 @parser.c:1786
[QTS:EMIT] pos=205 u32=0x0000359c (13724) @parser.c:1788
[QTS:EMIT] pos=209 op=186 @parser.c:1799
[QTS:EMIT] pos=210 u32=0x0000021b (539) @parser.c:1777
[QTS:EMIT] pos=214 u16=0x0003 (3) @parser.c:1772
[QTS:EMIT] pos=216 op=200 @parser.c:1786
[QTS:EMIT] pos=217 u32=0x0000359f (13727) @parser.c:1788
[QTS:EMIT] pos=221 op=66 @parser.c:1799
[QTS:EMIT] pos=222 atom=326 @parser.c:1807
[QTS:EMIT] pos=226 op=1 @parser.c:1799
[QTS:EMIT] pos=227 u32=0x00000000 (0) @parser.c:1777
[QTS:EMIT] pos=231 op=200 @parser.c:1786
[QTS:EMIT] pos=232 u32=0x000035ad (13741) @parser.c:1788
[QTS:EMIT] pos=236 op=186 @parser.c:1799
[QTS:EMIT] pos=237 u32=0x0000026f (623) @parser.c:1777
[QTS:EMIT] pos=241 u16=0x0003 (3) @parser.c:1772
[QTS:EMIT] pos=243 op=1 @parser.c:1799
[QTS:EMIT] pos=244 u32=0x00000001 (1) @parser.c:1777
[QTS:EMIT] pos=248 op=200 @parser.c:1786
[QTS:EMIT] pos=249 u32=0x000035b1 (13745) @parser.c:1788
[QTS:EMIT] pos=253 op=160 @parser.c:1799
[QTS:EMIT] pos=254 op=200 @parser.c:1786
[QTS:EMIT] pos=255 u32=0x000035a9 (13737) @parser.c:1788
[QTS:EMIT] pos=259 op=36 @parser.c:1799
[QTS:EMIT] pos=260 u16=0x0002 (2) @parser.c:1772
[QTS:EMIT] pos=262 op=200 @parser.c:1786
[QTS:EMIT] pos=263 u32=0x000035b8 (13752) @parser.c:1788
[QTS:EMIT] pos=267 op=186 @parser.c:1799
[QTS:EMIT] pos=268 u32=0x0000021b (539) @parser.c:1777
[QTS:EMIT] pos=272 u16=0x0003 (3) @parser.c:1772
[QTS:EMIT] pos=274 op=200 @parser.c:1786
[QTS:EMIT] pos=275 u32=0x000035bb (13755) @parser.c:1788
[QTS:EMIT] pos=279 op=66 @parser.c:1799
[QTS:EMIT] pos=280 atom=326 @parser.c:1807
[QTS:EMIT] pos=284 op=200 @parser.c:1786
[QTS:EMIT] pos=285 u32=0x000035c6 (13766) @parser.c:1788
[QTS:EMIT] pos=289 op=186 @parser.c:1799
[QTS:EMIT] pos=290 u32=0x0000026f (623) @parser.c:1777
[QTS:EMIT] pos=294 u16=0x0003 (3) @parser.c:1772
[QTS:EMIT] pos=296 op=200 @parser.c:1786
[QTS:EMIT] pos=297 u32=0x000035cb (13771) @parser.c:1788
[QTS:EMIT] pos=301 op=186 @parser.c:1799
[QTS:EMIT] pos=302 u32=0x0000026f (623) @parser.c:1777
[QTS:EMIT] pos=306 u16=0x0003 (3) @parser.c:1772
[QTS:EMIT] pos=308 op=1 @parser.c:1799
[QTS:EMIT] pos=309 u32=0x00000001 (1) @parser.c:1777
[QTS:EMIT] pos=313 op=200 @parser.c:1786
[QTS:EMIT] pos=314 u32=0x000035cf (13775) @parser.c:1788
[QTS:EMIT] pos=318 op=159 @parser.c:1799
[QTS:EMIT] pos=319 op=200 @parser.c:1786
[QTS:EMIT] pos=320 u32=0x000035c5 (13765) @parser.c:1788
[QTS:EMIT] pos=324 op=36 @parser.c:1799
[QTS:EMIT] pos=325 u16=0x0002 (2) @parser.c:1772
[QTS:EMIT] pos=327 op=200 @parser.c:1786
[QTS:EMIT] pos=328 u32=0x000035b6 (13750) @parser.c:1788
[QTS:EMIT] pos=332 op=159 @parser.c:1799
[QTS:EMIT] pos=333 op=200 @parser.c:1786
[QTS:EMIT] pos=334 u32=0x000035e6 (13798) @parser.c:1788
[QTS:EMIT] pos=338 op=186 @parser.c:1799
[QTS:EMIT] pos=339 u32=0x0000021b (539) @parser.c:1777
[QTS:EMIT] pos=343 u16=0x0003 (3) @parser.c:1772
[QTS:EMIT] pos=345 op=200 @parser.c:1786
[QTS:EMIT] pos=346 u32=0x000035e9 (13801) @parser.c:1788
[QTS:EMIT] pos=350 op=66 @parser.c:1799
[QTS:EMIT] pos=351 atom=326 @parser.c:1807
[QTS:EMIT] pos=355 op=200 @parser.c:1786
[QTS:EMIT] pos=356 u32=0x000035f4 (13812) @parser.c:1788
[QTS:EMIT] pos=360 op=186 @parser.c:1799
[QTS:EMIT] pos=361 u32=0x0000026f (623) @parser.c:1777
[QTS:EMIT] pos=365 u16=0x0003 (3) @parser.c:1772
[QTS:EMIT] pos=367 op=1 @parser.c:1799
[QTS:EMIT] pos=368 u32=0x00000001 (1) @parser.c:1777
[QTS:EMIT] pos=372 op=200 @parser.c:1786
[QTS:EMIT] pos=373 u32=0x000035f8 (13816) @parser.c:1788
[QTS:EMIT] pos=377 op=160 @parser.c:1799
[QTS:EMIT] pos=378 op=200 @parser.c:1786
[QTS:EMIT] pos=379 u32=0x000035fd (13821) @parser.c:1788
[QTS:EMIT] pos=383 op=186 @parser.c:1799
[QTS:EMIT] pos=384 u32=0x0000026f (623) @parser.c:1777
[QTS:EMIT] pos=388 u16=0x0003 (3) @parser.c:1772
[QTS:EMIT] pos=390 op=200 @parser.c:1786
[QTS:EMIT] pos=391 u32=0x000035f3 (13811) @parser.c:1788
[QTS:EMIT] pos=395 op=36 @parser.c:1799
[QTS:EMIT] pos=396 u16=0x0002 (2) @parser.c:1772
[QTS:EMIT] pos=398 op=200 @parser.c:1786
[QTS:EMIT] pos=399 u32=0x000035d4 (13780) @parser.c:1788
[QTS:EMIT] pos=403 op=159 @parser.c:1799
[QTS:EMIT] pos=404 op=200 @parser.c:1786
[QTS:EMIT] pos=405 u32=0x00003604 (13828) @parser.c:1788
[QTS:EMIT] pos=409 op=186 @parser.c:1799
[QTS:EMIT] pos=410 u32=0x0000021b (539) @parser.c:1777
[QTS:EMIT] pos=414 u16=0x0003 (3) @parser.c:1772
[QTS:EMIT] pos=416 op=200 @parser.c:1786
[QTS:EMIT] pos=417 u32=0x00003607 (13831) @parser.c:1788
[QTS:EMIT] pos=421 op=66 @parser.c:1799
[QTS:EMIT] pos=422 atom=326 @parser.c:1807
[QTS:EMIT] pos=426 op=200 @parser.c:1786
[QTS:EMIT] pos=427 u32=0x00003612 (13842) @parser.c:1788
[QTS:EMIT] pos=431 op=186 @parser.c:1799
[QTS:EMIT] pos=432 u32=0x0000026f (623) @parser.c:1777
[QTS:EMIT] pos=436 u16=0x0003 (3) @parser.c:1772
[QTS:EMIT] pos=438 op=1 @parser.c:1799
[QTS:EMIT] pos=439 u32=0x00000001 (1) @parser.c:1777
[QTS:EMIT] pos=443 op=200 @parser.c:1786
[QTS:EMIT] pos=444 u32=0x00003616 (13846) @parser.c:1788
[QTS:EMIT] pos=448 op=159 @parser.c:1799
[QTS:EMIT] pos=449 op=200 @parser.c:1786
[QTS:EMIT] pos=450 u32=0x00003611 (13841) @parser.c:1788
[QTS:EMIT] pos=454 op=36 @parser.c:1799
[QTS:EMIT] pos=455 u16=0x0001 (1) @parser.c:1772
[QTS:EMIT] pos=457 op=200 @parser.c:1786
[QTS:EMIT] pos=458 u32=0x00003602 (13826) @parser.c:1788
[QTS:EMIT] pos=462 op=159 @parser.c:1799
[QTS:EMIT] pos=463 op=184 @parser.c:1799
[QTS:EMIT] pos=464 u32=0x00000004 (4) @parser.c:1777
[QTS:EMIT] pos=468 op=22 @parser.c:1799
[QTS:EMIT] pos=469 op=62 @parser.c:1799
[QTS:EMIT] pos=470 op=14 @parser.c:1799
[QTS:EMIT] pos=471 op=200 @parser.c:1786
[QTS:EMIT] pos=472 u32=0x00003628 (13864) @parser.c:1788
[QTS:EMIT] pos=476 op=186 @parser.c:1799
[QTS:EMIT] pos=477 u32=0x0000021c (540) @parser.c:1777
[QTS:EMIT] pos=481 u16=0x0003 (3) @parser.c:1772
[QTS:EMIT] pos=476 op=189 @parser.c:1799
[QTS:EMIT] pos=477 atom=540 @parser.c:1807
[QTS:EMIT] pos=481 u32=0x00000005 (5) @parser.c:1777
[QTS:EMIT] pos=485 u16=0x0003 (3) @parser.c:1772
[QTS:ASSIGN] lvalue: opcode=61 scope=3 atom=540 label=5
[QTS:EMIT] pos=487 op=200 @parser.c:1786
[QTS:EMIT] pos=488 u32=0x00003635 (13877) @parser.c:1788
[QTS:EMIT] pos=492 op=186 @parser.c:1799
[QTS:EMIT] pos=493 u32=0x0000026f (623) @parser.c:1777
[QTS:EMIT] pos=497 u16=0x0003 (3) @parser.c:1772
[QTS:EMIT] pos=499 op=1 @parser.c:1799
[QTS:EMIT] pos=500 u32=0x00000001 (1) @parser.c:1777
[QTS:EMIT] pos=504 op=200 @parser.c:1786
[QTS:EMIT] pos=505 u32=0x00003639 (13881) @parser.c:1788
[QTS:EMIT] pos=509 op=159 @parser.c:1799
[QTS:EMIT] pos=510 op=184 @parser.c:1799
[QTS:EMIT] pos=511 u32=0x00000005 (5) @parser.c:1777
[QTS:EMIT] pos=515 op=22 @parser.c:1799
[QTS:EMIT] pos=516 op=62 @parser.c:1799
[QTS:EMIT] pos=517 op=14 @parser.c:1799
[QTS:SCOPE] leave: idx=3
[QTS:SCOPE] pop: level=3
[QTS:EMIT] pos=518 op=183 @parser.c:1799
[QTS:EMIT] pos=519 u16=0x0003 (3) @parser.c:1772
[QTS:EMIT] pos=521 op=184 @parser.c:1799
[QTS:EMIT] pos=522 u32=0x00000001 (1) @parser.c:1777
[QTS:SCOPE] leave: idx=2
[QTS:SCOPE] pop: level=2
[QTS:EMIT] pos=526 op=183 @parser.c:1799
[QTS:EMIT] pos=527 u16=0x0002 (2) @parser.c:1772
[QTS:EMIT] pos=529 op=41 @parser.c:1799
[QTS:SCOPE] push: level=1 first_var=-1
[QTS:SCOPE] enter: idx=1 is_body=0
[QTS:EMIT] pos=0 op=182 @parser.c:1799
[QTS:EMIT] pos=1 u16=0x0001 (1) @parser.c:1772
[QTS:EMIT] pos=3 op=200 @parser.c:1786
[QTS:EMIT] pos=4 u32=0x00003680 (13952) @parser.c:1788
[QTS:EMIT] pos=8 op=186 @parser.c:1799
[QTS:EMIT] pos=9 u32=0x00000270 (624) @parser.c:1777
[QTS:EMIT] pos=13 u16=0x0001 (1) @parser.c:1772
[QTS:EMIT] pos=15 op=200 @parser.c:1786
[QTS:EMIT] pos=16 u32=0x00003693 (13971) @parser.c:1788
[QTS:EMIT] pos=20 op=186 @parser.c:1799
[QTS:EMIT] pos=21 u32=0x0000021c (540) @parser.c:1777
[QTS:EMIT] pos=25 u16=0x0001 (1) @parser.c:1772
[QTS:EMIT] pos=27 op=200 @parser.c:1786
[QTS:EMIT] pos=28 u32=0x00003692 (13970) @parser.c:1788
[QTS:EMIT] pos=32 op=34 @parser.c:1799
[QTS:EMIT] pos=33 u16=0x0001 (1) @parser.c:1772
[QTS:EMIT] pos=35 op=187 @parser.c:1799
[QTS:EMIT] pos=36 atom=643 @parser.c:1807
[QTS:EMIT] pos=40 u16=0x0001 (1) @parser.c:1772
[QTS:EMIT] pos=42 op=200 @parser.c:1786
[QTS:EMIT] pos=43 u32=0x000036b1 (14001) @parser.c:1788
[QTS:EMIT] pos=47 op=186 @parser.c:1799
[QTS:EMIT] pos=48 u32=0x0000026e (622) @parser.c:1777
[QTS:EMIT] pos=52 u16=0x0001 (1) @parser.c:1772
[QTS:EMIT] pos=54 op=200 @parser.c:1786
[QTS:EMIT] pos=55 u32=0x000036c3 (14019) @parser.c:1788
[QTS:EMIT] pos=59 op=186 @parser.c:1799
[QTS:EMIT] pos=60 u32=0x00000283 (643) @parser.c:1777
[QTS:EMIT] pos=64 u16=0x0001 (1) @parser.c:1772
[QTS:EMIT] pos=66 op=200 @parser.c:1786
[QTS:EMIT] pos=67 u32=0x000036c2 (14018) @parser.c:1788
[QTS:EMIT] pos=71 op=34 @parser.c:1799
[QTS:EMIT] pos=72 u16=0x0001 (1) @parser.c:1772
[QTS:EMIT] pos=74 op=187 @parser.c:1799
[QTS:EMIT] pos=75 atom=644 @parser.c:1807
[QTS:EMIT] pos=79 u16=0x0001 (1) @parser.c:1772
[QTS:EMIT] pos=81 op=200 @parser.c:1786
[QTS:EMIT] pos=82 u32=0x000036d9 (14041) @parser.c:1788
[QTS:EMIT] pos=86 op=186 @parser.c:1799
[QTS:EMIT] pos=87 u32=0x0000026e (622) @parser.c:1777
[QTS:EMIT] pos=91 u16=0x0001 (1) @parser.c:1772
[QTS:EMIT] pos=93 op=200 @parser.c:1786
[QTS:EMIT] pos=94 u32=0x000036eb (14059) @parser.c:1788
[QTS:EMIT] pos=98 op=186 @parser.c:1799
[QTS:EMIT] pos=99 u32=0x0000021c (540) @parser.c:1777
[QTS:EMIT] pos=103 u16=0x0001 (1) @parser.c:1772
[QTS:EMIT] pos=105 op=200 @parser.c:1786
[QTS:EMIT] pos=106 u32=0x000036ea (14058) @parser.c:1788
[QTS:EMIT] pos=110 op=34 @parser.c:1799
[QTS:EMIT] pos=111 u16=0x0001 (1) @parser.c:1772
[QTS:EMIT] pos=113 op=187 @parser.c:1799
[QTS:EMIT] pos=114 atom=645 @parser.c:1807
[QTS:EMIT] pos=118 u16=0x0001 (1) @parser.c:1772
[QTS:EMIT] pos=120 op=200 @parser.c:1786
[QTS:EMIT] pos=121 u32=0x00003709 (14089) @parser.c:1788
[QTS:EMIT] pos=125 op=186 @parser.c:1799
[QTS:EMIT] pos=126 u32=0x00000270 (624) @parser.c:1777
[QTS:EMIT] pos=130 u16=0x0001 (1) @parser.c:1772
[QTS:EMIT] pos=132 op=200 @parser.c:1786
[QTS:EMIT] pos=133 u32=0x0000371c (14108) @parser.c:1788
[QTS:EMIT] pos=137 op=186 @parser.c:1799
[QTS:EMIT] pos=138 u32=0x00000285 (645) @parser.c:1777
[QTS:EMIT] pos=142 u16=0x0001 (1) @parser.c:1772
[QTS:EMIT] pos=144 op=200 @parser.c:1786
[QTS:EMIT] pos=145 u32=0x0000371b (14107) @parser.c:1788
[QTS:EMIT] pos=149 op=34 @parser.c:1799
[QTS:EMIT] pos=150 u16=0x0001 (1) @parser.c:1772
[QTS:EMIT] pos=152 op=187 @parser.c:1799
[QTS:EMIT] pos=153 atom=646 @parser.c:1807
[QTS:EMIT] pos=157 u16=0x0001 (1) @parser.c:1772
[QTS:SCOPE] push: level=2 first_var=-1
[QTS:SCOPE] enter: idx=2 is_body=0
[QTS:EMIT] pos=159 op=182 @parser.c:1799
[QTS:EMIT] pos=160 u16=0x0002 (2) @parser.c:1772
[QTS:EMIT] pos=162 op=200 @parser.c:1786
[QTS:EMIT] pos=163 u32=0x0000372d (14125) @parser.c:1788
[QTS:EMIT] pos=167 op=186 @parser.c:1799
[QTS:EMIT] pos=168 u32=0x00000283 (643) @parser.c:1777
[QTS:EMIT] pos=172 u16=0x0002 (2) @parser.c:1772
[QTS:EMIT] pos=174 op=200 @parser.c:1786
[QTS:EMIT] pos=175 u32=0x00003732 (14130) @parser.c:1788
[QTS:EMIT] pos=179 op=186 @parser.c:1799
[QTS:EMIT] pos=180 u32=0x00000284 (644) @parser.c:1777
[QTS:EMIT] pos=184 u16=0x0002 (2) @parser.c:1772
[QTS:EMIT] pos=186 op=200 @parser.c:1786
[QTS:EMIT] pos=187 u32=0x00003730 (14128) @parser.c:1788
[QTS:EMIT] pos=191 op=165 @parser.c:1799
[QTS:EMIT] pos=192 op=17 @parser.c:1799
[QTS:EMIT] pos=193 op=108 @parser.c:1799
[QTS:EMIT] pos=194 u32=0x00000000 (0) @parser.c:1777
[QTS:EMIT] pos=198 op=14 @parser.c:1799
[QTS:EMIT] pos=199 op=200 @parser.c:1786
[QTS:EMIT] pos=200 u32=0x00003738 (14136) @parser.c:1788
[QTS:EMIT] pos=204 op=186 @parser.c:1799
[QTS:EMIT] pos=205 u32=0x00000284 (644) @parser.c:1777
[QTS:EMIT] pos=209 u16=0x0002 (2) @parser.c:1772
[QTS:EMIT] pos=211 op=200 @parser.c:1786
[QTS:EMIT] pos=212 u32=0x0000373e (14142) @parser.c:1788
[QTS:EMIT] pos=216 op=186 @parser.c:1799
[QTS:EMIT] pos=217 u32=0x0000021c (540) @parser.c:1777
[QTS:EMIT] pos=221 u16=0x0002 (2) @parser.c:1772
[QTS:EMIT] pos=223 op=200 @parser.c:1786
[QTS:EMIT] pos=224 u32=0x0000373b (14139) @parser.c:1788
[QTS:EMIT] pos=228 op=166 @parser.c:1799
[QTS:EMIT] pos=229 op=17 @parser.c:1799
[QTS:EMIT] pos=230 op=108 @parser.c:1799
[QTS:EMIT] pos=231 u32=0x00000000 (0) @parser.c:1777
[QTS:EMIT] pos=235 op=14 @parser.c:1799
[QTS:EMIT] pos=236 op=200 @parser.c:1786
[QTS:EMIT] pos=237 u32=0x0000374c (14156) @parser.c:1788
[QTS:EMIT] pos=241 op=186 @parser.c:1799
[QTS:EMIT] pos=242 u32=0x0000021c (540) @parser.c:1777
[QTS:EMIT] pos=246 u16=0x0002 (2) @parser.c:1772
[QTS:EMIT] pos=248 op=200 @parser.c:1786
[QTS:EMIT] pos=249 u32=0x0000375a (14170) @parser.c:1788
[QTS:EMIT] pos=253 op=186 @parser.c:1799
[QTS:EMIT] pos=254 u32=0x00000286 (646) @parser.c:1777
[QTS:EMIT] pos=258 u16=0x0002 (2) @parser.c:1772
[QTS:EMIT] pos=260 op=200 @parser.c:1786
[QTS:EMIT] pos=261 u32=0x00003757 (14167) @parser.c:1788
[QTS:EMIT] pos=265 op=166 @parser.c:1799
[QTS:EMIT] pos=266 op=17 @parser.c:1799
[QTS:EMIT] pos=267 op=108 @parser.c:1799
[QTS:EMIT] pos=268 u32=0x00000000 (0) @parser.c:1777
[QTS:EMIT] pos=272 op=14 @parser.c:1799
[QTS:EMIT] pos=273 op=200 @parser.c:1786
[QTS:EMIT] pos=274 u32=0x00003760 (14176) @parser.c:1788
[QTS:EMIT] pos=278 op=186 @parser.c:1799
[QTS:EMIT] pos=279 u32=0x00000286 (646) @parser.c:1777
[QTS:EMIT] pos=283 u16=0x0002 (2) @parser.c:1772
[QTS:EMIT] pos=285 op=200 @parser.c:1786
[QTS:EMIT] pos=286 u32=0x00003765 (14181) @parser.c:1788
[QTS:EMIT] pos=290 op=186 @parser.c:1799
[QTS:EMIT] pos=291 u32=0x00000285 (645) @parser.c:1777
[QTS:EMIT] pos=295 u16=0x0002 (2) @parser.c:1772
[QTS:EMIT] pos=297 op=200 @parser.c:1786
[QTS:EMIT] pos=298 u32=0x00003763 (14179) @parser.c:1788
[QTS:EMIT] pos=302 op=165 @parser.c:1799
[QTS:EMIT] pos=303 op=184 @parser.c:1799
[QTS:EMIT] pos=304 u32=0x00000000 (0) @parser.c:1777
[QTS:EMIT] pos=308 op=108 @parser.c:1799
[QTS:EMIT] pos=309 u32=0x00000001 (1) @parser.c:1777
[QTS:SCOPE] push: level=3 first_var=-1
[QTS:SCOPE] enter: idx=3 is_body=0
[QTS:EMIT] pos=313 op=182 @parser.c:1799
[QTS:EMIT] pos=314 u16=0x0003 (3) @parser.c:1772
[QTS:EMIT] pos=316 op=200 @parser.c:1786
[QTS:EMIT] pos=317 u32=0x00003777 (14199) @parser.c:1788
[QTS:EMIT] pos=321 op=186 @parser.c:1799
[QTS:EMIT] pos=322 u32=0x0000021b (539) @parser.c:1777
[QTS:EMIT] pos=326 u16=0x0003 (3) @parser.c:1772
[QTS:EMIT] pos=321 op=189 @parser.c:1799
[QTS:EMIT] pos=322 atom=539 @parser.c:1807
[QTS:EMIT] pos=326 u32=0x00000002 (2) @parser.c:1777
[QTS:EMIT] pos=330 u16=0x0003 (3) @parser.c:1772
[QTS:ASSIGN] lvalue: opcode=61 scope=3 atom=539 label=2
[QTS:EMIT] pos=332 op=200 @parser.c:1786
[QTS:EMIT] pos=333 u32=0x0000377d (14205) @parser.c:1788
[QTS:EMIT] pos=337 op=186 @parser.c:1799
[QTS:EMIT] pos=338 u32=0x0000021b (539) @parser.c:1777
[QTS:EMIT] pos=342 u16=0x0003 (3) @parser.c:1772
[QTS:EMIT] pos=344 op=200 @parser.c:1786
[QTS:EMIT] pos=345 u32=0x00003780 (14208) @parser.c:1788
[QTS:EMIT] pos=349 op=66 @parser.c:1799
[QTS:EMIT] pos=350 atom=326 @parser.c:1807
[QTS:EMIT] pos=354 op=1 @parser.c:1799
[QTS:EMIT] pos=355 u32=0x00000000 (0) @parser.c:1777
[QTS:EMIT] pos=359 op=200 @parser.c:1786
[QTS:EMIT] pos=360 u32=0x0000378e (14222) @parser.c:1788
[QTS:EMIT] pos=364 op=186 @parser.c:1799
[QTS:EMIT] pos=365 u32=0x00000283 (643) @parser.c:1777
[QTS:EMIT] pos=369 u16=0x0003 (3) @parser.c:1772
[QTS:EMIT] pos=371 op=200 @parser.c:1786
[QTS:EMIT] pos=372 u32=0x0000378a (14218) @parser.c:1788
[QTS:EMIT] pos=376 op=36 @parser.c:1799
[QTS:EMIT] pos=377 u16=0x0002 (2) @parser.c:1772
[QTS:EMIT] pos=379 op=200 @parser.c:1786
[QTS:EMIT] pos=380 u32=0x00003794 (14228) @parser.c:1788
[QTS:EMIT] pos=384 op=186 @parser.c:1799
[QTS:EMIT] pos=385 u32=0x0000021b (539) @parser.c:1777
[QTS:EMIT] pos=389 u16=0x0003 (3) @parser.c:1772
[QTS:EMIT] pos=391 op=200 @parser.c:1786
[QTS:EMIT] pos=392 u32=0x00003797 (14231) @parser.c:1788
[QTS:EMIT] pos=396 op=66 @parser.c:1799
[QTS:EMIT] pos=397 atom=326 @parser.c:1807
[QTS:EMIT] pos=401 op=200 @parser.c:1786
[QTS:EMIT] pos=402 u32=0x000037a2 (14242) @parser.c:1788
[QTS:EMIT] pos=406 op=186 @parser.c:1799
[QTS:EMIT] pos=407 u32=0x00000286 (646) @parser.c:1777
[QTS:EMIT] pos=411 u16=0x0003 (3) @parser.c:1772
[QTS:EMIT] pos=413 op=200 @parser.c:1786
[QTS:EMIT] pos=414 u32=0x000037a6 (14246) @parser.c:1788
[QTS:EMIT] pos=418 op=186 @parser.c:1799
[QTS:EMIT] pos=419 u32=0x00000285 (645) @parser.c:1777
[QTS:EMIT] pos=423 u16=0x0003 (3) @parser.c:1772
[QTS:EMIT] pos=425 op=200 @parser.c:1786
[QTS:EMIT] pos=426 u32=0x000037a1 (14241) @parser.c:1788
[QTS:EMIT] pos=430 op=36 @parser.c:1799
[QTS:EMIT] pos=431 u16=0x0002 (2) @parser.c:1772
[QTS:EMIT] pos=433 op=200 @parser.c:1786
[QTS:EMIT] pos=434 u32=0x00003792 (14226) @parser.c:1788
[QTS:EMIT] pos=438 op=159 @parser.c:1799
[QTS:EMIT] pos=439 op=200 @parser.c:1786
[QTS:EMIT] pos=440 u32=0x000037bc (14268) @parser.c:1788
[QTS:EMIT] pos=444 op=186 @parser.c:1799
[QTS:EMIT] pos=445 u32=0x0000021b (539) @parser.c:1777
[QTS:EMIT] pos=449 u16=0x0003 (3) @parser.c:1772
[QTS:EMIT] pos=451 op=200 @parser.c:1786
[QTS:EMIT] pos=452 u32=0x000037bf (14271) @parser.c:1788
[QTS:EMIT] pos=456 op=66 @parser.c:1799
[QTS:EMIT] pos=457 atom=326 @parser.c:1807
[QTS:EMIT] pos=461 op=200 @parser.c:1786
[QTS:EMIT] pos=462 u32=0x000037ca (14282) @parser.c:1788
[QTS:EMIT] pos=466 op=186 @parser.c:1799
[QTS:EMIT] pos=467 u32=0x00000284 (644) @parser.c:1777
[QTS:EMIT] pos=471 u16=0x0003 (3) @parser.c:1772
[QTS:EMIT] pos=473 op=200 @parser.c:1786
[QTS:EMIT] pos=474 u32=0x000037ce (14286) @parser.c:1788
[QTS:EMIT] pos=478 op=186 @parser.c:1799
[QTS:EMIT] pos=479 u32=0x00000286 (646) @parser.c:1777
[QTS:EMIT] pos=483 u16=0x0003 (3) @parser.c:1772
[QTS:EMIT] pos=485 op=200 @parser.c:1786
[QTS:EMIT] pos=486 u32=0x000037c9 (14281) @parser.c:1788
[QTS:EMIT] pos=490 op=36 @parser.c:1799
[QTS:EMIT] pos=491 u16=0x0002 (2) @parser.c:1772
[QTS:EMIT] pos=493 op=200 @parser.c:1786
[QTS:EMIT] pos=494 u32=0x000037aa (14250) @parser.c:1788
[QTS:EMIT] pos=498 op=159 @parser.c:1799
[QTS:EMIT] pos=499 op=200 @parser.c:1786
[QTS:EMIT] pos=500 u32=0x000037d4 (14292) @parser.c:1788
[QTS:EMIT] pos=504 op=186 @parser.c:1799
[QTS:EMIT] pos=505 u32=0x0000021b (539) @parser.c:1777
[QTS:EMIT] pos=509 u16=0x0003 (3) @parser.c:1772
[QTS:EMIT] pos=511 op=200 @parser.c:1786
[QTS:EMIT] pos=512 u32=0x000037d7 (14295) @parser.c:1788
[QTS:EMIT] pos=516 op=66 @parser.c:1799
[QTS:EMIT] pos=517 atom=326 @parser.c:1807
[QTS:EMIT] pos=521 op=200 @parser.c:1786
[QTS:EMIT] pos=522 u32=0x000037e2 (14306) @parser.c:1788
[QTS:EMIT] pos=526 op=186 @parser.c:1799
[QTS:EMIT] pos=527 u32=0x00000283 (643) @parser.c:1777
[QTS:EMIT] pos=531 u16=0x0003 (3) @parser.c:1772
[QTS:EMIT] pos=533 op=200 @parser.c:1786
[QTS:EMIT] pos=534 u32=0x000037e6 (14310) @parser.c:1788
[QTS:EMIT] pos=538 op=186 @parser.c:1799
[QTS:EMIT] pos=539 u32=0x00000284 (644) @parser.c:1777
[QTS:EMIT] pos=543 u16=0x0003 (3) @parser.c:1772
[QTS:EMIT] pos=545 op=200 @parser.c:1786
[QTS:EMIT] pos=546 u32=0x000037e1 (14305) @parser.c:1788
[QTS:EMIT] pos=550 op=36 @parser.c:1799
[QTS:EMIT] pos=551 u16=0x0002 (2) @parser.c:1772
[QTS:EMIT] pos=553 op=200 @parser.c:1786
[QTS:EMIT] pos=554 u32=0x000037d2 (14290) @parser.c:1788
[QTS:EMIT] pos=558 op=159 @parser.c:1799
[QTS:EMIT] pos=559 op=184 @parser.c:1799
[QTS:EMIT] pos=560 u32=0x00000002 (2) @parser.c:1777
[QTS:EMIT] pos=564 op=22 @parser.c:1799
[QTS:EMIT] pos=565 op=62 @parser.c:1799
[QTS:EMIT] pos=566 op=14 @parser.c:1799
[QTS:EMIT] pos=567 op=200 @parser.c:1786
[QTS:EMIT] pos=568 u32=0x000037f7 (14327) @parser.c:1788
[QTS:EMIT] pos=572 op=186 @parser.c:1799
[QTS:EMIT] pos=573 u32=0x0000021c (540) @parser.c:1777
[QTS:EMIT] pos=577 u16=0x0003 (3) @parser.c:1772
[QTS:EMIT] pos=572 op=189 @parser.c:1799
[QTS:EMIT] pos=573 atom=540 @parser.c:1807
[QTS:EMIT] pos=577 u32=0x00000003 (3) @parser.c:1777
[QTS:EMIT] pos=581 u16=0x0003 (3) @parser.c:1772
[QTS:ASSIGN] lvalue: opcode=61 scope=3 atom=540 label=3
[QTS:EMIT] pos=583 op=200 @parser.c:1786
[QTS:EMIT] pos=584 u32=0x00003804 (14340) @parser.c:1788
[QTS:EMIT] pos=588 op=186 @parser.c:1799
[QTS:EMIT] pos=589 u32=0x00000285 (645) @parser.c:1777
[QTS:EMIT] pos=593 u16=0x0003 (3) @parser.c:1772
[QTS:EMIT] pos=595 op=184 @parser.c:1799
[QTS:EMIT] pos=596 u32=0x00000003 (3) @parser.c:1777
[QTS:EMIT] pos=600 op=22 @parser.c:1799
[QTS:EMIT] pos=601 op=62 @parser.c:1799
[QTS:EMIT] pos=602 op=14 @parser.c:1799
[QTS:SCOPE] leave: idx=3
[QTS:SCOPE] pop: level=3
[QTS:EMIT] pos=603 op=183 @parser.c:1799
[QTS:EMIT] pos=604 u16=0x0003 (3) @parser.c:1772
[QTS:EMIT] pos=606 op=184 @parser.c:1799
[QTS:EMIT] pos=607 u32=0x00000001 (1) @parser.c:1777
[QTS:SCOPE] leave: idx=2
[QTS:SCOPE] pop: level=2
[QTS:EMIT] pos=611 op=183 @parser.c:1799
[QTS:EMIT] pos=612 u16=0x0002 (2) @parser.c:1772
[QTS:EMIT] pos=614 op=41 @parser.c:1799
[QTS:SCOPE] push: level=1 first_var=-1
[QTS:SCOPE] enter: idx=1 is_body=0
[QTS:EMIT] pos=0 op=182 @parser.c:1799
[QTS:EMIT] pos=1 u16=0x0001 (1) @parser.c:1772
[QTS:EMIT] pos=3 op=200 @parser.c:1786
[QTS:EMIT] pos=4 u32=0x00003847 (14407) @parser.c:1788
[QTS:EMIT] pos=8 op=186 @parser.c:1799
[QTS:EMIT] pos=9 u32=0x0000026e (622) @parser.c:1777
[QTS:EMIT] pos=13 u16=0x0001 (1) @parser.c:1772
[QTS:EMIT] pos=15 op=200 @parser.c:1786
[QTS:EMIT] pos=16 u32=0x00003859 (14425) @parser.c:1788
[QTS:EMIT] pos=20 op=186 @parser.c:1799
[QTS:EMIT] pos=21 u32=0x0000021c (540) @parser.c:1777
[QTS:EMIT] pos=25 u16=0x0001 (1) @parser.c:1772
[QTS:EMIT] pos=27 op=200 @parser.c:1786
[QTS:EMIT] pos=28 u32=0x00003858 (14424) @parser.c:1788
[QTS:EMIT] pos=32 op=34 @parser.c:1799
[QTS:EMIT] pos=33 u16=0x0001 (1) @parser.c:1772
[QTS:EMIT] pos=35 op=187 @parser.c:1799
[QTS:EMIT] pos=36 atom=636 @parser.c:1807
[QTS:EMIT] pos=40 u16=0x0001 (1) @parser.c:1772
[QTS:EMIT] pos=42 op=200 @parser.c:1786
[QTS:EMIT] pos=43 u32=0x0000386e (14446) @parser.c:1788
[QTS:EMIT] pos=47 op=186 @parser.c:1799
[QTS:EMIT] pos=48 u32=0x0000021b (539) @parser.c:1777
[QTS:EMIT] pos=52 u16=0x0001 (1) @parser.c:1772
[QTS:EMIT] pos=47 op=189 @parser.c:1799
[QTS:EMIT] pos=48 atom=539 @parser.c:1807
[QTS:EMIT] pos=52 u32=0x00000000 (0) @parser.c:1777
[QTS:EMIT] pos=56 u16=0x0001 (1) @parser.c:1772
[QTS:ASSIGN] lvalue: opcode=61 scope=1 atom=539 label=0
[QTS:EMIT] pos=58 op=200 @parser.c:1786
[QTS:EMIT] pos=59 u32=0x00003874 (14452) @parser.c:1788
[QTS:EMIT] pos=63 op=186 @parser.c:1799
[QTS:EMIT] pos=64 u32=0x0000021b (539) @parser.c:1777
[QTS:EMIT] pos=68 u16=0x0001 (1) @parser.c:1772
[QTS:EMIT] pos=70 op=200 @parser.c:1786
[QTS:EMIT] pos=71 u32=0x00003877 (14455) @parser.c:1788
[QTS:EMIT] pos=75 op=66 @parser.c:1799
[QTS:EMIT] pos=76 atom=326 @parser.c:1807
[QTS:EMIT] pos=80 op=1 @parser.c:1799
[QTS:EMIT] pos=81 u32=0x00000000 (0) @parser.c:1777
[QTS:EMIT] pos=85 op=200 @parser.c:1786
[QTS:EMIT] pos=86 u32=0x00003885 (14469) @parser.c:1788
[QTS:EMIT] pos=90 op=186 @parser.c:1799
[QTS:EMIT] pos=91 u32=0x0000021c (540) @parser.c:1777
[QTS:EMIT] pos=95 u16=0x0001 (1) @parser.c:1772
[QTS:EMIT] pos=97 op=200 @parser.c:1786
[QTS:EMIT] pos=98 u32=0x00003881 (14465) @parser.c:1788
[QTS:EMIT] pos=102 op=36 @parser.c:1799
[QTS:EMIT] pos=103 u16=0x0002 (2) @parser.c:1772
[QTS:EMIT] pos=105 op=200 @parser.c:1786
[QTS:EMIT] pos=106 u32=0x0000389f (14495) @parser.c:1788
[QTS:EMIT] pos=110 op=186 @parser.c:1799
[QTS:EMIT] pos=111 u32=0x0000021b (539) @parser.c:1777
[QTS:EMIT] pos=115 u16=0x0001 (1) @parser.c:1772
[QTS:EMIT] pos=117 op=200 @parser.c:1786
[QTS:EMIT] pos=118 u32=0x000038a2 (14498) @parser.c:1788
[QTS:EMIT] pos=122 op=66 @parser.c:1799
[QTS:EMIT] pos=123 atom=326 @parser.c:1807
[QTS:EMIT] pos=127 op=200 @parser.c:1786
[QTS:EMIT] pos=128 u32=0x000038ad (14509) @parser.c:1788
[QTS:EMIT] pos=132 op=186 @parser.c:1799
[QTS:EMIT] pos=133 u32=0x0000021c (540) @parser.c:1777
[QTS:EMIT] pos=137 u16=0x0001 (1) @parser.c:1772
[QTS:EMIT] pos=139 op=200 @parser.c:1786
[QTS:EMIT] pos=140 u32=0x000038b9 (14521) @parser.c:1788
[QTS:EMIT] pos=144 op=186 @parser.c:1799
[QTS:EMIT] pos=145 u32=0x0000027c (636) @parser.c:1777
[QTS:EMIT] pos=149 u16=0x0001 (1) @parser.c:1772
[QTS:EMIT] pos=151 op=200 @parser.c:1786
[QTS:EMIT] pos=152 u32=0x000038ac (14508) @parser.c:1788
[QTS:EMIT] pos=156 op=36 @parser.c:1799
[QTS:EMIT] pos=157 u16=0x0002 (2) @parser.c:1772
[QTS:EMIT] pos=159 op=200 @parser.c:1786
[QTS:EMIT] pos=160 u32=0x000038bd (14525) @parser.c:1788
[QTS:EMIT] pos=164 op=66 @parser.c:1799
[QTS:EMIT] pos=165 atom=340 @parser.c:1807
[QTS:EMIT] pos=169 op=200 @parser.c:1786
[QTS:EMIT] pos=170 u32=0x000038c9 (14537) @parser.c:1788
[QTS:EMIT] pos=174 op=36 @parser.c:1799
[QTS:EMIT] pos=175 u16=0x0000 (0) @parser.c:1772
[QTS:EMIT] pos=177 op=200 @parser.c:1786
[QTS:EMIT] pos=178 u32=0x00003891 (14481) @parser.c:1788
[QTS:EMIT] pos=182 op=159 @parser.c:1799
[QTS:EMIT] pos=183 op=200 @parser.c:1786
[QTS:EMIT] pos=184 u32=0x000038da (14554) @parser.c:1788
[QTS:EMIT] pos=188 op=186 @parser.c:1799
[QTS:EMIT] pos=189 u32=0x0000021b (539) @parser.c:1777
[QTS:EMIT] pos=193 u16=0x0001 (1) @parser.c:1772
[QTS:EMIT] pos=195 op=200 @parser.c:1786
[QTS:EMIT] pos=196 u32=0x000038dd (14557) @parser.c:1788
[QTS:EMIT] pos=200 op=66 @parser.c:1799
[QTS:EMIT] pos=201 atom=326 @parser.c:1807
[QTS:EMIT] pos=205 op=200 @parser.c:1786
[QTS:EMIT] pos=206 u32=0x000038e8 (14568) @parser.c:1788
[QTS:EMIT] pos=210 op=186 @parser.c:1799
[QTS:EMIT] pos=211 u32=0x0000027c (636) @parser.c:1777
[QTS:EMIT] pos=215 u16=0x0001 (1) @parser.c:1772
[QTS:EMIT] pos=217 op=200 @parser.c:1786
[QTS:EMIT] pos=218 u32=0x000038e7 (14567) @parser.c:1788
[QTS:EMIT] pos=222 op=36 @parser.c:1799
[QTS:EMIT] pos=223 u16=0x0001 (1) @parser.c:1772
[QTS:EMIT] pos=225 op=200 @parser.c:1786
[QTS:EMIT] pos=226 u32=0x000038cc (14540) @parser.c:1788
[QTS:EMIT] pos=230 op=159 @parser.c:1799
[QTS:EMIT] pos=231 op=184 @parser.c:1799
[QTS:EMIT] pos=232 u32=0x00000000 (0) @parser.c:1777
[QTS:EMIT] pos=236 op=22 @parser.c:1799
[QTS:EMIT] pos=237 op=62 @parser.c:1799
[QTS:EMIT] pos=238 op=14 @parser.c:1799
[QTS:EMIT] pos=239 op=41 @parser.c:1799
[QTS:SCOPE] push: level=1 first_var=-1
[QTS:SCOPE] enter: idx=1 is_body=0
[QTS:EMIT] pos=0 op=182 @parser.c:1799
[QTS:EMIT] pos=1 u16=0x0001 (1) @parser.c:1772
[QTS:EMIT] pos=3 op=200 @parser.c:1786
[QTS:EMIT] pos=4 u32=0x00003925 (14629) @parser.c:1788
[QTS:EMIT] pos=8 op=186 @parser.c:1799
[QTS:EMIT] pos=9 u32=0x0000026e (622) @parser.c:1777
[QTS:EMIT] pos=13 u16=0x0001 (1) @parser.c:1772
[QTS:EMIT] pos=15 op=200 @parser.c:1786
[QTS:EMIT] pos=16 u32=0x00003937 (14647) @parser.c:1788
[QTS:EMIT] pos=20 op=186 @parser.c:1799
[QTS:EMIT] pos=21 u32=0x0000021c (540) @parser.c:1777
[QTS:EMIT] pos=25 u16=0x0001 (1) @parser.c:1772
[QTS:EMIT] pos=27 op=200 @parser.c:1786
[QTS:EMIT] pos=28 u32=0x00003936 (14646) @parser.c:1788
[QTS:EMIT] pos=32 op=34 @parser.c:1799
[QTS:EMIT] pos=33 u16=0x0001 (1) @parser.c:1772
[QTS:EMIT] pos=35 op=187 @parser.c:1799
[QTS:EMIT] pos=36 atom=636 @parser.c:1807
[QTS:EMIT] pos=40 u16=0x0001 (1) @parser.c:1772
[QTS:EMIT] pos=42 op=200 @parser.c:1786
[QTS:EMIT] pos=43 u32=0x0000394c (14668) @parser.c:1788
[QTS:EMIT] pos=47 op=186 @parser.c:1799
[QTS:EMIT] pos=48 u32=0x0000021b (539) @parser.c:1777
[QTS:EMIT] pos=52 u16=0x0001 (1) @parser.c:1772
[QTS:EMIT] pos=47 op=189 @parser.c:1799
[QTS:EMIT] pos=48 atom=539 @parser.c:1807
[QTS:EMIT] pos=52 u32=0x00000000 (0) @parser.c:1777
[QTS:EMIT] pos=56 u16=0x0001 (1) @parser.c:1772
[QTS:ASSIGN] lvalue: opcode=61 scope=1 atom=539 label=0
[QTS:EMIT] pos=58 op=200 @parser.c:1786
[QTS:EMIT] pos=59 u32=0x00003952 (14674) @parser.c:1788
[QTS:EMIT] pos=63 op=186 @parser.c:1799
[QTS:EMIT] pos=64 u32=0x0000021b (539) @parser.c:1777
[QTS:EMIT] pos=68 u16=0x0001 (1) @parser.c:1772
[QTS:EMIT] pos=70 op=200 @parser.c:1786
[QTS:EMIT] pos=71 u32=0x00003955 (14677) @parser.c:1788
[QTS:EMIT] pos=75 op=66 @parser.c:1799
[QTS:EMIT] pos=76 atom=326 @parser.c:1807
[QTS:EMIT] pos=80 op=1 @parser.c:1799
[QTS:EMIT] pos=81 u32=0x00000000 (0) @parser.c:1777
[QTS:EMIT] pos=85 op=200 @parser.c:1786
[QTS:EMIT] pos=86 u32=0x00003963 (14691) @parser.c:1788
[QTS:EMIT] pos=90 op=186 @parser.c:1799
[QTS:EMIT] pos=91 u32=0x0000021c (540) @parser.c:1777
[QTS:EMIT] pos=95 u16=0x0001 (1) @parser.c:1772
[QTS:EMIT] pos=97 op=200 @parser.c:1786
[QTS:EMIT] pos=98 u32=0x0000395f (14687) @parser.c:1788
[QTS:EMIT] pos=102 op=36 @parser.c:1799
[QTS:EMIT] pos=103 u16=0x0002 (2) @parser.c:1772
[QTS:EMIT] pos=105 op=200 @parser.c:1786
[QTS:EMIT] pos=106 u32=0x0000397d (14717) @parser.c:1788
[QTS:EMIT] pos=110 op=186 @parser.c:1799
[QTS:EMIT] pos=111 u32=0x0000021b (539) @parser.c:1777
[QTS:EMIT] pos=115 u16=0x0001 (1) @parser.c:1772
[QTS:EMIT] pos=117 op=200 @parser.c:1786
[QTS:EMIT] pos=118 u32=0x00003980 (14720) @parser.c:1788
[QTS:EMIT] pos=122 op=66 @parser.c:1799
[QTS:EMIT] pos=123 atom=326 @parser.c:1807
[QTS:EMIT] pos=127 op=200 @parser.c:1786
[QTS:EMIT] pos=128 u32=0x0000398b (14731) @parser.c:1788
[QTS:EMIT] pos=132 op=186 @parser.c:1799
[QTS:EMIT] pos=133 u32=0x0000021c (540) @parser.c:1777
[QTS:EMIT] pos=137 u16=0x0001 (1) @parser.c:1772
[QTS:EMIT] pos=139 op=200 @parser.c:1786
[QTS:EMIT] pos=140 u32=0x00003997 (14743) @parser.c:1788
[QTS:EMIT] pos=144 op=186 @parser.c:1799
[QTS:EMIT] pos=145 u32=0x0000027c (636) @parser.c:1777
[QTS:EMIT] pos=149 u16=0x0001 (1) @parser.c:1772
[QTS:EMIT] pos=151 op=200 @parser.c:1786
[QTS:EMIT] pos=152 u32=0x0000398a (14730) @parser.c:1788
[QTS:EMIT] pos=156 op=36 @parser.c:1799
[QTS:EMIT] pos=157 u16=0x0002 (2) @parser.c:1772
[QTS:EMIT] pos=159 op=200 @parser.c:1786
[QTS:EMIT] pos=160 u32=0x0000399b (14747) @parser.c:1788
[QTS:EMIT] pos=164 op=66 @parser.c:1799
[QTS:EMIT] pos=165 atom=339 @parser.c:1807
[QTS:EMIT] pos=169 op=200 @parser.c:1786
[QTS:EMIT] pos=170 u32=0x000039a7 (14759) @parser.c:1788
[QTS:EMIT] pos=174 op=36 @parser.c:1799
[QTS:EMIT] pos=175 u16=0x0000 (0) @parser.c:1772
[QTS:EMIT] pos=177 op=200 @parser.c:1786
[QTS:EMIT] pos=178 u32=0x0000396f (14703) @parser.c:1788
[QTS:EMIT] pos=182 op=159 @parser.c:1799
[QTS:EMIT] pos=183 op=200 @parser.c:1786
[QTS:EMIT] pos=184 u32=0x000039b8 (14776) @parser.c:1788
[QTS:EMIT] pos=188 op=186 @parser.c:1799
[QTS:EMIT] pos=189 u32=0x0000021b (539) @parser.c:1777
[QTS:EMIT] pos=193 u16=0x0001 (1) @parser.c:1772
[QTS:EMIT] pos=195 op=200 @parser.c:1786
[QTS:EMIT] pos=196 u32=0x000039bb (14779) @parser.c:1788
[QTS:EMIT] pos=200 op=66 @parser.c:1799
[QTS:EMIT] pos=201 atom=326 @parser.c:1807
[QTS:EMIT] pos=205 op=200 @parser.c:1786
[QTS:EMIT] pos=206 u32=0x000039c6 (14790) @parser.c:1788
[QTS:EMIT] pos=210 op=186 @parser.c:1799
[QTS:EMIT] pos=211 u32=0x0000027c (636) @parser.c:1777
[QTS:EMIT] pos=215 u16=0x0001 (1) @parser.c:1772
[QTS:EMIT] pos=217 op=200 @parser.c:1786
[QTS:EMIT] pos=218 u32=0x000039c5 (14789) @parser.c:1788
[QTS:EMIT] pos=222 op=36 @parser.c:1799
[QTS:EMIT] pos=223 u16=0x0001 (1) @parser.c:1772
[QTS:EMIT] pos=225 op=200 @parser.c:1786
[QTS:EMIT] pos=226 u32=0x000039aa (14762) @parser.c:1788
[QTS:EMIT] pos=230 op=159 @parser.c:1799
[QTS:EMIT] pos=231 op=184 @parser.c:1799
[QTS:EMIT] pos=232 u32=0x00000000 (0) @parser.c:1777
[QTS:EMIT] pos=236 op=22 @parser.c:1799
[QTS:EMIT] pos=237 op=62 @parser.c:1799
[QTS:EMIT] pos=238 op=14 @parser.c:1799
[QTS:EMIT] pos=239 op=41 @parser.c:1799
[QTS:SCOPE] push: level=1 first_var=-1
[QTS:SCOPE] enter: idx=1 is_body=0
[QTS:EMIT] pos=0 op=182 @parser.c:1799
[QTS:EMIT] pos=1 u16=0x0001 (1) @parser.c:1772
[QTS:EMIT] pos=3 op=200 @parser.c:1786
[QTS:EMIT] pos=4 u32=0x00003a0e (14862) @parser.c:1788
[QTS:EMIT] pos=8 op=186 @parser.c:1799
[QTS:EMIT] pos=9 u32=0x0000021b (539) @parser.c:1777
[QTS:EMIT] pos=13 u16=0x0001 (1) @parser.c:1772
[QTS:EMIT] pos=15 op=200 @parser.c:1786
[QTS:EMIT] pos=16 u32=0x00003a11 (14865) @parser.c:1788
[QTS:EMIT] pos=20 op=66 @parser.c:1799
[QTS:EMIT] pos=21 atom=326 @parser.c:1807
[QTS:EMIT] pos=25 op=200 @parser.c:1786
[QTS:EMIT] pos=26 u32=0x00003a1c (14876) @parser.c:1788
[QTS:EMIT] pos=30 op=186 @parser.c:1799
[QTS:EMIT] pos=31 u32=0x0000024f (591) @parser.c:1777
[QTS:EMIT] pos=35 u16=0x0001 (1) @parser.c:1772
[QTS:EMIT] pos=37 op=200 @parser.c:1786
[QTS:EMIT] pos=38 u32=0x00003a23 (14883) @parser.c:1788
[QTS:EMIT] pos=42 op=186 @parser.c:1799
[QTS:EMIT] pos=43 u32=0x0000027c (636) @parser.c:1777
[QTS:EMIT] pos=47 u16=0x0001 (1) @parser.c:1772
[QTS:EMIT] pos=49 op=200 @parser.c:1786
[QTS:EMIT] pos=50 u32=0x00003a1b (14875) @parser.c:1788
[QTS:EMIT] pos=54 op=36 @parser.c:1799
[QTS:EMIT] pos=55 u16=0x0002 (2) @parser.c:1772
[QTS:EMIT] pos=57 op=187 @parser.c:1799
[QTS:EMIT] pos=58 atom=649 @parser.c:1807
[QTS:EMIT] pos=62 u16=0x0001 (1) @parser.c:1772
[QTS:SCOPE] push: level=2 first_var=-1
[QTS:SCOPE] enter: idx=2 is_body=0
[QTS:EMIT] pos=64 op=182 @parser.c:1799
[QTS:EMIT] pos=65 u16=0x0002 (2) @parser.c:1772
[QTS:EMIT] pos=67 op=200 @parser.c:1786
[QTS:EMIT] pos=68 u32=0x00003a35 (14901) @parser.c:1788
[QTS:EMIT] pos=72 op=186 @parser.c:1799
[QTS:EMIT] pos=73 u32=0x00000221 (545) @parser.c:1777
[QTS:EMIT] pos=77 u16=0x0002 (2) @parser.c:1772
[QTS:EMIT] pos=79 op=200 @parser.c:1786
[QTS:EMIT] pos=80 u32=0x00003a42 (14914) @parser.c:1788
[QTS:EMIT] pos=84 op=186 @parser.c:1799
[QTS:EMIT] pos=85 u32=0x0000027d (637) @parser.c:1777
[QTS:EMIT] pos=89 u16=0x0002 (2) @parser.c:1772
[QTS:EMIT] pos=91 op=200 @parser.c:1786
[QTS:EMIT] pos=92 u32=0x00003a3e (14910) @parser.c:1788
[QTS:EMIT] pos=96 op=174 @parser.c:1799
[QTS:EMIT] pos=97 op=108 @parser.c:1799
[QTS:EMIT] pos=98 u32=0x00000000 (0) @parser.c:1777
[QTS:EMIT] pos=102 op=200 @parser.c:1786
[QTS:EMIT] pos=103 u32=0x00003a5b (14939) @parser.c:1788
[QTS:EMIT] pos=107 op=186 @parser.c:1799
[QTS:EMIT] pos=108 u32=0x00000209 (521) @parser.c:1777
[QTS:EMIT] pos=112 u16=0x0002 (2) @parser.c:1772
[QTS:EMIT] pos=107 op=189 @parser.c:1799
[QTS:EMIT] pos=108 atom=521 @parser.c:1807
[QTS:EMIT] pos=112 u32=0x00000001 (1) @parser.c:1777
[QTS:EMIT] pos=116 u16=0x0002 (2) @parser.c:1772
[QTS:ASSIGN] lvalue: opcode=61 scope=2 atom=521 label=1
[QTS:EMIT] pos=118 op=200 @parser.c:1786
[QTS:EMIT] pos=119 u32=0x00003a68 (14952) @parser.c:1788
[QTS:EMIT] pos=123 op=186 @parser.c:1799
[QTS:EMIT] pos=124 u32=0x00000289 (649) @parser.c:1777
[QTS:EMIT] pos=128 u16=0x0002 (2) @parser.c:1772
[QTS:EMIT] pos=130 op=184 @parser.c:1799
[QTS:EMIT] pos=131 u32=0x00000001 (1) @parser.c:1777
[QTS:EMIT] pos=135 op=22 @parser.c:1799
[QTS:EMIT] pos=136 op=62 @parser.c:1799
[QTS:EMIT] pos=137 op=14 @parser.c:1799
[QTS:EMIT] pos=138 op=110 @parser.c:1799
[QTS:EMIT] pos=139 u32=0x00000002 (2) @parser.c:1777
[QTS:EMIT] pos=143 op=184 @parser.c:1799
[QTS:EMIT] pos=144 u32=0x00000000 (0) @parser.c:1777
[QTS:SCOPE] push: level=3 first_var=-1
[QTS:SCOPE] enter: idx=3 is_body=0
[QTS:EMIT] pos=148 op=182 @parser.c:1799
[QTS:EMIT] pos=149 u16=0x0003 (3) @parser.c:1772
[QTS:EMIT] pos=151 op=200 @parser.c:1786
[QTS:EMIT] pos=152 u32=0x00003a7c (14972) @parser.c:1788
[QTS:EMIT] pos=156 op=186 @parser.c:1799
[QTS:EMIT] pos=157 u32=0x00000278 (632) @parser.c:1777
[QTS:EMIT] pos=161 u16=0x0003 (3) @parser.c:1772
[QTS:EMIT] pos=163 op=1 @parser.c:1799
[QTS:EMIT] pos=164 u32=0x00000000 (0) @parser.c:1777
[QTS:EMIT] pos=168 op=200 @parser.c:1786
[QTS:EMIT] pos=169 u32=0x00003a80 (14976) @parser.c:1788
[QTS:EMIT] pos=173 op=165 @parser.c:1799
[QTS:EMIT] pos=174 op=108 @parser.c:1799
[QTS:EMIT] pos=175 u32=0x00000003 (3) @parser.c:1777
[QTS:EMIT] pos=179 op=200 @parser.c:1786
[QTS:EMIT] pos=180 u32=0x00003a91 (14993) @parser.c:1788
[QTS:EMIT] pos=184 op=186 @parser.c:1799
[QTS:EMIT] pos=185 u32=0x00000209 (521) @parser.c:1777
[QTS:EMIT] pos=189 u16=0x0003 (3) @parser.c:1772
[QTS:EMIT] pos=184 op=189 @parser.c:1799
[QTS:EMIT] pos=185 atom=521 @parser.c:1807
[QTS:EMIT] pos=189 u32=0x00000004 (4) @parser.c:1777
[QTS:EMIT] pos=193 u16=0x0003 (3) @parser.c:1772
[QTS:ASSIGN] lvalue: opcode=61 scope=3 atom=521 label=4
[QTS:EMIT] pos=195 op=200 @parser.c:1786
[QTS:EMIT] pos=196 u32=0x00003a9e (15006) @parser.c:1788
[QTS:EMIT] pos=200 op=186 @parser.c:1799
[QTS:EMIT] pos=201 u32=0x00000289 (649) @parser.c:1777
[QTS:EMIT] pos=205 u16=0x0003 (3) @parser.c:1772
[QTS:EMIT] pos=207 op=200 @parser.c:1786
[QTS:EMIT] pos=208 u32=0x00003aa2 (15010) @parser.c:1788
[QTS:EMIT] pos=212 op=186 @parser.c:1799
[QTS:EMIT] pos=213 u32=0x00000209 (521) @parser.c:1777
[QTS:EMIT] pos=217 u16=0x0003 (3) @parser.c:1772
[QTS:EMIT] pos=219 op=200 @parser.c:1786
[QTS:EMIT] pos=220 u32=0x00003aa0 (15008) @parser.c:1788
[QTS:EMIT] pos=224 op=159 @parser.c:1799
[QTS:EMIT] pos=225 op=184 @parser.c:1799
[QTS:EMIT] pos=226 u32=0x00000004 (4) @parser.c:1777
[QTS:EMIT] pos=230 op=22 @parser.c:1799
[QTS:EMIT] pos=231 op=62 @parser.c:1799
[QTS:EMIT] pos=232 op=14 @parser.c:1799
[QTS:EMIT] pos=233 op=110 @parser.c:1799
[QTS:EMIT] pos=234 u32=0x00000005 (5) @parser.c:1777
[QTS:EMIT] pos=238 op=184 @parser.c:1799
[QTS:EMIT] pos=239 u32=0x00000003 (3) @parser.c:1777
[QTS:EMIT] pos=243 op=200 @parser.c:1786
[QTS:EMIT] pos=244 u32=0x00003ac7 (15047) @parser.c:1788
[QTS:EMIT] pos=248 op=186 @parser.c:1799
[QTS:EMIT] pos=249 u32=0x00000209 (521) @parser.c:1777
[QTS:EMIT] pos=253 u16=0x0003 (3) @parser.c:1772
[QTS:EMIT] pos=248 op=189 @parser.c:1799
[QTS:EMIT] pos=249 atom=521 @parser.c:1807
[QTS:EMIT] pos=253 u32=0x00000006 (6) @parser.c:1777
[QTS:EMIT] pos=257 u16=0x0003 (3) @parser.c:1772
[QTS:ASSIGN] lvalue: opcode=61 scope=3 atom=521 label=6
[QTS:EMIT] pos=259 op=200 @parser.c:1786
[QTS:EMIT] pos=260 u32=0x00003ad4 (15060) @parser.c:1788
[QTS:EMIT] pos=264 op=186 @parser.c:1799
[QTS:EMIT] pos=265 u32=0x00000209 (521) @parser.c:1777
[QTS:EMIT] pos=269 u16=0x0003 (3) @parser.c:1772
[QTS:EMIT] pos=271 op=200 @parser.c:1786
[QTS:EMIT] pos=272 u32=0x00003ae1 (15073) @parser.c:1788
[QTS:EMIT] pos=276 op=186 @parser.c:1799
[QTS:EMIT] pos=277 u32=0x00000289 (649) @parser.c:1777
[QTS:EMIT] pos=281 u16=0x0003 (3) @parser.c:1772
[QTS:EMIT] pos=283 op=200 @parser.c:1786
[QTS:EMIT] pos=284 u32=0x00003adf (15071) @parser.c:1788
[QTS:EMIT] pos=288 op=159 @parser.c:1799
[QTS:EMIT] pos=289 op=184 @parser.c:1799
[QTS:EMIT] pos=290 u32=0x00000006 (6) @parser.c:1777
[QTS:EMIT] pos=294 op=22 @parser.c:1799
[QTS:EMIT] pos=295 op=62 @parser.c:1799
[QTS:EMIT] pos=296 op=14 @parser.c:1799
[QTS:EMIT] pos=297 op=184 @parser.c:1799
[QTS:EMIT] pos=298 u32=0x00000005 (5) @parser.c:1777
[QTS:SCOPE] leave: idx=3
[QTS:SCOPE] pop: level=3
[QTS:EMIT] pos=302 op=183 @parser.c:1799
[QTS:EMIT] pos=303 u16=0x0003 (3) @parser.c:1772
[QTS:EMIT] pos=305 op=184 @parser.c:1799
[QTS:EMIT] pos=306 u32=0x00000002 (2) @parser.c:1777
[QTS:SCOPE] leave: idx=2
[QTS:SCOPE] pop: level=2
[QTS:EMIT] pos=310 op=183 @parser.c:1799
[QTS:EMIT] pos=311 u16=0x0002 (2) @parser.c:1772
[QTS:EMIT] pos=313 op=200 @parser.c:1786
[QTS:EMIT] pos=314 u32=0x00003aec (15084) @parser.c:1788
[QTS:EMIT] pos=318 op=186 @parser.c:1799
[QTS:EMIT] pos=319 u32=0x0000021b (539) @parser.c:1777
[QTS:EMIT] pos=323 u16=0x0001 (1) @parser.c:1772
[QTS:EMIT] pos=318 op=189 @parser.c:1799
[QTS:EMIT] pos=319 atom=539 @parser.c:1807
[QTS:EMIT] pos=323 u32=0x00000007 (7) @parser.c:1777
[QTS:EMIT] pos=327 u16=0x0001 (1) @parser.c:1772
[QTS:ASSIGN] lvalue: opcode=61 scope=1 atom=539 label=7
[QTS:EMIT] pos=329 op=200 @parser.c:1786
[QTS:EMIT] pos=330 u32=0x00003af2 (15090) @parser.c:1788
[QTS:EMIT] pos=334 op=186 @parser.c:1799
[QTS:EMIT] pos=335 u32=0x0000021b (539) @parser.c:1777
[QTS:EMIT] pos=339 u16=0x0001 (1) @parser.c:1772
[QTS:EMIT] pos=341 op=200 @parser.c:1786
[QTS:EMIT] pos=342 u32=0x00003af5 (15093) @parser.c:1788
[QTS:EMIT] pos=346 op=66 @parser.c:1799
[QTS:EMIT] pos=347 atom=326 @parser.c:1807
[QTS:EMIT] pos=351 op=1 @parser.c:1799
[QTS:EMIT] pos=352 u32=0x00000000 (0) @parser.c:1777
[QTS:EMIT] pos=356 op=200 @parser.c:1786
[QTS:EMIT] pos=357 u32=0x00003b03 (15107) @parser.c:1788
[QTS:EMIT] pos=361 op=186 @parser.c:1799
[QTS:EMIT] pos=362 u32=0x0000024f (591) @parser.c:1777
[QTS:EMIT] pos=366 u16=0x0001 (1) @parser.c:1772
[QTS:EMIT] pos=368 op=200 @parser.c:1786
[QTS:EMIT] pos=369 u32=0x00003aff (15103) @parser.c:1788
[QTS:EMIT] pos=373 op=36 @parser.c:1799
[QTS:EMIT] pos=374 u16=0x0002 (2) @parser.c:1772
[QTS:EMIT] pos=376 op=200 @parser.c:1786
[QTS:EMIT] pos=377 u32=0x00003b0c (15116) @parser.c:1788
[QTS:EMIT] pos=381 op=186 @parser.c:1799
[QTS:EMIT] pos=382 u32=0x0000021b (539) @parser.c:1777
[QTS:EMIT] pos=386 u16=0x0001 (1) @parser.c:1772
[QTS:EMIT] pos=388 op=200 @parser.c:1786
[QTS:EMIT] pos=389 u32=0x00003b0f (15119) @parser.c:1788
[QTS:EMIT] pos=393 op=66 @parser.c:1799
[QTS:EMIT] pos=394 atom=326 @parser.c:1807
[QTS:EMIT] pos=398 op=200 @parser.c:1786
[QTS:EMIT] pos=399 u32=0x00003b1a (15130) @parser.c:1788
[QTS:EMIT] pos=403 op=186 @parser.c:1799
[QTS:EMIT] pos=404 u32=0x0000027c (636) @parser.c:1777
[QTS:EMIT] pos=408 u16=0x0001 (1) @parser.c:1772
[QTS:EMIT] pos=410 op=200 @parser.c:1786
[QTS:EMIT] pos=411 u32=0x00003b19 (15129) @parser.c:1788
[QTS:EMIT] pos=415 op=36 @parser.c:1799
[QTS:EMIT] pos=416 u16=0x0001 (1) @parser.c:1772
[QTS:EMIT] pos=418 op=200 @parser.c:1786
[QTS:EMIT] pos=419 u32=0x00003b0a (15114) @parser.c:1788
[QTS:EMIT] pos=423 op=159 @parser.c:1799
[QTS:EMIT] pos=424 op=184 @parser.c:1799
[QTS:EMIT] pos=425 u32=0x00000007 (7) @parser.c:1777
[QTS:EMIT] pos=429 op=22 @parser.c:1799
[QTS:EMIT] pos=430 op=62 @parser.c:1799
[QTS:EMIT] pos=431 op=14 @parser.c:1799
[QTS:SCOPE] push: level=4 first_var=-1
[QTS:SCOPE] enter: idx=4 is_body=0
[QTS:EMIT] pos=432 op=182 @parser.c:1799
[QTS:EMIT] pos=433 u16=0x0004 (4) @parser.c:1772
[QTS:EMIT] pos=435 op=200 @parser.c:1786
[QTS:EMIT] pos=436 u32=0x00003b2c (15148) @parser.c:1788
[QTS:EMIT] pos=440 op=186 @parser.c:1799
[QTS:EMIT] pos=441 u32=0x0000021c (540) @parser.c:1777
[QTS:EMIT] pos=445 u16=0x0004 (4) @parser.c:1772
[QTS:EMIT] pos=447 op=200 @parser.c:1786
[QTS:EMIT] pos=448 u32=0x00003b39 (15161) @parser.c:1788
[QTS:EMIT] pos=452 op=186 @parser.c:1799
[QTS:EMIT] pos=453 u32=0x0000027c (636) @parser.c:1777
[QTS:EMIT] pos=457 u16=0x0004 (4) @parser.c:1772
[QTS:EMIT] pos=459 op=200 @parser.c:1786
[QTS:EMIT] pos=460 u32=0x00003b37 (15159) @parser.c:1788
[QTS:EMIT] pos=464 op=167 @parser.c:1799
[QTS:EMIT] pos=465 op=108 @parser.c:1799
[QTS:EMIT] pos=466 u32=0x00000008 (8) @parser.c:1777
[QTS:EMIT] pos=470 op=200 @parser.c:1786
[QTS:EMIT] pos=471 u32=0x00003b4a (15178) @parser.c:1788
[QTS:EMIT] pos=475 op=186 @parser.c:1799
[QTS:EMIT] pos=476 u32=0x0000021c (540) @parser.c:1777
[QTS:EMIT] pos=480 u16=0x0004 (4) @parser.c:1772
[QTS:EMIT] pos=475 op=189 @parser.c:1799
[QTS:EMIT] pos=476 atom=540 @parser.c:1807
[QTS:EMIT] pos=480 u32=0x00000009 (9) @parser.c:1777
[QTS:EMIT] pos=484 u16=0x0004 (4) @parser.c:1772
[QTS:EMIT] pos=486 op=61 @parser.c:1799
[QTS:ASSIGN] lvalue: opcode=61 scope=4 atom=540 label=9
[QTS:EMIT] pos=487 op=200 @parser.c:1786
[QTS:EMIT] pos=488 u32=0x00003b58 (15192) @parser.c:1788
[QTS:EMIT] pos=492 op=186 @parser.c:1799
[QTS:EMIT] pos=493 u32=0x0000027c (636) @parser.c:1777
[QTS:EMIT] pos=497 u16=0x0004 (4) @parser.c:1772
[QTS:EMIT] pos=499 op=200 @parser.c:1786
[QTS:EMIT] pos=500 u32=0x00003b5e (15198) @parser.c:1788
[QTS:EMIT] pos=504 op=186 @parser.c:1799
[QTS:EMIT] pos=505 u32=0x0000024f (591) @parser.c:1777
[QTS:EMIT] pos=509 u16=0x0004 (4) @parser.c:1772
[QTS:EMIT] pos=511 op=200 @parser.c:1786
[QTS:EMIT] pos=512 u32=0x00003b5c (15196) @parser.c:1788
[QTS:EMIT] pos=516 op=160 @parser.c:1799
[QTS:ASSIGN] compound: tok=59 op=160
[QTS:EMIT] pos=517 op=200 @parser.c:1786
[QTS:EMIT] pos=518 u32=0x00003b55 (15189) @parser.c:1788
[QTS:EMIT] pos=522 op=160 @parser.c:1799
[QTS:EMIT] pos=523 op=184 @parser.c:1799
[QTS:EMIT] pos=524 u32=0x00000009 (9) @parser.c:1777
[QTS:EMIT] pos=528 op=22 @parser.c:1799
[QTS:EMIT] pos=529 op=62 @parser.c:1799
[QTS:EMIT] pos=530 op=14 @parser.c:1799
[QTS:EMIT] pos=531 op=110 @parser.c:1799
[QTS:EMIT] pos=532 u32=0x0000000a (10) @parser.c:1777
[QTS:EMIT] pos=536 op=184 @parser.c:1799
[QTS:EMIT] pos=537 u32=0x00000008 (8) @parser.c:1777
[QTS:SCOPE] push: level=5 first_var=-1
[QTS:SCOPE] enter: idx=5 is_body=0
[QTS:EMIT] pos=541 op=182 @parser.c:1799
[QTS:EMIT] pos=542 u16=0x0005 (5) @parser.c:1772
[QTS:EMIT] pos=544 op=200 @parser.c:1786
[QTS:EMIT] pos=545 u32=0x00003b76 (15222) @parser.c:1788
[QTS:EMIT] pos=549 op=186 @parser.c:1799
[QTS:EMIT] pos=550 u32=0x0000021c (540) @parser.c:1777
[QTS:EMIT] pos=554 u16=0x0005 (5) @parser.c:1772
[QTS:EMIT] pos=556 op=200 @parser.c:1786
[QTS:EMIT] pos=557 u32=0x00003b83 (15235) @parser.c:1788
[QTS:EMIT] pos=561 op=186 @parser.c:1799
[QTS:EMIT] pos=562 u32=0x0000024f (591) @parser.c:1777
[QTS:EMIT] pos=566 u16=0x0005 (5) @parser.c:1772
[QTS:EMIT] pos=568 op=200 @parser.c:1786
[QTS:EMIT] pos=569 u32=0x00003b81 (15233) @parser.c:1788
[QTS:EMIT] pos=573 op=167 @parser.c:1799
[QTS:EMIT] pos=574 op=108 @parser.c:1799
[QTS:EMIT] pos=575 u32=0x0000000b (11) @parser.c:1777
[QTS:EMIT] pos=579 op=200 @parser.c:1786
[QTS:EMIT] pos=580 u32=0x00003b96 (15254) @parser.c:1788
[QTS:EMIT] pos=584 op=186 @parser.c:1799
[QTS:EMIT] pos=585 u32=0x0000021c (540) @parser.c:1777
[QTS:EMIT] pos=589 u16=0x0005 (5) @parser.c:1772
[QTS:EMIT] pos=584 op=189 @parser.c:1799
[QTS:EMIT] pos=585 atom=540 @parser.c:1807
[QTS:EMIT] pos=589 u32=0x0000000c (12) @parser.c:1777
[QTS:EMIT] pos=593 u16=0x0005 (5) @parser.c:1772
[QTS:ASSIGN] lvalue: opcode=61 scope=5 atom=540 label=12
[QTS:EMIT] pos=595 op=200 @parser.c:1786
[QTS:EMIT] pos=596 u32=0x00003ba3 (15267) @parser.c:1788
[QTS:EMIT] pos=600 op=186 @parser.c:1799
[QTS:EMIT] pos=601 u32=0x0000024f (591) @parser.c:1777
[QTS:EMIT] pos=605 u16=0x0005 (5) @parser.c:1772
[QTS:EMIT] pos=607 op=184 @parser.c:1799
[QTS:EMIT] pos=608 u32=0x0000000c (12) @parser.c:1777
[QTS:EMIT] pos=612 op=22 @parser.c:1799
[QTS:EMIT] pos=613 op=62 @parser.c:1799
[QTS:EMIT] pos=614 op=14 @parser.c:1799
[QTS:EMIT] pos=615 op=184 @parser.c:1799
[QTS:EMIT] pos=616 u32=0x0000000b (11) @parser.c:1777
[QTS:SCOPE] leave: idx=5
[QTS:SCOPE] pop: level=5
[QTS:EMIT] pos=620 op=183 @parser.c:1799
[QTS:EMIT] pos=621 u16=0x0005 (5) @parser.c:1772
[QTS:EMIT] pos=623 op=184 @parser.c:1799
[QTS:EMIT] pos=624 u32=0x0000000a (10) @parser.c:1777
[QTS:SCOPE] leave: idx=4
[QTS:SCOPE] pop: level=4
[QTS:EMIT] pos=628 op=183 @parser.c:1799
[QTS:EMIT] pos=629 u16=0x0004 (4) @parser.c:1772
[QTS:EMIT] pos=631 op=200 @parser.c:1786
[QTS:EMIT] pos=632 u32=0x00003bb2 (15282) @parser.c:1788
[QTS:EMIT] pos=636 op=186 @parser.c:1799
[QTS:EMIT] pos=637 u32=0x00000220 (544) @parser.c:1777
[QTS:EMIT] pos=641 u16=0x0001 (1) @parser.c:1772
[QTS:EMIT] pos=636 op=189 @parser.c:1799
[QTS:EMIT] pos=637 atom=544 @parser.c:1807
[QTS:EMIT] pos=641 u32=0x0000000d (13) @parser.c:1777
[QTS:EMIT] pos=645 u16=0x0001 (1) @parser.c:1772
[QTS:ASSIGN] lvalue: opcode=61 scope=1 atom=544 label=13
[QTS:EMIT] pos=647 op=200 @parser.c:1786
[QTS:EMIT] pos=648 u32=0x00003bbd (15293) @parser.c:1788
[QTS:EMIT] pos=652 op=186 @parser.c:1799
[QTS:EMIT] pos=653 u32=0x0000027d (637) @parser.c:1777
[QTS:EMIT] pos=657 u16=0x0001 (1) @parser.c:1772
[QTS:EMIT] pos=659 op=184 @parser.c:1799
[QTS:EMIT] pos=660 u32=0x0000000d (13) @parser.c:1777
[QTS:EMIT] pos=664 op=22 @parser.c:1799
[QTS:EMIT] pos=665 op=62 @parser.c:1799
[QTS:EMIT] pos=666 op=14 @parser.c:1799
[QTS:EMIT] pos=667 op=41 @parser.c:1799
[QTS:SCOPE] push: level=1 first_var=-1
[QTS:SCOPE] enter: idx=1 is_body=0
[QTS:EMIT] pos=0 op=182 @parser.c:1799
[QTS:EMIT] pos=1 u16=0x0001 (1) @parser.c:1772
[QTS:EMIT] pos=3 op=200 @parser.c:1786
[QTS:EMIT] pos=4 u32=0x00003bf3 (15347) @parser.c:1788
[QTS:EMIT] pos=8 op=186 @parser.c:1799
[QTS:EMIT] pos=9 u32=0x0000027d (637) @parser.c:1777
[QTS:EMIT] pos=13 u16=0x0001 (1) @parser.c:1772
[QTS:EMIT] pos=15 op=200 @parser.c:1786
[QTS:EMIT] pos=16 u32=0x00003bff (15359) @parser.c:1788
[QTS:EMIT] pos=20 op=186 @parser.c:1799
[QTS:EMIT] pos=21 u32=0x0000021c (540) @parser.c:1777
[QTS:EMIT] pos=25 u16=0x0001 (1) @parser.c:1772
[QTS:EMIT] pos=27 op=200 @parser.c:1786
[QTS:EMIT] pos=28 u32=0x00003c0b (15371) @parser.c:1788
[QTS:EMIT] pos=32 op=186 @parser.c:1799
[QTS:EMIT] pos=33 u32=0x0000021b (539) @parser.c:1777
[QTS:EMIT] pos=37 u16=0x0001 (1) @parser.c:1772
[QTS:EMIT] pos=39 op=200 @parser.c:1786
[QTS:EMIT] pos=40 u32=0x00003c0e (15374) @parser.c:1788
[QTS:EMIT] pos=44 op=66 @parser.c:1799
[QTS:EMIT] pos=45 atom=48 @parser.c:1807
[QTS:EMIT] pos=49 op=1 @parser.c:1799
[QTS:EMIT] pos=50 u32=0x00000001 (1) @parser.c:1777
[QTS:EMIT] pos=54 op=200 @parser.c:1786
[QTS:EMIT] pos=55 u32=0x00003bfe (15358) @parser.c:1788
[QTS:EMIT] pos=59 op=34 @parser.c:1799
[QTS:EMIT] pos=60 u16=0x0003 (3) @parser.c:1772
[QTS:EMIT] pos=62 op=14 @parser.c:1799
[QTS:EMIT] pos=63 op=41 @parser.c:1799
[QTS:SCOPE] push: level=1 first_var=-1
[QTS:SCOPE] enter: idx=1 is_body=0
[QTS:EMIT] pos=0 op=182 @parser.c:1799
[QTS:EMIT] pos=1 u16=0x0001 (1) @parser.c:1772
[QTS:EMIT] pos=3 op=200 @parser.c:1786
[QTS:EMIT] pos=4 u32=0x00003c4d (15437) @parser.c:1788
[QTS:EMIT] pos=8 op=186 @parser.c:1799
[QTS:EMIT] pos=9 u32=0x0000027d (637) @parser.c:1777
[QTS:EMIT] pos=13 u16=0x0001 (1) @parser.c:1772
[QTS:EMIT] pos=15 op=1 @parser.c:1799
[QTS:EMIT] pos=16 u32=0x00000000 (0) @parser.c:1777
[QTS:EMIT] pos=20 op=200 @parser.c:1786
[QTS:EMIT] pos=21 u32=0x00003c5c (15452) @parser.c:1788
[QTS:EMIT] pos=25 op=186 @parser.c:1799
[QTS:EMIT] pos=26 u32=0x0000021c (540) @parser.c:1777
[QTS:EMIT] pos=30 u16=0x0001 (1) @parser.c:1772
[QTS:EMIT] pos=32 op=1 @parser.c:1799
[QTS:EMIT] pos=33 u32=0x00000001 (1) @parser.c:1777
[QTS:EMIT] pos=37 op=200 @parser.c:1786
[QTS:EMIT] pos=38 u32=0x00003c68 (15464) @parser.c:1788
[QTS:EMIT] pos=42 op=142 @parser.c:1799
[QTS:EMIT] pos=43 op=200 @parser.c:1786
[QTS:EMIT] pos=44 u32=0x00003c58 (15448) @parser.c:1788
[QTS:EMIT] pos=48 op=34 @parser.c:1799
[QTS:EMIT] pos=49 u16=0x0003 (3) @parser.c:1772
[QTS:EMIT] pos=51 op=14 @parser.c:1799
[QTS:EMIT] pos=52 op=41 @parser.c:1799
[QTS:SCOPE] push: level=1 first_var=-1
[QTS:SCOPE] enter: idx=1 is_body=0
[QTS:EMIT] pos=0 op=182 @parser.c:1799
[QTS:EMIT] pos=1 u16=0x0001 (1) @parser.c:1772
[QTS:EMIT] pos=3 op=200 @parser.c:1786
[QTS:EMIT] pos=4 u32=0x00003c96 (15510) @parser.c:1788
[QTS:EMIT] pos=8 op=186 @parser.c:1799
[QTS:EMIT] pos=9 u32=0x0000027d (637) @parser.c:1777
[QTS:EMIT] pos=13 u16=0x0001 (1) @parser.c:1772
[QTS:EMIT] pos=15 op=200 @parser.c:1786
[QTS:EMIT] pos=16 u32=0x00003ca2 (15522) @parser.c:1788
[QTS:EMIT] pos=20 op=186 @parser.c:1799
[QTS:EMIT] pos=21 u32=0x0000021c (540) @parser.c:1777
[QTS:EMIT] pos=25 u16=0x0001 (1) @parser.c:1772
[QTS:EMIT] pos=27 op=200 @parser.c:1786
[QTS:EMIT] pos=28 u32=0x00003cae (15534) @parser.c:1788
[QTS:EMIT] pos=32 op=186 @parser.c:1799
[QTS:EMIT] pos=33 u32=0x0000026e (622) @parser.c:1777
[QTS:EMIT] pos=37 u16=0x0001 (1) @parser.c:1772
[QTS:EMIT] pos=39 op=200 @parser.c:1786
[QTS:EMIT] pos=40 u32=0x00003cc0 (15552) @parser.c:1788
[QTS:EMIT] pos=44 op=186 @parser.c:1799
[QTS:EMIT] pos=45 u32=0x0000021c (540) @parser.c:1777
[QTS:EMIT] pos=49 u16=0x0001 (1) @parser.c:1772
[QTS:EMIT] pos=51 op=200 @parser.c:1786
[QTS:EMIT] pos=52 u32=0x00003cbf (15551) @parser.c:1788
[QTS:EMIT] pos=56 op=34 @parser.c:1799
[QTS:EMIT] pos=57 u16=0x0001 (1) @parser.c:1772
[QTS:EMIT] pos=59 op=1 @parser.c:1799
[QTS:EMIT] pos=60 u32=0x00000001 (1) @parser.c:1777
[QTS:EMIT] pos=64 op=200 @parser.c:1786
[QTS:EMIT] pos=65 u32=0x00003ca1 (15521) @parser.c:1788
[QTS:EMIT] pos=69 op=34 @parser.c:1799
[QTS:EMIT] pos=70 u16=0x0003 (3) @parser.c:1772
[QTS:EMIT] pos=72 op=14 @parser.c:1799
[QTS:EMIT] pos=73 op=41 @parser.c:1799
[QTS:SCOPE] push: level=1 first_var=-1
[QTS:SCOPE] enter: idx=1 is_body=0
[QTS:EMIT] pos=0 op=182 @parser.c:1799
[QTS:EMIT] pos=1 u16=0x0001 (1) @parser.c:1772
[QTS:EMIT] pos=3 op=200 @parser.c:1786
[QTS:EMIT] pos=4 u32=0x00003d03 (15619) @parser.c:1788
[QTS:EMIT] pos=8 op=186 @parser.c:1799
[QTS:EMIT] pos=9 u32=0x0000027d (637) @parser.c:1777
[QTS:EMIT] pos=13 u16=0x0001 (1) @parser.c:1772
[QTS:EMIT] pos=15 op=200 @parser.c:1786
[QTS:EMIT] pos=16 u32=0x00003d0f (15631) @parser.c:1788
[QTS:EMIT] pos=20 op=186 @parser.c:1799
[QTS:EMIT] pos=21 u32=0x00000270 (624) @parser.c:1777
[QTS:EMIT] pos=25 u16=0x0001 (1) @parser.c:1772
[QTS:EMIT] pos=27 op=200 @parser.c:1786
[QTS:EMIT] pos=28 u32=0x00003d22 (15650) @parser.c:1788
[QTS:EMIT] pos=32 op=186 @parser.c:1799
[QTS:EMIT] pos=33 u32=0x0000021c (540) @parser.c:1777
[QTS:EMIT] pos=37 u16=0x0001 (1) @parser.c:1772
[QTS:EMIT] pos=39 op=200 @parser.c:1786
[QTS:EMIT] pos=40 u32=0x00003d21 (15649) @parser.c:1788
[QTS:EMIT] pos=44 op=34 @parser.c:1799
[QTS:EMIT] pos=45 u16=0x0001 (1) @parser.c:1772
[QTS:EMIT] pos=47 op=200 @parser.c:1786
[QTS:EMIT] pos=48 u32=0x00003d2f (15663) @parser.c:1788
[QTS:EMIT] pos=52 op=186 @parser.c:1799
[QTS:EMIT] pos=53 u32=0x0000021c (540) @parser.c:1777
[QTS:EMIT] pos=57 u16=0x0001 (1) @parser.c:1772
[QTS:EMIT] pos=59 op=1 @parser.c:1799
[QTS:EMIT] pos=60 u32=0x00000001 (1) @parser.c:1777
[QTS:EMIT] pos=64 op=200 @parser.c:1786
[QTS:EMIT] pos=65 u32=0x00003d3b (15675) @parser.c:1788
[QTS:EMIT] pos=69 op=142 @parser.c:1799
[QTS:EMIT] pos=70 op=200 @parser.c:1786
[QTS:EMIT] pos=71 u32=0x00003d0e (15630) @parser.c:1788
[QTS:EMIT] pos=75 op=34 @parser.c:1799
[QTS:EMIT] pos=76 u16=0x0003 (3) @parser.c:1772
[QTS:EMIT] pos=78 op=14 @parser.c:1799
[QTS:EMIT] pos=79 op=41 @parser.c:1799
[QTS:SCOPE] push: level=1 first_var=-1
[QTS:SCOPE] enter: idx=1 is_body=0
[QTS:EMIT] pos=0 op=182 @parser.c:1799
[QTS:EMIT] pos=1 u16=0x0001 (1) @parser.c:1772
[QTS:EMIT] pos=3 op=200 @parser.c:1786
[QTS:EMIT] pos=4 u32=0x00003d64 (15716) @parser.c:1788
[QTS:EMIT] pos=8 op=186 @parser.c:1799
[QTS:EMIT] pos=9 u32=0x00000266 (614) @parser.c:1777
[QTS:EMIT] pos=13 u16=0x0001 (1) @parser.c:1772
[QTS:EMIT] pos=15 op=200 @parser.c:1786
[QTS:EMIT] pos=16 u32=0x00003d6b (15723) @parser.c:1788
[QTS:EMIT] pos=20 op=186 @parser.c:1799
[QTS:EMIT] pos=21 u32=0x00000209 (521) @parser.c:1777
[QTS:EMIT] pos=25 u16=0x0001 (1) @parser.c:1772
[QTS:EMIT] pos=27 op=200 @parser.c:1786
[QTS:EMIT] pos=28 u32=0x00003d6a (15722) @parser.c:1788
[QTS:EMIT] pos=32 op=34 @parser.c:1799
[QTS:EMIT] pos=33 u16=0x0001 (1) @parser.c:1772
[QTS:EMIT] pos=35 op=14 @parser.c:1799
[QTS:EMIT] pos=36 op=41 @parser.c:1799
[QTS:SCOPE] push: level=1 first_var=-1
[QTS:SCOPE] enter: idx=1 is_body=0
[QTS:EMIT] pos=0 op=182 @parser.c:1799
[QTS:EMIT] pos=1 u16=0x0001 (1) @parser.c:1772
[QTS:SCOPE] push: level=2 first_var=-1
[QTS:SCOPE] enter: idx=2 is_body=0
[QTS:EMIT] pos=3 op=182 @parser.c:1799
[QTS:EMIT] pos=4 u16=0x0002 (2) @parser.c:1772
[QTS:EMIT] pos=6 op=200 @parser.c:1786
[QTS:EMIT] pos=7 u32=0x00003da5 (15781) @parser.c:1788
[QTS:EMIT] pos=11 op=186 @parser.c:1799
[QTS:EMIT] pos=12 u32=0x00000221 (545) @parser.c:1777
[QTS:EMIT] pos=16 u16=0x0002 (2) @parser.c:1772
[QTS:EMIT] pos=18 op=200 @parser.c:1786
[QTS:EMIT] pos=19 u32=0x00003db2 (15794) @parser.c:1788
[QTS:EMIT] pos=23 op=186 @parser.c:1799
[QTS:EMIT] pos=24 u32=0x0000028f (655) @parser.c:1777
[QTS:EMIT] pos=28 u16=0x0002 (2) @parser.c:1772
[QTS:EMIT] pos=30 op=200 @parser.c:1786
[QTS:EMIT] pos=31 u32=0x00003dae (15790) @parser.c:1788
[QTS:EMIT] pos=35 op=173 @parser.c:1799
[QTS:EMIT] pos=36 op=108 @parser.c:1799
[QTS:EMIT] pos=37 u32=0x00000000 (0) @parser.c:1777
[QTS:SCOPE] push: level=3 first_var=-1
[QTS:SCOPE] enter: idx=3 is_body=0
[QTS:EMIT] pos=41 op=182 @parser.c:1799
[QTS:EMIT] pos=42 u16=0x0003 (3) @parser.c:1772
[QTS:EMIT] pos=44 op=200 @parser.c:1786
[QTS:EMIT] pos=45 u32=0x00003dcb (15819) @parser.c:1788
[QTS:EMIT] pos=49 op=186 @parser.c:1799
[QTS:EMIT] pos=50 u32=0x000001d8 (472) @parser.c:1777
[QTS:EMIT] pos=54 u16=0x0003 (3) @parser.c:1772
[QTS:EMIT] pos=56 op=200 @parser.c:1786
[QTS:EMIT] pos=57 u32=0x00003dce (15822) @parser.c:1788
[QTS:EMIT] pos=61 op=66 @parser.c:1799
[QTS:EMIT] pos=62 atom=595 @parser.c:1807
[QTS:EMIT] pos=66 op=4 @parser.c:1799
[QTS:EMIT] pos=67 u32=0x0000025a (602) @parser.c:1777
[QTS:EMIT] pos=71 op=200 @parser.c:1786
[QTS:EMIT] pos=72 u32=0x00003dd3 (15827) @parser.c:1788
[QTS:EMIT] pos=76 op=36 @parser.c:1799
[QTS:EMIT] pos=77 u16=0x0001 (1) @parser.c:1772
[QTS:EMIT] pos=79 op=14 @parser.c:1799
[QTS:EMIT] pos=80 op=200 @parser.c:1786
[QTS:EMIT] pos=81 u32=0x00003de7 (15847) @parser.c:1788
[QTS:EMIT] pos=85 op=186 @parser.c:1799
[QTS:EMIT] pos=86 u32=0x000001d8 (472) @parser.c:1777
[QTS:EMIT] pos=90 u16=0x0003 (3) @parser.c:1772
[QTS:EMIT] pos=92 op=200 @parser.c:1786
[QTS:EMIT] pos=93 u32=0x00003dea (15850) @parser.c:1788
[QTS:EMIT] pos=97 op=66 @parser.c:1799
[QTS:EMIT] pos=98 atom=656 @parser.c:1807
[QTS:EMIT] pos=102 op=1 @parser.c:1799
[QTS:EMIT] pos=103 u32=0x00000000 (0) @parser.c:1777
[QTS:EMIT] pos=107 op=200 @parser.c:1786
[QTS:EMIT] pos=108 u32=0x00003def (15855) @parser.c:1788
[QTS:EMIT] pos=112 op=36 @parser.c:1799
[QTS:EMIT] pos=113 u16=0x0001 (1) @parser.c:1772
[QTS:EMIT] pos=115 op=14 @parser.c:1799
[QTS:SCOPE] leave: idx=3
[QTS:SCOPE] pop: level=3
[QTS:EMIT] pos=116 op=183 @parser.c:1799
[QTS:EMIT] pos=117 u16=0x0003 (3) @parser.c:1772
[QTS:EMIT] pos=119 op=110 @parser.c:1799
[QTS:EMIT] pos=120 u32=0x00000001 (1) @parser.c:1777
[QTS:EMIT] pos=124 op=184 @parser.c:1799
[QTS:EMIT] pos=125 u32=0x00000000 (0) @parser.c:1777
[QTS:SCOPE] push: level=4 first_var=-1
[QTS:SCOPE] enter: idx=4 is_body=0
[QTS:EMIT] pos=129 op=182 @parser.c:1799
[QTS:EMIT] pos=130 u16=0x0004 (4) @parser.c:1772
[QTS:EMIT] pos=132 op=200 @parser.c:1786
[QTS:EMIT] pos=133 u32=0x00003e19 (15897) @parser.c:1788
[QTS:EMIT] pos=137 op=186 @parser.c:1799
[QTS:EMIT] pos=138 u32=0x000001d8 (472) @parser.c:1777
[QTS:EMIT] pos=142 u16=0x0004 (4) @parser.c:1772
[QTS:EMIT] pos=144 op=200 @parser.c:1786
[QTS:EMIT] pos=145 u32=0x00003e1c (15900) @parser.c:1788
[QTS:EMIT] pos=149 op=66 @parser.c:1799
[QTS:EMIT] pos=150 atom=595 @parser.c:1807
[QTS:EMIT] pos=154 op=4 @parser.c:1799
[QTS:EMIT] pos=155 u32=0x00000291 (657) @parser.c:1777
[QTS:EMIT] pos=159 op=200 @parser.c:1786
[QTS:EMIT] pos=160 u32=0x00003e21 (15905) @parser.c:1788
[QTS:EMIT] pos=164 op=36 @parser.c:1799
[QTS:EMIT] pos=165 u16=0x0001 (1) @parser.c:1772
[QTS:EMIT] pos=167 op=14 @parser.c:1799
[QTS:EMIT] pos=168 op=200 @parser.c:1786
[QTS:EMIT] pos=169 u32=0x00003e53 (15955) @parser.c:1788
[QTS:EMIT] pos=173 op=186 @parser.c:1799
[QTS:EMIT] pos=174 u32=0x00000292 (658) @parser.c:1777
[QTS:EMIT] pos=178 u16=0x0004 (4) @parser.c:1772
[QTS:EMIT] pos=180 op=200 @parser.c:1786
[QTS:EMIT] pos=181 u32=0x00003e68 (15976) @parser.c:1788
[QTS:EMIT] pos=185 op=34 @parser.c:1799
[QTS:EMIT] pos=186 u16=0x0000 (0) @parser.c:1772
[QTS:EMIT] pos=188 op=14 @parser.c:1799
[QTS:SCOPE] leave: idx=4
[QTS:SCOPE] pop: level=4
[QTS:EMIT] pos=189 op=183 @parser.c:1799
[QTS:EMIT] pos=190 u16=0x0004 (4) @parser.c:1772
[QTS:EMIT] pos=192 op=184 @parser.c:1799
[QTS:EMIT] pos=193 u32=0x00000001 (1) @parser.c:1777
[QTS:SCOPE] leave: idx=2
[QTS:SCOPE] pop: level=2
[QTS:EMIT] pos=197 op=183 @parser.c:1799
[QTS:EMIT] pos=198 u16=0x0002 (2) @parser.c:1772
[QTS:EMIT] pos=200 op=41 @parser.c:1799
[QTS:SCOPE] push: level=1 first_var=-1
[QTS:SCOPE] enter: idx=1 is_body=0
[QTS:EMIT] pos=0 op=182 @parser.c:1799
[QTS:EMIT] pos=1 u16=0x0001 (1) @parser.c:1772
[QTS:EMIT] pos=3 op=200 @parser.c:1786
[QTS:EMIT] pos=4 u32=0x00003e9b (16027) @parser.c:1788
[QTS:EMIT] pos=8 op=186 @parser.c:1799
[QTS:EMIT] pos=9 u32=0x0000021b (539) @parser.c:1777
[QTS:EMIT] pos=13 u16=0x0001 (1) @parser.c:1772
[QTS:EMIT] pos=8 op=189 @parser.c:1799
[QTS:EMIT] pos=9 atom=539 @parser.c:1807
[QTS:EMIT] pos=13 u32=0x00000000 (0) @parser.c:1777
[QTS:EMIT] pos=17 u16=0x0001 (1) @parser.c:1772
[QTS:ASSIGN] lvalue: opcode=61 scope=1 atom=539 label=0
[QTS:EMIT] pos=19 op=4 @parser.c:1799
[QTS:EMIT] pos=20 u32=0x0000002f (47) @parser.c:1777
[QTS:EMIT] pos=24 op=184 @parser.c:1799
[QTS:EMIT] pos=25 u32=0x00000000 (0) @parser.c:1777
[QTS:EMIT] pos=29 op=22 @parser.c:1799
[QTS:EMIT] pos=30 op=62 @parser.c:1799
[QTS:EMIT] pos=31 op=14 @parser.c:1799
[QTS:EMIT] pos=32 op=200 @parser.c:1786
[QTS:EMIT] pos=33 u32=0x00003ead (16045) @parser.c:1788
[QTS:EMIT] pos=37 op=186 @parser.c:1799
[QTS:EMIT] pos=38 u32=0x0000021c (540) @parser.c:1777
[QTS:EMIT] pos=42 u16=0x0001 (1) @parser.c:1772
[QTS:EMIT] pos=37 op=189 @parser.c:1799
[QTS:EMIT] pos=38 atom=540 @parser.c:1807
[QTS:EMIT] pos=42 u32=0x00000001 (1) @parser.c:1777
[QTS:EMIT] pos=46 u16=0x0001 (1) @parser.c:1772
[QTS:ASSIGN] lvalue: opcode=61 scope=1 atom=540 label=1
[QTS:EMIT] pos=48 op=1 @parser.c:1799
[QTS:EMIT] pos=49 u32=0x00000000 (0) @parser.c:1777
[QTS:EMIT] pos=53 op=184 @parser.c:1799
[QTS:EMIT] pos=54 u32=0x00000001 (1) @parser.c:1777
[QTS:EMIT] pos=58 op=22 @parser.c:1799
[QTS:EMIT] pos=59 op=62 @parser.c:1799
[QTS:EMIT] pos=60 op=14 @parser.c:1799
[QTS:EMIT] pos=61 op=41 @parser.c:1799
[QTS:SCOPE] push: level=1 first_var=-1
[QTS:SCOPE] enter: idx=1 is_body=0
[QTS:EMIT] pos=0 op=182 @parser.c:1799
[QTS:EMIT] pos=1 u16=0x0001 (1) @parser.c:1772
[QTS:EMIT] pos=3 op=4 @parser.c:1799
[QTS:EMIT] pos=4 u32=0x0000002f (47) @parser.c:1777
[QTS:EMIT] pos=8 op=187 @parser.c:1799
[QTS:EMIT] pos=9 atom=649 @parser.c:1807
[QTS:EMIT] pos=13 u16=0x0001 (1) @parser.c:1772
[QTS:EMIT] pos=15 op=184 @parser.c:1799
[QTS:EMIT] pos=16 u32=0x00000000 (0) @parser.c:1777
[QTS:EMIT] pos=20 op=200 @parser.c:1786
[QTS:EMIT] pos=21 u32=0x00003f11 (16145) @parser.c:1788
[QTS:EMIT] pos=25 op=186 @parser.c:1799
[QTS:EMIT] pos=26 u32=0x0000026f (623) @parser.c:1777
[QTS:EMIT] pos=30 u16=0x0001 (1) @parser.c:1772
[QTS:EMIT] pos=32 op=1 @parser.c:1799
[QTS:EMIT] pos=33 u32=0x00000000 (0) @parser.c:1777
[QTS:EMIT] pos=37 op=200 @parser.c:1786
[QTS:EMIT] pos=38 u32=0x00003f15 (16149) @parser.c:1788
[QTS:EMIT] pos=42 op=167 @parser.c:1799
[QTS:EMIT] pos=43 op=17 @parser.c:1799
[QTS:EMIT] pos=44 op=108 @parser.c:1799
[QTS:EMIT] pos=45 u32=0x00000002 (2) @parser.c:1777
[QTS:EMIT] pos=49 op=14 @parser.c:1799
[QTS:EMIT] pos=50 op=200 @parser.c:1786
[QTS:EMIT] pos=51 u32=0x00003f1c (16156) @parser.c:1788
[QTS:EMIT] pos=55 op=186 @parser.c:1799
[QTS:EMIT] pos=56 u32=0x00000240 (576) @parser.c:1777
[QTS:EMIT] pos=60 u16=0x0001 (1) @parser.c:1772
[QTS:EMIT] pos=62 op=200 @parser.c:1786
[QTS:EMIT] pos=63 u32=0x00003f24 (16164) @parser.c:1788
[QTS:EMIT] pos=67 op=186 @parser.c:1799
[QTS:EMIT] pos=68 u32=0x00000295 (661) @parser.c:1777
[QTS:EMIT] pos=72 u16=0x0001 (1) @parser.c:1772
[QTS:EMIT] pos=74 op=200 @parser.c:1786
[QTS:EMIT] pos=75 u32=0x00003f29 (16169) @parser.c:1788
[QTS:EMIT] pos=79 op=186 @parser.c:1799
[QTS:EMIT] pos=80 u32=0x0000026f (623) @parser.c:1777
[QTS:EMIT] pos=84 u16=0x0001 (1) @parser.c:1772
[QTS:EMIT] pos=86 op=1 @parser.c:1799
[QTS:EMIT] pos=87 u32=0x00000001 (1) @parser.c:1777
[QTS:EMIT] pos=91 op=200 @parser.c:1786
[QTS:EMIT] pos=92 u32=0x00003f2d (16173) @parser.c:1788
[QTS:EMIT] pos=96 op=160 @parser.c:1799
[QTS:EMIT] pos=97 op=200 @parser.c:1786
[QTS:EMIT] pos=98 u32=0x00003f28 (16168) @parser.c:1788
[QTS:EMIT] pos=102 op=72 @parser.c:1799
[QTS:EMIT] pos=103 op=200 @parser.c:1786
[QTS:EMIT] pos=104 u32=0x00003f23 (16163) @parser.c:1788
[QTS:EMIT] pos=108 op=34 @parser.c:1799
[QTS:EMIT] pos=109 u16=0x0001 (1) @parser.c:1772
[QTS:EMIT] pos=111 op=184 @parser.c:1799
[QTS:EMIT] pos=112 u32=0x00000002 (2) @parser.c:1777
[QTS:EMIT] pos=116 op=108 @parser.c:1799
[QTS:EMIT] pos=117 u32=0x00000001 (1) @parser.c:1777
[QTS:SCOPE] push: level=2 first_var=-1
[QTS:SCOPE] enter: idx=2 is_body=0
[QTS:EMIT] pos=121 op=182 @parser.c:1799
[QTS:EMIT] pos=122 u16=0x0002 (2) @parser.c:1772
[QTS:EMIT] pos=124 op=200 @parser.c:1786
[QTS:EMIT] pos=125 u32=0x00003f42 (16194) @parser.c:1788
[QTS:EMIT] pos=129 op=186 @parser.c:1799
[QTS:EMIT] pos=130 u32=0x0000026f (623) @parser.c:1777
[QTS:EMIT] pos=134 u16=0x0002 (2) @parser.c:1772
[QTS:EMIT] pos=129 op=189 @parser.c:1799
[QTS:EMIT] pos=130 atom=623 @parser.c:1807
[QTS:EMIT] pos=134 u32=0x00000003 (3) @parser.c:1777
[QTS:EMIT] pos=138 u16=0x0002 (2) @parser.c:1772
[QTS:EMIT] pos=140 op=61 @parser.c:1799
[QTS:EMIT] pos=141 op=200 @parser.c:1786
[QTS:EMIT] pos=142 u32=0x00003f45 (16197) @parser.c:1788
[QTS:EMIT] pos=146 op=146 @parser.c:1799
[QTS:EMIT] pos=147 op=184 @parser.c:1799
[QTS:EMIT] pos=148 u32=0x00000003 (3) @parser.c:1777
[QTS:EMIT] pos=152 op=25 @parser.c:1799
[QTS:EMIT] pos=153 op=62 @parser.c:1799
[QTS:EMIT] pos=154 op=14 @parser.c:1799
[QTS:EMIT] pos=155 op=200 @parser.c:1786
[QTS:EMIT] pos=156 u32=0x00003f55 (16213) @parser.c:1788
[QTS:EMIT] pos=160 op=186 @parser.c:1799
[QTS:EMIT] pos=161 u32=0x00000289 (649) @parser.c:1777
[QTS:EMIT] pos=165 u16=0x0002 (2) @parser.c:1772
[QTS:EMIT] pos=160 op=189 @parser.c:1799
[QTS:EMIT] pos=161 atom=649 @parser.c:1807
[QTS:EMIT] pos=165 u32=0x00000004 (4) @parser.c:1777
[QTS:EMIT] pos=169 u16=0x0002 (2) @parser.c:1772
[QTS:ASSIGN] lvalue: opcode=61 scope=2 atom=649 label=4
[QTS:EMIT] pos=171 op=200 @parser.c:1786
[QTS:EMIT] pos=172 u32=0x00003f59 (16217) @parser.c:1788
[QTS:EMIT] pos=176 op=186 @parser.c:1799
[QTS:EMIT] pos=177 u32=0x00000295 (661) @parser.c:1777
[QTS:EMIT] pos=181 u16=0x0002 (2) @parser.c:1772
[QTS:EMIT] pos=183 op=200 @parser.c:1786
[QTS:EMIT] pos=184 u32=0x00003f5e (16222) @parser.c:1788
[QTS:EMIT] pos=188 op=186 @parser.c:1799
[QTS:EMIT] pos=189 u32=0x0000026f (623) @parser.c:1777
[QTS:EMIT] pos=193 u16=0x0002 (2) @parser.c:1772
[QTS:EMIT] pos=195 op=200 @parser.c:1786
[QTS:EMIT] pos=196 u32=0x00003f5d (16221) @parser.c:1788
[QTS:EMIT] pos=200 op=72 @parser.c:1799
[QTS:EMIT] pos=201 op=200 @parser.c:1786
[QTS:EMIT] pos=202 u32=0x00003f65 (16229) @parser.c:1788
[QTS:EMIT] pos=206 op=186 @parser.c:1799
[QTS:EMIT] pos=207 u32=0x00000289 (649) @parser.c:1777
[QTS:EMIT] pos=211 u16=0x0002 (2) @parser.c:1772
[QTS:EMIT] pos=213 op=200 @parser.c:1786
[QTS:EMIT] pos=214 u32=0x00003f63 (16227) @parser.c:1788
[QTS:EMIT] pos=218 op=159 @parser.c:1799
[QTS:EMIT] pos=219 op=184 @parser.c:1799
[QTS:EMIT] pos=220 u32=0x00000004 (4) @parser.c:1777
[QTS:EMIT] pos=224 op=22 @parser.c:1799
[QTS:EMIT] pos=225 op=62 @parser.c:1799
[QTS:EMIT] pos=226 op=14 @parser.c:1799
[QTS:SCOPE] leave: idx=2
[QTS:SCOPE] pop: level=2
[QTS:EMIT] pos=227 op=183 @parser.c:1799
[QTS:EMIT] pos=228 u16=0x0002 (2) @parser.c:1772
[QTS:EMIT] pos=230 op=110 @parser.c:1799
[QTS:EMIT] pos=231 u32=0x00000000 (0) @parser.c:1777
[QTS:EMIT] pos=235 op=184 @parser.c:1799
[QTS:EMIT] pos=236 u32=0x00000001 (1) @parser.c:1777
[QTS:EMIT] pos=240 op=200 @parser.c:1786
[QTS:EMIT] pos=241 u32=0x00003f81 (16257) @parser.c:1788
[QTS:EMIT] pos=245 op=186 @parser.c:1799
[QTS:EMIT] pos=246 u32=0x00000289 (649) @parser.c:1777
[QTS:EMIT] pos=250 u16=0x0001 (1) @parser.c:1772
[QTS:EMIT] pos=252 op=200 @parser.c:1786
[QTS:EMIT] pos=253 u32=0x00003f7a (16250) @parser.c:1788
[QTS:EMIT] pos=257 op=40 @parser.c:1799
[QTS:SCOPE] push: level=1 first_var=-1
[QTS:SCOPE] enter: idx=1 is_body=0
[QTS:EMIT] pos=0 op=182 @parser.c:1799
[QTS:EMIT] pos=1 u16=0x0001 (1) @parser.c:1772
[QTS:SCOPE] push: level=2 first_var=-1
[QTS:SCOPE] enter: idx=2 is_body=0
[QTS:EMIT] pos=3 op=182 @parser.c:1799
[QTS:EMIT] pos=4 u16=0x0002 (2) @parser.c:1772
[QTS:EMIT] pos=6 op=200 @parser.c:1786
[QTS:EMIT] pos=7 u32=0x00003fdd (16349) @parser.c:1788
[QTS:EMIT] pos=11 op=186 @parser.c:1799
[QTS:EMIT] pos=12 u32=0x0000026f (623) @parser.c:1777
[QTS:EMIT] pos=16 u16=0x0002 (2) @parser.c:1772
[QTS:EMIT] pos=18 op=1 @parser.c:1799
[QTS:EMIT] pos=19 u32=0x00000000 (0) @parser.c:1777
[QTS:EMIT] pos=23 op=200 @parser.c:1786
[QTS:EMIT] pos=24 u32=0x00003fe1 (16353) @parser.c:1788
[QTS:EMIT] pos=28 op=166 @parser.c:1799
[QTS:EMIT] pos=29 op=17 @parser.c:1799
[QTS:EMIT] pos=30 op=109 @parser.c:1799
[QTS:EMIT] pos=31 u32=0x00000000 (0) @parser.c:1777
[QTS:EMIT] pos=35 op=14 @parser.c:1799
[QTS:EMIT] pos=36 op=4 @parser.c:1799
[QTS:EMIT] pos=37 u32=0x00000299 (665) @parser.c:1777
[QTS:EMIT] pos=41 op=200 @parser.c:1786
[QTS:EMIT] pos=42 u32=0x00004000 (16384) @parser.c:1788
[QTS:EMIT] pos=46 op=66 @parser.c:1799
[QTS:EMIT] pos=47 atom=273 @parser.c:1807
[QTS:EMIT] pos=51 op=200 @parser.c:1786
[QTS:EMIT] pos=52 u32=0x00004009 (16393) @parser.c:1788
[QTS:EMIT] pos=56 op=186 @parser.c:1799
[QTS:EMIT] pos=57 u32=0x00000295 (661) @parser.c:1777
[QTS:EMIT] pos=61 u16=0x0002 (2) @parser.c:1772
[QTS:EMIT] pos=63 op=200 @parser.c:1786
[QTS:EMIT] pos=64 u32=0x0000400e (16398) @parser.c:1788
[QTS:EMIT] pos=68 op=186 @parser.c:1799
[QTS:EMIT] pos=69 u32=0x0000026f (623) @parser.c:1777
[QTS:EMIT] pos=73 u16=0x0002 (2) @parser.c:1772
[QTS:EMIT] pos=75 op=1 @parser.c:1799
[QTS:EMIT] pos=76 u32=0x00000001 (1) @parser.c:1777
[QTS:EMIT] pos=80 op=200 @parser.c:1786
[QTS:EMIT] pos=81 u32=0x00004012 (16402) @parser.c:1788
[QTS:EMIT] pos=85 op=160 @parser.c:1799
[QTS:EMIT] pos=86 op=200 @parser.c:1786
[QTS:EMIT] pos=87 u32=0x0000400d (16397) @parser.c:1788
[QTS:EMIT] pos=91 op=72 @parser.c:1799
[QTS:EMIT] pos=92 op=200 @parser.c:1786
[QTS:EMIT] pos=93 u32=0x00004008 (16392) @parser.c:1788
[QTS:EMIT] pos=97 op=36 @parser.c:1799
[QTS:EMIT] pos=98 u16=0x0001 (1) @parser.c:1772
[QTS:EMIT] pos=100 op=1 @parser.c:1799
[QTS:EMIT] pos=101 u32=0x00000000 (0) @parser.c:1777
[QTS:EMIT] pos=105 op=200 @parser.c:1786
[QTS:EMIT] pos=106 u32=0x00004018 (16408) @parser.c:1788
[QTS:EMIT] pos=110 op=168 @parser.c:1799
[QTS:EMIT] pos=111 op=184 @parser.c:1799
[QTS:EMIT] pos=112 u32=0x00000000 (0) @parser.c:1777
[QTS:EMIT] pos=116 op=108 @parser.c:1799
[QTS:EMIT] pos=117 u32=0x00000001 (1) @parser.c:1777
[QTS:EMIT] pos=121 op=200 @parser.c:1786
[QTS:EMIT] pos=122 u32=0x00004031 (16433) @parser.c:1788
[QTS:EMIT] pos=126 op=186 @parser.c:1799
[QTS:EMIT] pos=127 u32=0x000001da (474) @parser.c:1777
[QTS:EMIT] pos=131 u16=0x0002 (2) @parser.c:1772
[QTS:EMIT] pos=133 op=200 @parser.c:1786
[QTS:EMIT] pos=134 u32=0x0000402a (16426) @parser.c:1788
[QTS:EMIT] pos=138 op=40 @parser.c:1799
[QTS:EMIT] pos=139 op=184 @parser.c:1799
[QTS:EMIT] pos=140 u32=0x00000001 (1) @parser.c:1777
[QTS:SCOPE] leave: idx=2
[QTS:SCOPE] pop: level=2
[QTS:EMIT] pos=144 op=183 @parser.c:1799
[QTS:EMIT] pos=145 u16=0x0002 (2) @parser.c:1772
[QTS:SCOPE] push: level=3 first_var=-1
[QTS:SCOPE] enter: idx=3 is_body=0
[QTS:EMIT] pos=147 op=182 @parser.c:1799
[QTS:EMIT] pos=148 u16=0x0003 (3) @parser.c:1772
[QTS:EMIT] pos=150 op=200 @parser.c:1786
[QTS:EMIT] pos=151 u32=0x00004040 (16448) @parser.c:1788
[QTS:EMIT] pos=155 op=186 @parser.c:1799
[QTS:EMIT] pos=156 u32=0x0000026f (623) @parser.c:1777
[QTS:EMIT] pos=160 u16=0x0003 (3) @parser.c:1772
[QTS:EMIT] pos=162 op=1 @parser.c:1799
[QTS:EMIT] pos=163 u32=0x00000002 (2) @parser.c:1777
[QTS:EMIT] pos=167 op=200 @parser.c:1786
[QTS:EMIT] pos=168 u32=0x00004044 (16452) @parser.c:1788
[QTS:EMIT] pos=172 op=168 @parser.c:1799
[QTS:EMIT] pos=173 op=17 @parser.c:1799
[QTS:EMIT] pos=174 op=108 @parser.c:1799
[QTS:EMIT] pos=175 u32=0x00000002 (2) @parser.c:1777
[QTS:EMIT] pos=179 op=14 @parser.c:1799
[QTS:EMIT] pos=180 op=200 @parser.c:1786
[QTS:EMIT] pos=181 u32=0x0000404c (16460) @parser.c:1788
[QTS:EMIT] pos=185 op=186 @parser.c:1799
[QTS:EMIT] pos=186 u32=0x00000295 (661) @parser.c:1777
[QTS:EMIT] pos=190 u16=0x0003 (3) @parser.c:1772
[QTS:EMIT] pos=192 op=200 @parser.c:1786
[QTS:EMIT] pos=193 u32=0x00004051 (16465) @parser.c:1788
[QTS:EMIT] pos=197 op=186 @parser.c:1799
[QTS:EMIT] pos=198 u32=0x0000026f (623) @parser.c:1777
[QTS:EMIT] pos=202 u16=0x0003 (3) @parser.c:1772
[QTS:EMIT] pos=204 op=1 @parser.c:1799
[QTS:EMIT] pos=205 u32=0x00000001 (1) @parser.c:1777
[QTS:EMIT] pos=209 op=200 @parser.c:1786
[QTS:EMIT] pos=210 u32=0x00004055 (16469) @parser.c:1788
[QTS:EMIT] pos=214 op=160 @parser.c:1799
[QTS:EMIT] pos=215 op=200 @parser.c:1786
[QTS:EMIT] pos=216 u32=0x00004050 (16464) @parser.c:1788
[QTS:EMIT] pos=220 op=72 @parser.c:1799
[QTS:EMIT] pos=221 op=4 @parser.c:1799
[QTS:EMIT] pos=222 u32=0x0000029a (666) @parser.c:1777
[QTS:EMIT] pos=226 op=200 @parser.c:1786
[QTS:EMIT] pos=227 u32=0x0000405a (16474) @parser.c:1788
[QTS:EMIT] pos=231 op=173 @parser.c:1799
[QTS:EMIT] pos=232 op=184 @parser.c:1799
[QTS:EMIT] pos=233 u32=0x00000002 (2) @parser.c:1777
[QTS:EMIT] pos=237 op=108 @parser.c:1799
[QTS:EMIT] pos=238 u32=0x00000003 (3) @parser.c:1777
[QTS:SCOPE] push: level=4 first_var=-1
[QTS:SCOPE] enter: idx=4 is_body=0
[QTS:EMIT] pos=242 op=182 @parser.c:1799
[QTS:EMIT] pos=243 u16=0x0004 (4) @parser.c:1772
[QTS:EMIT] pos=245 op=200 @parser.c:1786
[QTS:EMIT] pos=246 u32=0x00004071 (16497) @parser.c:1788
[QTS:EMIT] pos=250 op=186 @parser.c:1799
[QTS:EMIT] pos=251 u32=0x0000026f (623) @parser.c:1777
[QTS:EMIT] pos=255 u16=0x0004 (4) @parser.c:1772
[QTS:EMIT] pos=250 op=189 @parser.c:1799
[QTS:EMIT] pos=251 atom=623 @parser.c:1807
[QTS:EMIT] pos=255 u32=0x00000004 (4) @parser.c:1777
[QTS:EMIT] pos=259 u16=0x0004 (4) @parser.c:1772
[QTS:EMIT] pos=261 op=61 @parser.c:1799
[QTS:EMIT] pos=262 op=200 @parser.c:1786
[QTS:EMIT] pos=263 u32=0x00004074 (16500) @parser.c:1788
[QTS:EMIT] pos=267 op=146 @parser.c:1799
[QTS:EMIT] pos=268 op=184 @parser.c:1799
[QTS:EMIT] pos=269 u32=0x00000004 (4) @parser.c:1777
[QTS:EMIT] pos=273 op=25 @parser.c:1799
[QTS:EMIT] pos=274 op=62 @parser.c:1799
[QTS:EMIT] pos=275 op=14 @parser.c:1799
[QTS:EMIT] pos=276 op=200 @parser.c:1786
[QTS:EMIT] pos=277 u32=0x00004084 (16516) @parser.c:1788
[QTS:EMIT] pos=281 op=186 @parser.c:1799
[QTS:EMIT] pos=282 u32=0x00000297 (663) @parser.c:1777
[QTS:EMIT] pos=286 u16=0x0004 (4) @parser.c:1772
[QTS:EMIT] pos=281 op=189 @parser.c:1799
[QTS:EMIT] pos=282 atom=663 @parser.c:1807
[QTS:EMIT] pos=286 u32=0x00000005 (5) @parser.c:1777
[QTS:EMIT] pos=290 u16=0x0004 (4) @parser.c:1772
[QTS:ASSIGN] lvalue: opcode=61 scope=4 atom=663 label=5
[QTS:EMIT] pos=292 op=11 @parser.c:1799
[QTS:EMIT] pos=293 op=184 @parser.c:1799
[QTS:EMIT] pos=294 u32=0x00000005 (5) @parser.c:1777
[QTS:EMIT] pos=298 op=22 @parser.c:1799
[QTS:EMIT] pos=299 op=62 @parser.c:1799
[QTS:EMIT] pos=300 op=14 @parser.c:1799
[QTS:EMIT] pos=301 op=200 @parser.c:1786
[QTS:EMIT] pos=302 u32=0x000040a2 (16546) @parser.c:1788
[QTS:EMIT] pos=306 op=186 @parser.c:1799
[QTS:EMIT] pos=307 u32=0x00000238 (568) @parser.c:1777
[QTS:EMIT] pos=311 u16=0x0004 (4) @parser.c:1772
[QTS:EMIT] pos=306 op=189 @parser.c:1799
[QTS:EMIT] pos=307 atom=568 @parser.c:1807
[QTS:EMIT] pos=311 u32=0x00000006 (6) @parser.c:1777
[QTS:EMIT] pos=315 u16=0x0004 (4) @parser.c:1772
[QTS:ASSIGN] lvalue: opcode=61 scope=4 atom=568 label=6
[QTS:EMIT] pos=317 op=200 @parser.c:1786
[QTS:EMIT] pos=318 u32=0x000040a6 (16550) @parser.c:1788
[QTS:EMIT] pos=322 op=186 @parser.c:1799
[QTS:EMIT] pos=323 u32=0x00000295 (661) @parser.c:1777
[QTS:EMIT] pos=327 u16=0x0004 (4) @parser.c:1772
[QTS:EMIT] pos=329 op=200 @parser.c:1786
[QTS:EMIT] pos=330 u32=0x000040ab (16555) @parser.c:1788
[QTS:EMIT] pos=334 op=186 @parser.c:1799
[QTS:EMIT] pos=335 u32=0x0000026f (623) @parser.c:1777
[QTS:EMIT] pos=339 u16=0x0004 (4) @parser.c:1772
[QTS:EMIT] pos=341 op=1 @parser.c:1799
[QTS:EMIT] pos=342 u32=0x00000001 (1) @parser.c:1777
[QTS:EMIT] pos=346 op=200 @parser.c:1786
[QTS:EMIT] pos=347 u32=0x000040af (16559) @parser.c:1788
[QTS:EMIT] pos=351 op=160 @parser.c:1799
[QTS:EMIT] pos=352 op=200 @parser.c:1786
[QTS:EMIT] pos=353 u32=0x000040aa (16554) @parser.c:1788
[QTS:EMIT] pos=357 op=72 @parser.c:1799
[QTS:EMIT] pos=358 op=184 @parser.c:1799
[QTS:EMIT] pos=359 u32=0x00000006 (6) @parser.c:1777
[QTS:EMIT] pos=363 op=22 @parser.c:1799
[QTS:EMIT] pos=364 op=62 @parser.c:1799
[QTS:SCOPE] push: level=5 first_var=-1
[QTS:SCOPE] enter: idx=5 is_body=0
[QTS:EMIT] pos=365 op=182 @parser.c:1799
[QTS:EMIT] pos=366 u16=0x0005 (5) @parser.c:1772
[QTS:EMIT] pos=368 op=17 @parser.c:1799
[QTS:EMIT] pos=369 op=4 @parser.c:1799
[QTS:EMIT] pos=370 u32=0x0000029b (667) @parser.c:1777
[QTS:EMIT] pos=374 op=173 @parser.c:1799
[QTS:EMIT] pos=375 op=109 @parser.c:1799
[QTS:EMIT] pos=376 u32=0x00000008 (8) @parser.c:1777
[QTS:EMIT] pos=380 op=17 @parser.c:1799
[QTS:EMIT] pos=381 op=4 @parser.c:1799
[QTS:EMIT] pos=382 u32=0x0000029c (668) @parser.c:1777
[QTS:EMIT] pos=386 op=173 @parser.c:1799
[QTS:EMIT] pos=387 op=108 @parser.c:1799
[QTS:EMIT] pos=388 u32=0x00000009 (9) @parser.c:1777
[QTS:EMIT] pos=392 op=184 @parser.c:1799
[QTS:EMIT] pos=393 u32=0x00000008 (8) @parser.c:1777
[QTS:EMIT] pos=397 op=4 @parser.c:1799
[QTS:EMIT] pos=398 u32=0x0000023d (573) @parser.c:1777
[QTS:EMIT] pos=402 op=200 @parser.c:1786
[QTS:EMIT] pos=403 u32=0x00004101 (16641) @parser.c:1788
[QTS:EMIT] pos=407 op=40 @parser.c:1799
[QTS:EMIT] pos=408 op=184 @parser.c:1799
[QTS:EMIT] pos=409 u32=0x00000009 (9) @parser.c:1777
[QTS:EMIT] pos=413 op=17 @parser.c:1799
[QTS:EMIT] pos=414 op=4 @parser.c:1799
[QTS:EMIT] pos=415 u32=0x0000029d (669) @parser.c:1777
[QTS:EMIT] pos=419 op=173 @parser.c:1799
[QTS:EMIT] pos=420 op=108 @parser.c:1799
[QTS:EMIT] pos=421 u32=0x0000000a (10) @parser.c:1777
[QTS:EMIT] pos=425 op=38 @parser.c:1799
[QTS:EMIT] pos=426 u16=0x0000 (0) @parser.c:1772
[QTS:EMIT] pos=428 op=200 @parser.c:1786
[QTS:EMIT] pos=429 u32=0x0000413b (16699) @parser.c:1788
[QTS:EMIT] pos=433 op=40 @parser.c:1799
[QTS:EMIT] pos=434 op=184 @parser.c:1799
[QTS:EMIT] pos=435 u32=0x0000000a (10) @parser.c:1777
[QTS:EMIT] pos=439 op=17 @parser.c:1799
[QTS:EMIT] pos=440 op=4 @parser.c:1799
[QTS:EMIT] pos=441 u32=0x0000029e (670) @parser.c:1777
[QTS:EMIT] pos=445 op=173 @parser.c:1799
[QTS:EMIT] pos=446 op=108 @parser.c:1799
[QTS:EMIT] pos=447 u32=0x0000000b (11) @parser.c:1777
[QTS:EMIT] pos=451 op=11 @parser.c:1799
[QTS:EMIT] pos=452 op=200 @parser.c:1786
[QTS:EMIT] pos=453 u32=0x00004174 (16756) @parser.c:1788
[QTS:EMIT] pos=457 op=40 @parser.c:1799
[QTS:EMIT] pos=458 op=184 @parser.c:1799
[QTS:EMIT] pos=459 u32=0x0000000b (11) @parser.c:1777
[QTS:EMIT] pos=463 op=17 @parser.c:1799
[QTS:EMIT] pos=464 op=4 @parser.c:1799
[QTS:EMIT] pos=465 u32=0x0000029f (671) @parser.c:1777
[QTS:EMIT] pos=469 op=173 @parser.c:1799
[QTS:EMIT] pos=470 op=108 @parser.c:1799
[QTS:EMIT] pos=471 u32=0x0000000c (12) @parser.c:1777
[QTS:EMIT] pos=475 op=2 @parser.c:1799
[QTS:EMIT] pos=476 u32=0x00000000 (0) @parser.c:1777
[QTS:EMIT] pos=480 op=2 @parser.c:1799
[QTS:EMIT] pos=481 u32=0x00000001 (1) @parser.c:1777
[QTS:EMIT] pos=485 op=52 @parser.c:1799
[QTS:EMIT] pos=486 op=200 @parser.c:1786
[QTS:EMIT] pos=487 u32=0x000041ad (16813) @parser.c:1788
[QTS:EMIT] pos=491 op=40 @parser.c:1799
[QTS:EMIT] pos=492 op=184 @parser.c:1799
[QTS:EMIT] pos=493 u32=0x00000000 (0) @parser.c:1777
[QTS:SCOPE] push: level=6 first_var=-1
[QTS:SCOPE] enter: idx=6 is_body=0
[QTS:EMIT] pos=497 op=182 @parser.c:1799
[QTS:EMIT] pos=498 u16=0x0006 (6) @parser.c:1772
[QTS:EMIT] pos=500 op=200 @parser.c:1786
[QTS:EMIT] pos=501 u32=0x000041ea (16874) @parser.c:1788
[QTS:EMIT] pos=505 op=186 @parser.c:1799
[QTS:EMIT] pos=506 u32=0x00000240 (576) @parser.c:1777
[QTS:EMIT] pos=510 u16=0x0006 (6) @parser.c:1772
[QTS:EMIT] pos=512 op=200 @parser.c:1786
[QTS:EMIT] pos=513 u32=0x000041f2 (16882) @parser.c:1788
[QTS:EMIT] pos=517 op=186 @parser.c:1799
[QTS:EMIT] pos=518 u32=0x00000238 (568) @parser.c:1777
[QTS:EMIT] pos=522 u16=0x0006 (6) @parser.c:1772
[QTS:EMIT] pos=524 op=200 @parser.c:1786
[QTS:EMIT] pos=525 u32=0x000041f1 (16881) @parser.c:1788
[QTS:EMIT] pos=529 op=34 @parser.c:1799
[QTS:EMIT] pos=530 u16=0x0001 (1) @parser.c:1772
[QTS:EMIT] pos=532 op=108 @parser.c:1799
[QTS:EMIT] pos=533 u32=0x0000000d (13) @parser.c:1777
[QTS:SCOPE] push: level=7 first_var=-1
[QTS:SCOPE] enter: idx=7 is_body=0
[QTS:EMIT] pos=537 op=182 @parser.c:1799
[QTS:EMIT] pos=538 u16=0x0007 (7) @parser.c:1772
[QTS:EMIT] pos=540 op=200 @parser.c:1786
[QTS:EMIT] pos=541 u32=0x00004210 (16912) @parser.c:1788
[QTS:EMIT] pos=545 op=186 @parser.c:1799
[QTS:EMIT] pos=546 u32=0x00000298 (664) @parser.c:1777
[QTS:EMIT] pos=550 u16=0x0007 (7) @parser.c:1772
[QTS:EMIT] pos=545 op=189 @parser.c:1799
[QTS:EMIT] pos=546 atom=664 @parser.c:1807
[QTS:EMIT] pos=550 u32=0x0000000e (14) @parser.c:1777
[QTS:EMIT] pos=554 u16=0x0007 (7) @parser.c:1772
[QTS:ASSIGN] lvalue: opcode=61 scope=7 atom=664 label=14
[QTS:EMIT] pos=556 op=200 @parser.c:1786
[QTS:EMIT] pos=557 u32=0x00004217 (16919) @parser.c:1788
[QTS:EMIT] pos=561 op=186 @parser.c:1799
[QTS:EMIT] pos=562 u32=0x00000294 (660) @parser.c:1777
[QTS:EMIT] pos=566 u16=0x0007 (7) @parser.c:1772
[QTS:EMIT] pos=568 op=200 @parser.c:1786
[QTS:EMIT] pos=569 u32=0x00004228 (16936) @parser.c:1788
[QTS:EMIT] pos=573 op=186 @parser.c:1799
[QTS:EMIT] pos=574 u32=0x00000295 (661) @parser.c:1777
[QTS:EMIT] pos=578 u16=0x0007 (7) @parser.c:1772
[QTS:EMIT] pos=580 op=200 @parser.c:1786
[QTS:EMIT] pos=581 u32=0x0000422e (16942) @parser.c:1788
[QTS:EMIT] pos=585 op=186 @parser.c:1799
[QTS:EMIT] pos=586 u32=0x0000026f (623) @parser.c:1777
[QTS:EMIT] pos=590 u16=0x0007 (7) @parser.c:1772
[QTS:EMIT] pos=592 op=200 @parser.c:1786
[QTS:EMIT] pos=593 u32=0x00004227 (16935) @parser.c:1788
[QTS:EMIT] pos=597 op=34 @parser.c:1799
[QTS:EMIT] pos=598 u16=0x0002 (2) @parser.c:1772
[QTS:EMIT] pos=600 op=184 @parser.c:1799
[QTS:EMIT] pos=601 u32=0x0000000e (14) @parser.c:1777
[QTS:EMIT] pos=605 op=22 @parser.c:1799
[QTS:EMIT] pos=606 op=62 @parser.c:1799
[QTS:EMIT] pos=607 op=14 @parser.c:1799
[QTS:SCOPE] push: level=8 first_var=-1
[QTS:SCOPE] enter: idx=8 is_body=0
[QTS:EMIT] pos=608 op=182 @parser.c:1799
[QTS:EMIT] pos=609 u16=0x0008 (8) @parser.c:1772
[QTS:EMIT] pos=611 op=4 @parser.c:1799
[QTS:EMIT] pos=612 u32=0x00000003 (3) @parser.c:1777
[QTS:EMIT] pos=616 op=4 @parser.c:1799
[QTS:EMIT] pos=617 u32=0x00000002 (2) @parser.c:1777
[QTS:EMIT] pos=621 op=4 @parser.c:1799
[QTS:EMIT] pos=622 u32=0x00000001 (1) @parser.c:1777
[QTS:EMIT] pos=626 op=4 @parser.c:1799
[QTS:EMIT] pos=627 u32=0x00000008 (8) @parser.c:1777
[QTS:EMIT] pos=631 op=38 @parser.c:1799
[QTS:EMIT] pos=632 u16=0x0004 (4) @parser.c:1772
[QTS:EMIT] pos=634 op=200 @parser.c:1786
[QTS:EMIT] pos=635 u32=0x00004271 (17009) @parser.c:1788
[QTS:EMIT] pos=639 op=66 @parser.c:1799
[QTS:EMIT] pos=640 atom=275 @parser.c:1807
[QTS:EMIT] pos=644 op=200 @parser.c:1786
[QTS:EMIT] pos=645 u32=0x0000427b (17019) @parser.c:1788
[QTS:EMIT] pos=649 op=186 @parser.c:1799
[QTS:EMIT] pos=650 u32=0x00000298 (664) @parser.c:1777
[QTS:EMIT] pos=654 u16=0x0008 (8) @parser.c:1772
[QTS:EMIT] pos=656 op=200 @parser.c:1786
[QTS:EMIT] pos=657 u32=0x0000427a (17018) @parser.c:1788
[QTS:EMIT] pos=661 op=36 @parser.c:1799
[QTS:EMIT] pos=662 u16=0x0001 (1) @parser.c:1772
[QTS:EMIT] pos=664 op=17 @parser.c:1799
[QTS:EMIT] pos=665 op=109 @parser.c:1799
[QTS:EMIT] pos=666 u32=0x0000000f (15) @parser.c:1777
[QTS:EMIT] pos=670 op=14 @parser.c:1799
[QTS:EMIT] pos=671 op=200 @parser.c:1786
[QTS:EMIT] pos=672 u32=0x00004285 (17029) @parser.c:1788
[QTS:EMIT] pos=676 op=186 @parser.c:1799
[QTS:EMIT] pos=677 u32=0x00000126 (294) @parser.c:1777
[QTS:EMIT] pos=681 u16=0x0008 (8) @parser.c:1772
[QTS:EMIT] pos=683 op=200 @parser.c:1786
[QTS:EMIT] pos=684 u32=0x0000428c (17036) @parser.c:1788
[QTS:EMIT] pos=688 op=186 @parser.c:1799
[QTS:EMIT] pos=689 u32=0x00000298 (664) @parser.c:1777
[QTS:EMIT] pos=693 u16=0x0008 (8) @parser.c:1772
[QTS:EMIT] pos=695 op=200 @parser.c:1786
[QTS:EMIT] pos=696 u32=0x0000428b (17035) @parser.c:1788
[QTS:EMIT] pos=700 op=143 @parser.c:1799
[QTS:EMIT] pos=701 op=200 @parser.c:1786
[QTS:EMIT] pos=702 u32=0x0000428a (17034) @parser.c:1788
[QTS:EMIT] pos=706 op=34 @parser.c:1799
[QTS:EMIT] pos=707 u16=0x0001 (1) @parser.c:1772
[QTS:EMIT] pos=709 op=152 @parser.c:1799
[QTS:EMIT] pos=710 op=184 @parser.c:1799
[QTS:EMIT] pos=711 u32=0x0000000f (15) @parser.c:1777
[QTS:EMIT] pos=715 op=108 @parser.c:1799
[QTS:EMIT] pos=716 u32=0x00000010 (16) @parser.c:1777
[QTS:EMIT] pos=720 op=200 @parser.c:1786
[QTS:EMIT] pos=721 u32=0x000042b6 (17078) @parser.c:1788
[QTS:EMIT] pos=725 op=186 @parser.c:1799
[QTS:EMIT] pos=726 u32=0x0000003c (60) @parser.c:1777
[QTS:EMIT] pos=730 u16=0x0008 (8) @parser.c:1772
[QTS:EMIT] pos=732 op=200 @parser.c:1786
[QTS:EMIT] pos=733 u32=0x000042bb (17083) @parser.c:1788
[QTS:EMIT] pos=737 op=186 @parser.c:1799
[QTS:EMIT] pos=738 u32=0x00000298 (664) @parser.c:1777
[QTS:EMIT] pos=742 u16=0x0008 (8) @parser.c:1772
[QTS:EMIT] pos=744 op=200 @parser.c:1786
[QTS:EMIT] pos=745 u32=0x000042ba (17082) @parser.c:1788
[QTS:EMIT] pos=749 op=50 @parser.c:1799
[QTS:EMIT] pos=750 u16=0x0001 (1) @parser.c:1772
[QTS:EMIT] pos=752 u16=0x0008 (8) @parser.c:1772
[QTS:EMIT] pos=754 op=200 @parser.c:1786
[QTS:EMIT] pos=755 u32=0x000042af (17071) @parser.c:1788
[QTS:EMIT] pos=759 op=40 @parser.c:1799
[QTS:EMIT] pos=760 op=184 @parser.c:1799
[QTS:EMIT] pos=761 u32=0x00000010 (16) @parser.c:1777
[QTS:SCOPE] leave: idx=8
[QTS:SCOPE] pop: level=8
[QTS:EMIT] pos=765 op=183 @parser.c:1799
[QTS:EMIT] pos=766 u16=0x0008 (8) @parser.c:1772
[QTS:SCOPE] push: level=9 first_var=-1
[QTS:SCOPE] enter: idx=9 is_body=0
[QTS:EMIT] pos=768 op=182 @parser.c:1799
[QTS:EMIT] pos=769 u16=0x0009 (9) @parser.c:1772
[QTS:EMIT] pos=771 op=200 @parser.c:1786
[QTS:EMIT] pos=772 u32=0x00004322 (17186) @parser.c:1788
[QTS:EMIT] pos=776 op=186 @parser.c:1799
[QTS:EMIT] pos=777 u32=0x0000026f (623) @parser.c:1777
[QTS:EMIT] pos=781 u16=0x0009 (9) @parser.c:1772
[QTS:EMIT] pos=783 op=200 @parser.c:1786
[QTS:EMIT] pos=784 u32=0x00004328 (17192) @parser.c:1788
[QTS:EMIT] pos=788 op=186 @parser.c:1799
[QTS:EMIT] pos=789 u32=0x00000298 (664) @parser.c:1777
[QTS:EMIT] pos=793 u16=0x0009 (9) @parser.c:1772
[QTS:EMIT] pos=795 op=200 @parser.c:1786
[QTS:EMIT] pos=796 u32=0x0000432c (17196) @parser.c:1788
[QTS:EMIT] pos=800 op=66 @parser.c:1799
[QTS:EMIT] pos=801 atom=48 @parser.c:1807
[QTS:EMIT] pos=805 op=200 @parser.c:1786
[QTS:EMIT] pos=806 u32=0x00004326 (17190) @parser.c:1788
[QTS:EMIT] pos=810 op=160 @parser.c:1799
[QTS:EMIT] pos=811 op=1 @parser.c:1799
[QTS:EMIT] pos=812 u32=0x00000003 (3) @parser.c:1777
[QTS:EMIT] pos=816 op=200 @parser.c:1786
[QTS:EMIT] pos=817 u32=0x00004334 (17204) @parser.c:1788
[QTS:EMIT] pos=821 op=168 @parser.c:1799
[QTS:EMIT] pos=822 op=17 @parser.c:1799
[QTS:EMIT] pos=823 op=108 @parser.c:1799
[QTS:EMIT] pos=824 u32=0x00000011 (17) @parser.c:1777
[QTS:EMIT] pos=828 op=14 @parser.c:1799
[QTS:EMIT] pos=829 op=200 @parser.c:1786
[QTS:EMIT] pos=830 u32=0x0000433c (17212) @parser.c:1788
[QTS:EMIT] pos=834 op=186 @parser.c:1799
[QTS:EMIT] pos=835 u32=0x00000295 (661) @parser.c:1777
[QTS:EMIT] pos=839 u16=0x0009 (9) @parser.c:1772
[QTS:EMIT] pos=841 op=200 @parser.c:1786
[QTS:EMIT] pos=842 u32=0x00004341 (17217) @parser.c:1788
[QTS:EMIT] pos=846 op=186 @parser.c:1799
[QTS:EMIT] pos=847 u32=0x0000026f (623) @parser.c:1777
[QTS:EMIT] pos=851 u16=0x0009 (9) @parser.c:1772
[QTS:EMIT] pos=853 op=200 @parser.c:1786
[QTS:EMIT] pos=854 u32=0x00004347 (17223) @parser.c:1788
[QTS:EMIT] pos=858 op=186 @parser.c:1799
[QTS:EMIT] pos=859 u32=0x00000298 (664) @parser.c:1777
[QTS:EMIT] pos=863 u16=0x0009 (9) @parser.c:1772
[QTS:EMIT] pos=865 op=200 @parser.c:1786
[QTS:EMIT] pos=866 u32=0x0000434b (17227) @parser.c:1788
[QTS:EMIT] pos=870 op=66 @parser.c:1799
[QTS:EMIT] pos=871 atom=48 @parser.c:1807
[QTS:EMIT] pos=875 op=200 @parser.c:1786
[QTS:EMIT] pos=876 u32=0x00004345 (17221) @parser.c:1788
[QTS:EMIT] pos=880 op=160 @parser.c:1799
[QTS:EMIT] pos=881 op=1 @parser.c:1799
[QTS:EMIT] pos=882 u32=0x00000001 (1) @parser.c:1777
[QTS:EMIT] pos=886 op=200 @parser.c:1786
[QTS:EMIT] pos=887 u32=0x00004353 (17235) @parser.c:1788
[QTS:EMIT] pos=891 op=160 @parser.c:1799
[QTS:EMIT] pos=892 op=200 @parser.c:1786
[QTS:EMIT] pos=893 u32=0x00004340 (17216) @parser.c:1788
[QTS:EMIT] pos=897 op=72 @parser.c:1799
[QTS:EMIT] pos=898 op=4 @parser.c:1799
[QTS:EMIT] pos=899 u32=0x0000029f (671) @parser.c:1777
[QTS:EMIT] pos=903 op=200 @parser.c:1786
[QTS:EMIT] pos=904 u32=0x00004358 (17240) @parser.c:1788
[QTS:EMIT] pos=908 op=173 @parser.c:1799
[QTS:EMIT] pos=909 op=184 @parser.c:1799
[QTS:EMIT] pos=910 u32=0x00000011 (17) @parser.c:1777
[QTS:EMIT] pos=914 op=108 @parser.c:1799
[QTS:EMIT] pos=915 u32=0x00000012 (18) @parser.c:1777
[QTS:EMIT] pos=919 op=200 @parser.c:1786
[QTS:EMIT] pos=920 u32=0x00004388 (17288) @parser.c:1788
[QTS:EMIT] pos=924 op=186 @parser.c:1799
[QTS:EMIT] pos=925 u32=0x000000ab (171) @parser.c:1777
[QTS:EMIT] pos=929 u16=0x0009 (9) @parser.c:1772
[QTS:EMIT] pos=931 op=17 @parser.c:1799
[QTS:EMIT] pos=932 op=4 @parser.c:1799
[QTS:EMIT] pos=933 u32=0x0000002f (47) @parser.c:1777
[QTS:EMIT] pos=937 op=200 @parser.c:1786
[QTS:EMIT] pos=938 u32=0x00004393 (17299) @parser.c:1788
[QTS:EMIT] pos=942 op=186 @parser.c:1799
[QTS:EMIT] pos=943 u32=0x00000298 (664) @parser.c:1777
[QTS:EMIT] pos=947 u16=0x0009 (9) @parser.c:1772
[QTS:EMIT] pos=949 op=200 @parser.c:1786
[QTS:EMIT] pos=950 u32=0x0000438e (17294) @parser.c:1788
[QTS:EMIT] pos=954 op=33 @parser.c:1799
[QTS:EMIT] pos=955 u16=0x0002 (2) @parser.c:1772
[QTS:EMIT] pos=957 op=200 @parser.c:1786
[QTS:EMIT] pos=958 u32=0x0000437d (17277) @parser.c:1788
[QTS:EMIT] pos=962 op=40 @parser.c:1799
[QTS:EMIT] pos=963 op=184 @parser.c:1799
[QTS:EMIT] pos=964 u32=0x00000012 (18) @parser.c:1777
[QTS:SCOPE] leave: idx=9
[QTS:SCOPE] pop: level=9
[QTS:EMIT] pos=968 op=183 @parser.c:1799
[QTS:EMIT] pos=969 u16=0x0009 (9) @parser.c:1772
[QTS:EMIT] pos=971 op=200 @parser.c:1786
[QTS:EMIT] pos=972 u32=0x000043b2 (17330) @parser.c:1788
[QTS:EMIT] pos=976 op=186 @parser.c:1799
[QTS:EMIT] pos=977 u32=0x00000297 (663) @parser.c:1777
[QTS:EMIT] pos=981 u16=0x0007 (7) @parser.c:1772
[QTS:EMIT] pos=976 op=189 @parser.c:1799
[QTS:EMIT] pos=977 atom=663 @parser.c:1807
[QTS:EMIT] pos=981 u32=0x00000013 (19) @parser.c:1777
[QTS:EMIT] pos=985 u16=0x0007 (7) @parser.c:1772
[QTS:ASSIGN] lvalue: opcode=61 scope=7 atom=663 label=19
[QTS:EMIT] pos=987 op=200 @parser.c:1786
[QTS:EMIT] pos=988 u32=0x000043b8 (17336) @parser.c:1788
[QTS:EMIT] pos=992 op=186 @parser.c:1799
[QTS:EMIT] pos=993 u32=0x00000296 (662) @parser.c:1777
[QTS:EMIT] pos=997 u16=0x0007 (7) @parser.c:1772
[QTS:EMIT] pos=999 op=200 @parser.c:1786
[QTS:EMIT] pos=1000 u32=0x000043cb (17355) @parser.c:1788
[QTS:EMIT] pos=1004 op=186 @parser.c:1799
[QTS:EMIT] pos=1005 u32=0x00000295 (661) @parser.c:1777
[QTS:EMIT] pos=1009 u16=0x0007 (7) @parser.c:1772
[QTS:EMIT] pos=1011 op=200 @parser.c:1786
[QTS:EMIT] pos=1012 u32=0x000043d1 (17361) @parser.c:1788
[QTS:EMIT] pos=1016 op=186 @parser.c:1799
[QTS:EMIT] pos=1017 u32=0x0000026f (623) @parser.c:1777
[QTS:EMIT] pos=1021 u16=0x0007 (7) @parser.c:1772
[QTS:EMIT] pos=1023 op=200 @parser.c:1786
[QTS:EMIT] pos=1024 u32=0x000043d7 (17367) @parser.c:1788
[QTS:EMIT] pos=1028 op=186 @parser.c:1799
[QTS:EMIT] pos=1029 u32=0x00000298 (664) @parser.c:1777
[QTS:EMIT] pos=1033 u16=0x0007 (7) @parser.c:1772
[QTS:EMIT] pos=1035 op=200 @parser.c:1786
[QTS:EMIT] pos=1036 u32=0x000043db (17371) @parser.c:1788
[QTS:EMIT] pos=1040 op=66 @parser.c:1799
[QTS:EMIT] pos=1041 atom=48 @parser.c:1807
[QTS:EMIT] pos=1045 op=200 @parser.c:1786
[QTS:EMIT] pos=1046 u32=0x000043d5 (17365) @parser.c:1788
[QTS:EMIT] pos=1050 op=160 @parser.c:1799
[QTS:EMIT] pos=1051 op=200 @parser.c:1786
[QTS:EMIT] pos=1052 u32=0x000043ca (17354) @parser.c:1788
[QTS:EMIT] pos=1056 op=34 @parser.c:1799
[QTS:EMIT] pos=1057 u16=0x0002 (2) @parser.c:1772
[QTS:EMIT] pos=1059 op=184 @parser.c:1799
[QTS:EMIT] pos=1060 u32=0x00000013 (19) @parser.c:1777
[QTS:EMIT] pos=1064 op=22 @parser.c:1799
[QTS:EMIT] pos=1065 op=62 @parser.c:1799
[QTS:EMIT] pos=1066 op=14 @parser.c:1799
[QTS:SCOPE] push: level=10 first_var=-1
[QTS:SCOPE] enter: idx=10 is_body=0
[QTS:EMIT] pos=1067 op=182 @parser.c:1799
[QTS:EMIT] pos=1068 u16=0x000a (10) @parser.c:1772
[QTS:EMIT] pos=1070 op=200 @parser.c:1786
[QTS:EMIT] pos=1071 u32=0x00004401 (17409) @parser.c:1788
[QTS:EMIT] pos=1075 op=186 @parser.c:1799
[QTS:EMIT] pos=1076 u32=0x00000297 (663) @parser.c:1777
[QTS:EMIT] pos=1080 u16=0x000a (10) @parser.c:1772
[QTS:EMIT] pos=1082 op=7 @parser.c:1799
[QTS:EMIT] pos=1083 op=200 @parser.c:1786
[QTS:EMIT] pos=1084 u32=0x00004405 (17413) @parser.c:1788
[QTS:EMIT] pos=1088 op=173 @parser.c:1799
[QTS:EMIT] pos=1089 op=17 @parser.c:1799
[QTS:EMIT] pos=1090 op=109 @parser.c:1799
[QTS:EMIT] pos=1091 u32=0x00000014 (20) @parser.c:1777
[QTS:EMIT] pos=1095 op=14 @parser.c:1799
[QTS:EMIT] pos=1096 op=200 @parser.c:1786
[QTS:EMIT] pos=1097 u32=0x00004411 (17425) @parser.c:1788
[QTS:EMIT] pos=1101 op=186 @parser.c:1799
[QTS:EMIT] pos=1102 u32=0x00000297 (663) @parser.c:1777
[QTS:EMIT] pos=1106 u16=0x000a (10) @parser.c:1772
[QTS:EMIT] pos=1108 op=1 @parser.c:1799
[QTS:EMIT] pos=1109 u32=0x00000000 (0) @parser.c:1777
[QTS:EMIT] pos=1113 op=14 @parser.c:1799
[QTS:EMIT] pos=1114 op=6 @parser.c:1799
[QTS:EMIT] pos=1115 op=200 @parser.c:1786
[QTS:EMIT] pos=1116 u32=0x00004415 (17429) @parser.c:1788
[QTS:EMIT] pos=1120 op=173 @parser.c:1799
[QTS:EMIT] pos=1121 op=184 @parser.c:1799
[QTS:EMIT] pos=1122 u32=0x00000014 (20) @parser.c:1777
[QTS:EMIT] pos=1126 op=108 @parser.c:1799
[QTS:EMIT] pos=1127 u32=0x00000015 (21) @parser.c:1777
[QTS:EMIT] pos=1131 op=200 @parser.c:1786
[QTS:EMIT] pos=1132 u32=0x00004444 (17476) @parser.c:1788
[QTS:EMIT] pos=1136 op=186 @parser.c:1799
[QTS:EMIT] pos=1137 u32=0x00000297 (663) @parser.c:1777
[QTS:EMIT] pos=1141 u16=0x000a (10) @parser.c:1772
[QTS:EMIT] pos=1143 op=200 @parser.c:1786
[QTS:EMIT] pos=1144 u32=0x0000443d (17469) @parser.c:1788
[QTS:EMIT] pos=1148 op=40 @parser.c:1799
[QTS:EMIT] pos=1149 op=184 @parser.c:1799
[QTS:EMIT] pos=1150 u32=0x00000015 (21) @parser.c:1777
[QTS:SCOPE] leave: idx=10
[QTS:SCOPE] pop: level=10
[QTS:EMIT] pos=1154 op=183 @parser.c:1799
[QTS:EMIT] pos=1155 u16=0x000a (10) @parser.c:1772
[QTS:SCOPE] push: level=11 first_var=-1
[QTS:SCOPE] enter: idx=11 is_body=0
[QTS:EMIT] pos=1157 op=182 @parser.c:1799
[QTS:EMIT] pos=1158 u16=0x000b (11) @parser.c:1772
[QTS:EMIT] pos=1160 op=200 @parser.c:1786
[QTS:EMIT] pos=1161 u32=0x00004465 (17509) @parser.c:1788
[QTS:EMIT] pos=1165 op=186 @parser.c:1799
[QTS:EMIT] pos=1166 u32=0x00000297 (663) @parser.c:1777
[QTS:EMIT] pos=1170 u16=0x000b (11) @parser.c:1772
[QTS:EMIT] pos=1172 op=200 @parser.c:1786
[QTS:EMIT] pos=1173 u32=0x0000446d (17517) @parser.c:1788
[QTS:EMIT] pos=1177 op=186 @parser.c:1799
[QTS:EMIT] pos=1178 u32=0x000001da (474) @parser.c:1777
[QTS:EMIT] pos=1182 u16=0x000b (11) @parser.c:1772
[QTS:EMIT] pos=1184 op=200 @parser.c:1786
[QTS:EMIT] pos=1185 u32=0x00004469 (17513) @parser.c:1788
[QTS:EMIT] pos=1189 op=173 @parser.c:1799
[QTS:EMIT] pos=1190 op=17 @parser.c:1799
[QTS:EMIT] pos=1191 op=108 @parser.c:1799
[QTS:EMIT] pos=1192 u32=0x00000016 (22) @parser.c:1777
[QTS:EMIT] pos=1196 op=14 @parser.c:1799
[QTS:EMIT] pos=1197 op=200 @parser.c:1786
[QTS:EMIT] pos=1198 u32=0x00004472 (17522) @parser.c:1788
[QTS:EMIT] pos=1202 op=186 @parser.c:1799
[QTS:EMIT] pos=1203 u32=0x00000297 (663) @parser.c:1777
[QTS:EMIT] pos=1207 u16=0x000b (11) @parser.c:1772
[QTS:EMIT] pos=1209 op=200 @parser.c:1786
[QTS:EMIT] pos=1210 u32=0x00004476 (17526) @parser.c:1788
[QTS:EMIT] pos=1214 op=186 @parser.c:1799
[QTS:EMIT] pos=1215 u32=0x00000298 (664) @parser.c:1777
[QTS:EMIT] pos=1219 u16=0x000b (11) @parser.c:1772
[QTS:EMIT] pos=1221 op=200 @parser.c:1786
[QTS:EMIT] pos=1222 u32=0x00004475 (17525) @parser.c:1788
[QTS:EMIT] pos=1226 op=72 @parser.c:1799
[QTS:EMIT] pos=1227 op=1 @parser.c:1799
[QTS:EMIT] pos=1228 u32=0x00000000 (0) @parser.c:1777
[QTS:EMIT] pos=1232 op=14 @parser.c:1799
[QTS:EMIT] pos=1233 op=6 @parser.c:1799
[QTS:EMIT] pos=1234 op=200 @parser.c:1786
[QTS:EMIT] pos=1235 u32=0x0000447c (17532) @parser.c:1788
[QTS:EMIT] pos=1239 op=173 @parser.c:1799
[QTS:EMIT] pos=1240 op=184 @parser.c:1799
[QTS:EMIT] pos=1241 u32=0x00000016 (22) @parser.c:1777
[QTS:EMIT] pos=1245 op=108 @parser.c:1799
[QTS:EMIT] pos=1246 u32=0x00000017 (23) @parser.c:1777
[QTS:EMIT] pos=1250 op=200 @parser.c:1786
[QTS:EMIT] pos=1251 u32=0x000044ab (17579) @parser.c:1788
[QTS:EMIT] pos=1255 op=186 @parser.c:1799
[QTS:EMIT] pos=1256 u32=0x0000003c (60) @parser.c:1777
[QTS:EMIT] pos=1260 u16=0x000b (11) @parser.c:1772
[QTS:EMIT] pos=1262 op=200 @parser.c:1786
[QTS:EMIT] pos=1263 u32=0x000044b0 (17584) @parser.c:1788
[QTS:EMIT] pos=1267 op=186 @parser.c:1799
[QTS:EMIT] pos=1268 u32=0x00000298 (664) @parser.c:1777
[QTS:EMIT] pos=1272 u16=0x000b (11) @parser.c:1772
[QTS:EMIT] pos=1274 op=200 @parser.c:1786
[QTS:EMIT] pos=1275 u32=0x000044af (17583) @parser.c:1788
[QTS:EMIT] pos=1279 op=50 @parser.c:1799
[QTS:EMIT] pos=1280 u16=0x0001 (1) @parser.c:1772
[QTS:EMIT] pos=1282 u16=0x000b (11) @parser.c:1772
[QTS:EMIT] pos=1284 op=200 @parser.c:1786
[QTS:EMIT] pos=1285 u32=0x000044a4 (17572) @parser.c:1788
[QTS:EMIT] pos=1289 op=40 @parser.c:1799
[QTS:EMIT] pos=1290 op=184 @parser.c:1799
[QTS:EMIT] pos=1291 u32=0x00000017 (23) @parser.c:1777
[QTS:EMIT] pos=1295 op=200 @parser.c:1786
[QTS:EMIT] pos=1296 u32=0x000044f7 (17655) @parser.c:1788
[QTS:EMIT] pos=1300 op=186 @parser.c:1799
[QTS:EMIT] pos=1301 u32=0x00000297 (663) @parser.c:1777
[QTS:EMIT] pos=1305 u16=0x000b (11) @parser.c:1772
[QTS:EMIT] pos=1307 op=200 @parser.c:1786
[QTS:EMIT] pos=1308 u32=0x000044fb (17659) @parser.c:1788
[QTS:EMIT] pos=1312 op=186 @parser.c:1799
[QTS:EMIT] pos=1313 u32=0x00000298 (664) @parser.c:1777
[QTS:EMIT] pos=1317 u16=0x000b (11) @parser.c:1772
[QTS:EMIT] pos=1319 op=200 @parser.c:1786
[QTS:EMIT] pos=1320 u32=0x000044fa (17658) @parser.c:1788
[QTS:EMIT] pos=1324 op=72 @parser.c:1799
[QTS:EMIT] pos=1325 op=200 @parser.c:1786
[QTS:EMIT] pos=1326 u32=0x000044f0 (17648) @parser.c:1788
[QTS:EMIT] pos=1330 op=40 @parser.c:1799
[QTS:SCOPE] leave: idx=11
[QTS:SCOPE] pop: level=11
[QTS:EMIT] pos=1331 op=183 @parser.c:1799
[QTS:EMIT] pos=1332 u16=0x000b (11) @parser.c:1772
[QTS:SCOPE] leave: idx=7
[QTS:SCOPE] pop: level=7
[QTS:EMIT] pos=1334 op=183 @parser.c:1799
[QTS:EMIT] pos=1335 u16=0x0007 (7) @parser.c:1772
[QTS:EMIT] pos=1337 op=184 @parser.c:1799
[QTS:EMIT] pos=1338 u32=0x0000000d (13) @parser.c:1777
[QTS:SCOPE] leave: idx=6
[QTS:SCOPE] pop: level=6
[QTS:EMIT] pos=1342 op=183 @parser.c:1799
[QTS:EMIT] pos=1343 u16=0x0006 (6) @parser.c:1772
[QTS:EMIT] pos=1345 op=11 @parser.c:1799
[QTS:EMIT] pos=1346 op=200 @parser.c:1786
[QTS:EMIT] pos=1347 u32=0x0000452c (17708) @parser.c:1788
[QTS:EMIT] pos=1351 op=40 @parser.c:1799
[QTS:EMIT] pos=1352 op=184 @parser.c:1799
[QTS:EMIT] pos=1353 u32=0x00000007 (7) @parser.c:1777
[QTS:EMIT] pos=1357 op=14 @parser.c:1799
[QTS:SCOPE] leave: idx=5
[QTS:SCOPE] pop: level=5
[QTS:EMIT] pos=1358 op=183 @parser.c:1799
[QTS:EMIT] pos=1359 u16=0x0005 (5) @parser.c:1772
[QTS:SCOPE] leave: idx=4
[QTS:SCOPE] pop: level=4
[QTS:EMIT] pos=1361 op=183 @parser.c:1799
[QTS:EMIT] pos=1362 u16=0x0004 (4) @parser.c:1772
[QTS:EMIT] pos=1364 op=184 @parser.c:1799
[QTS:EMIT] pos=1365 u32=0x00000003 (3) @parser.c:1777
[QTS:SCOPE] leave: idx=3
[QTS:SCOPE] pop: level=3
[QTS:EMIT] pos=1369 op=183 @parser.c:1799
[QTS:EMIT] pos=1370 u16=0x0003 (3) @parser.c:1772
[QTS:EMIT] pos=1372 op=1 @parser.c:1799
[QTS:EMIT] pos=1373 u32=0x00000000 (0) @parser.c:1777
[QTS:EMIT] pos=1377 op=14 @parser.c:1799
[QTS:EMIT] pos=1378 op=6 @parser.c:1799
[QTS:EMIT] pos=1379 op=200 @parser.c:1786
[QTS:EMIT] pos=1380 u32=0x00004557 (17751) @parser.c:1788
[QTS:EMIT] pos=1384 op=40 @parser.c:1799
[QTS:SCOPE] push: level=1 first_var=-1
[QTS:SCOPE] enter: idx=1 is_body=0
[QTS:EMIT] pos=0 op=182 @parser.c:1799
[QTS:EMIT] pos=1 u16=0x0001 (1) @parser.c:1772
[QTS:EMIT] pos=3 op=200 @parser.c:1786
[QTS:EMIT] pos=4 u32=0x000045cb (17867) @parser.c:1788
[QTS:EMIT] pos=8 op=186 @parser.c:1799
[QTS:EMIT] pos=9 u32=0x00000289 (649) @parser.c:1777
[QTS:EMIT] pos=13 u16=0x0001 (1) @parser.c:1772
[QTS:EMIT] pos=8 op=189 @parser.c:1799
[QTS:EMIT] pos=9 atom=649 @parser.c:1807
[QTS:EMIT] pos=13 u32=0x00000000 (0) @parser.c:1777
[QTS:EMIT] pos=17 u16=0x0001 (1) @parser.c:1772
[QTS:ASSIGN] lvalue: opcode=61 scope=1 atom=649 label=0
[QTS:EMIT] pos=19 op=200 @parser.c:1786
[QTS:EMIT] pos=20 u32=0x000045cf (17871) @parser.c:1788
[QTS:EMIT] pos=24 op=186 @parser.c:1799
[QTS:EMIT] pos=25 u32=0x00000294 (660) @parser.c:1777
[QTS:EMIT] pos=29 u16=0x0001 (1) @parser.c:1772
[QTS:EMIT] pos=31 op=200 @parser.c:1786
[QTS:EMIT] pos=32 u32=0x000045e0 (17888) @parser.c:1788
[QTS:EMIT] pos=36 op=186 @parser.c:1799
[QTS:EMIT] pos=37 u32=0x00000295 (661) @parser.c:1777
[QTS:EMIT] pos=41 u16=0x0001 (1) @parser.c:1772
[QTS:EMIT] pos=43 op=200 @parser.c:1786
[QTS:EMIT] pos=44 u32=0x000045e6 (17894) @parser.c:1788
[QTS:EMIT] pos=48 op=186 @parser.c:1799
[QTS:EMIT] pos=49 u32=0x0000026f (623) @parser.c:1777
[QTS:EMIT] pos=53 u16=0x0001 (1) @parser.c:1772
[QTS:EMIT] pos=55 op=200 @parser.c:1786
[QTS:EMIT] pos=56 u32=0x000045df (17887) @parser.c:1788
[QTS:EMIT] pos=60 op=34 @parser.c:1799
[QTS:EMIT] pos=61 u16=0x0002 (2) @parser.c:1772
[QTS:EMIT] pos=63 op=184 @parser.c:1799
[QTS:EMIT] pos=64 u32=0x00000000 (0) @parser.c:1777
[QTS:EMIT] pos=68 op=22 @parser.c:1799
[QTS:EMIT] pos=69 op=62 @parser.c:1799
[QTS:EMIT] pos=70 op=14 @parser.c:1799
[QTS:EMIT] pos=71 op=200 @parser.c:1786
[QTS:EMIT] pos=72 u32=0x000045f4 (17908) @parser.c:1788
[QTS:EMIT] pos=76 op=186 @parser.c:1799
[QTS:EMIT] pos=77 u32=0x000002a1 (673) @parser.c:1777
[QTS:EMIT] pos=81 u16=0x0001 (1) @parser.c:1772
[QTS:EMIT] pos=76 op=189 @parser.c:1799
[QTS:EMIT] pos=77 atom=673 @parser.c:1807
[QTS:EMIT] pos=81 u32=0x00000001 (1) @parser.c:1777
[QTS:EMIT] pos=85 u16=0x0001 (1) @parser.c:1772
[QTS:ASSIGN] lvalue: opcode=61 scope=1 atom=673 label=1
[QTS:EMIT] pos=87 op=200 @parser.c:1786
[QTS:EMIT] pos=88 u32=0x000045fe (17918) @parser.c:1788
[QTS:EMIT] pos=92 op=186 @parser.c:1799
[QTS:EMIT] pos=93 u32=0x00000296 (662) @parser.c:1777
[QTS:EMIT] pos=97 u16=0x0001 (1) @parser.c:1772
[QTS:EMIT] pos=99 op=200 @parser.c:1786
[QTS:EMIT] pos=100 u32=0x00004611 (17937) @parser.c:1788
[QTS:EMIT] pos=104 op=186 @parser.c:1799
[QTS:EMIT] pos=105 u32=0x00000295 (661) @parser.c:1777
[QTS:EMIT] pos=109 u16=0x0001 (1) @parser.c:1772
[QTS:EMIT] pos=111 op=200 @parser.c:1786
[QTS:EMIT] pos=112 u32=0x00004617 (17943) @parser.c:1788
[QTS:EMIT] pos=116 op=186 @parser.c:1799
[QTS:EMIT] pos=117 u32=0x0000026f (623) @parser.c:1777
[QTS:EMIT] pos=121 u16=0x0001 (1) @parser.c:1772
[QTS:EMIT] pos=123 op=200 @parser.c:1786
[QTS:EMIT] pos=124 u32=0x0000461d (17949) @parser.c:1788
[QTS:EMIT] pos=128 op=186 @parser.c:1799
[QTS:EMIT] pos=129 u32=0x00000289 (649) @parser.c:1777
[QTS:EMIT] pos=133 u16=0x0001 (1) @parser.c:1772
[QTS:EMIT] pos=135 op=200 @parser.c:1786
[QTS:EMIT] pos=136 u32=0x0000461e (17950) @parser.c:1788
[QTS:EMIT] pos=140 op=66 @parser.c:1799
[QTS:EMIT] pos=141 atom=48 @parser.c:1807
[QTS:EMIT] pos=145 op=200 @parser.c:1786
[QTS:EMIT] pos=146 u32=0x0000461b (17947) @parser.c:1788
[QTS:EMIT] pos=150 op=160 @parser.c:1799
[QTS:EMIT] pos=151 op=200 @parser.c:1786
[QTS:EMIT] pos=152 u32=0x00004610 (17936) @parser.c:1788
[QTS:EMIT] pos=156 op=34 @parser.c:1799
[QTS:EMIT] pos=157 u16=0x0002 (2) @parser.c:1772
[QTS:EMIT] pos=159 op=184 @parser.c:1799
[QTS:EMIT] pos=160 u32=0x00000001 (1) @parser.c:1777
[QTS:EMIT] pos=164 op=22 @parser.c:1799
[QTS:EMIT] pos=165 op=62 @parser.c:1799
[QTS:EMIT] pos=166 op=14 @parser.c:1799
[QTS:EMIT] pos=167 op=200 @parser.c:1786
[QTS:EMIT] pos=168 u32=0x00004630 (17968) @parser.c:1788
[QTS:EMIT] pos=172 op=186 @parser.c:1799
[QTS:EMIT] pos=173 u32=0x000002a2 (674) @parser.c:1777
[QTS:EMIT] pos=177 u16=0x0001 (1) @parser.c:1772
[QTS:EMIT] pos=172 op=189 @parser.c:1799
[QTS:EMIT] pos=173 atom=674 @parser.c:1807
[QTS:EMIT] pos=177 u32=0x00000002 (2) @parser.c:1777
[QTS:EMIT] pos=181 u16=0x0001 (1) @parser.c:1772
[QTS:ASSIGN] lvalue: opcode=61 scope=1 atom=674 label=2
[QTS:EMIT] pos=183 op=38 @parser.c:1799
[QTS:EMIT] pos=184 u16=0x0000 (0) @parser.c:1772
[QTS:EMIT] pos=186 op=184 @parser.c:1799
[QTS:EMIT] pos=187 u32=0x00000002 (2) @parser.c:1777
[QTS:EMIT] pos=191 op=22 @parser.c:1799
[QTS:EMIT] pos=192 op=62 @parser.c:1799
[QTS:EMIT] pos=193 op=14 @parser.c:1799
[QTS:SCOPE] push: level=2 first_var=-1
[QTS:SCOPE] enter: idx=2 is_body=0
[QTS:EMIT] pos=194 op=182 @parser.c:1799
[QTS:EMIT] pos=195 u16=0x0002 (2) @parser.c:1772
[QTS:EMIT] pos=197 op=200 @parser.c:1786
[QTS:EMIT] pos=198 u32=0x000046d7 (18135) @parser.c:1788
[QTS:EMIT] pos=202 op=186 @parser.c:1799
[QTS:EMIT] pos=203 u32=0x00000236 (566) @parser.c:1777
[QTS:EMIT] pos=207 u16=0x0002 (2) @parser.c:1772
[QTS:EMIT] pos=202 op=189 @parser.c:1799
[QTS:EMIT] pos=203 atom=566 @parser.c:1807
[QTS:EMIT] pos=207 u32=0x00000003 (3) @parser.c:1777
[QTS:EMIT] pos=211 u16=0x0002 (2) @parser.c:1772
[QTS:ASSIGN] lvalue: opcode=61 scope=2 atom=566 label=3
[QTS:EMIT] pos=213 op=1 @parser.c:1799
[QTS:EMIT] pos=214 u32=0x00000000 (0) @parser.c:1777
[QTS:EMIT] pos=218 op=184 @parser.c:1799
[QTS:EMIT] pos=219 u32=0x00000003 (3) @parser.c:1777
[QTS:EMIT] pos=223 op=22 @parser.c:1799
[QTS:EMIT] pos=224 op=62 @parser.c:1799
[QTS:EMIT] pos=225 op=14 @parser.c:1799
[QTS:EMIT] pos=226 op=200 @parser.c:1786
[QTS:EMIT] pos=227 u32=0x000046de (18142) @parser.c:1788
[QTS:EMIT] pos=231 op=186 @parser.c:1799
[QTS:EMIT] pos=232 u32=0x00000297 (663) @parser.c:1777
[QTS:EMIT] pos=236 u16=0x0002 (2) @parser.c:1772
[QTS:EMIT] pos=231 op=189 @parser.c:1799
[QTS:EMIT] pos=232 atom=663 @parser.c:1807
[QTS:EMIT] pos=236 u32=0x00000004 (4) @parser.c:1777
[QTS:EMIT] pos=240 u16=0x0002 (2) @parser.c:1772
[QTS:ASSIGN] lvalue: opcode=61 scope=2 atom=663 label=4
[QTS:EMIT] pos=242 op=200 @parser.c:1786
[QTS:EMIT] pos=243 u32=0x000046e4 (18148) @parser.c:1788
[QTS:EMIT] pos=247 op=186 @parser.c:1799
[QTS:EMIT] pos=248 u32=0x000002a1 (673) @parser.c:1777
[QTS:EMIT] pos=252 u16=0x0002 (2) @parser.c:1772
[QTS:EMIT] pos=254 op=184 @parser.c:1799
[QTS:EMIT] pos=255 u32=0x00000004 (4) @parser.c:1777
[QTS:EMIT] pos=259 op=22 @parser.c:1799
[QTS:EMIT] pos=260 op=62 @parser.c:1799
[QTS:EMIT] pos=261 op=14 @parser.c:1799
[QTS:EMIT] pos=262 op=183 @parser.c:1799
[QTS:EMIT] pos=263 u16=0x0002 (2) @parser.c:1772
[QTS:EMIT] pos=265 op=184 @parser.c:1799
[QTS:EMIT] pos=266 u32=0x00000005 (5) @parser.c:1777
[QTS:EMIT] pos=270 op=200 @parser.c:1786
[QTS:EMIT] pos=271 u32=0x000046ed (18157) @parser.c:1788
[QTS:EMIT] pos=275 op=186 @parser.c:1799
[QTS:EMIT] pos=276 u32=0x00000236 (566) @parser.c:1777
[QTS:EMIT] pos=280 u16=0x0002 (2) @parser.c:1772
[QTS:EMIT] pos=282 op=1 @parser.c:1799
[QTS:EMIT] pos=283 u32=0x0000000a (10) @parser.c:1777
[QTS:EMIT] pos=287 op=200 @parser.c:1786
[QTS:EMIT] pos=288 u32=0x000046ef (18159) @parser.c:1788
[QTS:EMIT] pos=292 op=165 @parser.c:1799
[QTS:EMIT] pos=293 op=17 @parser.c:1799
[QTS:EMIT] pos=294 op=108 @parser.c:1799
[QTS:EMIT] pos=295 u32=0x00000009 (9) @parser.c:1777
[QTS:EMIT] pos=299 op=14 @parser.c:1799
[QTS:EMIT] pos=300 op=200 @parser.c:1786
[QTS:EMIT] pos=301 u32=0x000046f7 (18167) @parser.c:1788
[QTS:EMIT] pos=305 op=186 @parser.c:1799
[QTS:EMIT] pos=306 u32=0x00000297 (663) @parser.c:1777
[QTS:EMIT] pos=310 u16=0x0002 (2) @parser.c:1772
[QTS:EMIT] pos=312 op=7 @parser.c:1799
[QTS:EMIT] pos=313 op=200 @parser.c:1786
[QTS:EMIT] pos=314 u32=0x000046fb (18171) @parser.c:1788
[QTS:EMIT] pos=318 op=174 @parser.c:1799
[QTS:EMIT] pos=319 op=17 @parser.c:1799
[QTS:EMIT] pos=320 op=108 @parser.c:1799
[QTS:EMIT] pos=321 u32=0x00000009 (9) @parser.c:1777
[QTS:EMIT] pos=325 op=14 @parser.c:1799
[QTS:EMIT] pos=326 op=200 @parser.c:1786
[QTS:EMIT] pos=327 u32=0x00004707 (18183) @parser.c:1788
[QTS:EMIT] pos=331 op=186 @parser.c:1799
[QTS:EMIT] pos=332 u32=0x00000297 (663) @parser.c:1777
[QTS:EMIT] pos=336 u16=0x0002 (2) @parser.c:1772
[QTS:EMIT] pos=338 op=1 @parser.c:1799
[QTS:EMIT] pos=339 u32=0x00000000 (0) @parser.c:1777
[QTS:EMIT] pos=343 op=14 @parser.c:1799
[QTS:EMIT] pos=344 op=6 @parser.c:1799
[QTS:EMIT] pos=345 op=200 @parser.c:1786
[QTS:EMIT] pos=346 u32=0x0000470b (18187) @parser.c:1788
[QTS:EMIT] pos=350 op=174 @parser.c:1799
[QTS:EMIT] pos=351 op=184 @parser.c:1799
[QTS:EMIT] pos=352 u32=0x00000009 (9) @parser.c:1777
[QTS:EMIT] pos=356 op=108 @parser.c:1799
[QTS:EMIT] pos=357 u32=0x00000008 (8) @parser.c:1777
[QTS:EMIT] pos=361 op=110 @parser.c:1799
[QTS:EMIT] pos=362 u32=0x00000007 (7) @parser.c:1777
[QTS:EMIT] pos=366 op=184 @parser.c:1799
[QTS:EMIT] pos=367 u32=0x00000006 (6) @parser.c:1777
[QTS:EMIT] pos=371 op=200 @parser.c:1786
[QTS:EMIT] pos=372 u32=0x00004717 (18199) @parser.c:1788
[QTS:EMIT] pos=376 op=186 @parser.c:1799
[QTS:EMIT] pos=377 u32=0x00000236 (566) @parser.c:1777
[QTS:EMIT] pos=381 u16=0x0002 (2) @parser.c:1772
[QTS:EMIT] pos=376 op=189 @parser.c:1799
[QTS:EMIT] pos=377 atom=566 @parser.c:1807
[QTS:EMIT] pos=381 u32=0x0000000a (10) @parser.c:1777
[QTS:EMIT] pos=385 u16=0x0002 (2) @parser.c:1772
[QTS:EMIT] pos=387 op=61 @parser.c:1799
[QTS:EMIT] pos=388 op=200 @parser.c:1786
[QTS:EMIT] pos=389 u32=0x00004718 (18200) @parser.c:1788
[QTS:EMIT] pos=393 op=147 @parser.c:1799
[QTS:EMIT] pos=394 op=184 @parser.c:1799
[QTS:EMIT] pos=395 u32=0x0000000a (10) @parser.c:1777
[QTS:EMIT] pos=399 op=25 @parser.c:1799
[QTS:EMIT] pos=400 op=62 @parser.c:1799
[QTS:EMIT] pos=401 op=14 @parser.c:1799
[QTS:EMIT] pos=402 op=110 @parser.c:1799
[QTS:EMIT] pos=403 u32=0x00000005 (5) @parser.c:1777
[QTS:EMIT] pos=407 op=184 @parser.c:1799
[QTS:EMIT] pos=408 u32=0x00000007 (7) @parser.c:1777
[QTS:SCOPE] push: level=3 first_var=-1
[QTS:SCOPE] enter: idx=3 is_body=0
[QTS:EMIT] pos=412 op=182 @parser.c:1799
[QTS:EMIT] pos=413 u16=0x0003 (3) @parser.c:1772
[QTS:EMIT] pos=415 op=200 @parser.c:1786
[QTS:EMIT] pos=416 u32=0x00004736 (18230) @parser.c:1788
[QTS:EMIT] pos=420 op=186 @parser.c:1799
[QTS:EMIT] pos=421 u32=0x0000009d (157) @parser.c:1777
[QTS:EMIT] pos=425 u16=0x0003 (3) @parser.c:1772
[QTS:EMIT] pos=427 op=200 @parser.c:1786
[QTS:EMIT] pos=428 u32=0x0000473c (18236) @parser.c:1788
[QTS:EMIT] pos=432 op=66 @parser.c:1799
[QTS:EMIT] pos=433 atom=230 @parser.c:1807
[QTS:EMIT] pos=437 op=200 @parser.c:1786
[QTS:EMIT] pos=438 u32=0x00004751 (18257) @parser.c:1788
[QTS:EMIT] pos=442 op=186 @parser.c:1799
[QTS:EMIT] pos=443 u32=0x00000297 (663) @parser.c:1777
[QTS:EMIT] pos=447 u16=0x0003 (3) @parser.c:1772
[QTS:EMIT] pos=449 op=200 @parser.c:1786
[QTS:EMIT] pos=450 u32=0x00004750 (18256) @parser.c:1788
[QTS:EMIT] pos=454 op=36 @parser.c:1799
[QTS:EMIT] pos=455 u16=0x0001 (1) @parser.c:1772
[QTS:EMIT] pos=457 op=187 @parser.c:1799
[QTS:EMIT] pos=458 atom=676 @parser.c:1807
[QTS:EMIT] pos=462 u16=0x0003 (3) @parser.c:1772
[QTS:SCOPE] push: level=4 first_var=-1
[QTS:SCOPE] enter: idx=4 is_body=0
[QTS:EMIT] pos=464 op=182 @parser.c:1799
[QTS:EMIT] pos=465 u16=0x0004 (4) @parser.c:1772
[QTS:EMIT] pos=467 op=200 @parser.c:1786
[QTS:EMIT] pos=468 u32=0x0000479d (18333) @parser.c:1788
[QTS:EMIT] pos=472 op=186 @parser.c:1799
[QTS:EMIT] pos=473 u32=0x00000251 (593) @parser.c:1777
[QTS:EMIT] pos=477 u16=0x0004 (4) @parser.c:1772
[QTS:EMIT] pos=472 op=189 @parser.c:1799
[QTS:EMIT] pos=473 atom=593 @parser.c:1807
[QTS:EMIT] pos=477 u32=0x0000000b (11) @parser.c:1777
[QTS:EMIT] pos=481 u16=0x0004 (4) @parser.c:1772
[QTS:ASSIGN] lvalue: opcode=61 scope=4 atom=593 label=11
[QTS:EMIT] pos=483 op=1 @parser.c:1799
[QTS:EMIT] pos=484 u32=0x00000000 (0) @parser.c:1777
[QTS:EMIT] pos=488 op=184 @parser.c:1799
[QTS:EMIT] pos=489 u32=0x0000000b (11) @parser.c:1777
[QTS:EMIT] pos=493 op=22 @parser.c:1799
[QTS:EMIT] pos=494 op=62 @parser.c:1799
[QTS:EMIT] pos=495 op=14 @parser.c:1799
[QTS:EMIT] pos=496 op=183 @parser.c:1799
[QTS:EMIT] pos=497 u16=0x0004 (4) @parser.c:1772
[QTS:EMIT] pos=499 op=184 @parser.c:1799
[QTS:EMIT] pos=500 u32=0x0000000c (12) @parser.c:1777
[QTS:EMIT] pos=504 op=200 @parser.c:1786
[QTS:EMIT] pos=505 u32=0x000047a4 (18340) @parser.c:1788
[QTS:EMIT] pos=509 op=186 @parser.c:1799
[QTS:EMIT] pos=510 u32=0x00000251 (593) @parser.c:1777
[QTS:EMIT] pos=514 u16=0x0004 (4) @parser.c:1772
[QTS:EMIT] pos=516 op=200 @parser.c:1786
[QTS:EMIT] pos=517 u32=0x000047a8 (18344) @parser.c:1788
[QTS:EMIT] pos=521 op=186 @parser.c:1799
[QTS:EMIT] pos=522 u32=0x000002a4 (676) @parser.c:1777
[QTS:EMIT] pos=526 u16=0x0004 (4) @parser.c:1772
[QTS:EMIT] pos=528 op=200 @parser.c:1786
[QTS:EMIT] pos=529 u32=0x000047ad (18349) @parser.c:1788
[QTS:EMIT] pos=533 op=66 @parser.c:1799
[QTS:EMIT] pos=534 atom=48 @parser.c:1807
[QTS:EMIT] pos=538 op=200 @parser.c:1786
[QTS:EMIT] pos=539 u32=0x000047a6 (18342) @parser.c:1788
[QTS:EMIT] pos=543 op=165 @parser.c:1799
[QTS:EMIT] pos=544 op=108 @parser.c:1799
[QTS:EMIT] pos=545 u32=0x0000000f (15) @parser.c:1777
[QTS:EMIT] pos=549 op=110 @parser.c:1799
[QTS:EMIT] pos=550 u32=0x0000000e (14) @parser.c:1777
[QTS:EMIT] pos=554 op=184 @parser.c:1799
[QTS:EMIT] pos=555 u32=0x0000000d (13) @parser.c:1777
[QTS:EMIT] pos=559 op=200 @parser.c:1786
[QTS:EMIT] pos=560 u32=0x000047b6 (18358) @parser.c:1788
[QTS:EMIT] pos=564 op=186 @parser.c:1799
[QTS:EMIT] pos=565 u32=0x00000251 (593) @parser.c:1777
[QTS:EMIT] pos=569 u16=0x0004 (4) @parser.c:1772
[QTS:EMIT] pos=564 op=189 @parser.c:1799
[QTS:EMIT] pos=565 atom=593 @parser.c:1807
[QTS:EMIT] pos=569 u32=0x00000010 (16) @parser.c:1777
[QTS:EMIT] pos=573 u16=0x0004 (4) @parser.c:1772
[QTS:EMIT] pos=575 op=61 @parser.c:1799
[QTS:EMIT] pos=576 op=200 @parser.c:1786
[QTS:EMIT] pos=577 u32=0x000047b7 (18359) @parser.c:1788
[QTS:EMIT] pos=581 op=147 @parser.c:1799
[QTS:EMIT] pos=582 op=184 @parser.c:1799
[QTS:EMIT] pos=583 u32=0x00000010 (16) @parser.c:1777
[QTS:EMIT] pos=587 op=25 @parser.c:1799
[QTS:EMIT] pos=588 op=62 @parser.c:1799
[QTS:EMIT] pos=589 op=14 @parser.c:1799
[QTS:EMIT] pos=590 op=110 @parser.c:1799
[QTS:EMIT] pos=591 u32=0x0000000c (12) @parser.c:1777
[QTS:EMIT] pos=595 op=184 @parser.c:1799
[QTS:EMIT] pos=596 u32=0x0000000e (14) @parser.c:1777
[QTS:SCOPE] push: level=5 first_var=-1
[QTS:SCOPE] enter: idx=5 is_body=0
[QTS:EMIT] pos=600 op=182 @parser.c:1799
[QTS:EMIT] pos=601 u16=0x0005 (5) @parser.c:1772
[QTS:EMIT] pos=603 op=200 @parser.c:1786
[QTS:EMIT] pos=604 u32=0x000047d8 (18392) @parser.c:1788
[QTS:EMIT] pos=608 op=186 @parser.c:1799
[QTS:EMIT] pos=609 u32=0x000002a4 (676) @parser.c:1777
[QTS:EMIT] pos=613 u16=0x0005 (5) @parser.c:1772
[QTS:EMIT] pos=615 op=200 @parser.c:1786
[QTS:EMIT] pos=616 u32=0x000047de (18398) @parser.c:1788
[QTS:EMIT] pos=620 op=186 @parser.c:1799
[QTS:EMIT] pos=621 u32=0x00000251 (593) @parser.c:1777
[QTS:EMIT] pos=625 u16=0x0005 (5) @parser.c:1772
[QTS:EMIT] pos=627 op=200 @parser.c:1786
[QTS:EMIT] pos=628 u32=0x000047dd (18397) @parser.c:1788
[QTS:EMIT] pos=632 op=72 @parser.c:1799
[QTS:EMIT] pos=633 op=187 @parser.c:1799
[QTS:EMIT] pos=634 atom=677 @parser.c:1807
[QTS:EMIT] pos=638 u16=0x0005 (5) @parser.c:1772
[QTS:SCOPE] push: level=6 first_var=-1
[QTS:SCOPE] enter: idx=6 is_body=0
[QTS:EMIT] pos=640 op=182 @parser.c:1799
[QTS:EMIT] pos=641 u16=0x0006 (6) @parser.c:1772
[QTS:EMIT] pos=643 op=200 @parser.c:1786
[QTS:EMIT] pos=644 u32=0x000047fd (18429) @parser.c:1788
[QTS:EMIT] pos=648 op=186 @parser.c:1799
[QTS:EMIT] pos=649 u32=0x000002a5 (677) @parser.c:1777
[QTS:EMIT] pos=653 u16=0x0006 (6) @parser.c:1772
[QTS:EMIT] pos=655 op=153 @parser.c:1799
[QTS:EMIT] pos=656 op=4 @parser.c:1799
[QTS:EMIT] pos=657 u32=0x0000004a (74) @parser.c:1777
[QTS:EMIT] pos=661 op=200 @parser.c:1786
[QTS:EMIT] pos=662 u32=0x00004802 (18434) @parser.c:1788
[QTS:EMIT] pos=666 op=171 @parser.c:1799
[QTS:EMIT] pos=667 op=17 @parser.c:1799
[QTS:EMIT] pos=668 op=108 @parser.c:1799
[QTS:EMIT] pos=669 u32=0x00000011 (17) @parser.c:1777
[QTS:EMIT] pos=673 op=14 @parser.c:1799
[QTS:EMIT] pos=674 op=4 @parser.c:1799
[QTS:EMIT] pos=675 u32=0x0000002f (47) @parser.c:1777
[QTS:EMIT] pos=679 op=200 @parser.c:1786
[QTS:EMIT] pos=680 u32=0x00004818 (18456) @parser.c:1788
[QTS:EMIT] pos=684 op=186 @parser.c:1799
[QTS:EMIT] pos=685 u32=0x000002a5 (677) @parser.c:1777
[QTS:EMIT] pos=689 u16=0x0006 (6) @parser.c:1772
[QTS:EMIT] pos=691 op=200 @parser.c:1786
[QTS:EMIT] pos=692 u32=0x00004817 (18455) @parser.c:1788
[QTS:EMIT] pos=696 op=143 @parser.c:1799
[QTS:EMIT] pos=697 op=200 @parser.c:1786
[QTS:EMIT] pos=698 u32=0x00004814 (18452) @parser.c:1788
[QTS:EMIT] pos=702 op=159 @parser.c:1799
[QTS:EMIT] pos=703 op=200 @parser.c:1786
[QTS:EMIT] pos=704 u32=0x00004821 (18465) @parser.c:1788
[QTS:EMIT] pos=708 op=186 @parser.c:1799
[QTS:EMIT] pos=709 u32=0x000002a5 (677) @parser.c:1777
[QTS:EMIT] pos=713 u16=0x0006 (6) @parser.c:1772
[QTS:EMIT] pos=715 op=200 @parser.c:1786
[QTS:EMIT] pos=716 u32=0x0000481e (18462) @parser.c:1788
[QTS:EMIT] pos=720 op=172 @parser.c:1799
[QTS:EMIT] pos=721 op=17 @parser.c:1799
[QTS:EMIT] pos=722 op=108 @parser.c:1799
[QTS:EMIT] pos=723 u32=0x00000011 (17) @parser.c:1777
[QTS:EMIT] pos=727 op=14 @parser.c:1799
[QTS:EMIT] pos=728 op=200 @parser.c:1786
[QTS:EMIT] pos=729 u32=0x00004829 (18473) @parser.c:1788
[QTS:EMIT] pos=733 op=186 @parser.c:1799
[QTS:EMIT] pos=734 u32=0x000002a5 (677) @parser.c:1777
[QTS:EMIT] pos=738 u16=0x0006 (6) @parser.c:1772
[QTS:EMIT] pos=740 op=200 @parser.c:1786
[QTS:EMIT] pos=741 u32=0x0000482d (18477) @parser.c:1788
[QTS:EMIT] pos=745 op=66 @parser.c:1799
[QTS:EMIT] pos=746 atom=322 @parser.c:1807
[QTS:EMIT] pos=750 op=200 @parser.c:1786
[QTS:EMIT] pos=751 u32=0x00004839 (18489) @parser.c:1788
[QTS:EMIT] pos=755 op=186 @parser.c:1799
[QTS:EMIT] pos=756 u32=0x00000289 (649) @parser.c:1777
[QTS:EMIT] pos=760 u16=0x0006 (6) @parser.c:1772
[QTS:EMIT] pos=762 op=200 @parser.c:1786
[QTS:EMIT] pos=763 u32=0x00004838 (18488) @parser.c:1788
[QTS:EMIT] pos=767 op=36 @parser.c:1799
[QTS:EMIT] pos=768 u16=0x0001 (1) @parser.c:1772
[QTS:EMIT] pos=770 op=184 @parser.c:1799
[QTS:EMIT] pos=771 u32=0x00000011 (17) @parser.c:1777
[QTS:EMIT] pos=775 op=108 @parser.c:1799
[QTS:EMIT] pos=776 u32=0x00000012 (18) @parser.c:1777
[QTS:EMIT] pos=780 op=200 @parser.c:1786
[QTS:EMIT] pos=781 u32=0x00004851 (18513) @parser.c:1788
[QTS:EMIT] pos=785 op=186 @parser.c:1799
[QTS:EMIT] pos=786 u32=0x000002a2 (674) @parser.c:1777
[QTS:EMIT] pos=790 u16=0x0006 (6) @parser.c:1772
[QTS:EMIT] pos=792 op=200 @parser.c:1786
[QTS:EMIT] pos=793 u32=0x00004852 (18514) @parser.c:1788
[QTS:EMIT] pos=797 op=66 @parser.c:1799
[QTS:EMIT] pos=798 atom=277 @parser.c:1807
[QTS:EMIT] pos=802 op=200 @parser.c:1786
[QTS:EMIT] pos=803 u32=0x00004858 (18520) @parser.c:1788
[QTS:EMIT] pos=807 op=186 @parser.c:1799
[QTS:EMIT] pos=808 u32=0x000002a5 (677) @parser.c:1777
[QTS:EMIT] pos=812 u16=0x0006 (6) @parser.c:1772
[QTS:EMIT] pos=814 op=200 @parser.c:1786
[QTS:EMIT] pos=815 u32=0x00004857 (18519) @parser.c:1788
[QTS:EMIT] pos=819 op=36 @parser.c:1799
[QTS:EMIT] pos=820 u16=0x0001 (1) @parser.c:1772
[QTS:EMIT] pos=822 op=14 @parser.c:1799
[QTS:EMIT] pos=823 op=184 @parser.c:1799
[QTS:EMIT] pos=824 u32=0x00000012 (18) @parser.c:1777
[QTS:SCOPE] leave: idx=6
[QTS:SCOPE] pop: level=6
[QTS:EMIT] pos=828 op=183 @parser.c:1799
[QTS:EMIT] pos=829 u16=0x0006 (6) @parser.c:1772
[QTS:SCOPE] leave: idx=5
[QTS:SCOPE] pop: level=5
[QTS:EMIT] pos=831 op=183 @parser.c:1799
[QTS:EMIT] pos=832 u16=0x0005 (5) @parser.c:1772
[QTS:EMIT] pos=834 op=183 @parser.c:1799
[QTS:EMIT] pos=835 u16=0x0004 (4) @parser.c:1772
[QTS:EMIT] pos=878 op=184 @parser.c:1799
[QTS:EMIT] pos=879 u32=0x0000000f (15) @parser.c:1777
[QTS:SCOPE] leave: idx=4
[QTS:SCOPE] pop: level=4
[QTS:EMIT] pos=883 op=183 @parser.c:1799
[QTS:EMIT] pos=884 u16=0x0004 (4) @parser.c:1772
[QTS:EMIT] pos=886 op=200 @parser.c:1786
[QTS:EMIT] pos=887 u32=0x00004879 (18553) @parser.c:1788
[QTS:EMIT] pos=891 op=186 @parser.c:1799
[QTS:EMIT] pos=892 u32=0x00000297 (663) @parser.c:1777
[QTS:EMIT] pos=896 u16=0x0003 (3) @parser.c:1772
[QTS:EMIT] pos=891 op=189 @parser.c:1799
[QTS:EMIT] pos=892 atom=663 @parser.c:1807
[QTS:EMIT] pos=896 u32=0x00000013 (19) @parser.c:1777
[QTS:EMIT] pos=900 u16=0x0003 (3) @parser.c:1772
[QTS:ASSIGN] lvalue: opcode=61 scope=3 atom=663 label=19
[QTS:EMIT] pos=902 op=200 @parser.c:1786
[QTS:EMIT] pos=903 u32=0x0000487f (18559) @parser.c:1788
[QTS:EMIT] pos=907 op=186 @parser.c:1799
[QTS:EMIT] pos=908 u32=0x0000009d (157) @parser.c:1777
[QTS:EMIT] pos=912 u16=0x0003 (3) @parser.c:1772
[QTS:EMIT] pos=914 op=200 @parser.c:1786
[QTS:EMIT] pos=915 u32=0x00004885 (18565) @parser.c:1788
[QTS:EMIT] pos=919 op=66 @parser.c:1799
[QTS:EMIT] pos=920 atom=97 @parser.c:1807
[QTS:EMIT] pos=924 op=200 @parser.c:1786
[QTS:EMIT] pos=925 u32=0x00004895 (18581) @parser.c:1788
[QTS:EMIT] pos=929 op=186 @parser.c:1799
[QTS:EMIT] pos=930 u32=0x00000297 (663) @parser.c:1777
[QTS:EMIT] pos=934 u16=0x0003 (3) @parser.c:1772
[QTS:EMIT] pos=936 op=200 @parser.c:1786
[QTS:EMIT] pos=937 u32=0x00004894 (18580) @parser.c:1788
[QTS:EMIT] pos=941 op=36 @parser.c:1799
[QTS:EMIT] pos=942 u16=0x0001 (1) @parser.c:1772
[QTS:EMIT] pos=944 op=184 @parser.c:1799
[QTS:EMIT] pos=945 u32=0x00000013 (19) @parser.c:1777
[QTS:EMIT] pos=949 op=22 @parser.c:1799
[QTS:EMIT] pos=950 op=62 @parser.c:1799
[QTS:EMIT] pos=951 op=14 @parser.c:1799
[QTS:SCOPE] leave: idx=3
[QTS:SCOPE] pop: level=3
[QTS:EMIT] pos=952 op=183 @parser.c:1799
[QTS:EMIT] pos=953 u16=0x0003 (3) @parser.c:1772
[QTS:EMIT] pos=955 op=183 @parser.c:1799
[QTS:EMIT] pos=956 u16=0x0002 (2) @parser.c:1772
[QTS:EMIT] pos=999 op=184 @parser.c:1799
[QTS:EMIT] pos=1000 u32=0x00000008 (8) @parser.c:1777
[QTS:SCOPE] leave: idx=2
[QTS:SCOPE] pop: level=2
[QTS:EMIT] pos=1004 op=183 @parser.c:1799
[QTS:EMIT] pos=1005 u16=0x0002 (2) @parser.c:1772
[QTS:SCOPE] push: level=7 first_var=-1
[QTS:SCOPE] enter: idx=7 is_body=0
[QTS:EMIT] pos=1007 op=182 @parser.c:1799
[QTS:EMIT] pos=1008 u16=0x0007 (7) @parser.c:1772
[QTS:EMIT] pos=1010 op=200 @parser.c:1786
[QTS:EMIT] pos=1011 u32=0x000048b1 (18609) @parser.c:1788
[QTS:EMIT] pos=1015 op=186 @parser.c:1799
[QTS:EMIT] pos=1016 u32=0x000002a2 (674) @parser.c:1777
[QTS:EMIT] pos=1020 u16=0x0007 (7) @parser.c:1772
[QTS:EMIT] pos=1022 op=200 @parser.c:1786
[QTS:EMIT] pos=1023 u32=0x000048b2 (18610) @parser.c:1788
[QTS:EMIT] pos=1027 op=66 @parser.c:1799
[QTS:EMIT] pos=1028 atom=48 @parser.c:1807
[QTS:EMIT] pos=1032 op=1 @parser.c:1799
[QTS:EMIT] pos=1033 u32=0x00000001 (1) @parser.c:1777
[QTS:EMIT] pos=1037 op=200 @parser.c:1786
[QTS:EMIT] pos=1038 u32=0x000048ba (18618) @parser.c:1788
[QTS:EMIT] pos=1042 op=167 @parser.c:1799
[QTS:EMIT] pos=1043 op=108 @parser.c:1799
[QTS:EMIT] pos=1044 u32=0x00000014 (20) @parser.c:1777
[QTS:SCOPE] push: level=8 first_var=-1
[QTS:SCOPE] enter: idx=8 is_body=0
[QTS:EMIT] pos=1048 op=182 @parser.c:1799
[QTS:EMIT] pos=1049 u16=0x0008 (8) @parser.c:1772
[QTS:SCOPE] push: level=1 first_var=-1
[QTS:SCOPE] enter: idx=1 is_body=0
[QTS:EMIT] pos=0 op=182 @parser.c:1799
[QTS:EMIT] pos=1 u16=0x0001 (1) @parser.c:1772
[QTS:SCOPE] push: level=2 first_var=-1
[QTS:SCOPE] enter: idx=2 is_body=0
[QTS:EMIT] pos=3 op=182 @parser.c:1799
[QTS:EMIT] pos=4 u16=0x0002 (2) @parser.c:1772
[QTS:EMIT] pos=6 op=200 @parser.c:1786
[QTS:EMIT] pos=7 u32=0x00004944 (18756) @parser.c:1788
[QTS:EMIT] pos=11 op=186 @parser.c:1799
[QTS:EMIT] pos=12 u32=0x0000023d (573) @parser.c:1777
[QTS:EMIT] pos=16 u16=0x0002 (2) @parser.c:1772
[QTS:EMIT] pos=18 op=1 @parser.c:1799
[QTS:EMIT] pos=19 u32=0x00000000 (0) @parser.c:1777
[QTS:EMIT] pos=23 op=200 @parser.c:1786
[QTS:EMIT] pos=24 u32=0x00004945 (18757) @parser.c:1788
[QTS:EMIT] pos=28 op=72 @parser.c:1799
[QTS:EMIT] pos=29 op=200 @parser.c:1786
[QTS:EMIT] pos=30 u32=0x0000494c (18764) @parser.c:1788
[QTS:EMIT] pos=34 op=186 @parser.c:1799
[QTS:EMIT] pos=35 u32=0x0000024a (586) @parser.c:1777
[QTS:EMIT] pos=39 u16=0x0002 (2) @parser.c:1772
[QTS:EMIT] pos=41 op=1 @parser.c:1799
[QTS:EMIT] pos=42 u32=0x00000000 (0) @parser.c:1777
[QTS:EMIT] pos=46 op=200 @parser.c:1786
[QTS:EMIT] pos=47 u32=0x0000494d (18765) @parser.c:1788
[QTS:EMIT] pos=51 op=72 @parser.c:1799
[QTS:EMIT] pos=52 op=200 @parser.c:1786
[QTS:EMIT] pos=53 u32=0x00004949 (18761) @parser.c:1788
[QTS:EMIT] pos=57 op=172 @parser.c:1799
[QTS:EMIT] pos=58 op=108 @parser.c:1799
[QTS:EMIT] pos=59 u32=0x00000000 (0) @parser.c:1777
[QTS:SCOPE] push: level=3 first_var=-1
[QTS:SCOPE] enter: idx=3 is_body=0
[QTS:EMIT] pos=63 op=182 @parser.c:1799
[QTS:EMIT] pos=64 u16=0x0003 (3) @parser.c:1772
[QTS:SCOPE] push: level=4 first_var=-1
[QTS:SCOPE] enter: idx=4 is_body=0
[QTS:EMIT] pos=66 op=182 @parser.c:1799
[QTS:EMIT] pos=67 u16=0x0004 (4) @parser.c:1772
[QTS:EMIT] pos=69 op=200 @parser.c:1786
[QTS:EMIT] pos=70 u32=0x0000496c (18796) @parser.c:1788
[QTS:EMIT] pos=74 op=186 @parser.c:1799
[QTS:EMIT] pos=75 u32=0x0000023d (573) @parser.c:1777
[QTS:EMIT] pos=79 u16=0x0004 (4) @parser.c:1772
[QTS:EMIT] pos=81 op=1 @parser.c:1799
[QTS:EMIT] pos=82 u32=0x00000000 (0) @parser.c:1777
[QTS:EMIT] pos=86 op=200 @parser.c:1786
[QTS:EMIT] pos=87 u32=0x0000496d (18797) @parser.c:1788
[QTS:EMIT] pos=91 op=72 @parser.c:1799
[QTS:EMIT] pos=92 op=4 @parser.c:1799
[QTS:EMIT] pos=93 u32=0x00000241 (577) @parser.c:1777
[QTS:EMIT] pos=97 op=200 @parser.c:1786
[QTS:EMIT] pos=98 u32=0x00004971 (18801) @parser.c:1788
[QTS:EMIT] pos=102 op=171 @parser.c:1799
[QTS:EMIT] pos=103 op=108 @parser.c:1799
[QTS:EMIT] pos=104 u32=0x00000001 (1) @parser.c:1777
[QTS:EMIT] pos=108 op=1 @parser.c:1799
[QTS:EMIT] pos=109 u32=0x00000001 (1) @parser.c:1777
[QTS:EMIT] pos=113 op=200 @parser.c:1786
[QTS:EMIT] pos=114 u32=0x00004991 (18833) @parser.c:1788
[QTS:EMIT] pos=118 op=40 @parser.c:1799
[QTS:EMIT] pos=119 op=184 @parser.c:1799
[QTS:EMIT] pos=120 u32=0x00000001 (1) @parser.c:1777
[QTS:SCOPE] leave: idx=4
[QTS:SCOPE] pop: level=4
[QTS:EMIT] pos=124 op=183 @parser.c:1799
[QTS:EMIT] pos=125 u16=0x0004 (4) @parser.c:1772
[QTS:SCOPE] push: level=5 first_var=-1
[QTS:SCOPE] enter: idx=5 is_body=0
[QTS:EMIT] pos=127 op=182 @parser.c:1799
[QTS:EMIT] pos=128 u16=0x0005 (5) @parser.c:1772
[QTS:EMIT] pos=130 op=200 @parser.c:1786
[QTS:EMIT] pos=131 u32=0x000049b3 (18867) @parser.c:1788
[QTS:EMIT] pos=135 op=186 @parser.c:1799
[QTS:EMIT] pos=136 u32=0x0000024a (586) @parser.c:1777
[QTS:EMIT] pos=140 u16=0x0005 (5) @parser.c:1772
[QTS:EMIT] pos=142 op=1 @parser.c:1799
[QTS:EMIT] pos=143 u32=0x00000000 (0) @parser.c:1777
[QTS:EMIT] pos=147 op=200 @parser.c:1786
[QTS:EMIT] pos=148 u32=0x000049b4 (18868) @parser.c:1788
[QTS:EMIT] pos=152 op=72 @parser.c:1799
[QTS:EMIT] pos=153 op=4 @parser.c:1799
[QTS:EMIT] pos=154 u32=0x00000241 (577) @parser.c:1777
[QTS:EMIT] pos=158 op=200 @parser.c:1786
[QTS:EMIT] pos=159 u32=0x000049b8 (18872) @parser.c:1788
[QTS:EMIT] pos=163 op=171 @parser.c:1799
[QTS:EMIT] pos=164 op=108 @parser.c:1799
[QTS:EMIT] pos=165 u32=0x00000002 (2) @parser.c:1777
[QTS:EMIT] pos=169 op=1 @parser.c:1799
[QTS:EMIT] pos=170 u32=0x00000001 (1) @parser.c:1777
[QTS:EMIT] pos=174 op=200 @parser.c:1786
[QTS:EMIT] pos=175 u32=0x000049df (18911) @parser.c:1788
[QTS:EMIT] pos=179 op=142 @parser.c:1799
[QTS:EMIT] pos=180 op=200 @parser.c:1786
[QTS:EMIT] pos=181 u32=0x000049d8 (18904) @parser.c:1788
[QTS:EMIT] pos=185 op=40 @parser.c:1799
[QTS:EMIT] pos=186 op=184 @parser.c:1799
[QTS:EMIT] pos=187 u32=0x00000002 (2) @parser.c:1777
[QTS:SCOPE] leave: idx=5
[QTS:SCOPE] pop: level=5
[QTS:EMIT] pos=191 op=183 @parser.c:1799
[QTS:EMIT] pos=192 u16=0x0005 (5) @parser.c:1772
[QTS:SCOPE] leave: idx=3
[QTS:SCOPE] pop: level=3
[QTS:EMIT] pos=194 op=183 @parser.c:1799
[QTS:EMIT] pos=195 u16=0x0003 (3) @parser.c:1772
[QTS:EMIT] pos=197 op=184 @parser.c:1799
[QTS:EMIT] pos=198 u32=0x00000000 (0) @parser.c:1777
[QTS:SCOPE] leave: idx=2
[QTS:SCOPE] pop: level=2
[QTS:EMIT] pos=202 op=183 @parser.c:1799
[QTS:EMIT] pos=203 u16=0x0002 (2) @parser.c:1772
[QTS:SCOPE] push: level=6 first_var=-1
[QTS:SCOPE] enter: idx=6 is_body=0
[QTS:EMIT] pos=205 op=182 @parser.c:1799
[QTS:EMIT] pos=206 u16=0x0006 (6) @parser.c:1772
[QTS:EMIT] pos=208 op=200 @parser.c:1786
[QTS:EMIT] pos=209 u32=0x00004a09 (18953) @parser.c:1788
[QTS:EMIT] pos=213 op=186 @parser.c:1799
[QTS:EMIT] pos=214 u32=0x0000023d (573) @parser.c:1777
[QTS:EMIT] pos=218 u16=0x0006 (6) @parser.c:1772
[QTS:EMIT] pos=220 op=200 @parser.c:1786
[QTS:EMIT] pos=221 u32=0x00004a0d (18957) @parser.c:1788
[QTS:EMIT] pos=225 op=186 @parser.c:1799
[QTS:EMIT] pos=226 u32=0x0000024a (586) @parser.c:1777
[QTS:EMIT] pos=230 u16=0x0006 (6) @parser.c:1772
[QTS:EMIT] pos=232 op=200 @parser.c:1786
[QTS:EMIT] pos=233 u32=0x00004a0b (18955) @parser.c:1788
[QTS:EMIT] pos=237 op=165 @parser.c:1799
[QTS:EMIT] pos=238 op=108 @parser.c:1799
[QTS:EMIT] pos=239 u32=0x00000003 (3) @parser.c:1777
[QTS:EMIT] pos=243 op=1 @parser.c:1799
[QTS:EMIT] pos=244 u32=0x00000001 (1) @parser.c:1777
[QTS:EMIT] pos=248 op=200 @parser.c:1786
[QTS:EMIT] pos=249 u32=0x00004a2b (18987) @parser.c:1788
[QTS:EMIT] pos=253 op=142 @parser.c:1799
[QTS:EMIT] pos=254 op=200 @parser.c:1786
[QTS:EMIT] pos=255 u32=0x00004a24 (18980) @parser.c:1788
[QTS:EMIT] pos=259 op=40 @parser.c:1799
[QTS:EMIT] pos=260 op=184 @parser.c:1799
[QTS:EMIT] pos=261 u32=0x00000003 (3) @parser.c:1777
[QTS:SCOPE] leave: idx=6
[QTS:SCOPE] pop: level=6
[QTS:EMIT] pos=265 op=183 @parser.c:1799
[QTS:EMIT] pos=266 u16=0x0006 (6) @parser.c:1772
[QTS:SCOPE] push: level=7 first_var=-1
[QTS:SCOPE] enter: idx=7 is_body=0
[QTS:EMIT] pos=268 op=182 @parser.c:1799
[QTS:EMIT] pos=269 u16=0x0007 (7) @parser.c:1772
[QTS:EMIT] pos=271 op=200 @parser.c:1786
[QTS:EMIT] pos=272 u32=0x00004a43 (19011) @parser.c:1788
[QTS:EMIT] pos=276 op=186 @parser.c:1799
[QTS:EMIT] pos=277 u32=0x0000023d (573) @parser.c:1777
[QTS:EMIT] pos=281 u16=0x0007 (7) @parser.c:1772
[QTS:EMIT] pos=283 op=200 @parser.c:1786
[QTS:EMIT] pos=284 u32=0x00004a47 (19015) @parser.c:1788
[QTS:EMIT] pos=288 op=186 @parser.c:1799
[QTS:EMIT] pos=289 u32=0x0000024a (586) @parser.c:1777
[QTS:EMIT] pos=293 u16=0x0007 (7) @parser.c:1772
[QTS:EMIT] pos=295 op=200 @parser.c:1786
[QTS:EMIT] pos=296 u32=0x00004a45 (19013) @parser.c:1788
[QTS:EMIT] pos=300 op=167 @parser.c:1799
[QTS:EMIT] pos=301 op=108 @parser.c:1799
[QTS:EMIT] pos=302 u32=0x00000004 (4) @parser.c:1777
[QTS:EMIT] pos=306 op=1 @parser.c:1799
[QTS:EMIT] pos=307 u32=0x00000001 (1) @parser.c:1777
[QTS:EMIT] pos=311 op=200 @parser.c:1786
[QTS:EMIT] pos=312 u32=0x00004a65 (19045) @parser.c:1788
[QTS:EMIT] pos=316 op=143 @parser.c:1799
[QTS:EMIT] pos=317 op=200 @parser.c:1786
[QTS:EMIT] pos=318 u32=0x00004a5e (19038) @parser.c:1788
[QTS:EMIT] pos=322 op=40 @parser.c:1799
[QTS:EMIT] pos=323 op=184 @parser.c:1799
[QTS:EMIT] pos=324 u32=0x00000004 (4) @parser.c:1777
[QTS:SCOPE] leave: idx=7
[QTS:SCOPE] pop: level=7
[QTS:EMIT] pos=328 op=183 @parser.c:1799
[QTS:EMIT] pos=329 u16=0x0007 (7) @parser.c:1772
[QTS:EMIT] pos=331 op=1 @parser.c:1799
[QTS:EMIT] pos=332 u32=0x00000000 (0) @parser.c:1777
[QTS:EMIT] pos=336 op=200 @parser.c:1786
[QTS:EMIT] pos=337 u32=0x00004a79 (19065) @parser.c:1788
[QTS:EMIT] pos=341 op=40 @parser.c:1799
[QTS:EMIT] pos=1051 op=3 @parser.c:1799
[QTS:EMIT] pos=1052 u32=0x00000000 (0) @parser.c:1777
[QTS:EMIT] pos=1056 op=14 @parser.c:1799
[QTS:EMIT] pos=1057 op=200 @parser.c:1786
[QTS:EMIT] pos=1058 u32=0x00004a9d (19101) @parser.c:1788
[QTS:EMIT] pos=1062 op=186 @parser.c:1799
[QTS:EMIT] pos=1063 u32=0x000002a2 (674) @parser.c:1777
[QTS:EMIT] pos=1067 u16=0x0008 (8) @parser.c:1772
[QTS:EMIT] pos=1069 op=200 @parser.c:1786
[QTS:EMIT] pos=1070 u32=0x00004a9e (19102) @parser.c:1788
[QTS:EMIT] pos=1074 op=66 @parser.c:1799
[QTS:EMIT] pos=1075 atom=282 @parser.c:1807
[QTS:EMIT] pos=1079 op=200 @parser.c:1786
[QTS:EMIT] pos=1080 u32=0x00004aa4 (19108) @parser.c:1788
[QTS:EMIT] pos=1084 op=186 @parser.c:1799
[QTS:EMIT] pos=1085 u32=0x000002a6 (678) @parser.c:1777
[QTS:EMIT] pos=1089 u16=0x0008 (8) @parser.c:1772
[QTS:EMIT] pos=1091 op=200 @parser.c:1786
[QTS:EMIT] pos=1092 u32=0x00004aa3 (19107) @parser.c:1788
[QTS:EMIT] pos=1096 op=36 @parser.c:1799
[QTS:EMIT] pos=1097 u16=0x0001 (1) @parser.c:1772
[QTS:EMIT] pos=1099 op=14 @parser.c:1799
[QTS:SCOPE] push: level=9 first_var=9
[QTS:SCOPE] enter: idx=9 is_body=0
[QTS:EMIT] pos=1100 op=182 @parser.c:1799
[QTS:EMIT] pos=1101 u16=0x0009 (9) @parser.c:1772
[QTS:EMIT] pos=1103 op=200 @parser.c:1786
[QTS:EMIT] pos=1104 u32=0x00004abe (19134) @parser.c:1788
[QTS:EMIT] pos=1108 op=186 @parser.c:1799
[QTS:EMIT] pos=1109 u32=0x00000236 (566) @parser.c:1777
[QTS:EMIT] pos=1113 u16=0x0009 (9) @parser.c:1772
[QTS:EMIT] pos=1108 op=189 @parser.c:1799
[QTS:EMIT] pos=1109 atom=566 @parser.c:1807
[QTS:EMIT] pos=1113 u32=0x00000015 (21) @parser.c:1777
[QTS:EMIT] pos=1117 u16=0x0009 (9) @parser.c:1772
[QTS:ASSIGN] lvalue: opcode=61 scope=9 atom=566 label=21
[QTS:EMIT] pos=1119 op=200 @parser.c:1786
[QTS:EMIT] pos=1120 u32=0x00004ac2 (19138) @parser.c:1788
[QTS:EMIT] pos=1124 op=186 @parser.c:1799
[QTS:EMIT] pos=1125 u32=0x00000251 (593) @parser.c:1777
[QTS:EMIT] pos=1129 u16=0x0009 (9) @parser.c:1772
[QTS:EMIT] pos=1124 op=189 @parser.c:1799
[QTS:EMIT] pos=1125 atom=593 @parser.c:1807
[QTS:EMIT] pos=1129 u32=0x00000016 (22) @parser.c:1777
[QTS:EMIT] pos=1133 u16=0x0009 (9) @parser.c:1772
[QTS:ASSIGN] lvalue: opcode=61 scope=9 atom=593 label=22
[QTS:EMIT] pos=1135 op=1 @parser.c:1799
[QTS:EMIT] pos=1136 u32=0x00000001 (1) @parser.c:1777
[QTS:EMIT] pos=1140 op=184 @parser.c:1799
[QTS:EMIT] pos=1141 u32=0x00000016 (22) @parser.c:1777
[QTS:EMIT] pos=1145 op=22 @parser.c:1799
[QTS:EMIT] pos=1146 op=62 @parser.c:1799
[QTS:EMIT] pos=1147 op=184 @parser.c:1799
[QTS:EMIT] pos=1148 u32=0x00000015 (21) @parser.c:1777
[QTS:EMIT] pos=1152 op=22 @parser.c:1799
[QTS:EMIT] pos=1153 op=62 @parser.c:1799
[QTS:EMIT] pos=1154 op=14 @parser.c:1799
[QTS:EMIT] pos=1155 op=183 @parser.c:1799
[QTS:EMIT] pos=1156 u16=0x0009 (9) @parser.c:1772
[QTS:EMIT] pos=1158 op=184 @parser.c:1799
[QTS:EMIT] pos=1159 u32=0x00000017 (23) @parser.c:1777
[QTS:EMIT] pos=1163 op=200 @parser.c:1786
[QTS:EMIT] pos=1164 u32=0x00004ac9 (19145) @parser.c:1788
[QTS:EMIT] pos=1168 op=186 @parser.c:1799
[QTS:EMIT] pos=1169 u32=0x00000236 (566) @parser.c:1777
[QTS:EMIT] pos=1173 u16=0x0009 (9) @parser.c:1772
[QTS:EMIT] pos=1175 op=200 @parser.c:1786
[QTS:EMIT] pos=1176 u32=0x00004acd (19149) @parser.c:1788
[QTS:EMIT] pos=1180 op=186 @parser.c:1799
[QTS:EMIT] pos=1181 u32=0x000002a2 (674) @parser.c:1777
[QTS:EMIT] pos=1185 u16=0x0009 (9) @parser.c:1772
[QTS:EMIT] pos=1187 op=200 @parser.c:1786
[QTS:EMIT] pos=1188 u32=0x00004ace (19150) @parser.c:1788
[QTS:EMIT] pos=1192 op=66 @parser.c:1799
[QTS:EMIT] pos=1193 atom=48 @parser.c:1807
[QTS:EMIT] pos=1197 op=200 @parser.c:1786
[QTS:EMIT] pos=1198 u32=0x00004acb (19147) @parser.c:1788
[QTS:EMIT] pos=1202 op=165 @parser.c:1799
[QTS:EMIT] pos=1203 op=108 @parser.c:1799
[QTS:EMIT] pos=1204 u32=0x0000001a (26) @parser.c:1777
[QTS:EMIT] pos=1208 op=110 @parser.c:1799
[QTS:EMIT] pos=1209 u32=0x00000019 (25) @parser.c:1777
[QTS:EMIT] pos=1213 op=184 @parser.c:1799
[QTS:EMIT] pos=1214 u32=0x00000018 (24) @parser.c:1777
[QTS:EMIT] pos=1218 op=200 @parser.c:1786
[QTS:EMIT] pos=1219 u32=0x00004ad7 (19159) @parser.c:1788
[QTS:EMIT] pos=1223 op=186 @parser.c:1799
[QTS:EMIT] pos=1224 u32=0x00000236 (566) @parser.c:1777
[QTS:EMIT] pos=1228 u16=0x0009 (9) @parser.c:1772
[QTS:EMIT] pos=1223 op=189 @parser.c:1799
[QTS:EMIT] pos=1224 atom=566 @parser.c:1807
[QTS:EMIT] pos=1228 u32=0x0000001b (27) @parser.c:1777
[QTS:EMIT] pos=1232 u16=0x0009 (9) @parser.c:1772
[QTS:EMIT] pos=1234 op=61 @parser.c:1799
[QTS:EMIT] pos=1235 op=200 @parser.c:1786
[QTS:EMIT] pos=1236 u32=0x00004ad8 (19160) @parser.c:1788
[QTS:EMIT] pos=1240 op=147 @parser.c:1799
[QTS:EMIT] pos=1241 op=184 @parser.c:1799
[QTS:EMIT] pos=1242 u32=0x0000001b (27) @parser.c:1777
[QTS:EMIT] pos=1246 op=25 @parser.c:1799
[QTS:EMIT] pos=1247 op=62 @parser.c:1799
[QTS:EMIT] pos=1248 op=14 @parser.c:1799
[QTS:EMIT] pos=1249 op=110 @parser.c:1799
[QTS:EMIT] pos=1250 u32=0x00000017 (23) @parser.c:1777
[QTS:EMIT] pos=1254 op=184 @parser.c:1799
[QTS:EMIT] pos=1255 u32=0x00000019 (25) @parser.c:1777
[QTS:SCOPE] push: level=10 first_var=9
[QTS:SCOPE] enter: idx=10 is_body=0
[QTS:EMIT] pos=1259 op=182 @parser.c:1799
[QTS:EMIT] pos=1260 u16=0x000a (10) @parser.c:1772
[QTS:SCOPE] push: level=11 first_var=9
[QTS:SCOPE] enter: idx=11 is_body=0
[QTS:EMIT] pos=1262 op=182 @parser.c:1799
[QTS:EMIT] pos=1263 u16=0x000b (11) @parser.c:1772
[QTS:EMIT] pos=1265 op=200 @parser.c:1786
[QTS:EMIT] pos=1266 u32=0x00004af2 (19186) @parser.c:1788
[QTS:EMIT] pos=1270 op=186 @parser.c:1799
[QTS:EMIT] pos=1271 u32=0x000002a2 (674) @parser.c:1777
[QTS:EMIT] pos=1275 u16=0x000b (11) @parser.c:1772
[QTS:EMIT] pos=1277 op=200 @parser.c:1786
[QTS:EMIT] pos=1278 u32=0x00004af4 (19188) @parser.c:1788
[QTS:EMIT] pos=1282 op=186 @parser.c:1799
[QTS:EMIT] pos=1283 u32=0x00000236 (566) @parser.c:1777
[QTS:EMIT] pos=1287 u16=0x000b (11) @parser.c:1772
[QTS:EMIT] pos=1289 op=200 @parser.c:1786
[QTS:EMIT] pos=1290 u32=0x00004af3 (19187) @parser.c:1788
[QTS:EMIT] pos=1294 op=72 @parser.c:1799
[QTS:EMIT] pos=1295 op=200 @parser.c:1786
[QTS:EMIT] pos=1296 u32=0x00004afa (19194) @parser.c:1788
[QTS:EMIT] pos=1300 op=186 @parser.c:1799
[QTS:EMIT] pos=1301 u32=0x000002a2 (674) @parser.c:1777
[QTS:EMIT] pos=1305 u16=0x000b (11) @parser.c:1772
[QTS:EMIT] pos=1307 op=200 @parser.c:1786
[QTS:EMIT] pos=1308 u32=0x00004afc (19196) @parser.c:1788
[QTS:EMIT] pos=1312 op=186 @parser.c:1799
[QTS:EMIT] pos=1313 u32=0x00000236 (566) @parser.c:1777
[QTS:EMIT] pos=1317 u16=0x000b (11) @parser.c:1772
[QTS:EMIT] pos=1319 op=1 @parser.c:1799
[QTS:EMIT] pos=1320 u32=0x00000001 (1) @parser.c:1777
[QTS:EMIT] pos=1324 op=200 @parser.c:1786
[QTS:EMIT] pos=1325 u32=0x00004afe (19198) @parser.c:1788
[QTS:EMIT] pos=1329 op=160 @parser.c:1799
[QTS:EMIT] pos=1330 op=200 @parser.c:1786
[QTS:EMIT] pos=1331 u32=0x00004afb (19195) @parser.c:1788
[QTS:EMIT] pos=1335 op=72 @parser.c:1799
[QTS:EMIT] pos=1336 op=200 @parser.c:1786
[QTS:EMIT] pos=1337 u32=0x00004af7 (19191) @parser.c:1788
[QTS:EMIT] pos=1341 op=172 @parser.c:1799
[QTS:EMIT] pos=1342 op=108 @parser.c:1799
[QTS:EMIT] pos=1343 u32=0x0000001c (28) @parser.c:1777
[QTS:EMIT] pos=1347 op=200 @parser.c:1786
[QTS:EMIT] pos=1348 u32=0x00004b18 (19224) @parser.c:1788
[QTS:EMIT] pos=1352 op=186 @parser.c:1799
[QTS:EMIT] pos=1353 u32=0x000002a2 (674) @parser.c:1777
[QTS:EMIT] pos=1357 u16=0x000b (11) @parser.c:1772
[QTS:EMIT] pos=1359 op=200 @parser.c:1786
[QTS:EMIT] pos=1360 u32=0x00004b1a (19226) @parser.c:1788
[QTS:EMIT] pos=1364 op=186 @parser.c:1799
[QTS:EMIT] pos=1365 u32=0x00000251 (593) @parser.c:1777
[QTS:EMIT] pos=1369 u16=0x000b (11) @parser.c:1772
[QTS:EMIT] pos=1364 op=189 @parser.c:1799
[QTS:EMIT] pos=1365 atom=593 @parser.c:1807
[QTS:EMIT] pos=1369 u32=0x0000001d (29) @parser.c:1777
[QTS:EMIT] pos=1373 u16=0x000b (11) @parser.c:1772
[QTS:EMIT] pos=1375 op=61 @parser.c:1799
[QTS:EMIT] pos=1376 op=200 @parser.c:1786
[QTS:EMIT] pos=1377 u32=0x00004b1b (19227) @parser.c:1788
[QTS:EMIT] pos=1381 op=147 @parser.c:1799
[QTS:EMIT] pos=1382 op=184 @parser.c:1799
[QTS:EMIT] pos=1383 u32=0x0000001d (29) @parser.c:1777
[QTS:EMIT] pos=1387 op=25 @parser.c:1799
[QTS:EMIT] pos=1388 op=62 @parser.c:1799
[QTS:EMIT] pos=1389 op=200 @parser.c:1786
[QTS:EMIT] pos=1390 u32=0x00004b19 (19225) @parser.c:1788
[QTS:EMIT] pos=1394 op=72 @parser.c:1799
[QTS:ASSIGN] lvalue: opcode=72 scope=0 atom=0 label=-1
[QTS:EMIT] pos=1394 op=200 @parser.c:1786
[QTS:EMIT] pos=1395 u32=0x00004b21 (19233) @parser.c:1788
[QTS:EMIT] pos=1399 op=186 @parser.c:1799
[QTS:EMIT] pos=1400 u32=0x000002a2 (674) @parser.c:1777
[QTS:EMIT] pos=1404 u16=0x000b (11) @parser.c:1772
[QTS:EMIT] pos=1406 op=200 @parser.c:1786
[QTS:EMIT] pos=1407 u32=0x00004b23 (19235) @parser.c:1788
[QTS:EMIT] pos=1411 op=186 @parser.c:1799
[QTS:EMIT] pos=1412 u32=0x00000236 (566) @parser.c:1777
[QTS:EMIT] pos=1416 u16=0x000b (11) @parser.c:1772
[QTS:EMIT] pos=1418 op=200 @parser.c:1786
[QTS:EMIT] pos=1419 u32=0x00004b22 (19234) @parser.c:1788
[QTS:EMIT] pos=1423 op=72 @parser.c:1799
[QTS:EMIT] pos=1424 op=22 @parser.c:1799
[QTS:EMIT] pos=1425 op=75 @parser.c:1799
[QTS:EMIT] pos=1426 op=14 @parser.c:1799
[QTS:EMIT] pos=1427 op=184 @parser.c:1799
[QTS:EMIT] pos=1428 u32=0x0000001c (28) @parser.c:1777
[QTS:SCOPE] leave: idx=11
[QTS:SCOPE] pop: level=11
[QTS:EMIT] pos=1432 op=183 @parser.c:1799
[QTS:EMIT] pos=1433 u16=0x000b (11) @parser.c:1772
[QTS:SCOPE] leave: idx=10
[QTS:SCOPE] pop: level=10
[QTS:EMIT] pos=1435 op=183 @parser.c:1799
[QTS:EMIT] pos=1436 u16=0x000a (10) @parser.c:1772
[QTS:EMIT] pos=1438 op=183 @parser.c:1799
[QTS:EMIT] pos=1439 u16=0x0009 (9) @parser.c:1772
[QTS:EMIT] pos=1482 op=184 @parser.c:1799
[QTS:EMIT] pos=1483 u32=0x0000001a (26) @parser.c:1777
[QTS:SCOPE] leave: idx=9
[QTS:SCOPE] pop: level=9
[QTS:EMIT] pos=1487 op=183 @parser.c:1799
[QTS:EMIT] pos=1488 u16=0x0009 (9) @parser.c:1772
[QTS:EMIT] pos=1490 op=200 @parser.c:1786
[QTS:EMIT] pos=1491 u32=0x00004b41 (19265) @parser.c:1788
[QTS:EMIT] pos=1495 op=186 @parser.c:1799
[QTS:EMIT] pos=1496 u32=0x000002a2 (674) @parser.c:1777
[QTS:EMIT] pos=1500 u16=0x0008 (8) @parser.c:1772
[QTS:EMIT] pos=1502 op=200 @parser.c:1786
[QTS:EMIT] pos=1503 u32=0x00004b42 (19266) @parser.c:1788
[QTS:EMIT] pos=1507 op=66 @parser.c:1799
[QTS:EMIT] pos=1508 atom=48 @parser.c:1807
[QTS:ASSIGN] lvalue: opcode=66 scope=0 atom=48 label=-1
[QTS:EMIT] pos=1507 op=200 @parser.c:1786
[QTS:EMIT] pos=1508 u32=0x00004b4c (19276) @parser.c:1788
[QTS:EMIT] pos=1512 op=186 @parser.c:1799
[QTS:EMIT] pos=1513 u32=0x00000251 (593) @parser.c:1777
[QTS:EMIT] pos=1517 u16=0x0008 (8) @parser.c:1772
[QTS:EMIT] pos=1519 op=21 @parser.c:1799
[QTS:EMIT] pos=1520 op=68 @parser.c:1799
[QTS:EMIT] pos=1521 u32=0x00000030 (48) @parser.c:1777
[QTS:EMIT] pos=1525 op=14 @parser.c:1799
[QTS:SCOPE] leave: idx=8
[QTS:SCOPE] pop: level=8
[QTS:EMIT] pos=1526 op=183 @parser.c:1799
[QTS:EMIT] pos=1527 u16=0x0008 (8) @parser.c:1772
[QTS:EMIT] pos=1529 op=184 @parser.c:1799
[QTS:EMIT] pos=1530 u32=0x00000014 (20) @parser.c:1777
[QTS:SCOPE] leave: idx=7
[QTS:SCOPE] pop: level=7
[QTS:EMIT] pos=1534 op=183 @parser.c:1799
[QTS:EMIT] pos=1535 u16=0x0007 (7) @parser.c:1772
[QTS:EMIT] pos=1537 op=11 @parser.c:1799
[QTS:EMIT] pos=1538 op=200 @parser.c:1786
[QTS:EMIT] pos=1539 u32=0x00004bd4 (19412) @parser.c:1788
[QTS:EMIT] pos=1543 op=186 @parser.c:1799
[QTS:EMIT] pos=1544 u32=0x000002a2 (674) @parser.c:1777
[QTS:EMIT] pos=1548 u16=0x0001 (1) @parser.c:1772
[QTS:EMIT] pos=1550 op=78 @parser.c:1799
[QTS:EMIT] pos=1551 atom=554 @parser.c:1807
[QTS:EMIT] pos=1555 op=200 @parser.c:1786
[QTS:EMIT] pos=1556 u32=0x00004bdc (19420) @parser.c:1788
[QTS:EMIT] pos=1560 op=186 @parser.c:1799
[QTS:EMIT] pos=1561 u32=0x00000289 (649) @parser.c:1777
[QTS:EMIT] pos=1565 u16=0x0001 (1) @parser.c:1772
[QTS:EMIT] pos=1567 op=200 @parser.c:1786
[QTS:EMIT] pos=1568 u32=0x00004bdd (19421) @parser.c:1788
[QTS:EMIT] pos=1572 op=66 @parser.c:1799
[QTS:EMIT] pos=1573 atom=48 @parser.c:1807
[QTS:EMIT] pos=1577 op=78 @parser.c:1799
[QTS:EMIT] pos=1578 atom=623 @parser.c:1807
[QTS:EMIT] pos=1582 op=200 @parser.c:1786
[QTS:EMIT] pos=1583 u32=0x00004beb (19435) @parser.c:1788
[QTS:EMIT] pos=1587 op=186 @parser.c:1799
[QTS:EMIT] pos=1588 u32=0x000002a1 (673) @parser.c:1777
[QTS:EMIT] pos=1592 u16=0x0001 (1) @parser.c:1772
[QTS:EMIT] pos=1594 op=78 @parser.c:1799
[QTS:EMIT] pos=1595 atom=679 @parser.c:1807
[QTS:EMIT] pos=1599 op=200 @parser.c:1786
[QTS:EMIT] pos=1600 u32=0x00004bc6 (19398) @parser.c:1788
[QTS:EMIT] pos=1604 op=40 @parser.c:1799
[QTS:SCOPE] push: level=1 first_var=-1
[QTS:SCOPE] enter: idx=1 is_body=0
[QTS:EMIT] pos=0 op=182 @parser.c:1799
[QTS:EMIT] pos=1 u16=0x0001 (1) @parser.c:1772
[QTS:EMIT] pos=3 op=200 @parser.c:1786
[QTS:EMIT] pos=4 u32=0x00004c6c (19564) @parser.c:1788
[QTS:EMIT] pos=8 op=186 @parser.c:1799
[QTS:EMIT] pos=9 u32=0x000002a9 (681) @parser.c:1777
[QTS:EMIT] pos=13 u16=0x0001 (1) @parser.c:1772
[QTS:EMIT] pos=8 op=189 @parser.c:1799
[QTS:EMIT] pos=9 atom=681 @parser.c:1807
[QTS:EMIT] pos=13 u32=0x00000000 (0) @parser.c:1777
[QTS:EMIT] pos=17 u16=0x0001 (1) @parser.c:1772
[QTS:ASSIGN] lvalue: opcode=61 scope=1 atom=681 label=0
[QTS:EMIT] pos=19 op=200 @parser.c:1786
[QTS:EMIT] pos=20 u32=0x00004c72 (19570) @parser.c:1788
[QTS:EMIT] pos=24 op=186 @parser.c:1799
[QTS:EMIT] pos=25 u32=0x000002a0 (672) @parser.c:1777
[QTS:EMIT] pos=29 u16=0x0001 (1) @parser.c:1772
[QTS:EMIT] pos=31 op=200 @parser.c:1786
[QTS:EMIT] pos=32 u32=0x00004c82 (19586) @parser.c:1788
[QTS:EMIT] pos=36 op=186 @parser.c:1799
[QTS:EMIT] pos=37 u32=0x0000021b (539) @parser.c:1777
[QTS:EMIT] pos=41 u16=0x0001 (1) @parser.c:1772
[QTS:EMIT] pos=43 op=200 @parser.c:1786
[QTS:EMIT] pos=44 u32=0x00004c87 (19591) @parser.c:1788
[QTS:EMIT] pos=48 op=186 @parser.c:1799
[QTS:EMIT] pos=49 u32=0x0000021c (540) @parser.c:1777
[QTS:EMIT] pos=53 u16=0x0001 (1) @parser.c:1772
[QTS:EMIT] pos=55 op=200 @parser.c:1786
[QTS:EMIT] pos=56 u32=0x00004c81 (19585) @parser.c:1788
[QTS:EMIT] pos=60 op=34 @parser.c:1799
[QTS:EMIT] pos=61 u16=0x0002 (2) @parser.c:1772
[QTS:EMIT] pos=63 op=184 @parser.c:1799
[QTS:EMIT] pos=64 u32=0x00000000 (0) @parser.c:1777
[QTS:EMIT] pos=68 op=22 @parser.c:1799
[QTS:EMIT] pos=69 op=62 @parser.c:1799
[QTS:EMIT] pos=70 op=14 @parser.c:1799
[QTS:EMIT] pos=71 op=200 @parser.c:1786
[QTS:EMIT] pos=72 u32=0x00004c9c (19612) @parser.c:1788
[QTS:EMIT] pos=76 op=186 @parser.c:1799
[QTS:EMIT] pos=77 u32=0x0000022a (554) @parser.c:1777
[QTS:EMIT] pos=81 u16=0x0001 (1) @parser.c:1772
[QTS:EMIT] pos=76 op=189 @parser.c:1799
[QTS:EMIT] pos=77 atom=554 @parser.c:1807
[QTS:EMIT] pos=81 u32=0x00000001 (1) @parser.c:1777
[QTS:EMIT] pos=85 u16=0x0001 (1) @parser.c:1772
[QTS:ASSIGN] lvalue: opcode=61 scope=1 atom=554 label=1
[QTS:EMIT] pos=87 op=200 @parser.c:1786
[QTS:EMIT] pos=88 u32=0x00004ca2 (19618) @parser.c:1788
[QTS:EMIT] pos=92 op=186 @parser.c:1799
[QTS:EMIT] pos=93 u32=0x000002a9 (681) @parser.c:1777
[QTS:EMIT] pos=97 u16=0x0001 (1) @parser.c:1772
[QTS:EMIT] pos=99 op=200 @parser.c:1786
[QTS:EMIT] pos=100 u32=0x00004ca5 (19621) @parser.c:1788
[QTS:EMIT] pos=104 op=66 @parser.c:1799
[QTS:EMIT] pos=105 atom=554 @parser.c:1807
[QTS:EMIT] pos=109 op=184 @parser.c:1799
[QTS:EMIT] pos=110 u32=0x00000001 (1) @parser.c:1777
[QTS:EMIT] pos=114 op=22 @parser.c:1799
[QTS:EMIT] pos=115 op=62 @parser.c:1799
[QTS:EMIT] pos=116 op=14 @parser.c:1799
[QTS:SCOPE] push: level=2 first_var=-1
[QTS:SCOPE] enter: idx=2 is_body=0
[QTS:EMIT] pos=117 op=182 @parser.c:1799
[QTS:EMIT] pos=118 u16=0x0002 (2) @parser.c:1772
[QTS:EMIT] pos=120 op=200 @parser.c:1786
[QTS:EMIT] pos=121 u32=0x00004cb7 (19639) @parser.c:1788
[QTS:EMIT] pos=125 op=186 @parser.c:1799
[QTS:EMIT] pos=126 u32=0x0000022a (554) @parser.c:1777
[QTS:EMIT] pos=130 u16=0x0002 (2) @parser.c:1772
[QTS:EMIT] pos=132 op=200 @parser.c:1786
[QTS:EMIT] pos=133 u32=0x00004cba (19642) @parser.c:1788
[QTS:EMIT] pos=137 op=66 @parser.c:1799
[QTS:EMIT] pos=138 atom=48 @parser.c:1807
[QTS:EMIT] pos=142 op=1 @parser.c:1799
[QTS:EMIT] pos=143 u32=0x00000000 (0) @parser.c:1777
[QTS:EMIT] pos=147 op=200 @parser.c:1786
[QTS:EMIT] pos=148 u32=0x00004cc2 (19650) @parser.c:1788
[QTS:EMIT] pos=152 op=173 @parser.c:1799
[QTS:EMIT] pos=153 op=108 @parser.c:1799
[QTS:EMIT] pos=154 u32=0x00000002 (2) @parser.c:1777
[QTS:EMIT] pos=158 op=200 @parser.c:1786
[QTS:EMIT] pos=159 u32=0x00004cd5 (19669) @parser.c:1788
[QTS:EMIT] pos=163 op=41 @parser.c:1799
[QTS:EMIT] pos=164 op=184 @parser.c:1799
[QTS:EMIT] pos=165 u32=0x00000002 (2) @parser.c:1777
[QTS:SCOPE] leave: idx=2
[QTS:SCOPE] pop: level=2
[QTS:EMIT] pos=169 op=183 @parser.c:1799
[QTS:EMIT] pos=170 u16=0x0002 (2) @parser.c:1772
[QTS:EMIT] pos=172 op=200 @parser.c:1786
[QTS:EMIT] pos=173 u32=0x00004ce5 (19685) @parser.c:1788
[QTS:EMIT] pos=177 op=186 @parser.c:1799
[QTS:EMIT] pos=178 u32=0x00000289 (649) @parser.c:1777
[QTS:EMIT] pos=182 u16=0x0001 (1) @parser.c:1772
[QTS:EMIT] pos=177 op=189 @parser.c:1799
[QTS:EMIT] pos=178 atom=649 @parser.c:1807
[QTS:EMIT] pos=182 u32=0x00000003 (3) @parser.c:1777
[QTS:EMIT] pos=186 u16=0x0001 (1) @parser.c:1772
[QTS:ASSIGN] lvalue: opcode=61 scope=1 atom=649 label=3
[QTS:EMIT] pos=188 op=200 @parser.c:1786
[QTS:EMIT] pos=189 u32=0x00004ce9 (19689) @parser.c:1788
[QTS:EMIT] pos=193 op=186 @parser.c:1799
[QTS:EMIT] pos=194 u32=0x0000022a (554) @parser.c:1777
[QTS:EMIT] pos=198 u16=0x0001 (1) @parser.c:1772
[QTS:EMIT] pos=200 op=1 @parser.c:1799
[QTS:EMIT] pos=201 u32=0x00000000 (0) @parser.c:1777
[QTS:EMIT] pos=205 op=200 @parser.c:1786
[QTS:EMIT] pos=206 u32=0x00004cec (19692) @parser.c:1788
[QTS:EMIT] pos=210 op=72 @parser.c:1799
[QTS:EMIT] pos=211 op=184 @parser.c:1799
[QTS:EMIT] pos=212 u32=0x00000003 (3) @parser.c:1777
[QTS:EMIT] pos=216 op=22 @parser.c:1799
[QTS:EMIT] pos=217 op=62 @parser.c:1799
[QTS:EMIT] pos=218 op=14 @parser.c:1799
[QTS:EMIT] pos=219 op=200 @parser.c:1786
[QTS:EMIT] pos=220 u32=0x00004cf9 (19705) @parser.c:1788
[QTS:EMIT] pos=224 op=186 @parser.c:1799
[QTS:EMIT] pos=225 u32=0x00000245 (581) @parser.c:1777
[QTS:EMIT] pos=229 u16=0x0001 (1) @parser.c:1772
[QTS:EMIT] pos=224 op=189 @parser.c:1799
[QTS:EMIT] pos=225 atom=581 @parser.c:1807
[QTS:EMIT] pos=229 u32=0x00000004 (4) @parser.c:1777
[QTS:EMIT] pos=233 u16=0x0001 (1) @parser.c:1772
[QTS:ASSIGN] lvalue: opcode=61 scope=1 atom=581 label=4
[QTS:EMIT] pos=235 op=200 @parser.c:1786
[QTS:EMIT] pos=236 u32=0x00004cff (19711) @parser.c:1788
[QTS:EMIT] pos=240 op=186 @parser.c:1799
[QTS:EMIT] pos=241 u32=0x00000289 (649) @parser.c:1777
[QTS:EMIT] pos=245 u16=0x0001 (1) @parser.c:1772
[QTS:EMIT] pos=247 op=200 @parser.c:1786
[QTS:EMIT] pos=248 u32=0x00004d00 (19712) @parser.c:1788
[QTS:EMIT] pos=252 op=66 @parser.c:1799
[QTS:EMIT] pos=253 atom=48 @parser.c:1807
[QTS:EMIT] pos=257 op=184 @parser.c:1799
[QTS:EMIT] pos=258 u32=0x00000004 (4) @parser.c:1777
[QTS:EMIT] pos=262 op=22 @parser.c:1799
[QTS:EMIT] pos=263 op=62 @parser.c:1799
[QTS:EMIT] pos=264 op=14 @parser.c:1799
[QTS:SCOPE] push: level=3 first_var=-1
[QTS:SCOPE] enter: idx=3 is_body=0
[QTS:EMIT] pos=265 op=182 @parser.c:1799
[QTS:EMIT] pos=266 u16=0x0003 (3) @parser.c:1772
[QTS:EMIT] pos=268 op=200 @parser.c:1786
[QTS:EMIT] pos=269 u32=0x00004d5d (19805) @parser.c:1788
[QTS:EMIT] pos=273 op=186 @parser.c:1799
[QTS:EMIT] pos=274 u32=0x00000236 (566) @parser.c:1777
[QTS:EMIT] pos=278 u16=0x0003 (3) @parser.c:1772
[QTS:EMIT] pos=273 op=189 @parser.c:1799
[QTS:EMIT] pos=274 atom=566 @parser.c:1807
[QTS:EMIT] pos=278 u32=0x00000005 (5) @parser.c:1777
[QTS:EMIT] pos=282 u16=0x0003 (3) @parser.c:1772
[QTS:ASSIGN] lvalue: opcode=61 scope=3 atom=566 label=5
[QTS:EMIT] pos=284 op=1 @parser.c:1799
[QTS:EMIT] pos=285 u32=0x00000001 (1) @parser.c:1777
[QTS:EMIT] pos=289 op=184 @parser.c:1799
[QTS:EMIT] pos=290 u32=0x00000005 (5) @parser.c:1777
[QTS:EMIT] pos=294 op=22 @parser.c:1799
[QTS:EMIT] pos=295 op=62 @parser.c:1799
[QTS:EMIT] pos=296 op=14 @parser.c:1799
[QTS:EMIT] pos=297 op=183 @parser.c:1799
[QTS:EMIT] pos=298 u16=0x0003 (3) @parser.c:1772
[QTS:EMIT] pos=300 op=184 @parser.c:1799
[QTS:EMIT] pos=301 u32=0x00000006 (6) @parser.c:1777
[QTS:EMIT] pos=305 op=200 @parser.c:1786
[QTS:EMIT] pos=306 u32=0x00004d64 (19812) @parser.c:1788
[QTS:EMIT] pos=310 op=186 @parser.c:1799
[QTS:EMIT] pos=311 u32=0x00000236 (566) @parser.c:1777
[QTS:EMIT] pos=315 u16=0x0003 (3) @parser.c:1772
[QTS:EMIT] pos=317 op=200 @parser.c:1786
[QTS:EMIT] pos=318 u32=0x00004d68 (19816) @parser.c:1788
[QTS:EMIT] pos=322 op=186 @parser.c:1799
[QTS:EMIT] pos=323 u32=0x0000022a (554) @parser.c:1777
[QTS:EMIT] pos=327 u16=0x0003 (3) @parser.c:1772
[QTS:EMIT] pos=329 op=200 @parser.c:1786
[QTS:EMIT] pos=330 u32=0x00004d6b (19819) @parser.c:1788
[QTS:EMIT] pos=334 op=66 @parser.c:1799
[QTS:EMIT] pos=335 atom=48 @parser.c:1807
[QTS:EMIT] pos=339 op=200 @parser.c:1786
[QTS:EMIT] pos=340 u32=0x00004d66 (19814) @parser.c:1788
[QTS:EMIT] pos=344 op=165 @parser.c:1799
[QTS:EMIT] pos=345 op=108 @parser.c:1799
[QTS:EMIT] pos=346 u32=0x00000009 (9) @parser.c:1777
[QTS:EMIT] pos=350 op=110 @parser.c:1799
[QTS:EMIT] pos=351 u32=0x00000008 (8) @parser.c:1777
[QTS:EMIT] pos=355 op=184 @parser.c:1799
[QTS:EMIT] pos=356 u32=0x00000007 (7) @parser.c:1777
[QTS:EMIT] pos=360 op=200 @parser.c:1786
[QTS:EMIT] pos=361 u32=0x00004d74 (19828) @parser.c:1788
[QTS:EMIT] pos=365 op=186 @parser.c:1799
[QTS:EMIT] pos=366 u32=0x00000236 (566) @parser.c:1777
[QTS:EMIT] pos=370 u16=0x0003 (3) @parser.c:1772
[QTS:EMIT] pos=365 op=189 @parser.c:1799
[QTS:EMIT] pos=366 atom=566 @parser.c:1807
[QTS:EMIT] pos=370 u32=0x0000000a (10) @parser.c:1777
[QTS:EMIT] pos=374 u16=0x0003 (3) @parser.c:1772
[QTS:EMIT] pos=376 op=61 @parser.c:1799
[QTS:EMIT] pos=377 op=200 @parser.c:1786
[QTS:EMIT] pos=378 u32=0x00004d75 (19829) @parser.c:1788
[QTS:EMIT] pos=382 op=147 @parser.c:1799
[QTS:EMIT] pos=383 op=184 @parser.c:1799
[QTS:EMIT] pos=384 u32=0x0000000a (10) @parser.c:1777
[QTS:EMIT] pos=388 op=25 @parser.c:1799
[QTS:EMIT] pos=389 op=62 @parser.c:1799
[QTS:EMIT] pos=390 op=14 @parser.c:1799
[QTS:EMIT] pos=391 op=110 @parser.c:1799
[QTS:EMIT] pos=392 u32=0x00000006 (6) @parser.c:1777
[QTS:EMIT] pos=396 op=184 @parser.c:1799
[QTS:EMIT] pos=397 u32=0x00000008 (8) @parser.c:1777
[QTS:SCOPE] push: level=4 first_var=-1
[QTS:SCOPE] enter: idx=4 is_body=0
[QTS:EMIT] pos=401 op=182 @parser.c:1799
[QTS:EMIT] pos=402 u16=0x0004 (4) @parser.c:1772
[QTS:EMIT] pos=404 op=200 @parser.c:1786
[QTS:EMIT] pos=405 u32=0x00004d87 (19847) @parser.c:1788
[QTS:EMIT] pos=409 op=186 @parser.c:1799
[QTS:EMIT] pos=410 u32=0x000002aa (682) @parser.c:1777
[QTS:EMIT] pos=414 u16=0x0004 (4) @parser.c:1772
[QTS:EMIT] pos=409 op=189 @parser.c:1799
[QTS:EMIT] pos=410 atom=682 @parser.c:1807
[QTS:EMIT] pos=414 u32=0x0000000b (11) @parser.c:1777
[QTS:EMIT] pos=418 u16=0x0004 (4) @parser.c:1772
[QTS:ASSIGN] lvalue: opcode=61 scope=4 atom=682 label=11
[QTS:EMIT] pos=420 op=200 @parser.c:1786
[QTS:EMIT] pos=421 u32=0x00004d8b (19851) @parser.c:1788
[QTS:EMIT] pos=425 op=186 @parser.c:1799
[QTS:EMIT] pos=426 u32=0x0000022a (554) @parser.c:1777
[QTS:EMIT] pos=430 u16=0x0004 (4) @parser.c:1772
[QTS:EMIT] pos=432 op=200 @parser.c:1786
[QTS:EMIT] pos=433 u32=0x00004d8f (19855) @parser.c:1788
[QTS:EMIT] pos=437 op=186 @parser.c:1799
[QTS:EMIT] pos=438 u32=0x00000236 (566) @parser.c:1777
[QTS:EMIT] pos=442 u16=0x0004 (4) @parser.c:1772
[QTS:EMIT] pos=444 op=200 @parser.c:1786
[QTS:EMIT] pos=445 u32=0x00004d8e (19854) @parser.c:1788
[QTS:EMIT] pos=449 op=72 @parser.c:1799
[QTS:EMIT] pos=450 op=184 @parser.c:1799
[QTS:EMIT] pos=451 u32=0x0000000b (11) @parser.c:1777
[QTS:EMIT] pos=455 op=22 @parser.c:1799
[QTS:EMIT] pos=456 op=62 @parser.c:1799
[QTS:EMIT] pos=457 op=14 @parser.c:1799
[QTS:SCOPE] push: level=5 first_var=-1
[QTS:SCOPE] enter: idx=5 is_body=0
[QTS:EMIT] pos=458 op=182 @parser.c:1799
[QTS:EMIT] pos=459 u16=0x0005 (5) @parser.c:1772
[QTS:EMIT] pos=461 op=200 @parser.c:1786
[QTS:EMIT] pos=462 u32=0x00004da4 (19876) @parser.c:1788
[QTS:EMIT] pos=466 op=186 @parser.c:1799
[QTS:EMIT] pos=467 u32=0x00000251 (593) @parser.c:1777
[QTS:EMIT] pos=471 u16=0x0005 (5) @parser.c:1772
[QTS:EMIT] pos=466 op=189 @parser.c:1799
[QTS:EMIT] pos=467 atom=593 @parser.c:1807
[QTS:EMIT] pos=471 u32=0x0000000c (12) @parser.c:1777
[QTS:EMIT] pos=475 u16=0x0005 (5) @parser.c:1772
[QTS:ASSIGN] lvalue: opcode=61 scope=5 atom=593 label=12
[QTS:EMIT] pos=477 op=1 @parser.c:1799
[QTS:EMIT] pos=478 u32=0x00000000 (0) @parser.c:1777
[QTS:EMIT] pos=482 op=184 @parser.c:1799
[QTS:EMIT] pos=483 u32=0x0000000c (12) @parser.c:1777
[QTS:EMIT] pos=487 op=22 @parser.c:1799
[QTS:EMIT] pos=488 op=62 @parser.c:1799
[QTS:EMIT] pos=489 op=14 @parser.c:1799
[QTS:EMIT] pos=490 op=183 @parser.c:1799
[QTS:EMIT] pos=491 u16=0x0005 (5) @parser.c:1772
[QTS:EMIT] pos=493 op=184 @parser.c:1799
[QTS:EMIT] pos=494 u32=0x0000000d (13) @parser.c:1777
[QTS:EMIT] pos=498 op=200 @parser.c:1786
[QTS:EMIT] pos=499 u32=0x00004dab (19883) @parser.c:1788
[QTS:EMIT] pos=503 op=186 @parser.c:1799
[QTS:EMIT] pos=504 u32=0x00000251 (593) @parser.c:1777
[QTS:EMIT] pos=508 u16=0x0005 (5) @parser.c:1772
[QTS:EMIT] pos=510 op=200 @parser.c:1786
[QTS:EMIT] pos=511 u32=0x00004daf (19887) @parser.c:1788
[QTS:EMIT] pos=515 op=186 @parser.c:1799
[QTS:EMIT] pos=516 u32=0x00000245 (581) @parser.c:1777
[QTS:EMIT] pos=520 u16=0x0005 (5) @parser.c:1772
[QTS:EMIT] pos=522 op=200 @parser.c:1786
[QTS:EMIT] pos=523 u32=0x00004dad (19885) @parser.c:1788
[QTS:EMIT] pos=527 op=165 @parser.c:1799
[QTS:EMIT] pos=528 op=108 @parser.c:1799
[QTS:EMIT] pos=529 u32=0x00000010 (16) @parser.c:1777
[QTS:EMIT] pos=533 op=110 @parser.c:1799
[QTS:EMIT] pos=534 u32=0x0000000f (15) @parser.c:1777
[QTS:EMIT] pos=538 op=184 @parser.c:1799
[QTS:EMIT] pos=539 u32=0x0000000e (14) @parser.c:1777
[QTS:EMIT] pos=543 op=200 @parser.c:1786
[QTS:EMIT] pos=544 u32=0x00004db4 (19892) @parser.c:1788
[QTS:EMIT] pos=548 op=186 @parser.c:1799
[QTS:EMIT] pos=549 u32=0x00000251 (593) @parser.c:1777
[QTS:EMIT] pos=553 u16=0x0005 (5) @parser.c:1772
[QTS:EMIT] pos=548 op=189 @parser.c:1799
[QTS:EMIT] pos=549 atom=593 @parser.c:1807
[QTS:EMIT] pos=553 u32=0x00000011 (17) @parser.c:1777
[QTS:EMIT] pos=557 u16=0x0005 (5) @parser.c:1772
[QTS:EMIT] pos=559 op=61 @parser.c:1799
[QTS:EMIT] pos=560 op=200 @parser.c:1786
[QTS:EMIT] pos=561 u32=0x00004db5 (19893) @parser.c:1788
[QTS:EMIT] pos=565 op=147 @parser.c:1799
[QTS:EMIT] pos=566 op=184 @parser.c:1799
[QTS:EMIT] pos=567 u32=0x00000011 (17) @parser.c:1777
[QTS:EMIT] pos=571 op=25 @parser.c:1799
[QTS:EMIT] pos=572 op=62 @parser.c:1799
[QTS:EMIT] pos=573 op=14 @parser.c:1799
[QTS:EMIT] pos=574 op=110 @parser.c:1799
[QTS:EMIT] pos=575 u32=0x0000000d (13) @parser.c:1777
[QTS:EMIT] pos=579 op=184 @parser.c:1799
[QTS:EMIT] pos=580 u32=0x0000000f (15) @parser.c:1777
[QTS:SCOPE] push: level=6 first_var=-1
[QTS:SCOPE] enter: idx=6 is_body=0
[QTS:EMIT] pos=584 op=182 @parser.c:1799
[QTS:EMIT] pos=585 u16=0x0006 (6) @parser.c:1772
[QTS:SCOPE] push: level=7 first_var=-1
[QTS:SCOPE] enter: idx=7 is_body=0
[QTS:EMIT] pos=587 op=182 @parser.c:1799
[QTS:EMIT] pos=588 u16=0x0007 (7) @parser.c:1772
[QTS:EMIT] pos=590 op=200 @parser.c:1786
[QTS:EMIT] pos=591 u32=0x00004dcf (19919) @parser.c:1788
[QTS:EMIT] pos=595 op=186 @parser.c:1799
[QTS:EMIT] pos=596 u32=0x000002aa (682) @parser.c:1777
[QTS:EMIT] pos=600 u16=0x0007 (7) @parser.c:1772
[QTS:EMIT] pos=602 op=200 @parser.c:1786
[QTS:EMIT] pos=603 u32=0x00004dd1 (19921) @parser.c:1788
[QTS:EMIT] pos=607 op=186 @parser.c:1799
[QTS:EMIT] pos=608 u32=0x00000251 (593) @parser.c:1777
[QTS:EMIT] pos=612 u16=0x0007 (7) @parser.c:1772
[QTS:EMIT] pos=614 op=200 @parser.c:1786
[QTS:EMIT] pos=615 u32=0x00004dd0 (19920) @parser.c:1788
[QTS:EMIT] pos=619 op=72 @parser.c:1799
[QTS:EMIT] pos=620 op=200 @parser.c:1786
[QTS:EMIT] pos=621 u32=0x00004dd8 (19928) @parser.c:1788
[QTS:EMIT] pos=625 op=186 @parser.c:1799
[QTS:EMIT] pos=626 u32=0x00000289 (649) @parser.c:1777
[QTS:EMIT] pos=630 u16=0x0007 (7) @parser.c:1772
[QTS:EMIT] pos=632 op=200 @parser.c:1786
[QTS:EMIT] pos=633 u32=0x00004dda (19930) @parser.c:1788
[QTS:EMIT] pos=637 op=186 @parser.c:1799
[QTS:EMIT] pos=638 u32=0x00000251 (593) @parser.c:1777
[QTS:EMIT] pos=642 u16=0x0007 (7) @parser.c:1772
[QTS:EMIT] pos=644 op=200 @parser.c:1786
[QTS:EMIT] pos=645 u32=0x00004dd9 (19929) @parser.c:1788
[QTS:EMIT] pos=649 op=72 @parser.c:1799
[QTS:EMIT] pos=650 op=200 @parser.c:1786
[QTS:EMIT] pos=651 u32=0x00004dd4 (19924) @parser.c:1788
[QTS:EMIT] pos=655 op=174 @parser.c:1799
[QTS:EMIT] pos=656 op=108 @parser.c:1799
[QTS:EMIT] pos=657 u32=0x00000012 (18) @parser.c:1777
[QTS:SCOPE] push: level=8 first_var=-1
[QTS:SCOPE] enter: idx=8 is_body=0
[QTS:EMIT] pos=661 op=182 @parser.c:1799
[QTS:EMIT] pos=662 u16=0x0008 (8) @parser.c:1772
[QTS:EMIT] pos=664 op=200 @parser.c:1786
[QTS:EMIT] pos=665 u32=0x00004df4 (19956) @parser.c:1788
[QTS:EMIT] pos=669 op=186 @parser.c:1799
[QTS:EMIT] pos=670 u32=0x00000245 (581) @parser.c:1777
[QTS:EMIT] pos=674 u16=0x0008 (8) @parser.c:1772
[QTS:EMIT] pos=669 op=189 @parser.c:1799
[QTS:EMIT] pos=670 atom=581 @parser.c:1807
[QTS:EMIT] pos=674 u32=0x00000013 (19) @parser.c:1777
[QTS:EMIT] pos=678 u16=0x0008 (8) @parser.c:1772
[QTS:ASSIGN] lvalue: opcode=61 scope=8 atom=581 label=19
[QTS:EMIT] pos=680 op=200 @parser.c:1786
[QTS:EMIT] pos=681 u32=0x00004dfa (19962) @parser.c:1788
[QTS:EMIT] pos=685 op=186 @parser.c:1799
[QTS:EMIT] pos=686 u32=0x00000251 (593) @parser.c:1777
[QTS:EMIT] pos=690 u16=0x0008 (8) @parser.c:1772
[QTS:EMIT] pos=692 op=184 @parser.c:1799
[QTS:EMIT] pos=693 u32=0x00000013 (19) @parser.c:1777
[QTS:EMIT] pos=697 op=22 @parser.c:1799
[QTS:EMIT] pos=698 op=62 @parser.c:1799
[QTS:EMIT] pos=699 op=14 @parser.c:1799
[QTS:EMIT] pos=700 op=183 @parser.c:1799
[QTS:EMIT] pos=701 u16=0x0008 (8) @parser.c:1772
[QTS:EMIT] pos=703 op=183 @parser.c:1799
[QTS:EMIT] pos=704 u16=0x0007 (7) @parser.c:1772
[QTS:EMIT] pos=706 op=183 @parser.c:1799
[QTS:EMIT] pos=707 u16=0x0006 (6) @parser.c:1772
[QTS:EMIT] pos=709 op=110 @parser.c:1799
[QTS:EMIT] pos=710 u32=0x00000010 (16) @parser.c:1777
[QTS:SCOPE] leave: idx=8
[QTS:SCOPE] pop: level=8
[QTS:EMIT] pos=714 op=183 @parser.c:1799
[QTS:EMIT] pos=715 u16=0x0008 (8) @parser.c:1772
[QTS:EMIT] pos=717 op=184 @parser.c:1799
[QTS:EMIT] pos=718 u32=0x00000012 (18) @parser.c:1777
[QTS:SCOPE] leave: idx=7
[QTS:SCOPE] pop: level=7
[QTS:EMIT] pos=722 op=183 @parser.c:1799
[QTS:EMIT] pos=723 u16=0x0007 (7) @parser.c:1772
[QTS:SCOPE] leave: idx=6
[QTS:SCOPE] pop: level=6
[QTS:EMIT] pos=725 op=183 @parser.c:1799
[QTS:EMIT] pos=726 u16=0x0006 (6) @parser.c:1772
[QTS:EMIT] pos=728 op=183 @parser.c:1799
[QTS:EMIT] pos=729 u16=0x0005 (5) @parser.c:1772
[QTS:EMIT] pos=772 op=184 @parser.c:1799
[QTS:EMIT] pos=773 u32=0x00000010 (16) @parser.c:1777
[QTS:SCOPE] leave: idx=5
[QTS:SCOPE] pop: level=5
[QTS:EMIT] pos=777 op=183 @parser.c:1799
[QTS:EMIT] pos=778 u16=0x0005 (5) @parser.c:1772
[QTS:SCOPE] leave: idx=4
[QTS:SCOPE] pop: level=4
[QTS:EMIT] pos=780 op=183 @parser.c:1799
[QTS:EMIT] pos=781 u16=0x0004 (4) @parser.c:1772
[QTS:EMIT] pos=783 op=183 @parser.c:1799
[QTS:EMIT] pos=784 u16=0x0003 (3) @parser.c:1772
[QTS:EMIT] pos=827 op=184 @parser.c:1799
[QTS:EMIT] pos=828 u32=0x00000009 (9) @parser.c:1777
[QTS:SCOPE] leave: idx=3
[QTS:SCOPE] pop: level=3
[QTS:EMIT] pos=832 op=183 @parser.c:1799
[QTS:EMIT] pos=833 u16=0x0003 (3) @parser.c:1772
[QTS:SCOPE] push: level=9 first_var=-1
[QTS:SCOPE] enter: idx=9 is_body=0
[QTS:EMIT] pos=835 op=182 @parser.c:1799
[QTS:EMIT] pos=836 u16=0x0009 (9) @parser.c:1772
[QTS:EMIT] pos=838 op=200 @parser.c:1786
[QTS:EMIT] pos=839 u32=0x00004e4f (20047) @parser.c:1788
[QTS:EMIT] pos=843 op=186 @parser.c:1799
[QTS:EMIT] pos=844 u32=0x00000236 (566) @parser.c:1777
[QTS:EMIT] pos=848 u16=0x0009 (9) @parser.c:1772
[QTS:EMIT] pos=843 op=189 @parser.c:1799
[QTS:EMIT] pos=844 atom=566 @parser.c:1807
[QTS:EMIT] pos=848 u32=0x00000014 (20) @parser.c:1777
[QTS:EMIT] pos=852 u16=0x0009 (9) @parser.c:1772
[QTS:ASSIGN] lvalue: opcode=61 scope=9 atom=566 label=20
[QTS:EMIT] pos=854 op=200 @parser.c:1786
[QTS:EMIT] pos=855 u32=0x00004e53 (20051) @parser.c:1788
[QTS:EMIT] pos=859 op=186 @parser.c:1799
[QTS:EMIT] pos=860 u32=0x000002a9 (681) @parser.c:1777
[QTS:EMIT] pos=864 u16=0x0009 (9) @parser.c:1772
[QTS:EMIT] pos=866 op=200 @parser.c:1786
[QTS:EMIT] pos=867 u32=0x00004e56 (20054) @parser.c:1788
[QTS:EMIT] pos=871 op=66 @parser.c:1799
[QTS:EMIT] pos=872 atom=623 @parser.c:1807
[QTS:EMIT] pos=876 op=184 @parser.c:1799
[QTS:EMIT] pos=877 u32=0x00000014 (20) @parser.c:1777
[QTS:EMIT] pos=881 op=22 @parser.c:1799
[QTS:EMIT] pos=882 op=62 @parser.c:1799
[QTS:EMIT] pos=883 op=14 @parser.c:1799
[QTS:EMIT] pos=884 op=183 @parser.c:1799
[QTS:EMIT] pos=885 u16=0x0009 (9) @parser.c:1772
[QTS:EMIT] pos=887 op=184 @parser.c:1799
[QTS:EMIT] pos=888 u32=0x00000015 (21) @parser.c:1777
[QTS:EMIT] pos=892 op=200 @parser.c:1786
[QTS:EMIT] pos=893 u32=0x00004e5c (20060) @parser.c:1788
[QTS:EMIT] pos=897 op=186 @parser.c:1799
[QTS:EMIT] pos=898 u32=0x00000236 (566) @parser.c:1777
[QTS:EMIT] pos=902 u16=0x0009 (9) @parser.c:1772
[QTS:EMIT] pos=904 op=200 @parser.c:1786
[QTS:EMIT] pos=905 u32=0x00004e60 (20064) @parser.c:1788
[QTS:EMIT] pos=909 op=186 @parser.c:1799
[QTS:EMIT] pos=910 u32=0x00000245 (581) @parser.c:1777
[QTS:EMIT] pos=914 u16=0x0009 (9) @parser.c:1772
[QTS:EMIT] pos=916 op=200 @parser.c:1786
[QTS:EMIT] pos=917 u32=0x00004e5e (20062) @parser.c:1788
[QTS:EMIT] pos=921 op=165 @parser.c:1799
[QTS:EMIT] pos=922 op=108 @parser.c:1799
[QTS:EMIT] pos=923 u32=0x00000018 (24) @parser.c:1777
[QTS:EMIT] pos=927 op=110 @parser.c:1799
[QTS:EMIT] pos=928 u32=0x00000017 (23) @parser.c:1777
[QTS:EMIT] pos=932 op=184 @parser.c:1799
[QTS:EMIT] pos=933 u32=0x00000016 (22) @parser.c:1777
[QTS:EMIT] pos=937 op=200 @parser.c:1786
[QTS:EMIT] pos=938 u32=0x00004e65 (20069) @parser.c:1788
[QTS:EMIT] pos=942 op=186 @parser.c:1799
[QTS:EMIT] pos=943 u32=0x00000236 (566) @parser.c:1777
[QTS:EMIT] pos=947 u16=0x0009 (9) @parser.c:1772
[QTS:EMIT] pos=942 op=189 @parser.c:1799
[QTS:EMIT] pos=943 atom=566 @parser.c:1807
[QTS:EMIT] pos=947 u32=0x00000019 (25) @parser.c:1777
[QTS:EMIT] pos=951 u16=0x0009 (9) @parser.c:1772
[QTS:EMIT] pos=953 op=61 @parser.c:1799
[QTS:EMIT] pos=954 op=200 @parser.c:1786
[QTS:EMIT] pos=955 u32=0x00004e66 (20070) @parser.c:1788
[QTS:EMIT] pos=959 op=147 @parser.c:1799
[QTS:EMIT] pos=960 op=184 @parser.c:1799
[QTS:EMIT] pos=961 u32=0x00000019 (25) @parser.c:1777
[QTS:EMIT] pos=965 op=25 @parser.c:1799
[QTS:EMIT] pos=966 op=62 @parser.c:1799
[QTS:EMIT] pos=967 op=14 @parser.c:1799
[QTS:EMIT] pos=968 op=110 @parser.c:1799
[QTS:EMIT] pos=969 u32=0x00000015 (21) @parser.c:1777
[QTS:EMIT] pos=973 op=184 @parser.c:1799
[QTS:EMIT] pos=974 u32=0x00000017 (23) @parser.c:1777
[QTS:SCOPE] push: level=10 first_var=-1
[QTS:SCOPE] enter: idx=10 is_body=0
[QTS:EMIT] pos=978 op=182 @parser.c:1799
[QTS:EMIT] pos=979 u16=0x000a (10) @parser.c:1772
[QTS:EMIT] pos=981 op=200 @parser.c:1786
[QTS:EMIT] pos=982 u32=0x00004e78 (20088) @parser.c:1788
[QTS:EMIT] pos=986 op=186 @parser.c:1799
[QTS:EMIT] pos=987 u32=0x00000266 (614) @parser.c:1777
[QTS:EMIT] pos=991 u16=0x000a (10) @parser.c:1772
[QTS:EMIT] pos=993 op=200 @parser.c:1786
[QTS:EMIT] pos=994 u32=0x00004e7f (20095) @parser.c:1788
[QTS:EMIT] pos=998 op=186 @parser.c:1799
[QTS:EMIT] pos=999 u32=0x00000289 (649) @parser.c:1777
[QTS:EMIT] pos=1003 u16=0x000a (10) @parser.c:1772
[QTS:EMIT] pos=1005 op=200 @parser.c:1786
[QTS:EMIT] pos=1006 u32=0x00004e81 (20097) @parser.c:1788
[QTS:EMIT] pos=1010 op=186 @parser.c:1799
[QTS:EMIT] pos=1011 u32=0x00000236 (566) @parser.c:1777
[QTS:EMIT] pos=1015 u16=0x000a (10) @parser.c:1772
[QTS:EMIT] pos=1017 op=200 @parser.c:1786
[QTS:EMIT] pos=1018 u32=0x00004e80 (20096) @parser.c:1788
[QTS:EMIT] pos=1022 op=72 @parser.c:1799
[QTS:EMIT] pos=1023 op=200 @parser.c:1786
[QTS:EMIT] pos=1024 u32=0x00004e7e (20094) @parser.c:1788
[QTS:EMIT] pos=1028 op=34 @parser.c:1799
[QTS:EMIT] pos=1029 u16=0x0001 (1) @parser.c:1772
[QTS:EMIT] pos=1031 op=14 @parser.c:1799
[QTS:SCOPE] leave: idx=10
[QTS:SCOPE] pop: level=10
[QTS:EMIT] pos=1032 op=183 @parser.c:1799
[QTS:EMIT] pos=1033 u16=0x000a (10) @parser.c:1772
[QTS:EMIT] pos=1035 op=183 @parser.c:1799
[QTS:EMIT] pos=1036 u16=0x0009 (9) @parser.c:1772
[QTS:EMIT] pos=1079 op=184 @parser.c:1799
[QTS:EMIT] pos=1080 u32=0x00000018 (24) @parser.c:1777
[QTS:SCOPE] leave: idx=9
[QTS:SCOPE] pop: level=9
[QTS:EMIT] pos=1084 op=183 @parser.c:1799
[QTS:EMIT] pos=1085 u16=0x0009 (9) @parser.c:1772
[QTS:SCOPE] push: level=11 first_var=-1
[QTS:SCOPE] enter: idx=11 is_body=0
[QTS:EMIT] pos=1087 op=182 @parser.c:1799
[QTS:EMIT] pos=1088 u16=0x000b (11) @parser.c:1772
[QTS:EMIT] pos=1090 op=200 @parser.c:1786
[QTS:EMIT] pos=1091 u32=0x00004e9c (20124) @parser.c:1788
[QTS:EMIT] pos=1095 op=186 @parser.c:1799
[QTS:EMIT] pos=1096 u32=0x00000221 (545) @parser.c:1777
[QTS:EMIT] pos=1100 u16=0x000b (11) @parser.c:1772
[QTS:EMIT] pos=1102 op=200 @parser.c:1786
[QTS:EMIT] pos=1103 u32=0x00004ea9 (20137) @parser.c:1788
[QTS:EMIT] pos=1107 op=186 @parser.c:1799
[QTS:EMIT] pos=1108 u32=0x000002a8 (680) @parser.c:1777
[QTS:EMIT] pos=1112 u16=0x000b (11) @parser.c:1772
[QTS:EMIT] pos=1114 op=200 @parser.c:1786
[QTS:EMIT] pos=1115 u32=0x00004ea5 (20133) @parser.c:1788
[QTS:EMIT] pos=1119 op=173 @parser.c:1799
[QTS:EMIT] pos=1120 op=17 @parser.c:1799
[QTS:EMIT] pos=1121 op=108 @parser.c:1799
[QTS:EMIT] pos=1122 u32=0x0000001a (26) @parser.c:1777
[QTS:EMIT] pos=1126 op=14 @parser.c:1799
[QTS:EMIT] pos=1127 op=200 @parser.c:1786
[QTS:EMIT] pos=1128 u32=0x00004eb7 (20151) @parser.c:1788
[QTS:EMIT] pos=1132 op=186 @parser.c:1799
[QTS:EMIT] pos=1133 u32=0x0000022a (554) @parser.c:1777
[QTS:EMIT] pos=1137 u16=0x000b (11) @parser.c:1772
[QTS:EMIT] pos=1139 op=200 @parser.c:1786
[QTS:EMIT] pos=1140 u32=0x00004eba (20154) @parser.c:1788
[QTS:EMIT] pos=1144 op=66 @parser.c:1799
[QTS:EMIT] pos=1145 atom=48 @parser.c:1807
[QTS:EMIT] pos=1149 op=1 @parser.c:1799
[QTS:EMIT] pos=1150 u32=0x00000001 (1) @parser.c:1777
[QTS:EMIT] pos=1154 op=200 @parser.c:1786
[QTS:EMIT] pos=1155 u32=0x00004ec2 (20162) @parser.c:1788
[QTS:EMIT] pos=1159 op=171 @parser.c:1799
[QTS:EMIT] pos=1160 op=184 @parser.c:1799
[QTS:EMIT] pos=1161 u32=0x0000001a (26) @parser.c:1777
[QTS:EMIT] pos=1165 op=108 @parser.c:1799
[QTS:EMIT] pos=1166 u32=0x0000001b (27) @parser.c:1777
[QTS:SCOPE] push: level=12 first_var=-1
[QTS:SCOPE] enter: idx=12 is_body=0
[QTS:EMIT] pos=1170 op=182 @parser.c:1799
[QTS:EMIT] pos=1171 u16=0x000c (12) @parser.c:1772
[QTS:EMIT] pos=1173 op=200 @parser.c:1786
[QTS:EMIT] pos=1174 u32=0x00004f15 (20245) @parser.c:1788
[QTS:EMIT] pos=1178 op=186 @parser.c:1799
[QTS:EMIT] pos=1179 u32=0x000002a9 (681) @parser.c:1777
[QTS:EMIT] pos=1183 u16=0x000c (12) @parser.c:1772
[QTS:EMIT] pos=1185 op=200 @parser.c:1786
[QTS:EMIT] pos=1186 u32=0x00004f18 (20248) @parser.c:1788
[QTS:EMIT] pos=1190 op=66 @parser.c:1799
[QTS:EMIT] pos=1191 atom=679 @parser.c:1807
[QTS:EMIT] pos=1195 op=200 @parser.c:1786
[QTS:EMIT] pos=1196 u32=0x00004f1d (20253) @parser.c:1788
[QTS:EMIT] pos=1200 op=186 @parser.c:1799
[QTS:EMIT] pos=1201 u32=0x0000022a (554) @parser.c:1777
[QTS:EMIT] pos=1205 u16=0x000c (12) @parser.c:1772
[QTS:EMIT] pos=1207 op=1 @parser.c:1799
[QTS:EMIT] pos=1208 u32=0x00000000 (0) @parser.c:1777
[QTS:EMIT] pos=1212 op=200 @parser.c:1786
[QTS:EMIT] pos=1213 u32=0x00004f20 (20256) @parser.c:1788
[QTS:EMIT] pos=1217 op=72 @parser.c:1799
[QTS:EMIT] pos=1218 op=200 @parser.c:1786
[QTS:EMIT] pos=1219 u32=0x00004f1c (20252) @parser.c:1788
[QTS:EMIT] pos=1223 op=72 @parser.c:1799
[QTS:EMIT] pos=1224 op=187 @parser.c:1799
[QTS:EMIT] pos=1225 atom=688 @parser.c:1807
[QTS:EMIT] pos=1229 u16=0x000c (12) @parser.c:1772
[QTS:SCOPE] push: level=13 first_var=-1
[QTS:SCOPE] enter: idx=13 is_body=0
[QTS:EMIT] pos=1231 op=182 @parser.c:1799
[QTS:EMIT] pos=1232 u16=0x000d (13) @parser.c:1772
[QTS:EMIT] pos=1234 op=200 @parser.c:1786
[QTS:EMIT] pos=1235 u32=0x00004f3d (20285) @parser.c:1788
[QTS:EMIT] pos=1239 op=186 @parser.c:1799
[QTS:EMIT] pos=1240 u32=0x000002b0 (688) @parser.c:1777
[QTS:EMIT] pos=1244 u16=0x000d (13) @parser.c:1772
[QTS:EMIT] pos=1246 op=153 @parser.c:1799
[QTS:EMIT] pos=1247 op=4 @parser.c:1799
[QTS:EMIT] pos=1248 u32=0x0000001b (27) @parser.c:1777
[QTS:EMIT] pos=1252 op=200 @parser.c:1786
[QTS:EMIT] pos=1253 u32=0x00004f3f (20287) @parser.c:1788
[QTS:EMIT] pos=1257 op=171 @parser.c:1799
[QTS:EMIT] pos=1258 op=108 @parser.c:1799
[QTS:EMIT] pos=1259 u32=0x0000001c (28) @parser.c:1777
[QTS:SCOPE] push: level=14 first_var=-1
[QTS:SCOPE] enter: idx=14 is_body=0
[QTS:EMIT] pos=1263 op=182 @parser.c:1799
[QTS:EMIT] pos=1264 u16=0x000e (14) @parser.c:1772
[QTS:EMIT] pos=1266 op=200 @parser.c:1786
[QTS:EMIT] pos=1267 u32=0x00004f60 (20320) @parser.c:1788
[QTS:EMIT] pos=1271 op=186 @parser.c:1799
[QTS:EMIT] pos=1272 u32=0x00000266 (614) @parser.c:1777
[QTS:EMIT] pos=1276 u16=0x000e (14) @parser.c:1772
[QTS:EMIT] pos=1278 op=4 @parser.c:1799
[QTS:EMIT] pos=1279 u32=0x000002b1 (689) @parser.c:1777
[QTS:EMIT] pos=1283 op=200 @parser.c:1786
[QTS:EMIT] pos=1284 u32=0x00004f66 (20326) @parser.c:1788
[QTS:EMIT] pos=1288 op=34 @parser.c:1799
[QTS:EMIT] pos=1289 u16=0x0001 (1) @parser.c:1772
[QTS:EMIT] pos=1291 op=14 @parser.c:1799
[QTS:SCOPE] push: level=15 first_var=-1
[QTS:SCOPE] enter: idx=15 is_body=0
[QTS:EMIT] pos=1292 op=182 @parser.c:1799
[QTS:EMIT] pos=1293 u16=0x000f (15) @parser.c:1772
[QTS:EMIT] pos=1295 op=200 @parser.c:1786
[QTS:EMIT] pos=1296 u32=0x00004f81 (20353) @parser.c:1788
[QTS:EMIT] pos=1300 op=186 @parser.c:1799
[QTS:EMIT] pos=1301 u32=0x000002b0 (688) @parser.c:1777
[QTS:EMIT] pos=1305 u16=0x000f (15) @parser.c:1772
[QTS:EMIT] pos=1307 op=200 @parser.c:1786
[QTS:EMIT] pos=1308 u32=0x00004f82 (20354) @parser.c:1788
[QTS:EMIT] pos=1312 op=66 @parser.c:1799
[QTS:EMIT] pos=1313 atom=48 @parser.c:1807
[QTS:EMIT] pos=1317 op=1 @parser.c:1799
[QTS:EMIT] pos=1318 u32=0x00000000 (0) @parser.c:1777
[QTS:EMIT] pos=1322 op=200 @parser.c:1786
[QTS:EMIT] pos=1323 u32=0x00004f8a (20362) @parser.c:1788
[QTS:EMIT] pos=1327 op=171 @parser.c:1799
[QTS:EMIT] pos=1328 op=108 @parser.c:1799
[QTS:EMIT] pos=1329 u32=0x0000001d (29) @parser.c:1777
[QTS:EMIT] pos=1333 op=200 @parser.c:1786
[QTS:EMIT] pos=1334 u32=0x00004fa4 (20388) @parser.c:1788
[QTS:EMIT] pos=1338 op=186 @parser.c:1799
[QTS:EMIT] pos=1339 u32=0x00000266 (614) @parser.c:1777
[QTS:EMIT] pos=1343 u16=0x000f (15) @parser.c:1772
[QTS:EMIT] pos=1345 op=4 @parser.c:1799
[QTS:EMIT] pos=1346 u32=0x000002b2 (690) @parser.c:1777
[QTS:EMIT] pos=1350 op=200 @parser.c:1786
[QTS:EMIT] pos=1351 u32=0x00004faa (20394) @parser.c:1788
[QTS:EMIT] pos=1355 op=34 @parser.c:1799
[QTS:EMIT] pos=1356 u16=0x0001 (1) @parser.c:1772
[QTS:EMIT] pos=1358 op=14 @parser.c:1799
[QTS:EMIT] pos=1359 op=184 @parser.c:1799
[QTS:EMIT] pos=1360 u32=0x0000001d (29) @parser.c:1777
[QTS:SCOPE] leave: idx=15
[QTS:SCOPE] pop: level=15
[QTS:EMIT] pos=1364 op=183 @parser.c:1799
[QTS:EMIT] pos=1365 u16=0x000f (15) @parser.c:1772
[QTS:SCOPE] leave: idx=14
[QTS:SCOPE] pop: level=14
[QTS:EMIT] pos=1367 op=183 @parser.c:1799
[QTS:EMIT] pos=1368 u16=0x000e (14) @parser.c:1772
[QTS:EMIT] pos=1370 op=110 @parser.c:1799
[QTS:EMIT] pos=1371 u32=0x0000001e (30) @parser.c:1777
[QTS:EMIT] pos=1375 op=184 @parser.c:1799
[QTS:EMIT] pos=1376 u32=0x0000001c (28) @parser.c:1777
[QTS:SCOPE] push: level=16 first_var=-1
[QTS:SCOPE] enter: idx=16 is_body=0
[QTS:EMIT] pos=1380 op=182 @parser.c:1799
[QTS:EMIT] pos=1381 u16=0x0010 (16) @parser.c:1772
[QTS:EMIT] pos=1383 op=200 @parser.c:1786
[QTS:EMIT] pos=1384 u32=0x00004fdb (20443) @parser.c:1788
[QTS:EMIT] pos=1388 op=186 @parser.c:1799
[QTS:EMIT] pos=1389 u32=0x000002b0 (688) @parser.c:1777
[QTS:EMIT] pos=1393 u16=0x0010 (16) @parser.c:1772
[QTS:EMIT] pos=1395 op=153 @parser.c:1799
[QTS:EMIT] pos=1396 op=4 @parser.c:1799
[QTS:EMIT] pos=1397 u32=0x0000004b (75) @parser.c:1777
[QTS:EMIT] pos=1401 op=200 @parser.c:1786
[QTS:EMIT] pos=1402 u32=0x00004fdd (20445) @parser.c:1788
[QTS:EMIT] pos=1406 op=171 @parser.c:1799
[QTS:EMIT] pos=1407 op=108 @parser.c:1799
[QTS:EMIT] pos=1408 u32=0x0000001f (31) @parser.c:1777
[QTS:SCOPE] push: level=17 first_var=-1
[QTS:SCOPE] enter: idx=17 is_body=0
[QTS:EMIT] pos=1412 op=182 @parser.c:1799
[QTS:EMIT] pos=1413 u16=0x0011 (17) @parser.c:1772
[QTS:EMIT] pos=1415 op=200 @parser.c:1786
[QTS:EMIT] pos=1416 u32=0x00004ffc (20476) @parser.c:1788
[QTS:EMIT] pos=1420 op=186 @parser.c:1799
[QTS:EMIT] pos=1421 u32=0x00000266 (614) @parser.c:1777
[QTS:EMIT] pos=1425 u16=0x0011 (17) @parser.c:1772
[QTS:EMIT] pos=1427 op=4 @parser.c:1799
[QTS:EMIT] pos=1428 u32=0x0000029a (666) @parser.c:1777
[QTS:EMIT] pos=1432 op=200 @parser.c:1786
[QTS:EMIT] pos=1433 u32=0x00005002 (20482) @parser.c:1788
[QTS:EMIT] pos=1437 op=34 @parser.c:1799
[QTS:EMIT] pos=1438 u16=0x0001 (1) @parser.c:1772
[QTS:EMIT] pos=1440 op=14 @parser.c:1799
[QTS:SCOPE] leave: idx=17
[QTS:SCOPE] pop: level=17
[QTS:EMIT] pos=1441 op=183 @parser.c:1799
[QTS:EMIT] pos=1442 u16=0x0011 (17) @parser.c:1772
[QTS:EMIT] pos=1444 op=184 @parser.c:1799
[QTS:EMIT] pos=1445 u32=0x0000001f (31) @parser.c:1777
[QTS:SCOPE] leave: idx=16
[QTS:SCOPE] pop: level=16
[QTS:EMIT] pos=1449 op=183 @parser.c:1799
[QTS:EMIT] pos=1450 u16=0x0010 (16) @parser.c:1772
[QTS:EMIT] pos=1452 op=184 @parser.c:1799
[QTS:EMIT] pos=1453 u32=0x0000001e (30) @parser.c:1777
[QTS:SCOPE] leave: idx=13
[QTS:SCOPE] pop: level=13
[QTS:EMIT] pos=1457 op=183 @parser.c:1799
[QTS:EMIT] pos=1458 u16=0x000d (13) @parser.c:1772
[QTS:SCOPE] leave: idx=12
[QTS:SCOPE] pop: level=12
[QTS:EMIT] pos=1460 op=183 @parser.c:1799
[QTS:EMIT] pos=1461 u16=0x000c (12) @parser.c:1772
[QTS:EMIT] pos=1463 op=184 @parser.c:1799
[QTS:EMIT] pos=1464 u32=0x0000001b (27) @parser.c:1777
[QTS:SCOPE] leave: idx=11
[QTS:SCOPE] pop: level=11
[QTS:EMIT] pos=1468 op=183 @parser.c:1799
[QTS:EMIT] pos=1469 u16=0x000b (11) @parser.c:1772
[QTS:SCOPE] push: level=18 first_var=-1
[QTS:SCOPE] enter: idx=18 is_body=0
[QTS:EMIT] pos=1471 op=182 @parser.c:1799
[QTS:EMIT] pos=1472 u16=0x0012 (18) @parser.c:1772
[QTS:EMIT] pos=1474 op=200 @parser.c:1786
[QTS:EMIT] pos=1475 u32=0x00005059 (20569) @parser.c:1788
[QTS:EMIT] pos=1479 op=186 @parser.c:1799
[QTS:EMIT] pos=1480 u32=0x00000221 (545) @parser.c:1777
[QTS:EMIT] pos=1484 u16=0x0012 (18) @parser.c:1772
[QTS:EMIT] pos=1486 op=200 @parser.c:1786
[QTS:EMIT] pos=1487 u32=0x00005066 (20582) @parser.c:1788
[QTS:EMIT] pos=1491 op=186 @parser.c:1799
[QTS:EMIT] pos=1492 u32=0x000002a8 (680) @parser.c:1777
[QTS:EMIT] pos=1496 u16=0x0012 (18) @parser.c:1772
[QTS:EMIT] pos=1498 op=200 @parser.c:1786
[QTS:EMIT] pos=1499 u32=0x00005062 (20578) @parser.c:1788
[QTS:EMIT] pos=1503 op=173 @parser.c:1799
[QTS:EMIT] pos=1504 op=17 @parser.c:1799
[QTS:EMIT] pos=1505 op=108 @parser.c:1799
[QTS:EMIT] pos=1506 u32=0x00000020 (32) @parser.c:1777
[QTS:EMIT] pos=1510 op=14 @parser.c:1799
[QTS:EMIT] pos=1511 op=200 @parser.c:1786
[QTS:EMIT] pos=1512 u32=0x00005074 (20596) @parser.c:1788
[QTS:EMIT] pos=1516 op=186 @parser.c:1799
[QTS:EMIT] pos=1517 u32=0x0000022a (554) @parser.c:1777
[QTS:EMIT] pos=1521 u16=0x0012 (18) @parser.c:1772
[QTS:EMIT] pos=1523 op=200 @parser.c:1786
[QTS:EMIT] pos=1524 u32=0x00005077 (20599) @parser.c:1788
[QTS:EMIT] pos=1528 op=66 @parser.c:1799
[QTS:EMIT] pos=1529 atom=48 @parser.c:1807
[QTS:EMIT] pos=1533 op=1 @parser.c:1799
[QTS:EMIT] pos=1534 u32=0x00000002 (2) @parser.c:1777
[QTS:EMIT] pos=1538 op=200 @parser.c:1786
[QTS:EMIT] pos=1539 u32=0x0000507f (20607) @parser.c:1788
[QTS:EMIT] pos=1543 op=168 @parser.c:1799
[QTS:EMIT] pos=1544 op=184 @parser.c:1799
[QTS:EMIT] pos=1545 u32=0x00000020 (32) @parser.c:1777
[QTS:EMIT] pos=1549 op=108 @parser.c:1799
[QTS:EMIT] pos=1550 u32=0x00000021 (33) @parser.c:1777
[QTS:SCOPE] push: level=19 first_var=-1
[QTS:SCOPE] enter: idx=19 is_body=0
[QTS:EMIT] pos=1554 op=182 @parser.c:1799
[QTS:EMIT] pos=1555 u16=0x0013 (19) @parser.c:1772
[QTS:EMIT] pos=1557 op=200 @parser.c:1786
[QTS:EMIT] pos=1558 u32=0x00005093 (20627) @parser.c:1788
[QTS:EMIT] pos=1562 op=186 @parser.c:1799
[QTS:EMIT] pos=1563 u32=0x000002ab (683) @parser.c:1777
[QTS:EMIT] pos=1567 u16=0x0013 (19) @parser.c:1772
[QTS:EMIT] pos=1562 op=189 @parser.c:1799
[QTS:EMIT] pos=1563 atom=683 @parser.c:1807
[QTS:EMIT] pos=1567 u32=0x00000022 (34) @parser.c:1777
[QTS:EMIT] pos=1571 u16=0x0013 (19) @parser.c:1772
[QTS:ASSIGN] lvalue: opcode=61 scope=19 atom=683 label=34
[QTS:EMIT] pos=1573 op=1 @parser.c:1799
[QTS:EMIT] pos=1574 u32=0x00000000 (0) @parser.c:1777
[QTS:EMIT] pos=1578 op=184 @parser.c:1799
[QTS:EMIT] pos=1579 u32=0x00000022 (34) @parser.c:1777
[QTS:EMIT] pos=1583 op=22 @parser.c:1799
[QTS:EMIT] pos=1584 op=62 @parser.c:1799
[QTS:EMIT] pos=1585 op=14 @parser.c:1799
[QTS:SCOPE] push: level=20 first_var=-1
[QTS:SCOPE] enter: idx=20 is_body=0
[QTS:EMIT] pos=1586 op=182 @parser.c:1799
[QTS:EMIT] pos=1587 u16=0x0014 (20) @parser.c:1772
[QTS:EMIT] pos=1589 op=200 @parser.c:1786
[QTS:EMIT] pos=1590 u32=0x000050b3 (20659) @parser.c:1788
[QTS:EMIT] pos=1594 op=186 @parser.c:1799
[QTS:EMIT] pos=1595 u32=0x00000236 (566) @parser.c:1777
[QTS:EMIT] pos=1599 u16=0x0014 (20) @parser.c:1772
[QTS:EMIT] pos=1594 op=189 @parser.c:1799
[QTS:EMIT] pos=1595 atom=566 @parser.c:1807
[QTS:EMIT] pos=1599 u32=0x00000023 (35) @parser.c:1777
[QTS:EMIT] pos=1603 u16=0x0014 (20) @parser.c:1772
[QTS:ASSIGN] lvalue: opcode=61 scope=20 atom=566 label=35
[QTS:EMIT] pos=1605 op=1 @parser.c:1799
[QTS:EMIT] pos=1606 u32=0x00000000 (0) @parser.c:1777
[QTS:EMIT] pos=1610 op=184 @parser.c:1799
[QTS:EMIT] pos=1611 u32=0x00000023 (35) @parser.c:1777
[QTS:EMIT] pos=1615 op=22 @parser.c:1799
[QTS:EMIT] pos=1616 op=62 @parser.c:1799
[QTS:EMIT] pos=1617 op=14 @parser.c:1799
[QTS:EMIT] pos=1618 op=183 @parser.c:1799
[QTS:EMIT] pos=1619 u16=0x0014 (20) @parser.c:1772
[QTS:EMIT] pos=1621 op=184 @parser.c:1799
[QTS:EMIT] pos=1622 u32=0x00000024 (36) @parser.c:1777
[QTS:EMIT] pos=1626 op=200 @parser.c:1786
[QTS:EMIT] pos=1627 u32=0x000050ba (20666) @parser.c:1788
[QTS:EMIT] pos=1631 op=186 @parser.c:1799
[QTS:EMIT] pos=1632 u32=0x00000236 (566) @parser.c:1777
[QTS:EMIT] pos=1636 u16=0x0014 (20) @parser.c:1772
[QTS:EMIT] pos=1638 op=200 @parser.c:1786
[QTS:EMIT] pos=1639 u32=0x000050be (20670) @parser.c:1788
[QTS:EMIT] pos=1643 op=186 @parser.c:1799
[QTS:EMIT] pos=1644 u32=0x0000022a (554) @parser.c:1777
[QTS:EMIT] pos=1648 u16=0x0014 (20) @parser.c:1772
[QTS:EMIT] pos=1650 op=200 @parser.c:1786
[QTS:EMIT] pos=1651 u32=0x000050c1 (20673) @parser.c:1788
[QTS:EMIT] pos=1655 op=66 @parser.c:1799
[QTS:EMIT] pos=1656 atom=48 @parser.c:1807
[QTS:EMIT] pos=1660 op=200 @parser.c:1786
[QTS:EMIT] pos=1661 u32=0x000050bc (20668) @parser.c:1788
[QTS:EMIT] pos=1665 op=165 @parser.c:1799
[QTS:EMIT] pos=1666 op=108 @parser.c:1799
[QTS:EMIT] pos=1667 u32=0x00000027 (39) @parser.c:1777
[QTS:EMIT] pos=1671 op=110 @parser.c:1799
[QTS:EMIT] pos=1672 u32=0x00000026 (38) @parser.c:1777
[QTS:EMIT] pos=1676 op=184 @parser.c:1799
[QTS:EMIT] pos=1677 u32=0x00000025 (37) @parser.c:1777
[QTS:EMIT] pos=1681 op=200 @parser.c:1786
[QTS:EMIT] pos=1682 u32=0x000050ca (20682) @parser.c:1788
[QTS:EMIT] pos=1686 op=186 @parser.c:1799
[QTS:EMIT] pos=1687 u32=0x00000236 (566) @parser.c:1777
[QTS:EMIT] pos=1691 u16=0x0014 (20) @parser.c:1772
[QTS:EMIT] pos=1686 op=189 @parser.c:1799
[QTS:EMIT] pos=1687 atom=566 @parser.c:1807
[QTS:EMIT] pos=1691 u32=0x00000028 (40) @parser.c:1777
[QTS:EMIT] pos=1695 u16=0x0014 (20) @parser.c:1772
[QTS:EMIT] pos=1697 op=61 @parser.c:1799
[QTS:EMIT] pos=1698 op=200 @parser.c:1786
[QTS:EMIT] pos=1699 u32=0x000050cb (20683) @parser.c:1788
[QTS:EMIT] pos=1703 op=147 @parser.c:1799
[QTS:EMIT] pos=1704 op=184 @parser.c:1799
[QTS:EMIT] pos=1705 u32=0x00000028 (40) @parser.c:1777
[QTS:EMIT] pos=1709 op=25 @parser.c:1799
[QTS:EMIT] pos=1710 op=62 @parser.c:1799
[QTS:EMIT] pos=1711 op=14 @parser.c:1799
[QTS:EMIT] pos=1712 op=110 @parser.c:1799
[QTS:EMIT] pos=1713 u32=0x00000024 (36) @parser.c:1777
[QTS:EMIT] pos=1717 op=184 @parser.c:1799
[QTS:EMIT] pos=1718 u32=0x00000026 (38) @parser.c:1777
[QTS:EMIT] pos=1722 op=200 @parser.c:1786
[QTS:EMIT] pos=1723 u32=0x000050df (20703) @parser.c:1788
[QTS:EMIT] pos=1727 op=186 @parser.c:1799
[QTS:EMIT] pos=1728 u32=0x000002ab (683) @parser.c:1777
[QTS:EMIT] pos=1732 u16=0x0014 (20) @parser.c:1772
[QTS:EMIT] pos=1727 op=189 @parser.c:1799
[QTS:EMIT] pos=1728 atom=683 @parser.c:1807
[QTS:EMIT] pos=1732 u32=0x00000029 (41) @parser.c:1777
[QTS:EMIT] pos=1736 u16=0x0014 (20) @parser.c:1772
[QTS:ASSIGN] lvalue: opcode=61 scope=20 atom=683 label=41
[QTS:EMIT] pos=1738 op=200 @parser.c:1786
[QTS:EMIT] pos=1739 u32=0x000050eb (20715) @parser.c:1788
[QTS:EMIT] pos=1743 op=186 @parser.c:1799
[QTS:EMIT] pos=1744 u32=0x000000a5 (165) @parser.c:1777
[QTS:EMIT] pos=1748 u16=0x0014 (20) @parser.c:1772
[QTS:EMIT] pos=1750 op=200 @parser.c:1786
[QTS:EMIT] pos=1751 u32=0x000050ef (20719) @parser.c:1788
[QTS:EMIT] pos=1755 op=66 @parser.c:1799
[QTS:EMIT] pos=1756 atom=691 @parser.c:1807
[QTS:EMIT] pos=1760 op=200 @parser.c:1786
[QTS:EMIT] pos=1761 u32=0x000050f4 (20724) @parser.c:1788
[QTS:EMIT] pos=1765 op=186 @parser.c:1799
[QTS:EMIT] pos=1766 u32=0x000002ab (683) @parser.c:1777
[QTS:EMIT] pos=1770 u16=0x0014 (20) @parser.c:1772
[QTS:EMIT] pos=1772 op=200 @parser.c:1786
[QTS:EMIT] pos=1773 u32=0x000050ff (20735) @parser.c:1788
[QTS:EMIT] pos=1777 op=186 @parser.c:1799
[QTS:EMIT] pos=1778 u32=0x0000022a (554) @parser.c:1777
[QTS:EMIT] pos=1782 u16=0x0014 (20) @parser.c:1772
[QTS:EMIT] pos=1784 op=200 @parser.c:1786
[QTS:EMIT] pos=1785 u32=0x00005103 (20739) @parser.c:1788
[QTS:EMIT] pos=1789 op=186 @parser.c:1799
[QTS:EMIT] pos=1790 u32=0x00000236 (566) @parser.c:1777
[QTS:EMIT] pos=1794 u16=0x0014 (20) @parser.c:1772
[QTS:EMIT] pos=1796 op=200 @parser.c:1786
[QTS:EMIT] pos=1797 u32=0x00005102 (20738) @parser.c:1788
[QTS:EMIT] pos=1801 op=72 @parser.c:1799
[QTS:EMIT] pos=1802 op=200 @parser.c:1786
[QTS:EMIT] pos=1803 u32=0x00005105 (20741) @parser.c:1788
[QTS:EMIT] pos=1807 op=66 @parser.c:1799
[QTS:EMIT] pos=1808 atom=48 @parser.c:1807
[QTS:EMIT] pos=1812 op=200 @parser.c:1786
[QTS:EMIT] pos=1813 u32=0x000050f3 (20723) @parser.c:1788
[QTS:EMIT] pos=1817 op=36 @parser.c:1799
[QTS:EMIT] pos=1818 u16=0x0002 (2) @parser.c:1772
[QTS:EMIT] pos=1820 op=184 @parser.c:1799
[QTS:EMIT] pos=1821 u32=0x00000029 (41) @parser.c:1777
[QTS:EMIT] pos=1825 op=22 @parser.c:1799
[QTS:EMIT] pos=1826 op=62 @parser.c:1799
[QTS:EMIT] pos=1827 op=14 @parser.c:1799
[QTS:EMIT] pos=1828 op=183 @parser.c:1799
[QTS:EMIT] pos=1829 u16=0x0014 (20) @parser.c:1772
[QTS:EMIT] pos=1872 op=184 @parser.c:1799
[QTS:EMIT] pos=1873 u32=0x00000027 (39) @parser.c:1777
[QTS:SCOPE] leave: idx=20
[QTS:SCOPE] pop: level=20
[QTS:EMIT] pos=1877 op=183 @parser.c:1799
[QTS:EMIT] pos=1878 u16=0x0014 (20) @parser.c:1772
[QTS:EMIT] pos=1880 op=200 @parser.c:1786
[QTS:EMIT] pos=1881 u32=0x0000511b (20763) @parser.c:1788
[QTS:EMIT] pos=1885 op=186 @parser.c:1799
[QTS:EMIT] pos=1886 u32=0x000002ab (683) @parser.c:1777
[QTS:EMIT] pos=1890 u16=0x0013 (19) @parser.c:1772
[QTS:EMIT] pos=1885 op=189 @parser.c:1799
[QTS:EMIT] pos=1886 atom=683 @parser.c:1807
[QTS:EMIT] pos=1890 u32=0x0000002a (42) @parser.c:1777
[QTS:EMIT] pos=1894 u16=0x0013 (19) @parser.c:1772
[QTS:EMIT] pos=1896 op=61 @parser.c:1799
[QTS:ASSIGN] lvalue: opcode=61 scope=19 atom=683 label=42
[QTS:EMIT] pos=1897 op=1 @parser.c:1799
[QTS:EMIT] pos=1898 u32=0x00000002 (2) @parser.c:1777
[QTS:ASSIGN] compound: tok=59 op=159
[QTS:EMIT] pos=1902 op=200 @parser.c:1786
[QTS:EMIT] pos=1903 u32=0x00005125 (20773) @parser.c:1788
[QTS:EMIT] pos=1907 op=159 @parser.c:1799
[QTS:EMIT] pos=1908 op=184 @parser.c:1799
[QTS:EMIT] pos=1909 u32=0x0000002a (42) @parser.c:1777
[QTS:EMIT] pos=1913 op=22 @parser.c:1799
[QTS:EMIT] pos=1914 op=62 @parser.c:1799
[QTS:EMIT] pos=1915 op=14 @parser.c:1799
[QTS:EMIT] pos=1916 op=200 @parser.c:1786
[QTS:EMIT] pos=1917 u32=0x00005137 (20791) @parser.c:1788
[QTS:EMIT] pos=1921 op=186 @parser.c:1799
[QTS:EMIT] pos=1922 u32=0x000002ad (685) @parser.c:1777
[QTS:EMIT] pos=1926 u16=0x0013 (19) @parser.c:1772
[QTS:EMIT] pos=1921 op=189 @parser.c:1799
[QTS:EMIT] pos=1922 atom=685 @parser.c:1807
[QTS:EMIT] pos=1926 u32=0x0000002b (43) @parser.c:1777
[QTS:EMIT] pos=1930 u16=0x0013 (19) @parser.c:1772
[QTS:ASSIGN] lvalue: opcode=61 scope=19 atom=685 label=43
[QTS:EMIT] pos=1932 op=200 @parser.c:1786
[QTS:EMIT] pos=1933 u32=0x00005140 (20800) @parser.c:1788
[QTS:EMIT] pos=1937 op=186 @parser.c:1799
[QTS:EMIT] pos=1938 u32=0x000000a5 (165) @parser.c:1777
[QTS:EMIT] pos=1942 u16=0x0013 (19) @parser.c:1772
[QTS:EMIT] pos=1944 op=200 @parser.c:1786
[QTS:EMIT] pos=1945 u32=0x00005144 (20804) @parser.c:1788
[QTS:EMIT] pos=1949 op=66 @parser.c:1799
[QTS:EMIT] pos=1950 atom=691 @parser.c:1807
[QTS:EMIT] pos=1954 op=1 @parser.c:1799
[QTS:EMIT] pos=1955 u32=0x00000001 (1) @parser.c:1777
[QTS:EMIT] pos=1959 op=200 @parser.c:1786
[QTS:EMIT] pos=1960 u32=0x0000514c (20812) @parser.c:1788
[QTS:EMIT] pos=1964 op=186 @parser.c:1799
[QTS:EMIT] pos=1965 u32=0x000000a5 (165) @parser.c:1777
[QTS:EMIT] pos=1969 u16=0x0013 (19) @parser.c:1772
[QTS:EMIT] pos=1971 op=200 @parser.c:1786
[QTS:EMIT] pos=1972 u32=0x00005150 (20816) @parser.c:1788
[QTS:EMIT] pos=1976 op=66 @parser.c:1799
[QTS:EMIT] pos=1977 atom=692 @parser.c:1807
[QTS:EMIT] pos=1981 op=200 @parser.c:1786
[QTS:EMIT] pos=1982 u32=0x00005158 (20824) @parser.c:1788
[QTS:EMIT] pos=1986 op=186 @parser.c:1799
[QTS:EMIT] pos=1987 u32=0x00000227 (551) @parser.c:1777
[QTS:EMIT] pos=1991 u16=0x0013 (19) @parser.c:1772
[QTS:EMIT] pos=1993 op=1 @parser.c:1799
[QTS:EMIT] pos=1994 u32=0x00000001 (1) @parser.c:1777
[QTS:EMIT] pos=1998 op=200 @parser.c:1786
[QTS:EMIT] pos=1999 u32=0x00005163 (20835) @parser.c:1788
[QTS:EMIT] pos=2003 op=159 @parser.c:1799
[QTS:EMIT] pos=2004 op=200 @parser.c:1786
[QTS:EMIT] pos=2005 u32=0x0000516a (20842) @parser.c:1788
[QTS:EMIT] pos=2009 op=186 @parser.c:1799
[QTS:EMIT] pos=2010 u32=0x000002ab (683) @parser.c:1777
[QTS:EMIT] pos=2014 u16=0x0013 (19) @parser.c:1772
[QTS:EMIT] pos=2016 op=200 @parser.c:1786
[QTS:EMIT] pos=2017 u32=0x00005168 (20840) @parser.c:1788
[QTS:EMIT] pos=2021 op=157 @parser.c:1799
[QTS:EMIT] pos=2022 op=200 @parser.c:1786
[QTS:EMIT] pos=2023 u32=0x00005156 (20822) @parser.c:1788
[QTS:EMIT] pos=2027 op=36 @parser.c:1799
[QTS:EMIT] pos=2028 u16=0x0001 (1) @parser.c:1772
[QTS:EMIT] pos=2030 op=200 @parser.c:1786
[QTS:EMIT] pos=2031 u32=0x00005148 (20808) @parser.c:1788
[QTS:EMIT] pos=2035 op=36 @parser.c:1799
[QTS:EMIT] pos=2036 u16=0x0002 (2) @parser.c:1772
[QTS:EMIT] pos=2038 op=184 @parser.c:1799
[QTS:EMIT] pos=2039 u32=0x0000002b (43) @parser.c:1777
[QTS:EMIT] pos=2043 op=22 @parser.c:1799
[QTS:EMIT] pos=2044 op=62 @parser.c:1799
[QTS:EMIT] pos=2045 op=14 @parser.c:1799
[QTS:EMIT] pos=2046 op=200 @parser.c:1786
[QTS:EMIT] pos=2047 u32=0x00005183 (20867) @parser.c:1788
[QTS:EMIT] pos=2051 op=186 @parser.c:1799
[QTS:EMIT] pos=2052 u32=0x000002af (687) @parser.c:1777
[QTS:EMIT] pos=2056 u16=0x0013 (19) @parser.c:1772
[QTS:EMIT] pos=2051 op=189 @parser.c:1799
[QTS:EMIT] pos=2052 atom=687 @parser.c:1807
[QTS:EMIT] pos=2056 u32=0x0000002c (44) @parser.c:1777
[QTS:EMIT] pos=2060 u16=0x0013 (19) @parser.c:1772
[QTS:ASSIGN] lvalue: opcode=61 scope=19 atom=687 label=44
[QTS:EMIT] pos=2062 op=200 @parser.c:1786
[QTS:EMIT] pos=2063 u32=0x0000518c (20876) @parser.c:1788
[QTS:EMIT] pos=2067 op=186 @parser.c:1799
[QTS:EMIT] pos=2068 u32=0x000000a5 (165) @parser.c:1777
[QTS:EMIT] pos=2072 u16=0x0013 (19) @parser.c:1772
[QTS:EMIT] pos=2074 op=200 @parser.c:1786
[QTS:EMIT] pos=2075 u32=0x00005190 (20880) @parser.c:1788
[QTS:EMIT] pos=2079 op=66 @parser.c:1799
[QTS:EMIT] pos=2080 atom=693 @parser.c:1807
[QTS:EMIT] pos=2084 op=200 @parser.c:1786
[QTS:EMIT] pos=2085 u32=0x00005196 (20886) @parser.c:1788
[QTS:EMIT] pos=2089 op=186 @parser.c:1799
[QTS:EMIT] pos=2090 u32=0x0000022a (554) @parser.c:1777
[QTS:EMIT] pos=2094 u16=0x0013 (19) @parser.c:1772
[QTS:EMIT] pos=2096 op=200 @parser.c:1786
[QTS:EMIT] pos=2097 u32=0x00005199 (20889) @parser.c:1788
[QTS:EMIT] pos=2101 op=66 @parser.c:1799
[QTS:EMIT] pos=2102 atom=48 @parser.c:1807
[QTS:EMIT] pos=2106 op=200 @parser.c:1786
[QTS:EMIT] pos=2107 u32=0x000051a3 (20899) @parser.c:1788
[QTS:EMIT] pos=2111 op=186 @parser.c:1799
[QTS:EMIT] pos=2112 u32=0x000002ad (685) @parser.c:1777
[QTS:EMIT] pos=2116 u16=0x0013 (19) @parser.c:1772
[QTS:EMIT] pos=2118 op=200 @parser.c:1786
[QTS:EMIT] pos=2119 u32=0x000051a1 (20897) @parser.c:1788
[QTS:EMIT] pos=2123 op=157 @parser.c:1799
[QTS:EMIT] pos=2124 op=200 @parser.c:1786
[QTS:EMIT] pos=2125 u32=0x00005195 (20885) @parser.c:1788
[QTS:EMIT] pos=2129 op=36 @parser.c:1799
[QTS:EMIT] pos=2130 u16=0x0001 (1) @parser.c:1772
[QTS:EMIT] pos=2132 op=184 @parser.c:1799
[QTS:EMIT] pos=2133 u32=0x0000002c (44) @parser.c:1777
[QTS:EMIT] pos=2137 op=22 @parser.c:1799
[QTS:EMIT] pos=2138 op=62 @parser.c:1799
[QTS:EMIT] pos=2139 op=14 @parser.c:1799
[QTS:EMIT] pos=2140 op=200 @parser.c:1786
[QTS:EMIT] pos=2141 u32=0x000051b8 (20920) @parser.c:1788
[QTS:EMIT] pos=2145 op=186 @parser.c:1799
[QTS:EMIT] pos=2146 u32=0x000001d8 (472) @parser.c:1777
[QTS:EMIT] pos=2150 u16=0x0013 (19) @parser.c:1772
[QTS:EMIT] pos=2152 op=200 @parser.c:1786
[QTS:EMIT] pos=2153 u32=0x000051bb (20923) @parser.c:1788
[QTS:EMIT] pos=2157 op=66 @parser.c:1799
[QTS:EMIT] pos=2158 atom=595 @parser.c:1807
[QTS:EMIT] pos=2162 op=4 @parser.c:1799
[QTS:EMIT] pos=2163 u32=0x0000025a (602) @parser.c:1777
[QTS:EMIT] pos=2167 op=200 @parser.c:1786
[QTS:EMIT] pos=2168 u32=0x000051c0 (20928) @parser.c:1788
[QTS:EMIT] pos=2172 op=36 @parser.c:1799
[QTS:EMIT] pos=2173 u16=0x0001 (1) @parser.c:1772
[QTS:EMIT] pos=2175 op=14 @parser.c:1799
[QTS:SCOPE] push: level=21 first_var=-1
[QTS:SCOPE] enter: idx=21 is_body=0
[QTS:EMIT] pos=2176 op=182 @parser.c:1799
[QTS:EMIT] pos=2177 u16=0x0015 (21) @parser.c:1772
[QTS:EMIT] pos=2179 op=200 @parser.c:1786
[QTS:EMIT] pos=2180 u32=0x0000520f (21007) @parser.c:1788
[QTS:EMIT] pos=2184 op=186 @parser.c:1799
[QTS:EMIT] pos=2185 u32=0x000002ae (686) @parser.c:1777
[QTS:EMIT] pos=2189 u16=0x0015 (21) @parser.c:1772
[QTS:EMIT] pos=2184 op=189 @parser.c:1799
[QTS:EMIT] pos=2185 atom=686 @parser.c:1807
[QTS:EMIT] pos=2189 u32=0x0000002d (45) @parser.c:1777
[QTS:EMIT] pos=2193 u16=0x0015 (21) @parser.c:1772
[QTS:ASSIGN] lvalue: opcode=61 scope=21 atom=686 label=45
[QTS:EMIT] pos=2195 op=1 @parser.c:1799
[QTS:EMIT] pos=2196 u32=0x00000000 (0) @parser.c:1777
[QTS:EMIT] pos=2200 op=184 @parser.c:1799
[QTS:EMIT] pos=2201 u32=0x0000002d (45) @parser.c:1777
[QTS:EMIT] pos=2205 op=22 @parser.c:1799
[QTS:EMIT] pos=2206 op=62 @parser.c:1799
[QTS:EMIT] pos=2207 op=14 @parser.c:1799
[QTS:EMIT] pos=2208 op=183 @parser.c:1799
[QTS:EMIT] pos=2209 u16=0x0015 (21) @parser.c:1772
[QTS:EMIT] pos=2211 op=184 @parser.c:1799
[QTS:EMIT] pos=2212 u32=0x0000002e (46) @parser.c:1777
[QTS:EMIT] pos=2216 op=200 @parser.c:1786
[QTS:EMIT] pos=2217 u32=0x00005218 (21016) @parser.c:1788
[QTS:EMIT] pos=2221 op=186 @parser.c:1799
[QTS:EMIT] pos=2222 u32=0x000002ae (686) @parser.c:1777
[QTS:EMIT] pos=2226 u16=0x0015 (21) @parser.c:1772
[QTS:EMIT] pos=2228 op=200 @parser.c:1786
[QTS:EMIT] pos=2229 u32=0x0000521e (21022) @parser.c:1788
[QTS:EMIT] pos=2233 op=186 @parser.c:1799
[QTS:EMIT] pos=2234 u32=0x000002af (687) @parser.c:1777
[QTS:EMIT] pos=2238 u16=0x0015 (21) @parser.c:1772
[QTS:EMIT] pos=2240 op=200 @parser.c:1786
[QTS:EMIT] pos=2241 u32=0x0000521c (21020) @parser.c:1788
[QTS:EMIT] pos=2245 op=165 @parser.c:1799
[QTS:EMIT] pos=2246 op=108 @parser.c:1799
[QTS:EMIT] pos=2247 u32=0x00000031 (49) @parser.c:1777
[QTS:EMIT] pos=2251 op=110 @parser.c:1799
[QTS:EMIT] pos=2252 u32=0x00000030 (48) @parser.c:1777
[QTS:EMIT] pos=2256 op=184 @parser.c:1799
[QTS:EMIT] pos=2257 u32=0x0000002f (47) @parser.c:1777
[QTS:EMIT] pos=2261 op=200 @parser.c:1786
[QTS:EMIT] pos=2262 u32=0x00005226 (21030) @parser.c:1788
[QTS:EMIT] pos=2266 op=186 @parser.c:1799
[QTS:EMIT] pos=2267 u32=0x000002ae (686) @parser.c:1777
[QTS:EMIT] pos=2271 u16=0x0015 (21) @parser.c:1772
[QTS:EMIT] pos=2266 op=189 @parser.c:1799
[QTS:EMIT] pos=2267 atom=686 @parser.c:1807
[QTS:EMIT] pos=2271 u32=0x00000032 (50) @parser.c:1777
[QTS:EMIT] pos=2275 u16=0x0015 (21) @parser.c:1772
[QTS:EMIT] pos=2277 op=61 @parser.c:1799
[QTS:EMIT] pos=2278 op=200 @parser.c:1786
[QTS:EMIT] pos=2279 u32=0x00005229 (21033) @parser.c:1788
[QTS:EMIT] pos=2283 op=147 @parser.c:1799
[QTS:EMIT] pos=2284 op=184 @parser.c:1799
[QTS:EMIT] pos=2285 u32=0x00000032 (50) @parser.c:1777
[QTS:EMIT] pos=2289 op=25 @parser.c:1799
[QTS:EMIT] pos=2290 op=62 @parser.c:1799
[QTS:EMIT] pos=2291 op=14 @parser.c:1799
[QTS:EMIT] pos=2292 op=110 @parser.c:1799
[QTS:EMIT] pos=2293 u32=0x0000002e (46) @parser.c:1777
[QTS:EMIT] pos=2297 op=184 @parser.c:1799
[QTS:EMIT] pos=2298 u32=0x00000030 (48) @parser.c:1777
[QTS:SCOPE] push: level=22 first_var=-1
[QTS:SCOPE] enter: idx=22 is_body=0
[QTS:EMIT] pos=2302 op=182 @parser.c:1799
[QTS:EMIT] pos=2303 u16=0x0016 (22) @parser.c:1772
[QTS:SCOPE] push: level=23 first_var=-1
[QTS:SCOPE] enter: idx=23 is_body=0
[QTS:EMIT] pos=2305 op=182 @parser.c:1799
[QTS:EMIT] pos=2306 u16=0x0017 (23) @parser.c:1772
[QTS:EMIT] pos=2308 op=200 @parser.c:1786
[QTS:EMIT] pos=2309 u32=0x00005244 (21060) @parser.c:1788
[QTS:EMIT] pos=2313 op=186 @parser.c:1799
[QTS:EMIT] pos=2314 u32=0x000002ac (684) @parser.c:1777
[QTS:EMIT] pos=2318 u16=0x0017 (23) @parser.c:1772
[QTS:EMIT] pos=2313 op=189 @parser.c:1799
[QTS:EMIT] pos=2314 atom=684 @parser.c:1807
[QTS:EMIT] pos=2318 u32=0x00000033 (51) @parser.c:1777
[QTS:EMIT] pos=2322 u16=0x0017 (23) @parser.c:1772
[QTS:ASSIGN] lvalue: opcode=61 scope=23 atom=684 label=51
[QTS:EMIT] pos=2324 op=1 @parser.c:1799
[QTS:EMIT] pos=2325 u32=0x00000000 (0) @parser.c:1777
[QTS:EMIT] pos=2329 op=184 @parser.c:1799
[QTS:EMIT] pos=2330 u32=0x00000033 (51) @parser.c:1777
[QTS:EMIT] pos=2334 op=22 @parser.c:1799
[QTS:EMIT] pos=2335 op=62 @parser.c:1799
[QTS:EMIT] pos=2336 op=14 @parser.c:1799
[QTS:EMIT] pos=2337 op=183 @parser.c:1799
[QTS:EMIT] pos=2338 u16=0x0017 (23) @parser.c:1772
[QTS:EMIT] pos=2340 op=184 @parser.c:1799
[QTS:EMIT] pos=2341 u32=0x00000034 (52) @parser.c:1777
[QTS:EMIT] pos=2345 op=200 @parser.c:1786
[QTS:EMIT] pos=2346 u32=0x0000524d (21069) @parser.c:1788
[QTS:EMIT] pos=2350 op=186 @parser.c:1799
[QTS:EMIT] pos=2351 u32=0x000002ac (684) @parser.c:1777
[QTS:EMIT] pos=2355 u16=0x0017 (23) @parser.c:1772
[QTS:EMIT] pos=2357 op=200 @parser.c:1786
[QTS:EMIT] pos=2358 u32=0x00005253 (21075) @parser.c:1788
[QTS:EMIT] pos=2362 op=186 @parser.c:1799
[QTS:EMIT] pos=2363 u32=0x000002ad (685) @parser.c:1777
[QTS:EMIT] pos=2367 u16=0x0017 (23) @parser.c:1772
[QTS:EMIT] pos=2369 op=200 @parser.c:1786
[QTS:EMIT] pos=2370 u32=0x00005251 (21073) @parser.c:1788
[QTS:EMIT] pos=2374 op=165 @parser.c:1799
[QTS:EMIT] pos=2375 op=108 @parser.c:1799
[QTS:EMIT] pos=2376 u32=0x00000037 (55) @parser.c:1777
[QTS:EMIT] pos=2380 op=110 @parser.c:1799
[QTS:EMIT] pos=2381 u32=0x00000036 (54) @parser.c:1777
[QTS:EMIT] pos=2385 op=184 @parser.c:1799
[QTS:EMIT] pos=2386 u32=0x00000035 (53) @parser.c:1777
[QTS:EMIT] pos=2390 op=200 @parser.c:1786
[QTS:EMIT] pos=2391 u32=0x0000525b (21083) @parser.c:1788
[QTS:EMIT] pos=2395 op=186 @parser.c:1799
[QTS:EMIT] pos=2396 u32=0x000002ac (684) @parser.c:1777
[QTS:EMIT] pos=2400 u16=0x0017 (23) @parser.c:1772
[QTS:EMIT] pos=2395 op=189 @parser.c:1799
[QTS:EMIT] pos=2396 atom=684 @parser.c:1807
[QTS:EMIT] pos=2400 u32=0x00000038 (56) @parser.c:1777
[QTS:EMIT] pos=2404 u16=0x0017 (23) @parser.c:1772
[QTS:EMIT] pos=2406 op=61 @parser.c:1799
[QTS:EMIT] pos=2407 op=200 @parser.c:1786
[QTS:EMIT] pos=2408 u32=0x0000525e (21086) @parser.c:1788
[QTS:EMIT] pos=2412 op=147 @parser.c:1799
[QTS:EMIT] pos=2413 op=184 @parser.c:1799
[QTS:EMIT] pos=2414 u32=0x00000038 (56) @parser.c:1777
[QTS:EMIT] pos=2418 op=25 @parser.c:1799
[QTS:EMIT] pos=2419 op=62 @parser.c:1799
[QTS:EMIT] pos=2420 op=14 @parser.c:1799
[QTS:EMIT] pos=2421 op=110 @parser.c:1799
[QTS:EMIT] pos=2422 u32=0x00000034 (52) @parser.c:1777
[QTS:EMIT] pos=2426 op=184 @parser.c:1799
[QTS:EMIT] pos=2427 u32=0x00000036 (54) @parser.c:1777
[QTS:SCOPE] push: level=24 first_var=-1
[QTS:SCOPE] enter: idx=24 is_body=0
[QTS:EMIT] pos=2431 op=182 @parser.c:1799
[QTS:EMIT] pos=2432 u16=0x0018 (24) @parser.c:1772
[QTS:EMIT] pos=2434 op=200 @parser.c:1786
[QTS:EMIT] pos=2435 u32=0x00005278 (21112) @parser.c:1788
[QTS:EMIT] pos=2439 op=186 @parser.c:1799
[QTS:EMIT] pos=2440 u32=0x00000236 (566) @parser.c:1777
[QTS:EMIT] pos=2444 u16=0x0018 (24) @parser.c:1772
[QTS:EMIT] pos=2439 op=189 @parser.c:1799
[QTS:EMIT] pos=2440 atom=566 @parser.c:1807
[QTS:EMIT] pos=2444 u32=0x00000039 (57) @parser.c:1777
[QTS:EMIT] pos=2448 u16=0x0018 (24) @parser.c:1772
[QTS:ASSIGN] lvalue: opcode=61 scope=24 atom=566 label=57
[QTS:EMIT] pos=2450 op=200 @parser.c:1786
[QTS:EMIT] pos=2451 u32=0x0000527c (21116) @parser.c:1788
[QTS:EMIT] pos=2455 op=186 @parser.c:1799
[QTS:EMIT] pos=2456 u32=0x000002ac (684) @parser.c:1777
[QTS:EMIT] pos=2460 u16=0x0018 (24) @parser.c:1772
[QTS:EMIT] pos=2462 op=200 @parser.c:1786
[QTS:EMIT] pos=2463 u32=0x00005282 (21122) @parser.c:1788
[QTS:EMIT] pos=2467 op=186 @parser.c:1799
[QTS:EMIT] pos=2468 u32=0x000002af (687) @parser.c:1777
[QTS:EMIT] pos=2472 u16=0x0018 (24) @parser.c:1772
[QTS:EMIT] pos=2474 op=200 @parser.c:1786
[QTS:EMIT] pos=2475 u32=0x00005280 (21120) @parser.c:1788
[QTS:EMIT] pos=2479 op=156 @parser.c:1799
[QTS:EMIT] pos=2480 op=200 @parser.c:1786
[QTS:EMIT] pos=2481 u32=0x0000528b (21131) @parser.c:1788
[QTS:EMIT] pos=2485 op=186 @parser.c:1799
[QTS:EMIT] pos=2486 u32=0x000002ae (686) @parser.c:1777
[QTS:EMIT] pos=2490 u16=0x0018 (24) @parser.c:1772
[QTS:EMIT] pos=2492 op=200 @parser.c:1786
[QTS:EMIT] pos=2493 u32=0x00005289 (21129) @parser.c:1788
[QTS:EMIT] pos=2497 op=159 @parser.c:1799
[QTS:EMIT] pos=2498 op=184 @parser.c:1799
[QTS:EMIT] pos=2499 u32=0x00000039 (57) @parser.c:1777
[QTS:EMIT] pos=2503 op=22 @parser.c:1799
[QTS:EMIT] pos=2504 op=62 @parser.c:1799
[QTS:EMIT] pos=2505 op=14 @parser.c:1799
[QTS:SCOPE] push: level=25 first_var=-1
[QTS:SCOPE] enter: idx=25 is_body=0
[QTS:EMIT] pos=2506 op=182 @parser.c:1799
[QTS:EMIT] pos=2507 u16=0x0019 (25) @parser.c:1772
[QTS:EMIT] pos=2509 op=200 @parser.c:1786
[QTS:EMIT] pos=2510 u32=0x000052a8 (21160) @parser.c:1788
[QTS:EMIT] pos=2514 op=186 @parser.c:1799
[QTS:EMIT] pos=2515 u32=0x00000236 (566) @parser.c:1777
[QTS:EMIT] pos=2519 u16=0x0019 (25) @parser.c:1772
[QTS:EMIT] pos=2521 op=200 @parser.c:1786
[QTS:EMIT] pos=2522 u32=0x000052ad (21165) @parser.c:1788
[QTS:EMIT] pos=2526 op=186 @parser.c:1799
[QTS:EMIT] pos=2527 u32=0x0000022a (554) @parser.c:1777
[QTS:EMIT] pos=2531 u16=0x0019 (25) @parser.c:1772
[QTS:EMIT] pos=2533 op=200 @parser.c:1786
[QTS:EMIT] pos=2534 u32=0x000052b0 (21168) @parser.c:1788
[QTS:EMIT] pos=2538 op=66 @parser.c:1799
[QTS:EMIT] pos=2539 atom=48 @parser.c:1807
[QTS:EMIT] pos=2543 op=200 @parser.c:1786
[QTS:EMIT] pos=2544 u32=0x000052aa (21162) @parser.c:1788
[QTS:EMIT] pos=2548 op=168 @parser.c:1799
[QTS:EMIT] pos=2549 op=108 @parser.c:1799
[QTS:EMIT] pos=2550 u32=0x0000003a (58) @parser.c:1777
[QTS:EMIT] pos=2554 op=183 @parser.c:1799
[QTS:EMIT] pos=2555 u16=0x0019 (25) @parser.c:1772
[QTS:EMIT] pos=2557 op=183 @parser.c:1799
[QTS:EMIT] pos=2558 u16=0x0018 (24) @parser.c:1772
[QTS:EMIT] pos=2560 op=110 @parser.c:1799
[QTS:EMIT] pos=2561 u32=0x00000037 (55) @parser.c:1777
[QTS:EMIT] pos=2565 op=184 @parser.c:1799
[QTS:EMIT] pos=2566 u32=0x0000003a (58) @parser.c:1777
[QTS:SCOPE] leave: idx=25
[QTS:SCOPE] pop: level=25
[QTS:EMIT] pos=2570 op=183 @parser.c:1799
[QTS:EMIT] pos=2571 u16=0x0019 (25) @parser.c:1772
[QTS:EMIT] pos=2573 op=200 @parser.c:1786
[QTS:EMIT] pos=2574 u32=0x000052ec (21228) @parser.c:1788
[QTS:EMIT] pos=2578 op=186 @parser.c:1799
[QTS:EMIT] pos=2579 u32=0x00000289 (649) @parser.c:1777
[QTS:EMIT] pos=2583 u16=0x0018 (24) @parser.c:1772
[QTS:EMIT] pos=2578 op=189 @parser.c:1799
[QTS:EMIT] pos=2579 atom=649 @parser.c:1807
[QTS:EMIT] pos=2583 u32=0x0000003b (59) @parser.c:1777
[QTS:EMIT] pos=2587 u16=0x0018 (24) @parser.c:1772
[QTS:ASSIGN] lvalue: opcode=61 scope=24 atom=649 label=59
[QTS:EMIT] pos=2589 op=200 @parser.c:1786
[QTS:EMIT] pos=2590 u32=0x000052f0 (21232) @parser.c:1788
[QTS:EMIT] pos=2594 op=186 @parser.c:1799
[QTS:EMIT] pos=2595 u32=0x0000022a (554) @parser.c:1777
[QTS:EMIT] pos=2599 u16=0x0018 (24) @parser.c:1772
[QTS:EMIT] pos=2601 op=200 @parser.c:1786
[QTS:EMIT] pos=2602 u32=0x000052f4 (21236) @parser.c:1788
[QTS:EMIT] pos=2606 op=186 @parser.c:1799
[QTS:EMIT] pos=2607 u32=0x00000236 (566) @parser.c:1777
[QTS:EMIT] pos=2611 u16=0x0018 (24) @parser.c:1772
[QTS:EMIT] pos=2613 op=200 @parser.c:1786
[QTS:EMIT] pos=2614 u32=0x000052f3 (21235) @parser.c:1788
[QTS:EMIT] pos=2618 op=72 @parser.c:1799
[QTS:EMIT] pos=2619 op=184 @parser.c:1799
[QTS:EMIT] pos=2620 u32=0x0000003b (59) @parser.c:1777
[QTS:EMIT] pos=2624 op=22 @parser.c:1799
[QTS:EMIT] pos=2625 op=62 @parser.c:1799
[QTS:EMIT] pos=2626 op=14 @parser.c:1799
[QTS:SCOPE] push: level=26 first_var=-1
[QTS:SCOPE] enter: idx=26 is_body=0
[QTS:EMIT] pos=2627 op=182 @parser.c:1799
[QTS:EMIT] pos=2628 u16=0x001a (26) @parser.c:1772
[QTS:EMIT] pos=2630 op=200 @parser.c:1786
[QTS:EMIT] pos=2631 u32=0x00005310 (21264) @parser.c:1788
[QTS:EMIT] pos=2635 op=186 @parser.c:1799
[QTS:EMIT] pos=2636 u32=0x000002ac (684) @parser.c:1777
[QTS:EMIT] pos=2640 u16=0x001a (26) @parser.c:1772
[QTS:EMIT] pos=2642 op=200 @parser.c:1786
[QTS:EMIT] pos=2643 u32=0x00005317 (21271) @parser.c:1788
[QTS:EMIT] pos=2647 op=186 @parser.c:1799
[QTS:EMIT] pos=2648 u32=0x000002ad (685) @parser.c:1777
[QTS:EMIT] pos=2652 u16=0x001a (26) @parser.c:1772
[QTS:EMIT] pos=2654 op=1 @parser.c:1799
[QTS:EMIT] pos=2655 u32=0x00000001 (1) @parser.c:1777
[QTS:EMIT] pos=2659 op=200 @parser.c:1786
[QTS:EMIT] pos=2660 u32=0x0000531e (21278) @parser.c:1788
[QTS:EMIT] pos=2664 op=160 @parser.c:1799
[QTS:EMIT] pos=2665 op=200 @parser.c:1786
[QTS:EMIT] pos=2666 u32=0x00005314 (21268) @parser.c:1788
[QTS:EMIT] pos=2670 op=172 @parser.c:1799
[QTS:EMIT] pos=2671 op=108 @parser.c:1799
[QTS:EMIT] pos=2672 u32=0x0000003c (60) @parser.c:1777
[QTS:EMIT] pos=2676 op=200 @parser.c:1786
[QTS:EMIT] pos=2677 u32=0x0000533b (21307) @parser.c:1788
[QTS:EMIT] pos=2681 op=186 @parser.c:1799
[QTS:EMIT] pos=2682 u32=0x00000289 (649) @parser.c:1777
[QTS:EMIT] pos=2686 u16=0x001a (26) @parser.c:1772
[QTS:EMIT] pos=2681 op=189 @parser.c:1799
[QTS:EMIT] pos=2682 atom=649 @parser.c:1807
[QTS:EMIT] pos=2686 u32=0x0000003d (61) @parser.c:1777
[QTS:EMIT] pos=2690 u16=0x001a (26) @parser.c:1772
[QTS:ASSIGN] lvalue: opcode=61 scope=26 atom=649 label=61
[QTS:EMIT] pos=2692 op=200 @parser.c:1786
[QTS:EMIT] pos=2693 u32=0x0000533f (21311) @parser.c:1788
[QTS:EMIT] pos=2697 op=186 @parser.c:1799
[QTS:EMIT] pos=2698 u32=0x00000289 (649) @parser.c:1777
[QTS:EMIT] pos=2702 u16=0x001a (26) @parser.c:1772
[QTS:EMIT] pos=2704 op=200 @parser.c:1786
[QTS:EMIT] pos=2705 u32=0x00005340 (21312) @parser.c:1788
[QTS:EMIT] pos=2709 op=66 @parser.c:1799
[QTS:EMIT] pos=2710 atom=331 @parser.c:1807
[QTS:EMIT] pos=2714 op=200 @parser.c:1786
[QTS:EMIT] pos=2715 u32=0x00005348 (21320) @parser.c:1788
[QTS:EMIT] pos=2719 op=186 @parser.c:1799
[QTS:EMIT] pos=2720 u32=0x000002ab (683) @parser.c:1777
[QTS:EMIT] pos=2724 u16=0x001a (26) @parser.c:1772
[QTS:EMIT] pos=2726 op=200 @parser.c:1786
[QTS:EMIT] pos=2727 u32=0x00005347 (21319) @parser.c:1788
[QTS:EMIT] pos=2731 op=36 @parser.c:1799
[QTS:EMIT] pos=2732 u16=0x0001 (1) @parser.c:1772
[QTS:EMIT] pos=2734 op=184 @parser.c:1799
[QTS:EMIT] pos=2735 u32=0x0000003d (61) @parser.c:1777
[QTS:EMIT] pos=2739 op=22 @parser.c:1799
[QTS:EMIT] pos=2740 op=62 @parser.c:1799
[QTS:EMIT] pos=2741 op=14 @parser.c:1799
[QTS:EMIT] pos=2742 op=184 @parser.c:1799
[QTS:EMIT] pos=2743 u32=0x0000003c (60) @parser.c:1777
[QTS:SCOPE] leave: idx=26
[QTS:SCOPE] pop: level=26
[QTS:EMIT] pos=2747 op=183 @parser.c:1799
[QTS:EMIT] pos=2748 u16=0x001a (26) @parser.c:1772
[QTS:EMIT] pos=2750 op=200 @parser.c:1786
[QTS:EMIT] pos=2751 u32=0x00005368 (21352) @parser.c:1788
[QTS:EMIT] pos=2755 op=186 @parser.c:1799
[QTS:EMIT] pos=2756 u32=0x000001d8 (472) @parser.c:1777
[QTS:EMIT] pos=2760 u16=0x0018 (24) @parser.c:1772
[QTS:EMIT] pos=2762 op=200 @parser.c:1786
[QTS:EMIT] pos=2763 u32=0x0000536b (21355) @parser.c:1788
[QTS:EMIT] pos=2767 op=66 @parser.c:1799
[QTS:EMIT] pos=2768 atom=595 @parser.c:1807
[QTS:EMIT] pos=2772 op=200 @parser.c:1786
[QTS:EMIT] pos=2773 u32=0x00005371 (21361) @parser.c:1788
[QTS:EMIT] pos=2777 op=186 @parser.c:1799
[QTS:EMIT] pos=2778 u32=0x00000289 (649) @parser.c:1777
[QTS:EMIT] pos=2782 u16=0x0018 (24) @parser.c:1772
[QTS:EMIT] pos=2784 op=200 @parser.c:1786
[QTS:EMIT] pos=2785 u32=0x00005370 (21360) @parser.c:1788
[QTS:EMIT] pos=2789 op=36 @parser.c:1799
[QTS:EMIT] pos=2790 u16=0x0001 (1) @parser.c:1772
[QTS:EMIT] pos=2792 op=14 @parser.c:1799
[QTS:SCOPE] leave: idx=24
[QTS:SCOPE] pop: level=24
[QTS:EMIT] pos=2793 op=183 @parser.c:1799
[QTS:EMIT] pos=2794 u16=0x0018 (24) @parser.c:1772
[QTS:EMIT] pos=2796 op=183 @parser.c:1799
[QTS:EMIT] pos=2797 u16=0x0017 (23) @parser.c:1772
[QTS:EMIT] pos=2840 op=184 @parser.c:1799
[QTS:EMIT] pos=2841 u32=0x00000037 (55) @parser.c:1777
[QTS:SCOPE] leave: idx=23
[QTS:SCOPE] pop: level=23
[QTS:EMIT] pos=2845 op=183 @parser.c:1799
[QTS:EMIT] pos=2846 u16=0x0017 (23) @parser.c:1772
[QTS:EMIT] pos=2848 op=200 @parser.c:1786
[QTS:EMIT] pos=2849 u32=0x00005397 (21399) @parser.c:1788
[QTS:EMIT] pos=2853 op=186 @parser.c:1799
[QTS:EMIT] pos=2854 u32=0x000001d8 (472) @parser.c:1777
[QTS:EMIT] pos=2858 u16=0x0016 (22) @parser.c:1772
[QTS:EMIT] pos=2860 op=200 @parser.c:1786
[QTS:EMIT] pos=2861 u32=0x0000539a (21402) @parser.c:1788
[QTS:EMIT] pos=2865 op=66 @parser.c:1799
[QTS:EMIT] pos=2866 atom=595 @parser.c:1807
[QTS:EMIT] pos=2870 op=4 @parser.c:1799
[QTS:EMIT] pos=2871 u32=0x0000025a (602) @parser.c:1777
[QTS:EMIT] pos=2875 op=200 @parser.c:1786
[QTS:EMIT] pos=2876 u32=0x0000539f (21407) @parser.c:1788
[QTS:EMIT] pos=2880 op=36 @parser.c:1799
[QTS:EMIT] pos=2881 u16=0x0001 (1) @parser.c:1772
[QTS:EMIT] pos=2883 op=14 @parser.c:1799
[QTS:SCOPE] leave: idx=22
[QTS:SCOPE] pop: level=22
[QTS:EMIT] pos=2884 op=183 @parser.c:1799
[QTS:EMIT] pos=2885 u16=0x0016 (22) @parser.c:1772
[QTS:EMIT] pos=2887 op=183 @parser.c:1799
[QTS:EMIT] pos=2888 u16=0x0015 (21) @parser.c:1772
[QTS:EMIT] pos=2931 op=184 @parser.c:1799
[QTS:EMIT] pos=2932 u32=0x00000031 (49) @parser.c:1777
[QTS:SCOPE] leave: idx=21
[QTS:SCOPE] pop: level=21
[QTS:EMIT] pos=2936 op=183 @parser.c:1799
[QTS:EMIT] pos=2937 u16=0x0015 (21) @parser.c:1772
[QTS:EMIT] pos=2939 op=200 @parser.c:1786
[QTS:EMIT] pos=2940 u32=0x000053e5 (21477) @parser.c:1788
[QTS:EMIT] pos=2944 op=186 @parser.c:1799
[QTS:EMIT] pos=2945 u32=0x00000292 (658) @parser.c:1777
[QTS:EMIT] pos=2949 u16=0x0013 (19) @parser.c:1772
[QTS:EMIT] pos=2951 op=200 @parser.c:1786
[QTS:EMIT] pos=2952 u32=0x000053fa (21498) @parser.c:1788
[QTS:EMIT] pos=2956 op=34 @parser.c:1799
[QTS:EMIT] pos=2957 u16=0x0000 (0) @parser.c:1772
[QTS:EMIT] pos=2959 op=14 @parser.c:1799
[QTS:SCOPE] leave: idx=19
[QTS:SCOPE] pop: level=19
[QTS:EMIT] pos=2960 op=183 @parser.c:1799
[QTS:EMIT] pos=2961 u16=0x0013 (19) @parser.c:1772
[QTS:EMIT] pos=2963 op=184 @parser.c:1799
[QTS:EMIT] pos=2964 u32=0x00000021 (33) @parser.c:1777
[QTS:SCOPE] leave: idx=18
[QTS:SCOPE] pop: level=18
[QTS:EMIT] pos=2968 op=183 @parser.c:1799
[QTS:EMIT] pos=2969 u16=0x0012 (18) @parser.c:1772
[QTS:EMIT] pos=2971 op=41 @parser.c:1799
[QTS:EMIT] pos=828 op=11 @parser.c:1799
[QTS:EMIT] pos=829 op=200 @parser.c:1786
[QTS:EMIT] pos=830 u32=0x00005433 (21555) @parser.c:1788
[QTS:EMIT] pos=834 op=186 @parser.c:1799
[QTS:EMIT] pos=835 u32=0x0000026a (618) @parser.c:1777
[QTS:EMIT] pos=839 u16=0x0001 (1) @parser.c:1772
[QTS:EMIT] pos=841 op=78 @parser.c:1799
[QTS:EMIT] pos=842 atom=695 @parser.c:1807
[QTS:EMIT] pos=846 op=200 @parser.c:1786
[QTS:EMIT] pos=847 u32=0x00005465 (21605) @parser.c:1788
[QTS:EMIT] pos=851 op=186 @parser.c:1799
[QTS:EMIT] pos=852 u32=0x0000026d (621) @parser.c:1777
[QTS:EMIT] pos=856 u16=0x0001 (1) @parser.c:1772
[QTS:EMIT] pos=858 op=78 @parser.c:1799
[QTS:EMIT] pos=859 atom=696 @parser.c:1807
[QTS:EMIT] pos=863 op=200 @parser.c:1786
[QTS:EMIT] pos=864 u32=0x0000549d (21661) @parser.c:1788
[QTS:EMIT] pos=868 op=186 @parser.c:1799
[QTS:EMIT] pos=869 u32=0x0000028f (655) @parser.c:1777
[QTS:EMIT] pos=873 u16=0x0001 (1) @parser.c:1772
[QTS:EMIT] pos=875 op=78 @parser.c:1799
[QTS:EMIT] pos=876 atom=697 @parser.c:1807
[QTS:EMIT] pos=880 op=200 @parser.c:1786
[QTS:EMIT] pos=881 u32=0x000054c9 (21705) @parser.c:1788
[QTS:EMIT] pos=885 op=186 @parser.c:1799
[QTS:EMIT] pos=886 u32=0x0000027f (639) @parser.c:1777
[QTS:EMIT] pos=890 u16=0x0001 (1) @parser.c:1772
[QTS:EMIT] pos=892 op=78 @parser.c:1799
[QTS:EMIT] pos=893 atom=698 @parser.c:1807
[QTS:EMIT] pos=897 op=200 @parser.c:1786
[QTS:EMIT] pos=898 u32=0x00005503 (21763) @parser.c:1788
[QTS:EMIT] pos=902 op=186 @parser.c:1799
[QTS:EMIT] pos=903 u32=0x0000026b (619) @parser.c:1777
[QTS:EMIT] pos=907 u16=0x0001 (1) @parser.c:1772
[QTS:EMIT] pos=909 op=78 @parser.c:1799
[QTS:EMIT] pos=910 atom=699 @parser.c:1807
[QTS:EMIT] pos=914 op=200 @parser.c:1786
[QTS:EMIT] pos=915 u32=0x0000552f (21807) @parser.c:1788
[QTS:EMIT] pos=919 op=186 @parser.c:1799
[QTS:EMIT] pos=920 u32=0x0000026c (620) @parser.c:1777
[QTS:EMIT] pos=924 u16=0x0001 (1) @parser.c:1772
[QTS:EMIT] pos=926 op=78 @parser.c:1799
[QTS:EMIT] pos=927 atom=700 @parser.c:1807
[QTS:EMIT] pos=931 op=200 @parser.c:1786
[QTS:EMIT] pos=932 u32=0x00005565 (21861) @parser.c:1788
[QTS:EMIT] pos=936 op=186 @parser.c:1799
[QTS:EMIT] pos=937 u32=0x00000268 (616) @parser.c:1777
[QTS:EMIT] pos=941 u16=0x0001 (1) @parser.c:1772
[QTS:EMIT] pos=943 op=78 @parser.c:1799
[QTS:EMIT] pos=944 atom=701 @parser.c:1807
[QTS:EMIT] pos=948 op=200 @parser.c:1786
[QTS:EMIT] pos=949 u32=0x0000558c (21900) @parser.c:1788
[QTS:EMIT] pos=953 op=186 @parser.c:1799
[QTS:EMIT] pos=954 u32=0x00000280 (640) @parser.c:1777
[QTS:EMIT] pos=958 u16=0x0001 (1) @parser.c:1772
[QTS:EMIT] pos=960 op=78 @parser.c:1799
[QTS:EMIT] pos=961 atom=702 @parser.c:1807
[QTS:EMIT] pos=965 op=200 @parser.c:1786
[QTS:EMIT] pos=966 u32=0x000055c7 (21959) @parser.c:1788
[QTS:EMIT] pos=970 op=186 @parser.c:1799
[QTS:EMIT] pos=971 u32=0x000002a8 (680) @parser.c:1777
[QTS:EMIT] pos=975 u16=0x0001 (1) @parser.c:1772
[QTS:EMIT] pos=977 op=78 @parser.c:1799
[QTS:EMIT] pos=978 atom=703 @parser.c:1807
[QTS:EMIT] pos=982 op=200 @parser.c:1786
[QTS:EMIT] pos=983 u32=0x00005606 (22022) @parser.c:1788
[QTS:EMIT] pos=987 op=186 @parser.c:1799
[QTS:EMIT] pos=988 u32=0x00000273 (627) @parser.c:1777
[QTS:EMIT] pos=992 u16=0x0001 (1) @parser.c:1772
[QTS:EMIT] pos=994 op=78 @parser.c:1799
[QTS:EMIT] pos=995 atom=602 @parser.c:1807
[QTS:EMIT] pos=999 op=200 @parser.c:1786
[QTS:EMIT] pos=1000 u32=0x00005636 (22070) @parser.c:1788
[QTS:EMIT] pos=1004 op=186 @parser.c:1799
[QTS:EMIT] pos=1005 u32=0x0000028a (650) @parser.c:1777
[QTS:EMIT] pos=1009 u16=0x0001 (1) @parser.c:1772
[QTS:EMIT] pos=1011 op=78 @parser.c:1799
[QTS:EMIT] pos=1012 atom=704 @parser.c:1807
[QTS:EMIT] pos=1016 op=200 @parser.c:1786
[QTS:EMIT] pos=1017 u32=0x00005672 (22130) @parser.c:1788
[QTS:EMIT] pos=1021 op=186 @parser.c:1799
[QTS:EMIT] pos=1022 u32=0x00000273 (627) @parser.c:1777
[QTS:EMIT] pos=1026 u16=0x0001 (1) @parser.c:1772
[QTS:EMIT] pos=1028 op=78 @parser.c:1799
[QTS:EMIT] pos=1029 atom=705 @parser.c:1807
[QTS:EMIT] pos=1033 op=200 @parser.c:1786
[QTS:EMIT] pos=1034 u32=0x000056a0 (22176) @parser.c:1788
[QTS:EMIT] pos=1038 op=186 @parser.c:1799
[QTS:EMIT] pos=1039 u32=0x00000276 (630) @parser.c:1777
[QTS:EMIT] pos=1043 u16=0x0001 (1) @parser.c:1772
[QTS:EMIT] pos=1045 op=78 @parser.c:1799
[QTS:EMIT] pos=1046 atom=706 @parser.c:1807
[QTS:EMIT] pos=1050 op=200 @parser.c:1786
[QTS:EMIT] pos=1051 u32=0x000056ce (22222) @parser.c:1788
[QTS:EMIT] pos=1055 op=186 @parser.c:1799
[QTS:EMIT] pos=1056 u32=0x00000275 (629) @parser.c:1777
[QTS:EMIT] pos=1060 u16=0x0001 (1) @parser.c:1772
[QTS:EMIT] pos=1062 op=78 @parser.c:1799
[QTS:EMIT] pos=1063 atom=707 @parser.c:1807
[QTS:EMIT] pos=1067 op=200 @parser.c:1786
[QTS:EMIT] pos=1068 u32=0x000056fe (22270) @parser.c:1788
[QTS:EMIT] pos=1072 op=186 @parser.c:1799
[QTS:EMIT] pos=1073 u32=0x00000267 (615) @parser.c:1777
[QTS:EMIT] pos=1077 u16=0x0001 (1) @parser.c:1772
[QTS:EMIT] pos=1079 op=78 @parser.c:1799
[QTS:EMIT] pos=1080 atom=708 @parser.c:1807
[QTS:EMIT] pos=1084 op=200 @parser.c:1786
[QTS:EMIT] pos=1085 u32=0x00005736 (22326) @parser.c:1788
[QTS:EMIT] pos=1089 op=186 @parser.c:1799
[QTS:EMIT] pos=1090 u32=0x00000269 (617) @parser.c:1777
[QTS:EMIT] pos=1094 u16=0x0001 (1) @parser.c:1772
[QTS:EMIT] pos=1096 op=78 @parser.c:1799
[QTS:EMIT] pos=1097 atom=709 @parser.c:1807
[QTS:EMIT] pos=1101 op=200 @parser.c:1786
[QTS:EMIT] pos=1102 u32=0x00005767 (22375) @parser.c:1788
[QTS:EMIT] pos=1106 op=186 @parser.c:1799
[QTS:EMIT] pos=1107 u32=0x00000269 (617) @parser.c:1777
[QTS:EMIT] pos=1111 u16=0x0001 (1) @parser.c:1772
[QTS:EMIT] pos=1113 op=78 @parser.c:1799
[QTS:EMIT] pos=1114 atom=710 @parser.c:1807
[QTS:EMIT] pos=1118 op=200 @parser.c:1786
[QTS:EMIT] pos=1119 u32=0x00005790 (22416) @parser.c:1788
[QTS:EMIT] pos=1123 op=186 @parser.c:1799
[QTS:EMIT] pos=1124 u32=0x00000281 (641) @parser.c:1777
[QTS:EMIT] pos=1128 u16=0x0001 (1) @parser.c:1772
[QTS:EMIT] pos=1130 op=78 @parser.c:1799
[QTS:EMIT] pos=1131 atom=711 @parser.c:1807
[QTS:EMIT] pos=1135 op=200 @parser.c:1786
[QTS:EMIT] pos=1136 u32=0x000057c6 (22470) @parser.c:1788
[QTS:EMIT] pos=1140 op=186 @parser.c:1799
[QTS:EMIT] pos=1141 u32=0x00000293 (659) @parser.c:1777
[QTS:EMIT] pos=1145 u16=0x0001 (1) @parser.c:1772
[QTS:EMIT] pos=1147 op=78 @parser.c:1799
[QTS:EMIT] pos=1148 atom=712 @parser.c:1807
[QTS:EMIT] pos=1152 op=200 @parser.c:1786
[QTS:EMIT] pos=1153 u32=0x000057ef (22511) @parser.c:1788
[QTS:EMIT] pos=1157 op=186 @parser.c:1799
[QTS:EMIT] pos=1158 u32=0x0000028e (654) @parser.c:1777
[QTS:EMIT] pos=1162 u16=0x0001 (1) @parser.c:1772
[QTS:EMIT] pos=1164 op=78 @parser.c:1799
[QTS:EMIT] pos=1165 atom=713 @parser.c:1807
[QTS:EMIT] pos=1169 op=200 @parser.c:1786
[QTS:EMIT] pos=1170 u32=0x00005817 (22551) @parser.c:1788
[QTS:EMIT] pos=1174 op=186 @parser.c:1799
[QTS:EMIT] pos=1175 u32=0x00000275 (629) @parser.c:1777
[QTS:EMIT] pos=1179 u16=0x0001 (1) @parser.c:1772
[QTS:EMIT] pos=1181 op=78 @parser.c:1799
[QTS:EMIT] pos=1182 atom=714 @parser.c:1807
[QTS:EMIT] pos=1186 op=200 @parser.c:1786
[QTS:EMIT] pos=1187 u32=0x0000584b (22603) @parser.c:1788
[QTS:EMIT] pos=1191 op=186 @parser.c:1799
[QTS:EMIT] pos=1192 u32=0x00000276 (630) @parser.c:1777
[QTS:EMIT] pos=1196 u16=0x0001 (1) @parser.c:1772
[QTS:EMIT] pos=1198 op=78 @parser.c:1799
[QTS:EMIT] pos=1199 atom=715 @parser.c:1807
[QTS:EMIT] pos=1203 op=200 @parser.c:1786
[QTS:EMIT] pos=1204 u32=0x0000587d (22653) @parser.c:1788
[QTS:EMIT] pos=1208 op=186 @parser.c:1799
[QTS:EMIT] pos=1209 u32=0x0000026c (620) @parser.c:1777
[QTS:EMIT] pos=1213 u16=0x0001 (1) @parser.c:1772
[QTS:EMIT] pos=1215 op=78 @parser.c:1799
[QTS:EMIT] pos=1216 atom=716 @parser.c:1807
[QTS:EMIT] pos=1220 op=200 @parser.c:1786
[QTS:EMIT] pos=1221 u32=0x000058b0 (22704) @parser.c:1788
[QTS:EMIT] pos=1225 op=186 @parser.c:1799
[QTS:EMIT] pos=1226 u32=0x0000026d (621) @parser.c:1777
[QTS:EMIT] pos=1230 u16=0x0001 (1) @parser.c:1772
[QTS:EMIT] pos=1232 op=78 @parser.c:1799
[QTS:EMIT] pos=1233 atom=717 @parser.c:1807
[QTS:EMIT] pos=1237 op=200 @parser.c:1786
[QTS:EMIT] pos=1238 u32=0x000058e3 (22755) @parser.c:1788
[QTS:EMIT] pos=1242 op=186 @parser.c:1799
[QTS:EMIT] pos=1243 u32=0x00000271 (625) @parser.c:1777
[QTS:EMIT] pos=1247 u16=0x0001 (1) @parser.c:1772
[QTS:EMIT] pos=1249 op=78 @parser.c:1799
[QTS:EMIT] pos=1250 atom=718 @parser.c:1807
[QTS:EMIT] pos=1254 op=200 @parser.c:1786
[QTS:EMIT] pos=1255 u32=0x0000591b (22811) @parser.c:1788
[QTS:EMIT] pos=1259 op=186 @parser.c:1799
[QTS:EMIT] pos=1260 u32=0x00000272 (626) @parser.c:1777
[QTS:EMIT] pos=1264 u16=0x0001 (1) @parser.c:1772
[QTS:EMIT] pos=1266 op=78 @parser.c:1799
[QTS:EMIT] pos=1267 atom=719 @parser.c:1807
[QTS:EMIT] pos=1271 op=200 @parser.c:1786
[QTS:EMIT] pos=1272 u32=0x00005956 (22870) @parser.c:1788
[QTS:EMIT] pos=1276 op=186 @parser.c:1799
[QTS:EMIT] pos=1277 u32=0x00000271 (625) @parser.c:1777
[QTS:EMIT] pos=1281 u16=0x0001 (1) @parser.c:1772
[QTS:EMIT] pos=1283 op=78 @parser.c:1799
[QTS:EMIT] pos=1284 atom=720 @parser.c:1807
[QTS:EMIT] pos=1288 op=200 @parser.c:1786
[QTS:EMIT] pos=1289 u32=0x00005994 (22932) @parser.c:1788
[QTS:EMIT] pos=1293 op=186 @parser.c:1799
[QTS:EMIT] pos=1294 u32=0x00000272 (626) @parser.c:1777
[QTS:EMIT] pos=1298 u16=0x0001 (1) @parser.c:1772
[QTS:EMIT] pos=1300 op=78 @parser.c:1799
[QTS:EMIT] pos=1301 atom=721 @parser.c:1807
[QTS:EMIT] pos=1305 op=200 @parser.c:1786
[QTS:EMIT] pos=1306 u32=0x000059d0 (22992) @parser.c:1788
[QTS:EMIT] pos=1310 op=186 @parser.c:1799
[QTS:EMIT] pos=1311 u32=0x0000026a (618) @parser.c:1777
[QTS:EMIT] pos=1315 u16=0x0001 (1) @parser.c:1772
[QTS:EMIT] pos=1317 op=78 @parser.c:1799
[QTS:EMIT] pos=1318 atom=722 @parser.c:1807
[QTS:EMIT] pos=1322 op=200 @parser.c:1786
[QTS:EMIT] pos=1323 u32=0x00005a08 (23048) @parser.c:1788
[QTS:EMIT] pos=1327 op=186 @parser.c:1799
[QTS:EMIT] pos=1328 u32=0x0000027e (638) @parser.c:1777
[QTS:EMIT] pos=1332 u16=0x0001 (1) @parser.c:1772
[QTS:EMIT] pos=1334 op=78 @parser.c:1799
[QTS:EMIT] pos=1335 atom=723 @parser.c:1807
[QTS:EMIT] pos=1339 op=200 @parser.c:1786
[QTS:EMIT] pos=1340 u32=0x00005a3d (23101) @parser.c:1788
[QTS:EMIT] pos=1344 op=186 @parser.c:1799
[QTS:EMIT] pos=1345 u32=0x0000026b (619) @parser.c:1777
[QTS:EMIT] pos=1349 u16=0x0001 (1) @parser.c:1772
[QTS:EMIT] pos=1351 op=78 @parser.c:1799
[QTS:EMIT] pos=1352 atom=724 @parser.c:1807
[QTS:EMIT] pos=1356 op=200 @parser.c:1786
[QTS:EMIT] pos=1357 u32=0x00005a6f (23151) @parser.c:1788
[QTS:EMIT] pos=1361 op=186 @parser.c:1799
[QTS:EMIT] pos=1362 u32=0x00000279 (633) @parser.c:1777
[QTS:EMIT] pos=1366 u16=0x0001 (1) @parser.c:1772
[QTS:EMIT] pos=1368 op=78 @parser.c:1799
[QTS:EMIT] pos=1369 atom=725 @parser.c:1807
[QTS:EMIT] pos=1373 op=200 @parser.c:1786
[QTS:EMIT] pos=1374 u32=0x00005ab1 (23217) @parser.c:1788
[QTS:EMIT] pos=1378 op=186 @parser.c:1799
[QTS:EMIT] pos=1379 u32=0x0000027a (634) @parser.c:1777
[QTS:EMIT] pos=1383 u16=0x0001 (1) @parser.c:1772
[QTS:EMIT] pos=1385 op=78 @parser.c:1799
[QTS:EMIT] pos=1386 atom=726 @parser.c:1807
[QTS:EMIT] pos=1390 op=200 @parser.c:1786
[QTS:EMIT] pos=1391 u32=0x00005af3 (23283) @parser.c:1788
[QTS:EMIT] pos=1395 op=186 @parser.c:1799
[QTS:EMIT] pos=1396 u32=0x00000275 (629) @parser.c:1777
[QTS:EMIT] pos=1400 u16=0x0001 (1) @parser.c:1772
[QTS:EMIT] pos=1402 op=78 @parser.c:1799
[QTS:EMIT] pos=1403 atom=727 @parser.c:1807
[QTS:EMIT] pos=1407 op=200 @parser.c:1786
[QTS:EMIT] pos=1408 u32=0x00005b27 (23335) @parser.c:1788
[QTS:EMIT] pos=1412 op=186 @parser.c:1799
[QTS:EMIT] pos=1413 u32=0x00000276 (630) @parser.c:1777
[QTS:EMIT] pos=1417 u16=0x0001 (1) @parser.c:1772
[QTS:EMIT] pos=1419 op=78 @parser.c:1799
[QTS:EMIT] pos=1420 atom=728 @parser.c:1807
[QTS:EMIT] pos=1424 op=200 @parser.c:1786
[QTS:EMIT] pos=1425 u32=0x00005b59 (23385) @parser.c:1788
[QTS:EMIT] pos=1429 op=186 @parser.c:1799
[QTS:EMIT] pos=1430 u32=0x0000026c (620) @parser.c:1777
[QTS:EMIT] pos=1434 u16=0x0001 (1) @parser.c:1772
[QTS:EMIT] pos=1436 op=78 @parser.c:1799
[QTS:EMIT] pos=1437 atom=729 @parser.c:1807
[QTS:EMIT] pos=1441 op=200 @parser.c:1786
[QTS:EMIT] pos=1442 u32=0x00005b8c (23436) @parser.c:1788
[QTS:EMIT] pos=1446 op=186 @parser.c:1799
[QTS:EMIT] pos=1447 u32=0x0000026d (621) @parser.c:1777
[QTS:EMIT] pos=1451 u16=0x0001 (1) @parser.c:1772
[QTS:EMIT] pos=1453 op=78 @parser.c:1799
[QTS:EMIT] pos=1454 atom=730 @parser.c:1807
[QTS:EMIT] pos=1458 op=200 @parser.c:1786
[QTS:EMIT] pos=1459 u32=0x00005bbf (23487) @parser.c:1788
[QTS:EMIT] pos=1463 op=186 @parser.c:1799
[QTS:EMIT] pos=1464 u32=0x0000026b (619) @parser.c:1777
[QTS:EMIT] pos=1468 u16=0x0001 (1) @parser.c:1772
[QTS:EMIT] pos=1470 op=78 @parser.c:1799
[QTS:EMIT] pos=1471 atom=731 @parser.c:1807
[QTS:EMIT] pos=1475 op=200 @parser.c:1786
[QTS:EMIT] pos=1476 u32=0x00005bef (23535) @parser.c:1788
[QTS:EMIT] pos=1480 op=186 @parser.c:1799
[QTS:EMIT] pos=1481 u32=0x0000026a (618) @parser.c:1777
[QTS:EMIT] pos=1485 u16=0x0001 (1) @parser.c:1772
[QTS:EMIT] pos=1487 op=78 @parser.c:1799
[QTS:EMIT] pos=1488 atom=732 @parser.c:1807
[QTS:EMIT] pos=1492 op=200 @parser.c:1786
[QTS:EMIT] pos=1493 u32=0x00005c28 (23592) @parser.c:1788
[QTS:EMIT] pos=1497 op=186 @parser.c:1799
[QTS:EMIT] pos=1498 u32=0x0000028d (653) @parser.c:1777
[QTS:EMIT] pos=1502 u16=0x0001 (1) @parser.c:1772
[QTS:EMIT] pos=1504 op=78 @parser.c:1799
[QTS:EMIT] pos=1505 atom=733 @parser.c:1807
[QTS:EMIT] pos=1509 op=200 @parser.c:1786
[QTS:EMIT] pos=1510 u32=0x00005c6e (23662) @parser.c:1788
[QTS:EMIT] pos=1514 op=186 @parser.c:1799
[QTS:EMIT] pos=1515 u32=0x00000272 (626) @parser.c:1777
[QTS:EMIT] pos=1519 u16=0x0001 (1) @parser.c:1772
[QTS:EMIT] pos=1521 op=78 @parser.c:1799
[QTS:EMIT] pos=1522 atom=734 @parser.c:1807
[QTS:EMIT] pos=1526 op=200 @parser.c:1786
[QTS:EMIT] pos=1527 u32=0x00005ca8 (23720) @parser.c:1788
[QTS:EMIT] pos=1531 op=186 @parser.c:1799
[QTS:EMIT] pos=1532 u32=0x0000028c (652) @parser.c:1777
[QTS:EMIT] pos=1536 u16=0x0001 (1) @parser.c:1772
[QTS:EMIT] pos=1538 op=78 @parser.c:1799
[QTS:EMIT] pos=1539 atom=735 @parser.c:1807
[QTS:EMIT] pos=1543 op=200 @parser.c:1786
[QTS:EMIT] pos=1544 u32=0x00005cda (23770) @parser.c:1788
[QTS:EMIT] pos=1548 op=186 @parser.c:1799
[QTS:EMIT] pos=1549 u32=0x00000271 (625) @parser.c:1777
[QTS:EMIT] pos=1553 u16=0x0001 (1) @parser.c:1772
[QTS:EMIT] pos=1555 op=78 @parser.c:1799
[QTS:EMIT] pos=1556 atom=736 @parser.c:1807
[QTS:EMIT] pos=1560 op=200 @parser.c:1786
[QTS:EMIT] pos=1561 u32=0x00005d13 (23827) @parser.c:1788
[QTS:EMIT] pos=1565 op=186 @parser.c:1799
[QTS:EMIT] pos=1566 u32=0x0000028b (651) @parser.c:1777
[QTS:EMIT] pos=1570 u16=0x0001 (1) @parser.c:1772
[QTS:EMIT] pos=1572 op=78 @parser.c:1799
[QTS:EMIT] pos=1573 atom=737 @parser.c:1807
[QTS:EMIT] pos=1577 op=200 @parser.c:1786
[QTS:EMIT] pos=1578 u32=0x00005d57 (23895) @parser.c:1788
[QTS:EMIT] pos=1582 op=186 @parser.c:1799
[QTS:EMIT] pos=1583 u32=0x00000288 (648) @parser.c:1777
[QTS:EMIT] pos=1587 u16=0x0001 (1) @parser.c:1772
[QTS:EMIT] pos=1589 op=78 @parser.c:1799
[QTS:EMIT] pos=1590 atom=738 @parser.c:1807
[QTS:EMIT] pos=1594 op=200 @parser.c:1786
[QTS:EMIT] pos=1595 u32=0x00005d91 (23953) @parser.c:1788
[QTS:EMIT] pos=1599 op=186 @parser.c:1799
[QTS:EMIT] pos=1600 u32=0x00000282 (642) @parser.c:1777
[QTS:EMIT] pos=1604 u16=0x0001 (1) @parser.c:1772
[QTS:EMIT] pos=1606 op=78 @parser.c:1799
[QTS:EMIT] pos=1607 atom=739 @parser.c:1807
[QTS:EMIT] pos=1611 op=200 @parser.c:1786
[QTS:EMIT] pos=1612 u32=0x00005dcf (24015) @parser.c:1788
[QTS:EMIT] pos=1616 op=186 @parser.c:1799
[QTS:EMIT] pos=1617 u32=0x00000287 (647) @parser.c:1777
[QTS:EMIT] pos=1621 u16=0x0001 (1) @parser.c:1772
[QTS:EMIT] pos=1623 op=78 @parser.c:1799
[QTS:EMIT] pos=1624 atom=740 @parser.c:1807
[QTS:EMIT] pos=1628 op=200 @parser.c:1786
[QTS:EMIT] pos=1629 u32=0x00005e04 (24068) @parser.c:1788
[QTS:EMIT] pos=1633 op=186 @parser.c:1799
[QTS:EMIT] pos=1634 u32=0x00000280 (640) @parser.c:1777
[QTS:EMIT] pos=1638 u16=0x0001 (1) @parser.c:1772
[QTS:EMIT] pos=1640 op=78 @parser.c:1799
[QTS:EMIT] pos=1641 atom=741 @parser.c:1807
[QTS:EMIT] pos=1645 op=187 @parser.c:1799
[QTS:EMIT] pos=1646 atom=694 @parser.c:1807
[QTS:EMIT] pos=1650 u16=0x0001 (1) @parser.c:1772
[QTS:SCOPE] push: level=1 first_var=-1
[QTS:SCOPE] enter: idx=1 is_body=0
[QTS:EMIT] pos=0 op=182 @parser.c:1799
[QTS:EMIT] pos=1 u16=0x0001 (1) @parser.c:1772
[QTS:EMIT] pos=3 op=4 @parser.c:1799
[QTS:EMIT] pos=4 u32=0x0000002f (47) @parser.c:1777
[QTS:EMIT] pos=8 op=187 @parser.c:1799
[QTS:EMIT] pos=9 atom=681 @parser.c:1807
[QTS:EMIT] pos=13 u16=0x0001 (1) @parser.c:1772
[QTS:EMIT] pos=15 op=184 @parser.c:1799
[QTS:EMIT] pos=16 u32=0x00000000 (0) @parser.c:1777
[QTS:EMIT] pos=20 op=200 @parser.c:1786
[QTS:EMIT] pos=21 u32=0x00005e7a (24186) @parser.c:1788
[QTS:EMIT] pos=25 op=186 @parser.c:1799
[QTS:EMIT] pos=26 u32=0x000002e7 (743) @parser.c:1777
[QTS:EMIT] pos=30 u16=0x0001 (1) @parser.c:1772
[QTS:EMIT] pos=25 op=189 @parser.c:1799
[QTS:EMIT] pos=26 atom=743 @parser.c:1807
[QTS:EMIT] pos=30 u32=0x00000002 (2) @parser.c:1777
[QTS:EMIT] pos=34 u16=0x0001 (1) @parser.c:1772
[QTS:EMIT] pos=36 op=61 @parser.c:1799
[QTS:EMIT] pos=37 op=200 @parser.c:1786
[QTS:EMIT] pos=38 u32=0x00005e7f (24191) @parser.c:1788
[QTS:EMIT] pos=42 op=146 @parser.c:1799
[QTS:EMIT] pos=43 op=184 @parser.c:1799
[QTS:EMIT] pos=44 u32=0x00000002 (2) @parser.c:1777
[QTS:EMIT] pos=48 op=25 @parser.c:1799
[QTS:EMIT] pos=49 op=62 @parser.c:1799
[QTS:EMIT] pos=50 op=1 @parser.c:1799
[QTS:EMIT] pos=51 u32=0x00000000 (0) @parser.c:1777
[QTS:EMIT] pos=55 op=200 @parser.c:1786
[QTS:EMIT] pos=56 u32=0x00005e82 (24194) @parser.c:1788
[QTS:EMIT] pos=60 op=167 @parser.c:1799
[QTS:EMIT] pos=61 op=108 @parser.c:1799
[QTS:EMIT] pos=62 u32=0x00000001 (1) @parser.c:1777
[QTS:EMIT] pos=66 op=200 @parser.c:1786
[QTS:EMIT] pos=67 u32=0x00005e93 (24211) @parser.c:1788
[QTS:EMIT] pos=71 op=186 @parser.c:1799
[QTS:EMIT] pos=72 u32=0x000002a9 (681) @parser.c:1777
[QTS:EMIT] pos=76 u16=0x0001 (1) @parser.c:1772
[QTS:EMIT] pos=71 op=189 @parser.c:1799
[QTS:EMIT] pos=72 atom=681 @parser.c:1807
[QTS:EMIT] pos=76 u32=0x00000003 (3) @parser.c:1777
[QTS:EMIT] pos=80 u16=0x0001 (1) @parser.c:1772
[QTS:EMIT] pos=82 op=61 @parser.c:1799
[QTS:ASSIGN] lvalue: opcode=61 scope=1 atom=681 label=3
[QTS:EMIT] pos=83 op=200 @parser.c:1786
[QTS:EMIT] pos=84 u32=0x00005e9a (24218) @parser.c:1788
[QTS:EMIT] pos=88 op=186 @parser.c:1799
[QTS:EMIT] pos=89 u32=0x00000244 (580) @parser.c:1777
[QTS:EMIT] pos=93 u16=0x0001 (1) @parser.c:1772
[QTS:ASSIGN] compound: tok=59 op=159
[QTS:EMIT] pos=95 op=200 @parser.c:1786
[QTS:EMIT] pos=96 u32=0x00005e97 (24215) @parser.c:1788
[QTS:EMIT] pos=100 op=159 @parser.c:1799
[QTS:EMIT] pos=101 op=184 @parser.c:1799
[QTS:EMIT] pos=102 u32=0x00000003 (3) @parser.c:1777
[QTS:EMIT] pos=106 op=22 @parser.c:1799
[QTS:EMIT] pos=107 op=62 @parser.c:1799
[QTS:EMIT] pos=108 op=14 @parser.c:1799
[QTS:EMIT] pos=109 op=110 @parser.c:1799
[QTS:EMIT] pos=110 u32=0x00000000 (0) @parser.c:1777
[QTS:EMIT] pos=114 op=184 @parser.c:1799
[QTS:EMIT] pos=115 u32=0x00000001 (1) @parser.c:1777
[QTS:EMIT] pos=119 op=200 @parser.c:1786
[QTS:EMIT] pos=120 u32=0x00005eae (24238) @parser.c:1788
[QTS:EMIT] pos=124 op=186 @parser.c:1799
[QTS:EMIT] pos=125 u32=0x000002a9 (681) @parser.c:1777
[QTS:EMIT] pos=129 u16=0x0001 (1) @parser.c:1772
[QTS:EMIT] pos=131 op=200 @parser.c:1786
[QTS:EMIT] pos=132 u32=0x00005ea7 (24231) @parser.c:1788
[QTS:EMIT] pos=136 op=40 @parser.c:1799
[QTS:SCOPE] push: level=1 first_var=-1
[QTS:SCOPE] enter: idx=1 is_body=0
[QTS:EMIT] pos=0 op=182 @parser.c:1799
[QTS:EMIT] pos=1 u16=0x0001 (1) @parser.c:1772
[QTS:EMIT] pos=3 op=200 @parser.c:1786
[QTS:EMIT] pos=4 u32=0x00005f2c (24364) @parser.c:1788
[QTS:EMIT] pos=8 op=186 @parser.c:1799
[QTS:EMIT] pos=9 u32=0x000001d8 (472) @parser.c:1777
[QTS:EMIT] pos=13 u16=0x0001 (1) @parser.c:1772
[QTS:EMIT] pos=15 op=200 @parser.c:1786
[QTS:EMIT] pos=16 u32=0x00005f2f (24367) @parser.c:1788
[QTS:EMIT] pos=20 op=66 @parser.c:1799
[QTS:EMIT] pos=21 atom=595 @parser.c:1807
[QTS:EMIT] pos=25 op=200 @parser.c:1786
[QTS:EMIT] pos=26 u32=0x00005f35 (24373) @parser.c:1788
[QTS:EMIT] pos=30 op=186 @parser.c:1799
[QTS:EMIT] pos=31 u32=0x0000020e (526) @parser.c:1777
[QTS:EMIT] pos=35 u16=0x0001 (1) @parser.c:1772
[QTS:EMIT] pos=37 op=200 @parser.c:1786
[QTS:EMIT] pos=38 u32=0x00005f34 (24372) @parser.c:1788
[QTS:EMIT] pos=42 op=36 @parser.c:1799
[QTS:EMIT] pos=43 u16=0x0001 (1) @parser.c:1772
[QTS:EMIT] pos=45 op=14 @parser.c:1799
[QTS:EMIT] pos=46 op=200 @parser.c:1786
[QTS:EMIT] pos=47 u32=0x00005f46 (24390) @parser.c:1788
[QTS:EMIT] pos=51 op=186 @parser.c:1799
[QTS:EMIT] pos=52 u32=0x00000228 (552) @parser.c:1777
[QTS:EMIT] pos=56 u16=0x0001 (1) @parser.c:1772
[QTS:EMIT] pos=51 op=189 @parser.c:1799
[QTS:EMIT] pos=52 atom=552 @parser.c:1807
[QTS:EMIT] pos=56 u32=0x00000000 (0) @parser.c:1777
[QTS:EMIT] pos=60 u16=0x0001 (1) @parser.c:1772
[QTS:ASSIGN] lvalue: opcode=61 scope=1 atom=552 label=0
[QTS:EMIT] pos=62 op=200 @parser.c:1786
[QTS:EMIT] pos=63 u32=0x00005f56 (24406) @parser.c:1788
[QTS:EMIT] pos=67 op=186 @parser.c:1799
[QTS:EMIT] pos=68 u32=0x00000243 (579) @parser.c:1777
[QTS:EMIT] pos=72 u16=0x0001 (1) @parser.c:1772
[QTS:EMIT] pos=74 op=200 @parser.c:1786
[QTS:EMIT] pos=75 u32=0x00005f61 (24417) @parser.c:1788
[QTS:EMIT] pos=79 op=186 @parser.c:1799
[QTS:EMIT] pos=80 u32=0x0000020e (526) @parser.c:1777
[QTS:EMIT] pos=84 u16=0x0001 (1) @parser.c:1772
[QTS:EMIT] pos=86 op=200 @parser.c:1786
[QTS:EMIT] pos=87 u32=0x00005f60 (24416) @parser.c:1788
[QTS:EMIT] pos=91 op=34 @parser.c:1799
[QTS:EMIT] pos=92 u16=0x0001 (1) @parser.c:1772
[QTS:EMIT] pos=94 op=200 @parser.c:1786
[QTS:EMIT] pos=95 u32=0x00005f6b (24427) @parser.c:1788
[QTS:EMIT] pos=99 op=186 @parser.c:1799
[QTS:EMIT] pos=100 u32=0x00000227 (551) @parser.c:1777
[QTS:EMIT] pos=104 u16=0x0001 (1) @parser.c:1772
[QTS:EMIT] pos=106 op=200 @parser.c:1786
[QTS:EMIT] pos=107 u32=0x00005f69 (24425) @parser.c:1788
[QTS:EMIT] pos=111 op=158 @parser.c:1799
[QTS:EMIT] pos=112 op=184 @parser.c:1799
[QTS:EMIT] pos=113 u32=0x00000000 (0) @parser.c:1777
[QTS:EMIT] pos=117 op=22 @parser.c:1799
[QTS:EMIT] pos=118 op=62 @parser.c:1799
[QTS:EMIT] pos=119 op=14 @parser.c:1799
[QTS:EMIT] pos=120 op=200 @parser.c:1786
[QTS:EMIT] pos=121 u32=0x00005f7f (24447) @parser.c:1788
[QTS:EMIT] pos=125 op=186 @parser.c:1799
[QTS:EMIT] pos=126 u32=0x0000021d (541) @parser.c:1777
[QTS:EMIT] pos=130 u16=0x0001 (1) @parser.c:1772
[QTS:EMIT] pos=125 op=189 @parser.c:1799
[QTS:EMIT] pos=126 atom=541 @parser.c:1807
[QTS:EMIT] pos=130 u32=0x00000001 (1) @parser.c:1777
[QTS:EMIT] pos=134 u16=0x0001 (1) @parser.c:1772
[QTS:ASSIGN] lvalue: opcode=61 scope=1 atom=541 label=1
[QTS:EMIT] pos=136 op=4 @parser.c:1799
[QTS:EMIT] pos=137 u32=0x0000002f (47) @parser.c:1777
[QTS:EMIT] pos=141 op=184 @parser.c:1799
[QTS:EMIT] pos=142 u32=0x00000001 (1) @parser.c:1777
[QTS:EMIT] pos=146 op=22 @parser.c:1799
[QTS:EMIT] pos=147 op=62 @parser.c:1799
[QTS:EMIT] pos=148 op=14 @parser.c:1799
[QTS:EMIT] pos=149 op=200 @parser.c:1786
[QTS:EMIT] pos=150 u32=0x00005f96 (24470) @parser.c:1788
[QTS:EMIT] pos=154 op=186 @parser.c:1799
[QTS:EMIT] pos=155 u32=0x0000021e (542) @parser.c:1777
[QTS:EMIT] pos=159 u16=0x0001 (1) @parser.c:1772
[QTS:EMIT] pos=154 op=189 @parser.c:1799
[QTS:EMIT] pos=155 atom=542 @parser.c:1807
[QTS:EMIT] pos=159 u32=0x00000002 (2) @parser.c:1777
[QTS:EMIT] pos=163 u16=0x0001 (1) @parser.c:1772
[QTS:ASSIGN] lvalue: opcode=61 scope=1 atom=542 label=2
[QTS:EMIT] pos=165 op=1 @parser.c:1799
[QTS:EMIT] pos=166 u32=0x00000000 (0) @parser.c:1777
[QTS:EMIT] pos=170 op=184 @parser.c:1799
[QTS:EMIT] pos=171 u32=0x00000002 (2) @parser.c:1777
[QTS:EMIT] pos=175 op=22 @parser.c:1799
[QTS:EMIT] pos=176 op=62 @parser.c:1799
[QTS:EMIT] pos=177 op=14 @parser.c:1799
[QTS:EMIT] pos=178 op=41 @parser.c:1799
[QTS:SCOPE] push: level=1 first_var=-1
[QTS:SCOPE] enter: idx=1 is_body=0
[QTS:EMIT] pos=0 op=182 @parser.c:1799
[QTS:EMIT] pos=1 u16=0x0001 (1) @parser.c:1772
[QTS:EMIT] pos=3 op=200 @parser.c:1786
[QTS:EMIT] pos=4 u32=0x00005fe3 (24547) @parser.c:1788
[QTS:EMIT] pos=8 op=186 @parser.c:1799
[QTS:EMIT] pos=9 u32=0x0000021b (539) @parser.c:1777
[QTS:EMIT] pos=13 u16=0x0001 (1) @parser.c:1772
[QTS:EMIT] pos=8 op=189 @parser.c:1799
[QTS:EMIT] pos=9 atom=539 @parser.c:1807
[QTS:EMIT] pos=13 u32=0x00000000 (0) @parser.c:1777
[QTS:EMIT] pos=17 u16=0x0001 (1) @parser.c:1772
[QTS:ASSIGN] lvalue: opcode=61 scope=1 atom=539 label=0
[QTS:EMIT] pos=19 op=200 @parser.c:1786
[QTS:EMIT] pos=20 u32=0x00005fe9 (24553) @parser.c:1788
[QTS:EMIT] pos=24 op=186 @parser.c:1799
[QTS:EMIT] pos=25 u32=0x000002ec (748) @parser.c:1777
[QTS:EMIT] pos=29 u16=0x0001 (1) @parser.c:1772
[QTS:EMIT] pos=31 op=17 @parser.c:1799
[QTS:EMIT] pos=32 op=109 @parser.c:1799
[QTS:EMIT] pos=33 u32=0x00000001 (1) @parser.c:1777
[QTS:EMIT] pos=37 op=14 @parser.c:1799
[QTS:EMIT] pos=38 op=4 @parser.c:1799
[QTS:EMIT] pos=39 u32=0x0000002f (47) @parser.c:1777
[QTS:EMIT] pos=43 op=184 @parser.c:1799
[QTS:EMIT] pos=44 u32=0x00000001 (1) @parser.c:1777
[QTS:EMIT] pos=48 op=184 @parser.c:1799
[QTS:EMIT] pos=49 u32=0x00000000 (0) @parser.c:1777
[QTS:EMIT] pos=53 op=22 @parser.c:1799
[QTS:EMIT] pos=54 op=62 @parser.c:1799
[QTS:EMIT] pos=55 op=14 @parser.c:1799
[QTS:EMIT] pos=56 op=200 @parser.c:1786
[QTS:EMIT] pos=57 u32=0x00005fff (24575) @parser.c:1788
[QTS:EMIT] pos=61 op=186 @parser.c:1799
[QTS:EMIT] pos=62 u32=0x0000021c (540) @parser.c:1777
[QTS:EMIT] pos=66 u16=0x0001 (1) @parser.c:1772
[QTS:EMIT] pos=61 op=189 @parser.c:1799
[QTS:EMIT] pos=62 atom=540 @parser.c:1807
[QTS:EMIT] pos=66 u32=0x00000002 (2) @parser.c:1777
[QTS:EMIT] pos=70 u16=0x0001 (1) @parser.c:1772
[QTS:ASSIGN] lvalue: opcode=61 scope=1 atom=540 label=2
[QTS:EMIT] pos=72 op=200 @parser.c:1786
[QTS:EMIT] pos=73 u32=0x0000600c (24588) @parser.c:1788
[QTS:EMIT] pos=77 op=186 @parser.c:1799
[QTS:EMIT] pos=78 u32=0x0000021b (539) @parser.c:1777
[QTS:EMIT] pos=82 u16=0x0001 (1) @parser.c:1772
[QTS:EMIT] pos=84 op=200 @parser.c:1786
[QTS:EMIT] pos=85 u32=0x0000600f (24591) @parser.c:1788
[QTS:EMIT] pos=89 op=66 @parser.c:1799
[QTS:EMIT] pos=90 atom=48 @parser.c:1807
[QTS:EMIT] pos=94 op=184 @parser.c:1799
[QTS:EMIT] pos=95 u32=0x00000002 (2) @parser.c:1777
[QTS:EMIT] pos=99 op=22 @parser.c:1799
[QTS:EMIT] pos=100 op=62 @parser.c:1799
[QTS:EMIT] pos=101 op=14 @parser.c:1799
[QTS:EMIT] pos=102 op=200 @parser.c:1786
[QTS:EMIT] pos=103 u32=0x00006020 (24608) @parser.c:1788
[QTS:EMIT] pos=107 op=186 @parser.c:1799
[QTS:EMIT] pos=108 u32=0x0000021f (543) @parser.c:1777
[QTS:EMIT] pos=112 u16=0x0001 (1) @parser.c:1772
[QTS:EMIT] pos=107 op=189 @parser.c:1799
[QTS:EMIT] pos=108 atom=543 @parser.c:1807
[QTS:EMIT] pos=112 u32=0x00000003 (3) @parser.c:1777
[QTS:EMIT] pos=116 u16=0x0001 (1) @parser.c:1772
[QTS:ASSIGN] lvalue: opcode=61 scope=1 atom=543 label=3
[QTS:EMIT] pos=118 op=200 @parser.c:1786
[QTS:EMIT] pos=119 u32=0x00006030 (24624) @parser.c:1788
[QTS:EMIT] pos=123 op=186 @parser.c:1799
[QTS:EMIT] pos=124 u32=0x00000208 (520) @parser.c:1777
[QTS:EMIT] pos=128 u16=0x0001 (1) @parser.c:1772
[QTS:EMIT] pos=130 op=200 @parser.c:1786
[QTS:EMIT] pos=131 u32=0x00006037 (24631) @parser.c:1788
[QTS:EMIT] pos=135 op=66 @parser.c:1799
[QTS:EMIT] pos=136 atom=48 @parser.c:1807
[QTS:EMIT] pos=140 op=184 @parser.c:1799
[QTS:EMIT] pos=141 u32=0x00000003 (3) @parser.c:1777
[QTS:EMIT] pos=145 op=22 @parser.c:1799
[QTS:EMIT] pos=146 op=62 @parser.c:1799
[QTS:EMIT] pos=147 op=14 @parser.c:1799
[QTS:EMIT] pos=148 op=200 @parser.c:1786
[QTS:EMIT] pos=149 u32=0x00006048 (24648) @parser.c:1788
[QTS:EMIT] pos=153 op=186 @parser.c:1799
[QTS:EMIT] pos=154 u32=0x000002ea (746) @parser.c:1777
[QTS:EMIT] pos=158 u16=0x0001 (1) @parser.c:1772
[QTS:EMIT] pos=153 op=189 @parser.c:1799
[QTS:EMIT] pos=154 atom=746 @parser.c:1807
[QTS:EMIT] pos=158 u32=0x00000004 (4) @parser.c:1777
[QTS:EMIT] pos=162 u16=0x0001 (1) @parser.c:1772
[QTS:ASSIGN] lvalue: opcode=61 scope=1 atom=746 label=4
[QTS:EMIT] pos=164 op=200 @parser.c:1786
[QTS:EMIT] pos=165 u32=0x00006056 (24662) @parser.c:1788
[QTS:EMIT] pos=169 op=186 @parser.c:1799
[QTS:EMIT] pos=170 u32=0x000002ed (749) @parser.c:1777
[QTS:EMIT] pos=174 u16=0x0001 (1) @parser.c:1772
[QTS:EMIT] pos=176 op=184 @parser.c:1799
[QTS:EMIT] pos=177 u32=0x00000004 (4) @parser.c:1777
[QTS:EMIT] pos=181 op=22 @parser.c:1799
[QTS:EMIT] pos=182 op=62 @parser.c:1799
[QTS:EMIT] pos=183 op=14 @parser.c:1799
[QTS:EMIT] pos=184 op=200 @parser.c:1786
[QTS:EMIT] pos=185 u32=0x00006062 (24674) @parser.c:1788
[QTS:EMIT] pos=189 op=186 @parser.c:1799
[QTS:EMIT] pos=190 u32=0x0000020e (526) @parser.c:1777
[QTS:EMIT] pos=194 u16=0x0001 (1) @parser.c:1772
[QTS:EMIT] pos=189 op=189 @parser.c:1799
[QTS:EMIT] pos=190 atom=526 @parser.c:1807
[QTS:EMIT] pos=194 u32=0x00000005 (5) @parser.c:1777
[QTS:EMIT] pos=198 u16=0x0001 (1) @parser.c:1772
[QTS:ASSIGN] lvalue: opcode=61 scope=1 atom=526 label=5
[QTS:EMIT] pos=200 op=200 @parser.c:1786
[QTS:EMIT] pos=201 u32=0x0000606b (24683) @parser.c:1788
[QTS:EMIT] pos=205 op=186 @parser.c:1799
[QTS:EMIT] pos=206 u32=0x0000020d (525) @parser.c:1777
[QTS:EMIT] pos=210 u16=0x0001 (1) @parser.c:1772
[QTS:EMIT] pos=212 op=184 @parser.c:1799
[QTS:EMIT] pos=213 u32=0x00000005 (5) @parser.c:1777
[QTS:EMIT] pos=217 op=22 @parser.c:1799
[QTS:EMIT] pos=218 op=62 @parser.c:1799
[QTS:EMIT] pos=219 op=14 @parser.c:1799
[QTS:SCOPE] push: level=2 first_var=-1
[QTS:SCOPE] enter: idx=2 is_body=0
[QTS:EMIT] pos=220 op=182 @parser.c:1799
[QTS:EMIT] pos=221 u16=0x0002 (2) @parser.c:1772
[QTS:EMIT] pos=223 op=200 @parser.c:1786
[QTS:EMIT] pos=224 u32=0x0000607f (24703) @parser.c:1788
[QTS:EMIT] pos=228 op=186 @parser.c:1799
[QTS:EMIT] pos=229 u32=0x00000219 (537) @parser.c:1777
[QTS:EMIT] pos=233 u16=0x0002 (2) @parser.c:1772
[QTS:EMIT] pos=235 op=108 @parser.c:1799
[QTS:EMIT] pos=236 u32=0x00000006 (6) @parser.c:1777
[QTS:SCOPE] push: level=3 first_var=-1
[QTS:SCOPE] enter: idx=3 is_body=0
[QTS:EMIT] pos=240 op=182 @parser.c:1799
[QTS:EMIT] pos=241 u16=0x0003 (3) @parser.c:1772
[QTS:EMIT] pos=243 op=200 @parser.c:1786
[QTS:EMIT] pos=244 u32=0x00006094 (24724) @parser.c:1788
[QTS:EMIT] pos=248 op=186 @parser.c:1799
[QTS:EMIT] pos=249 u32=0x0000020e (526) @parser.c:1777
[QTS:EMIT] pos=253 u16=0x0003 (3) @parser.c:1772
[QTS:EMIT] pos=248 op=189 @parser.c:1799
[QTS:EMIT] pos=249 atom=526 @parser.c:1807
[QTS:EMIT] pos=253 u32=0x00000007 (7) @parser.c:1777
[QTS:EMIT] pos=257 u16=0x0003 (3) @parser.c:1772
[QTS:EMIT] pos=259 op=61 @parser.c:1799
[QTS:ASSIGN] lvalue: opcode=61 scope=3 atom=526 label=7
[QTS:EMIT] pos=260 op=200 @parser.c:1786
[QTS:EMIT] pos=261 u32=0x0000609e (24734) @parser.c:1788
[QTS:EMIT] pos=265 op=186 @parser.c:1799
[QTS:EMIT] pos=266 u32=0x000002e6 (742) @parser.c:1777
[QTS:EMIT] pos=270 u16=0x0003 (3) @parser.c:1772
[QTS:EMIT] pos=272 op=4 @parser.c:1799
[QTS:EMIT] pos=273 u32=0x000002ee (750) @parser.c:1777
[QTS:EMIT] pos=277 op=200 @parser.c:1786
[QTS:EMIT] pos=278 u32=0x000060aa (24746) @parser.c:1788
[QTS:EMIT] pos=282 op=186 @parser.c:1799
[QTS:EMIT] pos=283 u32=0x0000020f (527) @parser.c:1777
[QTS:EMIT] pos=287 u16=0x0003 (3) @parser.c:1772
[QTS:EMIT] pos=289 op=200 @parser.c:1786
[QTS:EMIT] pos=290 u32=0x000060b1 (24753) @parser.c:1788
[QTS:EMIT] pos=294 op=186 @parser.c:1799
[QTS:EMIT] pos=295 u32=0x0000020e (526) @parser.c:1777
[QTS:EMIT] pos=299 u16=0x0003 (3) @parser.c:1772
[QTS:EMIT] pos=301 op=200 @parser.c:1786
[QTS:EMIT] pos=302 u32=0x000060b7 (24759) @parser.c:1788
[QTS:EMIT] pos=306 op=66 @parser.c:1799
[QTS:EMIT] pos=307 atom=48 @parser.c:1807
[QTS:EMIT] pos=311 op=200 @parser.c:1786
[QTS:EMIT] pos=312 u32=0x000060af (24751) @parser.c:1788
[QTS:EMIT] pos=316 op=160 @parser.c:1799
[QTS:EMIT] pos=317 op=200 @parser.c:1786
[QTS:EMIT] pos=318 u32=0x000060a4 (24740) @parser.c:1788
[QTS:EMIT] pos=322 op=34 @parser.c:1799
[QTS:EMIT] pos=323 u16=0x0002 (2) @parser.c:1772
[QTS:ASSIGN] compound: tok=59 op=159
[QTS:EMIT] pos=325 op=200 @parser.c:1786
[QTS:EMIT] pos=326 u32=0x0000609b (24731) @parser.c:1788
[QTS:EMIT] pos=330 op=159 @parser.c:1799
[QTS:EMIT] pos=331 op=184 @parser.c:1799
[QTS:EMIT] pos=332 u32=0x00000007 (7) @parser.c:1777
[QTS:EMIT] pos=336 op=22 @parser.c:1799
[QTS:EMIT] pos=337 op=62 @parser.c:1799
[QTS:EMIT] pos=338 op=14 @parser.c:1799
[QTS:EMIT] pos=339 op=200 @parser.c:1786
[QTS:EMIT] pos=340 u32=0x000060cd (24781) @parser.c:1788
[QTS:EMIT] pos=344 op=186 @parser.c:1799
[QTS:EMIT] pos=345 u32=0x0000020e (526) @parser.c:1777
[QTS:EMIT] pos=349 u16=0x0003 (3) @parser.c:1772
[QTS:EMIT] pos=344 op=189 @parser.c:1799
[QTS:EMIT] pos=345 atom=526 @parser.c:1807
[QTS:EMIT] pos=349 u32=0x00000008 (8) @parser.c:1777
[QTS:EMIT] pos=353 u16=0x0003 (3) @parser.c:1772
[QTS:EMIT] pos=355 op=61 @parser.c:1799
[QTS:ASSIGN] lvalue: opcode=61 scope=3 atom=526 label=8
[QTS:EMIT] pos=356 op=200 @parser.c:1786
[QTS:EMIT] pos=357 u32=0x000060d7 (24791) @parser.c:1788
[QTS:EMIT] pos=361 op=186 @parser.c:1799
[QTS:EMIT] pos=362 u32=0x00000212 (530) @parser.c:1777
[QTS:EMIT] pos=366 u16=0x0003 (3) @parser.c:1772
[QTS:ASSIGN] compound: tok=59 op=159
[QTS:EMIT] pos=368 op=200 @parser.c:1786
[QTS:EMIT] pos=369 u32=0x000060d4 (24788) @parser.c:1788
[QTS:EMIT] pos=373 op=159 @parser.c:1799
[QTS:EMIT] pos=374 op=184 @parser.c:1799
[QTS:EMIT] pos=375 u32=0x00000008 (8) @parser.c:1777
[QTS:EMIT] pos=379 op=22 @parser.c:1799
[QTS:EMIT] pos=380 op=62 @parser.c:1799
[QTS:EMIT] pos=381 op=14 @parser.c:1799
[QTS:SCOPE] leave: idx=3
[QTS:SCOPE] pop: level=3
[QTS:EMIT] pos=382 op=183 @parser.c:1799
[QTS:EMIT] pos=383 u16=0x0003 (3) @parser.c:1772
[QTS:EMIT] pos=385 op=110 @parser.c:1799
[QTS:EMIT] pos=386 u32=0x00000009 (9) @parser.c:1777
[QTS:EMIT] pos=390 op=184 @parser.c:1799
[QTS:EMIT] pos=391 u32=0x00000006 (6) @parser.c:1777
[QTS:SCOPE] push: level=4 first_var=-1
[QTS:SCOPE] enter: idx=4 is_body=0
[QTS:EMIT] pos=395 op=182 @parser.c:1799
[QTS:EMIT] pos=396 u16=0x0004 (4) @parser.c:1772
[QTS:SCOPE] push: level=5 first_var=-1
[QTS:SCOPE] enter: idx=5 is_body=0
[QTS:EMIT] pos=398 op=182 @parser.c:1799
[QTS:EMIT] pos=399 u16=0x0005 (5) @parser.c:1772
[QTS:EMIT] pos=401 op=200 @parser.c:1786
[QTS:EMIT] pos=402 u32=0x00006105 (24837) @parser.c:1788
[QTS:EMIT] pos=406 op=186 @parser.c:1799
[QTS:EMIT] pos=407 u32=0x00000215 (533) @parser.c:1777
[QTS:EMIT] pos=411 u16=0x0005 (5) @parser.c:1772
[QTS:EMIT] pos=413 op=108 @parser.c:1799
[QTS:EMIT] pos=414 u32=0x0000000a (10) @parser.c:1777
[QTS:SCOPE] push: level=6 first_var=-1
[QTS:SCOPE] enter: idx=6 is_body=0
[QTS:EMIT] pos=418 op=182 @parser.c:1799
[QTS:EMIT] pos=419 u16=0x0006 (6) @parser.c:1772
[QTS:EMIT] pos=421 op=200 @parser.c:1786
[QTS:EMIT] pos=422 u32=0x0000612a (24874) @parser.c:1788
[QTS:EMIT] pos=426 op=186 @parser.c:1799
[QTS:EMIT] pos=427 u32=0x00000218 (536) @parser.c:1777
[QTS:EMIT] pos=431 u16=0x0006 (6) @parser.c:1772
[QTS:EMIT] pos=433 op=1 @parser.c:1799
[QTS:EMIT] pos=434 u32=0x000003e8 (1000) @parser.c:1777
[QTS:EMIT] pos=438 op=200 @parser.c:1786
[QTS:EMIT] pos=439 u32=0x00006134 (24884) @parser.c:1788
[QTS:EMIT] pos=443 op=157 @parser.c:1799
[QTS:EMIT] pos=444 op=187 @parser.c:1799
[QTS:EMIT] pos=445 atom=682 @parser.c:1807
[QTS:EMIT] pos=449 u16=0x0006 (6) @parser.c:1772
[QTS:EMIT] pos=451 op=200 @parser.c:1786
[QTS:EMIT] pos=452 u32=0x0000614c (24908) @parser.c:1788
[QTS:EMIT] pos=456 op=186 @parser.c:1799
[QTS:EMIT] pos=457 u32=0x0000020e (526) @parser.c:1777
[QTS:EMIT] pos=461 u16=0x0006 (6) @parser.c:1772
[QTS:EMIT] pos=456 op=189 @parser.c:1799
[QTS:EMIT] pos=457 atom=526 @parser.c:1807
[QTS:EMIT] pos=461 u32=0x0000000b (11) @parser.c:1777
[QTS:EMIT] pos=465 u16=0x0006 (6) @parser.c:1772
[QTS:EMIT] pos=467 op=61 @parser.c:1799
[QTS:ASSIGN] lvalue: opcode=61 scope=6 atom=526 label=11
[QTS:EMIT] pos=468 op=200 @parser.c:1786
[QTS:EMIT] pos=469 u32=0x00006156 (24918) @parser.c:1788
[QTS:EMIT] pos=473 op=186 @parser.c:1799
[QTS:EMIT] pos=474 u32=0x000002aa (682) @parser.c:1777
[QTS:EMIT] pos=478 u16=0x0006 (6) @parser.c:1772
[QTS:EMIT] pos=480 op=200 @parser.c:1786
[QTS:EMIT] pos=481 u32=0x00006157 (24919) @parser.c:1788
[QTS:EMIT] pos=485 op=66 @parser.c:1799
[QTS:EMIT] pos=486 atom=303 @parser.c:1807
[QTS:EMIT] pos=490 op=1 @parser.c:1799
[QTS:EMIT] pos=491 u32=0x00000006 (6) @parser.c:1777
[QTS:EMIT] pos=495 op=200 @parser.c:1786
[QTS:EMIT] pos=496 u32=0x0000615f (24927) @parser.c:1788
[QTS:EMIT] pos=500 op=36 @parser.c:1799
[QTS:EMIT] pos=501 u16=0x0001 (1) @parser.c:1772
[QTS:EMIT] pos=503 op=4 @parser.c:1799
[QTS:EMIT] pos=504 u32=0x000002ee (750) @parser.c:1777
[QTS:EMIT] pos=508 op=200 @parser.c:1786
[QTS:EMIT] pos=509 u32=0x00006163 (24931) @parser.c:1788
[QTS:EMIT] pos=513 op=159 @parser.c:1799
[QTS:ASSIGN] compound: tok=59 op=159
[QTS:EMIT] pos=514 op=200 @parser.c:1786
[QTS:EMIT] pos=515 u32=0x00006153 (24915) @parser.c:1788
[QTS:EMIT] pos=519 op=159 @parser.c:1799
[QTS:EMIT] pos=520 op=184 @parser.c:1799
[QTS:EMIT] pos=521 u32=0x0000000b (11) @parser.c:1777
[QTS:EMIT] pos=525 op=22 @parser.c:1799
[QTS:EMIT] pos=526 op=62 @parser.c:1799
[QTS:EMIT] pos=527 op=14 @parser.c:1799
[QTS:SCOPE] leave: idx=6
[QTS:SCOPE] pop: level=6
[QTS:EMIT] pos=528 op=183 @parser.c:1799
[QTS:EMIT] pos=529 u16=0x0006 (6) @parser.c:1772
[QTS:EMIT] pos=531 op=184 @parser.c:1799
[QTS:EMIT] pos=532 u32=0x0000000a (10) @parser.c:1777
[QTS:SCOPE] leave: idx=5
[QTS:SCOPE] pop: level=5
[QTS:EMIT] pos=536 op=183 @parser.c:1799
[QTS:EMIT] pos=537 u16=0x0005 (5) @parser.c:1772
[QTS:EMIT] pos=539 op=200 @parser.c:1786
[QTS:EMIT] pos=540 u32=0x00006184 (24964) @parser.c:1788
[QTS:EMIT] pos=544 op=186 @parser.c:1799
[QTS:EMIT] pos=545 u32=0x0000020f (527) @parser.c:1777
[QTS:EMIT] pos=549 u16=0x0004 (4) @parser.c:1772
[QTS:EMIT] pos=544 op=189 @parser.c:1799
[QTS:EMIT] pos=545 atom=527 @parser.c:1807
[QTS:EMIT] pos=549 u32=0x0000000c (12) @parser.c:1777
[QTS:EMIT] pos=553 u16=0x0004 (4) @parser.c:1772
[QTS:ASSIGN] lvalue: opcode=61 scope=4 atom=527 label=12
[QTS:EMIT] pos=555 op=200 @parser.c:1786
[QTS:EMIT] pos=556 u32=0x0000618b (24971) @parser.c:1788
[QTS:EMIT] pos=560 op=186 @parser.c:1799
[QTS:EMIT] pos=561 u32=0x0000020e (526) @parser.c:1777
[QTS:EMIT] pos=565 u16=0x0004 (4) @parser.c:1772
[QTS:EMIT] pos=567 op=200 @parser.c:1786
[QTS:EMIT] pos=568 u32=0x00006191 (24977) @parser.c:1788
[QTS:EMIT] pos=572 op=66 @parser.c:1799
[QTS:EMIT] pos=573 atom=48 @parser.c:1807
[QTS:EMIT] pos=577 op=184 @parser.c:1799
[QTS:EMIT] pos=578 u32=0x0000000c (12) @parser.c:1777
[QTS:EMIT] pos=582 op=22 @parser.c:1799
[QTS:EMIT] pos=583 op=62 @parser.c:1799
[QTS:EMIT] pos=584 op=14 @parser.c:1799
[QTS:EMIT] pos=585 op=200 @parser.c:1786
[QTS:EMIT] pos=586 u32=0x000061a6 (24998) @parser.c:1788
[QTS:EMIT] pos=590 op=186 @parser.c:1799
[QTS:EMIT] pos=591 u32=0x0000020e (526) @parser.c:1777
[QTS:EMIT] pos=595 u16=0x0004 (4) @parser.c:1772
[QTS:EMIT] pos=590 op=189 @parser.c:1799
[QTS:EMIT] pos=591 atom=526 @parser.c:1807
[QTS:EMIT] pos=595 u32=0x0000000d (13) @parser.c:1777
[QTS:EMIT] pos=599 u16=0x0004 (4) @parser.c:1772
[QTS:EMIT] pos=601 op=61 @parser.c:1799
[QTS:ASSIGN] lvalue: opcode=61 scope=4 atom=526 label=13
[QTS:EMIT] pos=602 op=200 @parser.c:1786
[QTS:EMIT] pos=603 u32=0x000061b0 (25008) @parser.c:1788
[QTS:EMIT] pos=607 op=186 @parser.c:1799
[QTS:EMIT] pos=608 u32=0x00000210 (528) @parser.c:1777
[QTS:EMIT] pos=612 u16=0x0004 (4) @parser.c:1772
[QTS:ASSIGN] compound: tok=59 op=159
[QTS:EMIT] pos=614 op=200 @parser.c:1786
[QTS:EMIT] pos=615 u32=0x000061ad (25005) @parser.c:1788
[QTS:EMIT] pos=619 op=159 @parser.c:1799
[QTS:EMIT] pos=620 op=184 @parser.c:1799
[QTS:EMIT] pos=621 u32=0x0000000d (13) @parser.c:1777
[QTS:EMIT] pos=625 op=22 @parser.c:1799
[QTS:EMIT] pos=626 op=62 @parser.c:1799
[QTS:EMIT] pos=627 op=14 @parser.c:1799
[QTS:SCOPE] leave: idx=4
[QTS:SCOPE] pop: level=4
[QTS:EMIT] pos=628 op=183 @parser.c:1799
[QTS:EMIT] pos=629 u16=0x0004 (4) @parser.c:1772
[QTS:EMIT] pos=631 op=184 @parser.c:1799
[QTS:EMIT] pos=632 u32=0x00000009 (9) @parser.c:1777
[QTS:SCOPE] leave: idx=2
[QTS:SCOPE] pop: level=2
[QTS:EMIT] pos=636 op=183 @parser.c:1799
[QTS:EMIT] pos=637 u16=0x0002 (2) @parser.c:1772
[QTS:EMIT] pos=639 op=200 @parser.c:1786
[QTS:EMIT] pos=640 u32=0x000061c7 (25031) @parser.c:1788
[QTS:EMIT] pos=644 op=186 @parser.c:1799
[QTS:EMIT] pos=645 u32=0x00000292 (658) @parser.c:1777
[QTS:EMIT] pos=649 u16=0x0001 (1) @parser.c:1772
[QTS:EMIT] pos=651 op=200 @parser.c:1786
[QTS:EMIT] pos=652 u32=0x000061dc (25052) @parser.c:1788
[QTS:EMIT] pos=656 op=34 @parser.c:1799
[QTS:EMIT] pos=657 u16=0x0000 (0) @parser.c:1772
[QTS:EMIT] pos=659 op=14 @parser.c:1799
[QTS:EMIT] pos=660 op=200 @parser.c:1786
[QTS:EMIT] pos=661 u32=0x000061e8 (25064) @parser.c:1788
[QTS:EMIT] pos=665 op=186 @parser.c:1799
[QTS:EMIT] pos=666 u32=0x0000025e (606) @parser.c:1777
[QTS:EMIT] pos=670 u16=0x0001 (1) @parser.c:1772
[QTS:EMIT] pos=672 op=200 @parser.c:1786
[QTS:EMIT] pos=673 u32=0x000061ee (25070) @parser.c:1788
[QTS:EMIT] pos=677 op=34 @parser.c:1799
[QTS:EMIT] pos=678 u16=0x0000 (0) @parser.c:1772
[QTS:EMIT] pos=680 op=14 @parser.c:1799
[QTS:EMIT] pos=681 op=200 @parser.c:1786
[QTS:EMIT] pos=682 u32=0x000061fa (25082) @parser.c:1788
[QTS:EMIT] pos=686 op=186 @parser.c:1799
[QTS:EMIT] pos=687 u32=0x000002e9 (745) @parser.c:1777
[QTS:EMIT] pos=691 u16=0x0001 (1) @parser.c:1772
[QTS:EMIT] pos=686 op=189 @parser.c:1799
[QTS:EMIT] pos=687 atom=745 @parser.c:1807
[QTS:EMIT] pos=691 u32=0x0000000e (14) @parser.c:1777
[QTS:EMIT] pos=695 u16=0x0001 (1) @parser.c:1772
[QTS:ASSIGN] lvalue: opcode=61 scope=1 atom=745 label=14
[QTS:EMIT] pos=697 op=1 @parser.c:1799
[QTS:EMIT] pos=698 u32=0x00000000 (0) @parser.c:1777
[QTS:EMIT] pos=702 op=184 @parser.c:1799
[QTS:EMIT] pos=703 u32=0x0000000e (14) @parser.c:1777
[QTS:EMIT] pos=707 op=22 @parser.c:1799
[QTS:EMIT] pos=708 op=62 @parser.c:1799
[QTS:EMIT] pos=709 op=14 @parser.c:1799
[QTS:EMIT] pos=710 op=41 @parser.c:1799
[QTS:SCOPE] push: level=1 first_var=-1
[QTS:SCOPE] enter: idx=1 is_body=0
[QTS:EMIT] pos=0 op=182 @parser.c:1799
[QTS:EMIT] pos=1 u16=0x0001 (1) @parser.c:1772
[QTS:EMIT] pos=3 op=200 @parser.c:1786
[QTS:EMIT] pos=4 u32=0x0000624a (25162) @parser.c:1788
[QTS:EMIT] pos=8 op=186 @parser.c:1799
[QTS:EMIT] pos=9 u32=0x00000238 (568) @parser.c:1777
[QTS:EMIT] pos=13 u16=0x0001 (1) @parser.c:1772
[QTS:EMIT] pos=8 op=189 @parser.c:1799
[QTS:EMIT] pos=9 atom=568 @parser.c:1807
[QTS:EMIT] pos=13 u32=0x00000000 (0) @parser.c:1777
[QTS:EMIT] pos=17 u16=0x0001 (1) @parser.c:1772
[QTS:ASSIGN] lvalue: opcode=61 scope=1 atom=568 label=0
[QTS:EMIT] pos=19 op=200 @parser.c:1786
[QTS:EMIT] pos=20 u32=0x0000624e (25166) @parser.c:1788
[QTS:EMIT] pos=24 op=186 @parser.c:1799
[QTS:EMIT] pos=25 u32=0x000000a1 (161) @parser.c:1777
[QTS:EMIT] pos=29 u16=0x0001 (1) @parser.c:1772
[QTS:EMIT] pos=31 op=200 @parser.c:1786
[QTS:EMIT] pos=32 u32=0x00006254 (25172) @parser.c:1788
[QTS:EMIT] pos=36 op=66 @parser.c:1799
[QTS:EMIT] pos=37 atom=315 @parser.c:1807
[QTS:EMIT] pos=41 op=200 @parser.c:1786
[QTS:EMIT] pos=42 u32=0x00006263 (25187) @parser.c:1788
[QTS:EMIT] pos=46 op=186 @parser.c:1799
[QTS:EMIT] pos=47 u32=0x000002ef (751) @parser.c:1777
[QTS:EMIT] pos=51 u16=0x0001 (1) @parser.c:1772
[QTS:EMIT] pos=53 op=200 @parser.c:1786
[QTS:EMIT] pos=54 u32=0x00006262 (25186) @parser.c:1788
[QTS:EMIT] pos=58 op=36 @parser.c:1799
[QTS:EMIT] pos=59 u16=0x0001 (1) @parser.c:1772
[QTS:EMIT] pos=61 op=184 @parser.c:1799
[QTS:EMIT] pos=62 u32=0x00000000 (0) @parser.c:1777
[QTS:EMIT] pos=66 op=22 @parser.c:1799
[QTS:EMIT] pos=67 op=62 @parser.c:1799
[QTS:EMIT] pos=68 op=14 @parser.c:1799
[QTS:EMIT] pos=69 op=200 @parser.c:1786
[QTS:EMIT] pos=70 u32=0x00006278 (25208) @parser.c:1788
[QTS:EMIT] pos=74 op=186 @parser.c:1799
[QTS:EMIT] pos=75 u32=0x000002e9 (745) @parser.c:1777
[QTS:EMIT] pos=79 u16=0x0001 (1) @parser.c:1772
[QTS:SCOPE] push: level=2 first_var=-1
[QTS:SCOPE] enter: idx=2 is_body=0
[QTS:EMIT] pos=81 op=182 @parser.c:1799
[QTS:EMIT] pos=82 u16=0x0002 (2) @parser.c:1772
[QTS:EMIT] pos=84 op=17 @parser.c:1799
[QTS:EMIT] pos=85 op=1 @parser.c:1799
[QTS:EMIT] pos=86 u32=0x00000000 (0) @parser.c:1777
[QTS:EMIT] pos=90 op=173 @parser.c:1799
[QTS:EMIT] pos=91 op=108 @parser.c:1799
[QTS:EMIT] pos=92 u32=0x00000002 (2) @parser.c:1777
[QTS:SCOPE] push: level=3 first_var=-1
[QTS:SCOPE] enter: idx=3 is_body=0
[QTS:EMIT] pos=96 op=182 @parser.c:1799
[QTS:EMIT] pos=97 u16=0x0003 (3) @parser.c:1772
[QTS:EMIT] pos=99 op=200 @parser.c:1786
[QTS:EMIT] pos=100 u32=0x000062b2 (25266) @parser.c:1788
[QTS:EMIT] pos=104 op=186 @parser.c:1799
[QTS:EMIT] pos=105 u32=0x00000238 (568) @parser.c:1777
[QTS:EMIT] pos=109 u16=0x0003 (3) @parser.c:1772
[QTS:EMIT] pos=111 op=4 @parser.c:1799
[QTS:EMIT] pos=112 u32=0x000002f0 (752) @parser.c:1777
[QTS:EMIT] pos=116 op=200 @parser.c:1786
[QTS:EMIT] pos=117 u32=0x000062b4 (25268) @parser.c:1788
[QTS:EMIT] pos=121 op=171 @parser.c:1799
[QTS:EMIT] pos=122 op=108 @parser.c:1799
[QTS:EMIT] pos=123 u32=0x00000003 (3) @parser.c:1777
[QTS:SCOPE] push: level=4 first_var=-1
[QTS:SCOPE] enter: idx=4 is_body=0
[QTS:EMIT] pos=127 op=182 @parser.c:1799
[QTS:EMIT] pos=128 u16=0x0004 (4) @parser.c:1772
[QTS:EMIT] pos=130 op=200 @parser.c:1786
[QTS:EMIT] pos=131 u32=0x000062e6 (25318) @parser.c:1788
[QTS:EMIT] pos=135 op=186 @parser.c:1799
[QTS:EMIT] pos=136 u32=0x000002e8 (744) @parser.c:1777
[QTS:EMIT] pos=140 u16=0x0004 (4) @parser.c:1772
[QTS:EMIT] pos=135 op=189 @parser.c:1799
[QTS:EMIT] pos=136 atom=744 @parser.c:1807
[QTS:EMIT] pos=140 u32=0x00000004 (4) @parser.c:1777
[QTS:EMIT] pos=144 u16=0x0004 (4) @parser.c:1772
[QTS:ASSIGN] lvalue: opcode=61 scope=4 atom=744 label=4
[QTS:EMIT] pos=146 op=200 @parser.c:1786
[QTS:EMIT] pos=147 u32=0x000062f6 (25334) @parser.c:1788
[QTS:EMIT] pos=151 op=186 @parser.c:1799
[QTS:EMIT] pos=152 u32=0x00000238 (568) @parser.c:1777
[QTS:EMIT] pos=156 u16=0x0004 (4) @parser.c:1772
[QTS:EMIT] pos=158 op=184 @parser.c:1799
[QTS:EMIT] pos=159 u32=0x00000004 (4) @parser.c:1777
[QTS:EMIT] pos=163 op=22 @parser.c:1799
[QTS:EMIT] pos=164 op=62 @parser.c:1799
[QTS:EMIT] pos=165 op=14 @parser.c:1799
[QTS:EMIT] pos=166 op=200 @parser.c:1786
[QTS:EMIT] pos=167 u32=0x0000630d (25357) @parser.c:1788
[QTS:EMIT] pos=171 op=186 @parser.c:1799
[QTS:EMIT] pos=172 u32=0x000002e9 (745) @parser.c:1777
[QTS:EMIT] pos=176 u16=0x0004 (4) @parser.c:1772
[QTS:EMIT] pos=171 op=189 @parser.c:1799
[QTS:EMIT] pos=172 atom=745 @parser.c:1807
[QTS:EMIT] pos=176 u32=0x00000005 (5) @parser.c:1777
[QTS:EMIT] pos=180 u16=0x0004 (4) @parser.c:1772
[QTS:ASSIGN] lvalue: opcode=61 scope=4 atom=745 label=5
[QTS:EMIT] pos=182 op=1 @parser.c:1799
[QTS:EMIT] pos=183 u32=0x00000001 (1) @parser.c:1777
[QTS:EMIT] pos=187 op=184 @parser.c:1799
[QTS:EMIT] pos=188 u32=0x00000005 (5) @parser.c:1777
[QTS:EMIT] pos=192 op=22 @parser.c:1799
[QTS:EMIT] pos=193 op=62 @parser.c:1799
[QTS:EMIT] pos=194 op=14 @parser.c:1799
[QTS:SCOPE] leave: idx=4
[QTS:SCOPE] pop: level=4
[QTS:EMIT] pos=195 op=183 @parser.c:1799
[QTS:EMIT] pos=196 u16=0x0004 (4) @parser.c:1772
[QTS:EMIT] pos=198 op=110 @parser.c:1799
[QTS:EMIT] pos=199 u32=0x00000006 (6) @parser.c:1777
[QTS:EMIT] pos=203 op=184 @parser.c:1799
[QTS:EMIT] pos=204 u32=0x00000003 (3) @parser.c:1777
[QTS:SCOPE] push: level=5 first_var=-1
[QTS:SCOPE] enter: idx=5 is_body=0
[QTS:EMIT] pos=208 op=182 @parser.c:1799
[QTS:EMIT] pos=209 u16=0x0005 (5) @parser.c:1772
[QTS:EMIT] pos=211 op=200 @parser.c:1786
[QTS:EMIT] pos=212 u32=0x0000635e (25438) @parser.c:1788
[QTS:EMIT] pos=216 op=186 @parser.c:1799
[QTS:EMIT] pos=217 u32=0x000002f1 (753) @parser.c:1777
[QTS:EMIT] pos=221 u16=0x0005 (5) @parser.c:1772
[QTS:EMIT] pos=223 op=200 @parser.c:1786
[QTS:EMIT] pos=224 u32=0x00006369 (25449) @parser.c:1788
[QTS:EMIT] pos=228 op=186 @parser.c:1799
[QTS:EMIT] pos=229 u32=0x00000238 (568) @parser.c:1777
[QTS:EMIT] pos=233 u16=0x0005 (5) @parser.c:1772
[QTS:EMIT] pos=235 op=200 @parser.c:1786
[QTS:EMIT] pos=236 u32=0x00006368 (25448) @parser.c:1788
[QTS:EMIT] pos=240 op=34 @parser.c:1799
[QTS:EMIT] pos=241 u16=0x0001 (1) @parser.c:1772
[QTS:EMIT] pos=243 op=14 @parser.c:1799
[QTS:SCOPE] leave: idx=5
[QTS:SCOPE] pop: level=5
[QTS:EMIT] pos=244 op=183 @parser.c:1799
[QTS:EMIT] pos=245 u16=0x0005 (5) @parser.c:1772
[QTS:EMIT] pos=247 op=184 @parser.c:1799
[QTS:EMIT] pos=248 u32=0x00000006 (6) @parser.c:1777
[QTS:SCOPE] leave: idx=3
[QTS:SCOPE] pop: level=3
[QTS:EMIT] pos=252 op=183 @parser.c:1799
[QTS:EMIT] pos=253 u16=0x0003 (3) @parser.c:1772
[QTS:EMIT] pos=255 op=110 @parser.c:1799
[QTS:EMIT] pos=256 u32=0x00000001 (1) @parser.c:1777
[QTS:EMIT] pos=260 op=184 @parser.c:1799
[QTS:EMIT] pos=261 u32=0x00000002 (2) @parser.c:1777
[QTS:EMIT] pos=265 op=17 @parser.c:1799
[QTS:EMIT] pos=266 op=1 @parser.c:1799
[QTS:EMIT] pos=267 u32=0x00000001 (1) @parser.c:1777
[QTS:EMIT] pos=271 op=173 @parser.c:1799
[QTS:EMIT] pos=272 op=108 @parser.c:1799
[QTS:EMIT] pos=273 u32=0x00000007 (7) @parser.c:1777
[QTS:EMIT] pos=277 op=200 @parser.c:1786
[QTS:EMIT] pos=278 u32=0x000063c4 (25540) @parser.c:1788
[QTS:EMIT] pos=282 op=186 @parser.c:1799
[QTS:EMIT] pos=283 u32=0x000002e8 (744) @parser.c:1777
[QTS:EMIT] pos=287 u16=0x0002 (2) @parser.c:1772
[QTS:EMIT] pos=282 op=189 @parser.c:1799
[QTS:EMIT] pos=283 atom=744 @parser.c:1807
[QTS:EMIT] pos=287 u32=0x00000008 (8) @parser.c:1777
[QTS:EMIT] pos=291 u16=0x0002 (2) @parser.c:1772
[QTS:EMIT] pos=293 op=61 @parser.c:1799
[QTS:ASSIGN] lvalue: opcode=61 scope=2 atom=744 label=8
[QTS:EMIT] pos=294 op=200 @parser.c:1786
[QTS:EMIT] pos=295 u32=0x000063d5 (25557) @parser.c:1788
[QTS:EMIT] pos=299 op=186 @parser.c:1799
[QTS:EMIT] pos=300 u32=0x00000238 (568) @parser.c:1777
[QTS:EMIT] pos=304 u16=0x0002 (2) @parser.c:1772
[QTS:ASSIGN] compound: tok=59 op=159
[QTS:EMIT] pos=306 op=200 @parser.c:1786
[QTS:EMIT] pos=307 u32=0x000063d2 (25554) @parser.c:1788
[QTS:EMIT] pos=311 op=159 @parser.c:1799
[QTS:EMIT] pos=312 op=184 @parser.c:1799
[QTS:EMIT] pos=313 u32=0x00000008 (8) @parser.c:1777
[QTS:EMIT] pos=317 op=22 @parser.c:1799
[QTS:EMIT] pos=318 op=62 @parser.c:1799
[QTS:EMIT] pos=319 op=14 @parser.c:1799
[QTS:SCOPE] push: level=6 first_var=-1
[QTS:SCOPE] enter: idx=6 is_body=0
[QTS:EMIT] pos=320 op=182 @parser.c:1799
[QTS:EMIT] pos=321 u16=0x0006 (6) @parser.c:1772
[QTS:EMIT] pos=323 op=200 @parser.c:1786
[QTS:EMIT] pos=324 u32=0x000063ec (25580) @parser.c:1788
[QTS:EMIT] pos=328 op=186 @parser.c:1799
[QTS:EMIT] pos=329 u32=0x00000238 (568) @parser.c:1777
[QTS:EMIT] pos=333 u16=0x0006 (6) @parser.c:1772
[QTS:EMIT] pos=335 op=4 @parser.c:1799
[QTS:EMIT] pos=336 u32=0x000002f2 (754) @parser.c:1777
[QTS:EMIT] pos=340 op=200 @parser.c:1786
[QTS:EMIT] pos=341 u32=0x000063ee (25582) @parser.c:1788
[QTS:EMIT] pos=345 op=171 @parser.c:1799
[QTS:EMIT] pos=346 op=108 @parser.c:1799
[QTS:EMIT] pos=347 u32=0x00000009 (9) @parser.c:1777
[QTS:SCOPE] push: level=7 first_var=-1
[QTS:SCOPE] enter: idx=7 is_body=0
[QTS:EMIT] pos=351 op=182 @parser.c:1799
[QTS:EMIT] pos=352 u16=0x0007 (7) @parser.c:1772
[QTS:EMIT] pos=354 op=200 @parser.c:1786
[QTS:EMIT] pos=355 u32=0x0000640c (25612) @parser.c:1788
[QTS:EMIT] pos=359 op=186 @parser.c:1799
[QTS:EMIT] pos=360 u32=0x000002e9 (745) @parser.c:1777
[QTS:EMIT] pos=364 u16=0x0007 (7) @parser.c:1772
[QTS:EMIT] pos=359 op=189 @parser.c:1799
[QTS:EMIT] pos=360 atom=745 @parser.c:1807
[QTS:EMIT] pos=364 u32=0x0000000a (10) @parser.c:1777
[QTS:EMIT] pos=368 u16=0x0007 (7) @parser.c:1772
[QTS:ASSIGN] lvalue: opcode=61 scope=7 atom=745 label=10
[QTS:EMIT] pos=370 op=1 @parser.c:1799
[QTS:EMIT] pos=371 u32=0x00000002 (2) @parser.c:1777
[QTS:EMIT] pos=375 op=184 @parser.c:1799
[QTS:EMIT] pos=376 u32=0x0000000a (10) @parser.c:1777
[QTS:EMIT] pos=380 op=22 @parser.c:1799
[QTS:EMIT] pos=381 op=62 @parser.c:1799
[QTS:EMIT] pos=382 op=14 @parser.c:1799
[QTS:SCOPE] leave: idx=7
[QTS:SCOPE] pop: level=7
[QTS:EMIT] pos=383 op=183 @parser.c:1799
[QTS:EMIT] pos=384 u16=0x0007 (7) @parser.c:1772
[QTS:EMIT] pos=386 op=110 @parser.c:1799
[QTS:EMIT] pos=387 u32=0x0000000b (11) @parser.c:1777
[QTS:EMIT] pos=391 op=184 @parser.c:1799
[QTS:EMIT] pos=392 u32=0x00000009 (9) @parser.c:1777
[QTS:SCOPE] push: level=8 first_var=-1
[QTS:SCOPE] enter: idx=8 is_body=0
[QTS:EMIT] pos=396 op=182 @parser.c:1799
[QTS:EMIT] pos=397 u16=0x0008 (8) @parser.c:1772
[QTS:EMIT] pos=399 op=200 @parser.c:1786
[QTS:EMIT] pos=400 u32=0x0000644b (25675) @parser.c:1788
[QTS:EMIT] pos=404 op=186 @parser.c:1799
[QTS:EMIT] pos=405 u32=0x00000238 (568) @parser.c:1777
[QTS:EMIT] pos=409 u16=0x0008 (8) @parser.c:1772
[QTS:EMIT] pos=411 op=4 @parser.c:1799
[QTS:EMIT] pos=412 u32=0x000002f3 (755) @parser.c:1777
[QTS:EMIT] pos=416 op=200 @parser.c:1786
[QTS:EMIT] pos=417 u32=0x0000644d (25677) @parser.c:1788
[QTS:EMIT] pos=421 op=171 @parser.c:1799
[QTS:EMIT] pos=422 op=108 @parser.c:1799
[QTS:EMIT] pos=423 u32=0x0000000c (12) @parser.c:1777
[QTS:SCOPE] push: level=9 first_var=-1
[QTS:SCOPE] enter: idx=9 is_body=0
[QTS:EMIT] pos=427 op=182 @parser.c:1799
[QTS:EMIT] pos=428 u16=0x0009 (9) @parser.c:1772
[QTS:EMIT] pos=430 op=200 @parser.c:1786
[QTS:EMIT] pos=431 u32=0x0000646b (25707) @parser.c:1788
[QTS:EMIT] pos=435 op=186 @parser.c:1799
[QTS:EMIT] pos=436 u32=0x000002e9 (745) @parser.c:1777
[QTS:EMIT] pos=440 u16=0x0009 (9) @parser.c:1772
[QTS:EMIT] pos=435 op=189 @parser.c:1799
[QTS:EMIT] pos=436 atom=745 @parser.c:1807
[QTS:EMIT] pos=440 u32=0x0000000d (13) @parser.c:1777
[QTS:EMIT] pos=444 u16=0x0009 (9) @parser.c:1772
[QTS:ASSIGN] lvalue: opcode=61 scope=9 atom=745 label=13
[QTS:EMIT] pos=446 op=1 @parser.c:1799
[QTS:EMIT] pos=447 u32=0x00000003 (3) @parser.c:1777
[QTS:EMIT] pos=451 op=184 @parser.c:1799
[QTS:EMIT] pos=452 u32=0x0000000d (13) @parser.c:1777
[QTS:EMIT] pos=456 op=22 @parser.c:1799
[QTS:EMIT] pos=457 op=62 @parser.c:1799
[QTS:EMIT] pos=458 op=14 @parser.c:1799
[QTS:SCOPE] leave: idx=9
[QTS:SCOPE] pop: level=9
[QTS:EMIT] pos=459 op=183 @parser.c:1799
[QTS:EMIT] pos=460 u16=0x0009 (9) @parser.c:1772
[QTS:EMIT] pos=462 op=110 @parser.c:1799
[QTS:EMIT] pos=463 u32=0x0000000e (14) @parser.c:1777
[QTS:EMIT] pos=467 op=184 @parser.c:1799
[QTS:EMIT] pos=468 u32=0x0000000c (12) @parser.c:1777
[QTS:SCOPE] push: level=10 first_var=-1
[QTS:SCOPE] enter: idx=10 is_body=0
[QTS:EMIT] pos=472 op=182 @parser.c:1799
[QTS:EMIT] pos=473 u16=0x000a (10) @parser.c:1772
[QTS:EMIT] pos=475 op=200 @parser.c:1786
[QTS:EMIT] pos=476 u32=0x000064bc (25788) @parser.c:1788
[QTS:EMIT] pos=480 op=186 @parser.c:1799
[QTS:EMIT] pos=481 u32=0x000002f1 (753) @parser.c:1777
[QTS:EMIT] pos=485 u16=0x000a (10) @parser.c:1772
[QTS:EMIT] pos=487 op=200 @parser.c:1786
[QTS:EMIT] pos=488 u32=0x000064c7 (25799) @parser.c:1788
[QTS:EMIT] pos=492 op=186 @parser.c:1799
[QTS:EMIT] pos=493 u32=0x000002e8 (744) @parser.c:1777
[QTS:EMIT] pos=497 u16=0x000a (10) @parser.c:1772
[QTS:EMIT] pos=499 op=200 @parser.c:1786
[QTS:EMIT] pos=500 u32=0x000064c6 (25798) @parser.c:1788
[QTS:EMIT] pos=504 op=34 @parser.c:1799
[QTS:EMIT] pos=505 u16=0x0001 (1) @parser.c:1772
[QTS:EMIT] pos=507 op=14 @parser.c:1799
[QTS:EMIT] pos=508 op=200 @parser.c:1786
[QTS:EMIT] pos=509 u32=0x000064eb (25835) @parser.c:1788
[QTS:EMIT] pos=513 op=186 @parser.c:1799
[QTS:EMIT] pos=514 u32=0x000002e9 (745) @parser.c:1777
[QTS:EMIT] pos=518 u16=0x000a (10) @parser.c:1772
[QTS:EMIT] pos=513 op=189 @parser.c:1799
[QTS:EMIT] pos=514 atom=745 @parser.c:1807
[QTS:EMIT] pos=518 u32=0x0000000f (15) @parser.c:1777
[QTS:EMIT] pos=522 u16=0x000a (10) @parser.c:1772
[QTS:ASSIGN] lvalue: opcode=61 scope=10 atom=745 label=15
[QTS:EMIT] pos=524 op=1 @parser.c:1799
[QTS:EMIT] pos=525 u32=0x00000000 (0) @parser.c:1777
[QTS:EMIT] pos=529 op=184 @parser.c:1799
[QTS:EMIT] pos=530 u32=0x0000000f (15) @parser.c:1777
[QTS:EMIT] pos=534 op=22 @parser.c:1799
[QTS:EMIT] pos=535 op=62 @parser.c:1799
[QTS:EMIT] pos=536 op=14 @parser.c:1799
[QTS:SCOPE] leave: idx=10
[QTS:SCOPE] pop: level=10
[QTS:EMIT] pos=537 op=183 @parser.c:1799
[QTS:EMIT] pos=538 u16=0x000a (10) @parser.c:1772
[QTS:EMIT] pos=540 op=184 @parser.c:1799
[QTS:EMIT] pos=541 u32=0x0000000e (14) @parser.c:1777
[QTS:SCOPE] leave: idx=8
[QTS:SCOPE] pop: level=8
[QTS:EMIT] pos=545 op=183 @parser.c:1799
[QTS:EMIT] pos=546 u16=0x0008 (8) @parser.c:1772
[QTS:EMIT] pos=548 op=184 @parser.c:1799
[QTS:EMIT] pos=549 u32=0x0000000b (11) @parser.c:1777
[QTS:SCOPE] leave: idx=6
[QTS:SCOPE] pop: level=6
[QTS:EMIT] pos=553 op=183 @parser.c:1799
[QTS:EMIT] pos=554 u16=0x0006 (6) @parser.c:1772
[QTS:EMIT] pos=556 op=110 @parser.c:1799
[QTS:EMIT] pos=557 u32=0x00000001 (1) @parser.c:1777
[QTS:EMIT] pos=561 op=184 @parser.c:1799
[QTS:EMIT] pos=562 u32=0x00000007 (7) @parser.c:1777
[QTS:EMIT] pos=566 op=17 @parser.c:1799
[QTS:EMIT] pos=567 op=1 @parser.c:1799
[QTS:EMIT] pos=568 u32=0x00000002 (2) @parser.c:1777
[QTS:EMIT] pos=572 op=173 @parser.c:1799
[QTS:EMIT] pos=573 op=108 @parser.c:1799
[QTS:EMIT] pos=574 u32=0x00000010 (16) @parser.c:1777
[QTS:EMIT] pos=578 op=200 @parser.c:1786
[QTS:EMIT] pos=579 u32=0x0000655e (25950) @parser.c:1788
[QTS:EMIT] pos=583 op=186 @parser.c:1799
[QTS:EMIT] pos=584 u32=0x000002e8 (744) @parser.c:1777
[QTS:EMIT] pos=588 u16=0x0002 (2) @parser.c:1772
[QTS:EMIT] pos=583 op=189 @parser.c:1799
[QTS:EMIT] pos=584 atom=744 @parser.c:1807
[QTS:EMIT] pos=588 u32=0x00000011 (17) @parser.c:1777
[QTS:EMIT] pos=592 u16=0x0002 (2) @parser.c:1772
[QTS:EMIT] pos=594 op=61 @parser.c:1799
[QTS:ASSIGN] lvalue: opcode=61 scope=2 atom=744 label=17
[QTS:EMIT] pos=595 op=200 @parser.c:1786
[QTS:EMIT] pos=596 u32=0x0000656f (25967) @parser.c:1788
[QTS:EMIT] pos=600 op=186 @parser.c:1799
[QTS:EMIT] pos=601 u32=0x00000238 (568) @parser.c:1777
[QTS:EMIT] pos=605 u16=0x0002 (2) @parser.c:1772
[QTS:ASSIGN] compound: tok=59 op=159
[QTS:EMIT] pos=607 op=200 @parser.c:1786
[QTS:EMIT] pos=608 u32=0x0000656c (25964) @parser.c:1788
[QTS:EMIT] pos=612 op=159 @parser.c:1799
[QTS:EMIT] pos=613 op=184 @parser.c:1799
[QTS:EMIT] pos=614 u32=0x00000011 (17) @parser.c:1777
[QTS:EMIT] pos=618 op=22 @parser.c:1799
[QTS:EMIT] pos=619 op=62 @parser.c:1799
[QTS:EMIT] pos=620 op=14 @parser.c:1799
[QTS:SCOPE] push: level=11 first_var=-1
[QTS:SCOPE] enter: idx=11 is_body=0
[QTS:EMIT] pos=621 op=182 @parser.c:1799
[QTS:EMIT] pos=622 u16=0x000b (11) @parser.c:1772
[QTS:EMIT] pos=624 op=200 @parser.c:1786
[QTS:EMIT] pos=625 u32=0x00006588 (25992) @parser.c:1788
[QTS:EMIT] pos=629 op=186 @parser.c:1799
[QTS:EMIT] pos=630 u32=0x00000238 (568) @parser.c:1777
[QTS:EMIT] pos=634 u16=0x000b (11) @parser.c:1772
[QTS:EMIT] pos=636 op=4 @parser.c:1799
[QTS:EMIT] pos=637 u32=0x000002f4 (756) @parser.c:1777
[QTS:EMIT] pos=641 op=200 @parser.c:1786
[QTS:EMIT] pos=642 u32=0x0000658a (25994) @parser.c:1788
[QTS:EMIT] pos=646 op=171 @parser.c:1799
[QTS:EMIT] pos=647 op=17 @parser.c:1799
[QTS:EMIT] pos=648 op=109 @parser.c:1799
[QTS:EMIT] pos=649 u32=0x00000012 (18) @parser.c:1777
[QTS:EMIT] pos=653 op=14 @parser.c:1799
[QTS:EMIT] pos=654 op=200 @parser.c:1786
[QTS:EMIT] pos=655 u32=0x00006595 (26005) @parser.c:1788
[QTS:EMIT] pos=659 op=186 @parser.c:1799
[QTS:EMIT] pos=660 u32=0x00000238 (568) @parser.c:1777
[QTS:EMIT] pos=664 u16=0x000b (11) @parser.c:1772
[QTS:EMIT] pos=666 op=2 @parser.c:1799
[QTS:EMIT] pos=667 u32=0x00000000 (0) @parser.c:1777
[QTS:EMIT] pos=671 op=200 @parser.c:1786
[QTS:EMIT] pos=672 u32=0x00006597 (26007) @parser.c:1788
[QTS:EMIT] pos=676 op=168 @parser.c:1799
[QTS:EMIT] pos=677 op=17 @parser.c:1799
[QTS:EMIT] pos=678 op=108 @parser.c:1799
[QTS:EMIT] pos=679 u32=0x00000013 (19) @parser.c:1777
[QTS:EMIT] pos=683 op=14 @parser.c:1799
[QTS:EMIT] pos=684 op=200 @parser.c:1786
[QTS:EMIT] pos=685 u32=0x000065a1 (26017) @parser.c:1788
[QTS:EMIT] pos=689 op=186 @parser.c:1799
[QTS:EMIT] pos=690 u32=0x00000238 (568) @parser.c:1777
[QTS:EMIT] pos=694 u16=0x000b (11) @parser.c:1772
[QTS:EMIT] pos=696 op=2 @parser.c:1799
[QTS:EMIT] pos=697 u32=0x00000001 (1) @parser.c:1777
[QTS:EMIT] pos=701 op=200 @parser.c:1786
[QTS:EMIT] pos=702 u32=0x000065a3 (26019) @parser.c:1788
[QTS:EMIT] pos=706 op=166 @parser.c:1799
[QTS:EMIT] pos=707 op=184 @parser.c:1799
[QTS:EMIT] pos=708 u32=0x00000013 (19) @parser.c:1777
[QTS:EMIT] pos=712 op=184 @parser.c:1799
[QTS:EMIT] pos=713 u32=0x00000012 (18) @parser.c:1777
[QTS:EMIT] pos=717 op=152 @parser.c:1799
[QTS:EMIT] pos=718 op=108 @parser.c:1799
[QTS:EMIT] pos=719 u32=0x00000014 (20) @parser.c:1777
[QTS:SCOPE] push: level=12 first_var=-1
[QTS:SCOPE] enter: idx=12 is_body=0
[QTS:EMIT] pos=723 op=182 @parser.c:1799
[QTS:EMIT] pos=724 u16=0x000c (12) @parser.c:1772
[QTS:EMIT] pos=726 op=200 @parser.c:1786
[QTS:EMIT] pos=727 u32=0x000065c3 (26051) @parser.c:1788
[QTS:EMIT] pos=731 op=186 @parser.c:1799
[QTS:EMIT] pos=732 u32=0x000002f1 (753) @parser.c:1777
[QTS:EMIT] pos=736 u16=0x000c (12) @parser.c:1772
[QTS:EMIT] pos=738 op=200 @parser.c:1786
[QTS:EMIT] pos=739 u32=0x000065ce (26062) @parser.c:1788
[QTS:EMIT] pos=743 op=186 @parser.c:1799
[QTS:EMIT] pos=744 u32=0x000002e8 (744) @parser.c:1777
[QTS:EMIT] pos=748 u16=0x000c (12) @parser.c:1772
[QTS:EMIT] pos=750 op=200 @parser.c:1786
[QTS:EMIT] pos=751 u32=0x000065cd (26061) @parser.c:1788
[QTS:EMIT] pos=755 op=34 @parser.c:1799
[QTS:EMIT] pos=756 u16=0x0001 (1) @parser.c:1772
[QTS:EMIT] pos=758 op=14 @parser.c:1799
[QTS:EMIT] pos=759 op=200 @parser.c:1786
[QTS:EMIT] pos=760 u32=0x000065f2 (26098) @parser.c:1788
[QTS:EMIT] pos=764 op=186 @parser.c:1799
[QTS:EMIT] pos=765 u32=0x000002e9 (745) @parser.c:1777
[QTS:EMIT] pos=769 u16=0x000c (12) @parser.c:1772
[QTS:EMIT] pos=764 op=189 @parser.c:1799
[QTS:EMIT] pos=765 atom=745 @parser.c:1807
[QTS:EMIT] pos=769 u32=0x00000015 (21) @parser.c:1777
[QTS:EMIT] pos=773 u16=0x000c (12) @parser.c:1772
[QTS:ASSIGN] lvalue: opcode=61 scope=12 atom=745 label=21
[QTS:EMIT] pos=775 op=1 @parser.c:1799
[QTS:EMIT] pos=776 u32=0x00000000 (0) @parser.c:1777
[QTS:EMIT] pos=780 op=184 @parser.c:1799
[QTS:EMIT] pos=781 u32=0x00000015 (21) @parser.c:1777
[QTS:EMIT] pos=785 op=22 @parser.c:1799
[QTS:EMIT] pos=786 op=62 @parser.c:1799
[QTS:EMIT] pos=787 op=14 @parser.c:1799
[QTS:SCOPE] leave: idx=12
[QTS:SCOPE] pop: level=12
[QTS:EMIT] pos=788 op=183 @parser.c:1799
[QTS:EMIT] pos=789 u16=0x000c (12) @parser.c:1772
[QTS:EMIT] pos=791 op=184 @parser.c:1799
[QTS:EMIT] pos=792 u32=0x00000014 (20) @parser.c:1777
[QTS:SCOPE] leave: idx=11
[QTS:SCOPE] pop: level=11
[QTS:EMIT] pos=796 op=183 @parser.c:1799
[QTS:EMIT] pos=797 u16=0x000b (11) @parser.c:1772
[QTS:EMIT] pos=799 op=110 @parser.c:1799
[QTS:EMIT] pos=800 u32=0x00000001 (1) @parser.c:1777
[QTS:EMIT] pos=804 op=184 @parser.c:1799
[QTS:EMIT] pos=805 u32=0x00000010 (16) @parser.c:1777
[QTS:EMIT] pos=809 op=17 @parser.c:1799
[QTS:EMIT] pos=810 op=1 @parser.c:1799
[QTS:EMIT] pos=811 u32=0x00000003 (3) @parser.c:1777
[QTS:EMIT] pos=815 op=173 @parser.c:1799
[QTS:EMIT] pos=816 op=108 @parser.c:1799
[QTS:EMIT] pos=817 u32=0x00000016 (22) @parser.c:1777
[QTS:EMIT] pos=821 op=200 @parser.c:1786
[QTS:EMIT] pos=822 u32=0x00006666 (26214) @parser.c:1788
[QTS:EMIT] pos=826 op=186 @parser.c:1799
[QTS:EMIT] pos=827 u32=0x000002e8 (744) @parser.c:1777
[QTS:EMIT] pos=831 u16=0x0002 (2) @parser.c:1772
[QTS:EMIT] pos=826 op=189 @parser.c:1799
[QTS:EMIT] pos=827 atom=744 @parser.c:1807
[QTS:EMIT] pos=831 u32=0x00000017 (23) @parser.c:1777
[QTS:EMIT] pos=835 u16=0x0002 (2) @parser.c:1772
[QTS:EMIT] pos=837 op=61 @parser.c:1799
[QTS:ASSIGN] lvalue: opcode=61 scope=2 atom=744 label=23
[QTS:EMIT] pos=838 op=200 @parser.c:1786
[QTS:EMIT] pos=839 u32=0x00006677 (26231) @parser.c:1788
[QTS:EMIT] pos=843 op=186 @parser.c:1799
[QTS:EMIT] pos=844 u32=0x00000238 (568) @parser.c:1777
[QTS:EMIT] pos=848 u16=0x0002 (2) @parser.c:1772
[QTS:ASSIGN] compound: tok=59 op=159
[QTS:EMIT] pos=850 op=200 @parser.c:1786
[QTS:EMIT] pos=851 u32=0x00006674 (26228) @parser.c:1788
[QTS:EMIT] pos=855 op=159 @parser.c:1799
[QTS:EMIT] pos=856 op=184 @parser.c:1799
[QTS:EMIT] pos=857 u32=0x00000017 (23) @parser.c:1777
[QTS:EMIT] pos=861 op=22 @parser.c:1799
[QTS:EMIT] pos=862 op=62 @parser.c:1799
[QTS:EMIT] pos=863 op=14 @parser.c:1799
[QTS:EMIT] pos=864 op=200 @parser.c:1786
[QTS:EMIT] pos=865 u32=0x0000668a (26250) @parser.c:1788
[QTS:EMIT] pos=869 op=186 @parser.c:1799
[QTS:EMIT] pos=870 u32=0x000002f1 (753) @parser.c:1777
[QTS:EMIT] pos=874 u16=0x0002 (2) @parser.c:1772
[QTS:EMIT] pos=876 op=200 @parser.c:1786
[QTS:EMIT] pos=877 u32=0x00006695 (26261) @parser.c:1788
[QTS:EMIT] pos=881 op=186 @parser.c:1799
[QTS:EMIT] pos=882 u32=0x000002e8 (744) @parser.c:1777
[QTS:EMIT] pos=886 u16=0x0002 (2) @parser.c:1772
[QTS:EMIT] pos=888 op=200 @parser.c:1786
[QTS:EMIT] pos=889 u32=0x00006694 (26260) @parser.c:1788
[QTS:EMIT] pos=893 op=34 @parser.c:1799
[QTS:EMIT] pos=894 u16=0x0001 (1) @parser.c:1772
[QTS:EMIT] pos=896 op=14 @parser.c:1799
[QTS:EMIT] pos=897 op=200 @parser.c:1786
[QTS:EMIT] pos=898 u32=0x000066b5 (26293) @parser.c:1788
[QTS:EMIT] pos=902 op=186 @parser.c:1799
[QTS:EMIT] pos=903 u32=0x000002e9 (745) @parser.c:1777
[QTS:EMIT] pos=907 u16=0x0002 (2) @parser.c:1772
[QTS:EMIT] pos=902 op=189 @parser.c:1799
[QTS:EMIT] pos=903 atom=745 @parser.c:1807
[QTS:EMIT] pos=907 u32=0x00000018 (24) @parser.c:1777
[QTS:EMIT] pos=911 u16=0x0002 (2) @parser.c:1772
[QTS:ASSIGN] lvalue: opcode=61 scope=2 atom=745 label=24
[QTS:EMIT] pos=913 op=1 @parser.c:1799
[QTS:EMIT] pos=914 u32=0x00000000 (0) @parser.c:1777
[QTS:EMIT] pos=918 op=184 @parser.c:1799
[QTS:EMIT] pos=919 u32=0x00000018 (24) @parser.c:1777
[QTS:EMIT] pos=923 op=22 @parser.c:1799
[QTS:EMIT] pos=924 op=62 @parser.c:1799
[QTS:EMIT] pos=925 op=14 @parser.c:1799
[QTS:EMIT] pos=926 op=110 @parser.c:1799
[QTS:EMIT] pos=927 u32=0x00000001 (1) @parser.c:1777
[QTS:EMIT] pos=931 op=184 @parser.c:1799
[QTS:EMIT] pos=932 u32=0x00000016 (22) @parser.c:1777
[QTS:EMIT] pos=936 op=184 @parser.c:1799
[QTS:EMIT] pos=937 u32=0x00000001 (1) @parser.c:1777
[QTS:EMIT] pos=941 op=14 @parser.c:1799
[QTS:SCOPE] leave: idx=2
[QTS:SCOPE] pop: level=2
[QTS:EMIT] pos=942 op=183 @parser.c:1799
[QTS:EMIT] pos=943 u16=0x0002 (2) @parser.c:1772
[QTS:EMIT] pos=945 op=41 @parser.c:1799
[QTS:SCOPE] push: level=1 first_var=-1
[QTS:SCOPE] enter: idx=1 is_body=0
[QTS:EMIT] pos=0 op=182 @parser.c:1799
[QTS:EMIT] pos=1 u16=0x0001 (1) @parser.c:1772
[QTS:SCOPE] push: level=2 first_var=-1
[QTS:SCOPE] enter: idx=2 is_body=0
[QTS:EMIT] pos=3 op=182 @parser.c:1799
[QTS:EMIT] pos=4 u16=0x0002 (2) @parser.c:1772
[QTS:EMIT] pos=6 op=200 @parser.c:1786
[QTS:EMIT] pos=7 u32=0x0000672d (26413) @parser.c:1788
[QTS:EMIT] pos=11 op=186 @parser.c:1799
[QTS:EMIT] pos=12 u32=0x00000222 (546) @parser.c:1777
[QTS:EMIT] pos=16 u16=0x0002 (2) @parser.c:1772
[QTS:EMIT] pos=18 op=108 @parser.c:1799
[QTS:EMIT] pos=19 u32=0x00000000 (0) @parser.c:1777
[QTS:SCOPE] push: level=3 first_var=-1
[QTS:SCOPE] enter: idx=3 is_body=0
[QTS:EMIT] pos=23 op=182 @parser.c:1799
[QTS:EMIT] pos=24 u16=0x0003 (3) @parser.c:1772
[QTS:SCOPE] push: level=4 first_var=-1
[QTS:SCOPE] enter: idx=4 is_body=0
[QTS:EMIT] pos=26 op=182 @parser.c:1799
[QTS:EMIT] pos=27 u16=0x0004 (4) @parser.c:1772
[QTS:EMIT] pos=29 op=200 @parser.c:1786
[QTS:EMIT] pos=30 u32=0x0000674b (26443) @parser.c:1788
[QTS:EMIT] pos=34 op=186 @parser.c:1799
[QTS:EMIT] pos=35 u32=0x00000243 (579) @parser.c:1777
[QTS:EMIT] pos=39 u16=0x0004 (4) @parser.c:1772
[QTS:EMIT] pos=41 op=200 @parser.c:1786
[QTS:EMIT] pos=42 u32=0x00006756 (26454) @parser.c:1788
[QTS:EMIT] pos=46 op=186 @parser.c:1799
[QTS:EMIT] pos=47 u32=0x000000e9 (233) @parser.c:1777
[QTS:EMIT] pos=51 u16=0x0004 (4) @parser.c:1772
[QTS:EMIT] pos=53 op=200 @parser.c:1786
[QTS:EMIT] pos=54 u32=0x00006755 (26453) @parser.c:1788
[QTS:EMIT] pos=58 op=34 @parser.c:1799
[QTS:EMIT] pos=59 u16=0x0001 (1) @parser.c:1772
[QTS:EMIT] pos=61 op=1 @parser.c:1799
[QTS:EMIT] pos=62 u32=0x00000001 (1) @parser.c:1777
[QTS:EMIT] pos=66 op=200 @parser.c:1786
[QTS:EMIT] pos=67 u32=0x0000675c (26460) @parser.c:1788
[QTS:EMIT] pos=71 op=173 @parser.c:1799
[QTS:EMIT] pos=72 op=108 @parser.c:1799
[QTS:EMIT] pos=73 u32=0x00000001 (1) @parser.c:1777
[QTS:EMIT] pos=77 op=200 @parser.c:1786
[QTS:EMIT] pos=78 u32=0x00006773 (26483) @parser.c:1788
[QTS:EMIT] pos=82 op=186 @parser.c:1799
[QTS:EMIT] pos=83 u32=0x00000266 (614) @parser.c:1777
[QTS:EMIT] pos=87 u16=0x0004 (4) @parser.c:1772
[QTS:EMIT] pos=89 op=200 @parser.c:1786
[QTS:EMIT] pos=90 u32=0x0000677a (26490) @parser.c:1788
[QTS:EMIT] pos=94 op=186 @parser.c:1799
[QTS:EMIT] pos=95 u32=0x000000e9 (233) @parser.c:1777
[QTS:EMIT] pos=99 u16=0x0004 (4) @parser.c:1772
[QTS:EMIT] pos=101 op=200 @parser.c:1786
[QTS:EMIT] pos=102 u32=0x00006779 (26489) @parser.c:1788
[QTS:EMIT] pos=106 op=34 @parser.c:1799
[QTS:EMIT] pos=107 u16=0x0001 (1) @parser.c:1772
[QTS:EMIT] pos=109 op=14 @parser.c:1799
[QTS:EMIT] pos=110 op=184 @parser.c:1799
[QTS:EMIT] pos=111 u32=0x00000001 (1) @parser.c:1777
[QTS:SCOPE] leave: idx=4
[QTS:SCOPE] pop: level=4
[QTS:EMIT] pos=115 op=183 @parser.c:1799
[QTS:EMIT] pos=116 u16=0x0004 (4) @parser.c:1772
[QTS:EMIT] pos=118 op=200 @parser.c:1786
[QTS:EMIT] pos=119 u32=0x0000678d (26509) @parser.c:1788
[QTS:EMIT] pos=123 op=186 @parser.c:1799
[QTS:EMIT] pos=124 u32=0x00000222 (546) @parser.c:1777
[QTS:EMIT] pos=128 u16=0x0003 (3) @parser.c:1772
[QTS:EMIT] pos=123 op=189 @parser.c:1799
[QTS:EMIT] pos=124 atom=546 @parser.c:1807
[QTS:EMIT] pos=128 u32=0x00000002 (2) @parser.c:1777
[QTS:EMIT] pos=132 u16=0x0003 (3) @parser.c:1772
[QTS:ASSIGN] lvalue: opcode=61 scope=3 atom=546 label=2
[QTS:EMIT] pos=134 op=9 @parser.c:1799
[QTS:EMIT] pos=135 op=184 @parser.c:1799
[QTS:EMIT] pos=136 u32=0x00000002 (2) @parser.c:1777
[QTS:EMIT] pos=140 op=22 @parser.c:1799
[QTS:EMIT] pos=141 op=62 @parser.c:1799
[QTS:EMIT] pos=142 op=14 @parser.c:1799
[QTS:SCOPE] leave: idx=3
[QTS:SCOPE] pop: level=3
[QTS:EMIT] pos=143 op=183 @parser.c:1799
[QTS:EMIT] pos=144 u16=0x0003 (3) @parser.c:1772
[QTS:EMIT] pos=146 op=110 @parser.c:1799
[QTS:EMIT] pos=147 u32=0x00000003 (3) @parser.c:1777
[QTS:EMIT] pos=151 op=184 @parser.c:1799
[QTS:EMIT] pos=152 u32=0x00000000 (0) @parser.c:1777
[QTS:SCOPE] push: level=5 first_var=-1
[QTS:SCOPE] enter: idx=5 is_body=0
[QTS:EMIT] pos=156 op=182 @parser.c:1799
[QTS:EMIT] pos=157 u16=0x0005 (5) @parser.c:1772
[QTS:EMIT] pos=159 op=200 @parser.c:1786
[QTS:EMIT] pos=160 u32=0x000067bc (26556) @parser.c:1788
[QTS:EMIT] pos=164 op=186 @parser.c:1799
[QTS:EMIT] pos=165 u32=0x000002f5 (757) @parser.c:1777
[QTS:EMIT] pos=169 u16=0x0005 (5) @parser.c:1772
[QTS:EMIT] pos=164 op=189 @parser.c:1799
[QTS:EMIT] pos=165 atom=757 @parser.c:1807
[QTS:EMIT] pos=169 u32=0x00000004 (4) @parser.c:1777
[QTS:EMIT] pos=173 u16=0x0005 (5) @parser.c:1772
[QTS:ASSIGN] lvalue: opcode=61 scope=5 atom=757 label=4
[QTS:EMIT] pos=175 op=200 @parser.c:1786
[QTS:EMIT] pos=176 u32=0x000067c2 (26562) @parser.c:1788
[QTS:EMIT] pos=180 op=186 @parser.c:1799
[QTS:EMIT] pos=181 u32=0x000002b6 (694) @parser.c:1777
[QTS:EMIT] pos=185 u16=0x0005 (5) @parser.c:1772
[QTS:EMIT] pos=187 op=200 @parser.c:1786
[QTS:EMIT] pos=188 u32=0x000067cb (26571) @parser.c:1788
[QTS:EMIT] pos=192 op=186 @parser.c:1799
[QTS:EMIT] pos=193 u32=0x000000e9 (233) @parser.c:1777
[QTS:EMIT] pos=197 u16=0x0005 (5) @parser.c:1772
[QTS:EMIT] pos=199 op=200 @parser.c:1786
[QTS:EMIT] pos=200 u32=0x000067ca (26570) @parser.c:1788
[QTS:EMIT] pos=204 op=72 @parser.c:1799
[QTS:EMIT] pos=205 op=184 @parser.c:1799
[QTS:EMIT] pos=206 u32=0x00000004 (4) @parser.c:1777
[QTS:EMIT] pos=210 op=22 @parser.c:1799
[QTS:EMIT] pos=211 op=62 @parser.c:1799
[QTS:EMIT] pos=212 op=108 @parser.c:1799
[QTS:EMIT] pos=213 u32=0x00000005 (5) @parser.c:1777
[QTS:SCOPE] push: level=6 first_var=-1
[QTS:SCOPE] enter: idx=6 is_body=0
[QTS:EMIT] pos=217 op=182 @parser.c:1799
[QTS:EMIT] pos=218 u16=0x0006 (6) @parser.c:1772
[QTS:EMIT] pos=220 op=200 @parser.c:1786
[QTS:EMIT] pos=221 u32=0x000067e0 (26592) @parser.c:1788
[QTS:EMIT] pos=225 op=186 @parser.c:1799
[QTS:EMIT] pos=226 u32=0x00000220 (544) @parser.c:1777
[QTS:EMIT] pos=230 u16=0x0006 (6) @parser.c:1772
[QTS:EMIT] pos=225 op=189 @parser.c:1799
[QTS:EMIT] pos=226 atom=544 @parser.c:1807
[QTS:EMIT] pos=230 u32=0x00000006 (6) @parser.c:1777
[QTS:EMIT] pos=234 u16=0x0006 (6) @parser.c:1772
[QTS:ASSIGN] lvalue: opcode=61 scope=6 atom=544 label=6
[QTS:EMIT] pos=236 op=200 @parser.c:1786
[QTS:EMIT] pos=237 u32=0x000067eb (26603) @parser.c:1788
[QTS:EMIT] pos=241 op=186 @parser.c:1799
[QTS:EMIT] pos=242 u32=0x000002f5 (757) @parser.c:1777
[QTS:EMIT] pos=246 u16=0x0006 (6) @parser.c:1772
[QTS:EMIT] pos=248 op=184 @parser.c:1799
[QTS:EMIT] pos=249 u32=0x00000006 (6) @parser.c:1777
[QTS:EMIT] pos=253 op=22 @parser.c:1799
[QTS:EMIT] pos=254 op=62 @parser.c:1799
[QTS:EMIT] pos=255 op=14 @parser.c:1799
[QTS:EMIT] pos=256 op=200 @parser.c:1786
[QTS:EMIT] pos=257 u32=0x00006804 (26628) @parser.c:1788
[QTS:EMIT] pos=261 op=186 @parser.c:1799
[QTS:EMIT] pos=262 u32=0x000002f5 (757) @parser.c:1777
[QTS:EMIT] pos=266 u16=0x0006 (6) @parser.c:1772
[QTS:EMIT] pos=268 op=200 @parser.c:1786
[QTS:EMIT] pos=269 u32=0x00006808 (26632) @parser.c:1788
[QTS:EMIT] pos=273 op=186 @parser.c:1799
[QTS:EMIT] pos=274 u32=0x000000e9 (233) @parser.c:1777
[QTS:EMIT] pos=278 u16=0x0006 (6) @parser.c:1772
[QTS:EMIT] pos=280 op=200 @parser.c:1786
[QTS:EMIT] pos=281 u32=0x00006807 (26631) @parser.c:1788
[QTS:EMIT] pos=285 op=34 @parser.c:1799
[QTS:EMIT] pos=286 u16=0x0001 (1) @parser.c:1772
[QTS:SCOPE] push: level=7 first_var=-1
[QTS:SCOPE] enter: idx=7 is_body=0
[QTS:EMIT] pos=288 op=182 @parser.c:1799
[QTS:EMIT] pos=289 u16=0x0007 (7) @parser.c:1772
[QTS:EMIT] pos=291 op=17 @parser.c:1799
[QTS:EMIT] pos=292 op=1 @parser.c:1799
[QTS:EMIT] pos=293 u32=0x00000001 (1) @parser.c:1777
[QTS:EMIT] pos=297 op=200 @parser.c:1786
[QTS:EMIT] pos=298 u32=0x00006826 (26662) @parser.c:1788
[QTS:EMIT] pos=302 op=142 @parser.c:1799
[QTS:EMIT] pos=303 op=173 @parser.c:1799
[QTS:EMIT] pos=304 op=108 @parser.c:1799
[QTS:EMIT] pos=305 u32=0x00000008 (8) @parser.c:1777
[QTS:EMIT] pos=309 op=200 @parser.c:1786
[QTS:EMIT] pos=310 u32=0x0000683e (26686) @parser.c:1788
[QTS:EMIT] pos=314 op=186 @parser.c:1799
[QTS:EMIT] pos=315 u32=0x000002ea (746) @parser.c:1777
[QTS:EMIT] pos=319 u16=0x0007 (7) @parser.c:1772
[QTS:EMIT] pos=321 op=200 @parser.c:1786
[QTS:EMIT] pos=322 u32=0x0000684a (26698) @parser.c:1788
[QTS:EMIT] pos=326 op=186 @parser.c:1799
[QTS:EMIT] pos=327 u32=0x0000021b (539) @parser.c:1777
[QTS:EMIT] pos=331 u16=0x0007 (7) @parser.c:1772
[QTS:EMIT] pos=333 op=200 @parser.c:1786
[QTS:EMIT] pos=334 u32=0x00006849 (26697) @parser.c:1788
[QTS:EMIT] pos=338 op=34 @parser.c:1799
[QTS:EMIT] pos=339 u16=0x0001 (1) @parser.c:1772
[QTS:EMIT] pos=341 op=14 @parser.c:1799
[QTS:EMIT] pos=342 op=200 @parser.c:1786
[QTS:EMIT] pos=343 u32=0x00006864 (26724) @parser.c:1788
[QTS:EMIT] pos=347 op=41 @parser.c:1799
[QTS:EMIT] pos=348 op=184 @parser.c:1799
[QTS:EMIT] pos=349 u32=0x00000008 (8) @parser.c:1777
[QTS:EMIT] pos=353 op=17 @parser.c:1799
[QTS:EMIT] pos=354 op=1 @parser.c:1799
[QTS:EMIT] pos=355 u32=0x00000002 (2) @parser.c:1777
[QTS:EMIT] pos=359 op=200 @parser.c:1786
[QTS:EMIT] pos=360 u32=0x00006881 (26753) @parser.c:1788
[QTS:EMIT] pos=364 op=142 @parser.c:1799
[QTS:EMIT] pos=365 op=173 @parser.c:1799
[QTS:EMIT] pos=366 op=108 @parser.c:1799
[QTS:EMIT] pos=367 u32=0x00000009 (9) @parser.c:1777
[QTS:EMIT] pos=371 op=200 @parser.c:1786
[QTS:EMIT] pos=372 u32=0x00006899 (26777) @parser.c:1788
[QTS:EMIT] pos=376 op=186 @parser.c:1799
[QTS:EMIT] pos=377 u32=0x000002ea (746) @parser.c:1777
[QTS:EMIT] pos=381 u16=0x0007 (7) @parser.c:1772
[QTS:EMIT] pos=383 op=7 @parser.c:1799
[QTS:EMIT] pos=384 op=200 @parser.c:1786
[QTS:EMIT] pos=385 u32=0x000068a4 (26788) @parser.c:1788
[QTS:EMIT] pos=389 op=34 @parser.c:1799
[QTS:EMIT] pos=390 u16=0x0001 (1) @parser.c:1772
[QTS:EMIT] pos=392 op=14 @parser.c:1799
[QTS:EMIT] pos=393 op=200 @parser.c:1786
[QTS:EMIT] pos=394 u32=0x000068c0 (26816) @parser.c:1788
[QTS:EMIT] pos=398 op=41 @parser.c:1799
[QTS:EMIT] pos=399 op=184 @parser.c:1799
[QTS:EMIT] pos=400 u32=0x00000009 (9) @parser.c:1777
[QTS:EMIT] pos=404 op=17 @parser.c:1799
[QTS:EMIT] pos=405 op=1 @parser.c:1799
[QTS:EMIT] pos=406 u32=0x00000003 (3) @parser.c:1777
[QTS:EMIT] pos=410 op=200 @parser.c:1786
[QTS:EMIT] pos=411 u32=0x000068dd (26845) @parser.c:1788
[QTS:EMIT] pos=415 op=142 @parser.c:1799
[QTS:EMIT] pos=416 op=173 @parser.c:1799
[QTS:EMIT] pos=417 op=108 @parser.c:1799
[QTS:EMIT] pos=418 u32=0x0000000a (10) @parser.c:1777
[QTS:EMIT] pos=422 op=200 @parser.c:1786
[QTS:EMIT] pos=423 u32=0x00006931 (26929) @parser.c:1788
[QTS:EMIT] pos=427 op=186 @parser.c:1799
[QTS:EMIT] pos=428 u32=0x000001d9 (473) @parser.c:1777
[QTS:EMIT] pos=432 u16=0x0007 (7) @parser.c:1772
[QTS:EMIT] pos=434 op=200 @parser.c:1786
[QTS:EMIT] pos=435 u32=0x00006933 (26931) @parser.c:1788
[QTS:EMIT] pos=439 op=66 @parser.c:1799
[QTS:EMIT] pos=440 atom=559 @parser.c:1807
[QTS:EMIT] pos=444 op=200 @parser.c:1786
[QTS:EMIT] pos=445 u32=0x0000693b (26939) @parser.c:1788
[QTS:EMIT] pos=449 op=186 @parser.c:1799
[QTS:EMIT] pos=450 u32=0x000001d9 (473) @parser.c:1777
[QTS:EMIT] pos=454 u16=0x0007 (7) @parser.c:1772
[QTS:EMIT] pos=456 op=200 @parser.c:1786
[QTS:EMIT] pos=457 u32=0x0000693d (26941) @parser.c:1788
[QTS:EMIT] pos=461 op=66 @parser.c:1799
[QTS:EMIT] pos=462 atom=560 @parser.c:1807
[QTS:EMIT] pos=466 op=7 @parser.c:1799
[QTS:EMIT] pos=467 op=200 @parser.c:1786
[QTS:EMIT] pos=468 u32=0x0000693a (26938) @parser.c:1788
[QTS:EMIT] pos=472 op=36 @parser.c:1799
[QTS:EMIT] pos=473 u16=0x0002 (2) @parser.c:1772
[QTS:EMIT] pos=475 op=14 @parser.c:1799
[QTS:EMIT] pos=476 op=200 @parser.c:1786
[QTS:EMIT] pos=477 u32=0x0000699c (27036) @parser.c:1788
[QTS:EMIT] pos=481 op=186 @parser.c:1799
[QTS:EMIT] pos=482 u32=0x000001d9 (473) @parser.c:1777
[QTS:EMIT] pos=486 u16=0x0007 (7) @parser.c:1772
[QTS:EMIT] pos=488 op=200 @parser.c:1786
[QTS:EMIT] pos=489 u32=0x0000699e (27038) @parser.c:1788
[QTS:EMIT] pos=493 op=66 @parser.c:1799
[QTS:EMIT] pos=494 atom=562 @parser.c:1807
[QTS:EMIT] pos=498 op=200 @parser.c:1786
[QTS:EMIT] pos=499 u32=0x000069ae (27054) @parser.c:1788
[QTS:EMIT] pos=503 op=186 @parser.c:1799
[QTS:EMIT] pos=504 u32=0x00000225 (549) @parser.c:1777
[QTS:EMIT] pos=508 u16=0x0007 (7) @parser.c:1772
[QTS:EMIT] pos=510 op=7 @parser.c:1799
[QTS:EMIT] pos=511 op=200 @parser.c:1786
[QTS:EMIT] pos=512 u32=0x000069ad (27053) @parser.c:1788
[QTS:EMIT] pos=516 op=36 @parser.c:1799
[QTS:EMIT] pos=517 u16=0x0002 (2) @parser.c:1772
[QTS:EMIT] pos=519 op=14 @parser.c:1799
[QTS:EMIT] pos=520 op=200 @parser.c:1786
[QTS:EMIT] pos=521 u32=0x000069d2 (27090) @parser.c:1788
[QTS:EMIT] pos=525 op=41 @parser.c:1799
[QTS:EMIT] pos=526 op=184 @parser.c:1799
[QTS:EMIT] pos=527 u32=0x0000000a (10) @parser.c:1777
[QTS:EMIT] pos=531 op=184 @parser.c:1799
[QTS:EMIT] pos=532 u32=0x00000007 (7) @parser.c:1777
[QTS:EMIT] pos=536 op=14 @parser.c:1799
[QTS:SCOPE] leave: idx=7
[QTS:SCOPE] pop: level=7
[QTS:EMIT] pos=537 op=183 @parser.c:1799
[QTS:EMIT] pos=538 u16=0x0007 (7) @parser.c:1772
[QTS:EMIT] pos=540 op=200 @parser.c:1786
[QTS:EMIT] pos=541 u32=0x000069f4 (27124) @parser.c:1788
[QTS:EMIT] pos=545 op=186 @parser.c:1799
[QTS:EMIT] pos=546 u32=0x00000221 (545) @parser.c:1777
[QTS:EMIT] pos=550 u16=0x0006 (6) @parser.c:1772
[QTS:EMIT] pos=545 op=189 @parser.c:1799
[QTS:EMIT] pos=546 atom=545 @parser.c:1807
[QTS:EMIT] pos=550 u32=0x0000000b (11) @parser.c:1777
[QTS:EMIT] pos=554 u16=0x0006 (6) @parser.c:1772
[QTS:ASSIGN] lvalue: opcode=61 scope=6 atom=545 label=11
[QTS:EMIT] pos=556 op=200 @parser.c:1786
[QTS:EMIT] pos=557 u32=0x000069ff (27135) @parser.c:1788
[QTS:EMIT] pos=561 op=186 @parser.c:1799
[QTS:EMIT] pos=562 u32=0x00000220 (544) @parser.c:1777
[QTS:EMIT] pos=566 u16=0x0006 (6) @parser.c:1772
[QTS:EMIT] pos=568 op=184 @parser.c:1799
[QTS:EMIT] pos=569 u32=0x0000000b (11) @parser.c:1777
[QTS:EMIT] pos=573 op=22 @parser.c:1799
[QTS:EMIT] pos=574 op=62 @parser.c:1799
[QTS:EMIT] pos=575 op=14 @parser.c:1799
[QTS:SCOPE] leave: idx=6
[QTS:SCOPE] pop: level=6
[QTS:EMIT] pos=576 op=183 @parser.c:1799
[QTS:EMIT] pos=577 u16=0x0006 (6) @parser.c:1772
[QTS:EMIT] pos=579 op=110 @parser.c:1799
[QTS:EMIT] pos=580 u32=0x0000000c (12) @parser.c:1777
[QTS:EMIT] pos=584 op=184 @parser.c:1799
[QTS:EMIT] pos=585 u32=0x00000005 (5) @parser.c:1777
[QTS:SCOPE] push: level=8 first_var=-1
[QTS:SCOPE] enter: idx=8 is_body=0
[QTS:EMIT] pos=589 op=182 @parser.c:1799
[QTS:EMIT] pos=590 u16=0x0008 (8) @parser.c:1772
[QTS:EMIT] pos=592 op=200 @parser.c:1786
[QTS:EMIT] pos=593 u32=0x00006a24 (27172) @parser.c:1788
[QTS:EMIT] pos=597 op=186 @parser.c:1799
[QTS:EMIT] pos=598 u32=0x00000243 (579) @parser.c:1777
[QTS:EMIT] pos=602 u16=0x0008 (8) @parser.c:1772
[QTS:EMIT] pos=604 op=200 @parser.c:1786
[QTS:EMIT] pos=605 u32=0x00006a2f (27183) @parser.c:1788
[QTS:EMIT] pos=609 op=186 @parser.c:1799
[QTS:EMIT] pos=610 u32=0x000000e9 (233) @parser.c:1777
[QTS:EMIT] pos=614 u16=0x0008 (8) @parser.c:1772
[QTS:EMIT] pos=616 op=200 @parser.c:1786
[QTS:EMIT] pos=617 u32=0x00006a2e (27182) @parser.c:1788
[QTS:EMIT] pos=621 op=34 @parser.c:1799
[QTS:EMIT] pos=622 u16=0x0001 (1) @parser.c:1772
[QTS:EMIT] pos=624 op=1 @parser.c:1799
[QTS:EMIT] pos=625 u32=0x00000001 (1) @parser.c:1777
[QTS:EMIT] pos=629 op=200 @parser.c:1786
[QTS:EMIT] pos=630 u32=0x00006a35 (27189) @parser.c:1788
[QTS:EMIT] pos=634 op=173 @parser.c:1799
[QTS:EMIT] pos=635 op=17 @parser.c:1799
[QTS:EMIT] pos=636 op=108 @parser.c:1799
[QTS:EMIT] pos=637 u32=0x0000000d (13) @parser.c:1777
[QTS:EMIT] pos=641 op=14 @parser.c:1799
[QTS:EMIT] pos=642 op=200 @parser.c:1786
[QTS:EMIT] pos=643 u32=0x00006a3e (27198) @parser.c:1788
[QTS:EMIT] pos=647 op=186 @parser.c:1799
[QTS:EMIT] pos=648 u32=0x000000e9 (233) @parser.c:1777
[QTS:EMIT] pos=652 u16=0x0008 (8) @parser.c:1772
[QTS:EMIT] pos=654 op=4 @parser.c:1799
[QTS:EMIT] pos=655 u32=0x000002ee (750) @parser.c:1777
[QTS:EMIT] pos=659 op=200 @parser.c:1786
[QTS:EMIT] pos=660 u32=0x00006a43 (27203) @parser.c:1788
[QTS:EMIT] pos=664 op=168 @parser.c:1799
[QTS:EMIT] pos=665 op=184 @parser.c:1799
[QTS:EMIT] pos=666 u32=0x0000000d (13) @parser.c:1777
[QTS:EMIT] pos=670 op=108 @parser.c:1799
[QTS:EMIT] pos=671 u32=0x0000000e (14) @parser.c:1777
[QTS:SCOPE] push: level=9 first_var=-1
[QTS:SCOPE] enter: idx=9 is_body=0
[QTS:EMIT] pos=675 op=182 @parser.c:1799
[QTS:EMIT] pos=676 u16=0x0009 (9) @parser.c:1772
[QTS:EMIT] pos=678 op=200 @parser.c:1786
[QTS:EMIT] pos=679 u32=0x00006a59 (27225) @parser.c:1788
[QTS:EMIT] pos=683 op=186 @parser.c:1799
[QTS:EMIT] pos=684 u32=0x00000266 (614) @parser.c:1777
[QTS:EMIT] pos=688 u16=0x0009 (9) @parser.c:1772
[QTS:EMIT] pos=690 op=200 @parser.c:1786
[QTS:EMIT] pos=691 u32=0x00006a60 (27232) @parser.c:1788
[QTS:EMIT] pos=695 op=186 @parser.c:1799
[QTS:EMIT] pos=696 u32=0x000000e9 (233) @parser.c:1777
[QTS:EMIT] pos=700 u16=0x0009 (9) @parser.c:1772
[QTS:EMIT] pos=702 op=200 @parser.c:1786
[QTS:EMIT] pos=703 u32=0x00006a5f (27231) @parser.c:1788
[QTS:EMIT] pos=707 op=34 @parser.c:1799
[QTS:EMIT] pos=708 u16=0x0001 (1) @parser.c:1772
[QTS:EMIT] pos=710 op=14 @parser.c:1799
[QTS:EMIT] pos=711 op=200 @parser.c:1786
[QTS:EMIT] pos=712 u32=0x00006a73 (27251) @parser.c:1788
[QTS:EMIT] pos=716 op=186 @parser.c:1799
[QTS:EMIT] pos=717 u32=0x00000221 (545) @parser.c:1777
[QTS:EMIT] pos=721 u16=0x0009 (9) @parser.c:1772
[QTS:EMIT] pos=716 op=189 @parser.c:1799
[QTS:EMIT] pos=717 atom=545 @parser.c:1807
[QTS:EMIT] pos=721 u32=0x0000000f (15) @parser.c:1777
[QTS:EMIT] pos=725 u16=0x0009 (9) @parser.c:1772
[QTS:ASSIGN] lvalue: opcode=61 scope=9 atom=545 label=15
[QTS:EMIT] pos=727 op=200 @parser.c:1786
[QTS:EMIT] pos=728 u32=0x00006a7e (27262) @parser.c:1788
[QTS:EMIT] pos=732 op=186 @parser.c:1799
[QTS:EMIT] pos=733 u32=0x00000266 (614) @parser.c:1777
[QTS:EMIT] pos=737 u16=0x0009 (9) @parser.c:1772
[QTS:EMIT] pos=739 op=184 @parser.c:1799
[QTS:EMIT] pos=740 u32=0x0000000f (15) @parser.c:1777
[QTS:EMIT] pos=744 op=22 @parser.c:1799
[QTS:EMIT] pos=745 op=62 @parser.c:1799
[QTS:EMIT] pos=746 op=14 @parser.c:1799
[QTS:SCOPE] leave: idx=9
[QTS:SCOPE] pop: level=9
[QTS:EMIT] pos=747 op=183 @parser.c:1799
[QTS:EMIT] pos=748 u16=0x0009 (9) @parser.c:1772
[QTS:EMIT] pos=750 op=110 @parser.c:1799
[QTS:EMIT] pos=751 u32=0x00000010 (16) @parser.c:1777
[QTS:EMIT] pos=755 op=184 @parser.c:1799
[QTS:EMIT] pos=756 u32=0x0000000e (14) @parser.c:1777
[QTS:SCOPE] push: level=10 first_var=-1
[QTS:SCOPE] enter: idx=10 is_body=0
[QTS:EMIT] pos=760 op=182 @parser.c:1799
[QTS:EMIT] pos=761 u16=0x000a (10) @parser.c:1772
[QTS:EMIT] pos=763 op=200 @parser.c:1786
[QTS:EMIT] pos=764 u32=0x00006aab (27307) @parser.c:1788
[QTS:EMIT] pos=768 op=186 @parser.c:1799
[QTS:EMIT] pos=769 u32=0x00000269 (617) @parser.c:1777
[QTS:EMIT] pos=773 u16=0x000a (10) @parser.c:1772
[QTS:EMIT] pos=775 op=200 @parser.c:1786
[QTS:EMIT] pos=776 u32=0x00006ab0 (27312) @parser.c:1788
[QTS:EMIT] pos=780 op=34 @parser.c:1799
[QTS:EMIT] pos=781 u16=0x0000 (0) @parser.c:1772
[QTS:EMIT] pos=783 op=14 @parser.c:1799
[QTS:SCOPE] leave: idx=10
[QTS:SCOPE] pop: level=10
[QTS:EMIT] pos=784 op=183 @parser.c:1799
[QTS:EMIT] pos=785 u16=0x000a (10) @parser.c:1772
[QTS:EMIT] pos=787 op=184 @parser.c:1799
[QTS:EMIT] pos=788 u32=0x00000010 (16) @parser.c:1777
[QTS:SCOPE] leave: idx=8
[QTS:SCOPE] pop: level=8
[QTS:EMIT] pos=792 op=183 @parser.c:1799
[QTS:EMIT] pos=793 u16=0x0008 (8) @parser.c:1772
[QTS:EMIT] pos=795 op=184 @parser.c:1799
[QTS:EMIT] pos=796 u32=0x0000000c (12) @parser.c:1777
[QTS:SCOPE] leave: idx=5
[QTS:SCOPE] pop: level=5
[QTS:EMIT] pos=800 op=183 @parser.c:1799
[QTS:EMIT] pos=801 u16=0x0005 (5) @parser.c:1772
[QTS:EMIT] pos=803 op=184 @parser.c:1799
[QTS:EMIT] pos=804 u32=0x00000003 (3) @parser.c:1777
[QTS:SCOPE] leave: idx=2
[QTS:SCOPE] pop: level=2
[QTS:EMIT] pos=808 op=183 @parser.c:1799
[QTS:EMIT] pos=809 u16=0x0002 (2) @parser.c:1772
[QTS:EMIT] pos=811 op=200 @parser.c:1786
[QTS:EMIT] pos=812 u32=0x00006ad2 (27346) @parser.c:1788
[QTS:EMIT] pos=816 op=186 @parser.c:1799
[QTS:EMIT] pos=817 u32=0x0000021c (540) @parser.c:1777
[QTS:EMIT] pos=821 u16=0x0001 (1) @parser.c:1772
[QTS:EMIT] pos=816 op=189 @parser.c:1799
[QTS:EMIT] pos=817 atom=540 @parser.c:1807
[QTS:EMIT] pos=821 u32=0x00000011 (17) @parser.c:1777
[QTS:EMIT] pos=825 u16=0x0001 (1) @parser.c:1772
[QTS:ASSIGN] lvalue: opcode=61 scope=1 atom=540 label=17
[QTS:EMIT] pos=827 op=200 @parser.c:1786
[QTS:EMIT] pos=828 u32=0x00006ae0 (27360) @parser.c:1788
[QTS:EMIT] pos=832 op=186 @parser.c:1799
[QTS:EMIT] pos=833 u32=0x0000021c (540) @parser.c:1777
[QTS:EMIT] pos=837 u16=0x0001 (1) @parser.c:1772
[QTS:EMIT] pos=839 op=1 @parser.c:1799
[QTS:EMIT] pos=840 u32=0x00000000 (0) @parser.c:1777
[QTS:EMIT] pos=844 op=200 @parser.c:1786
[QTS:EMIT] pos=845 u32=0x00006aeb (27371) @parser.c:1788
[QTS:EMIT] pos=849 op=165 @parser.c:1799
[QTS:EMIT] pos=850 op=108 @parser.c:1799
[QTS:EMIT] pos=851 u32=0x00000012 (18) @parser.c:1777
[QTS:EMIT] pos=855 op=1 @parser.c:1799
[QTS:EMIT] pos=856 u32=0x00000000 (0) @parser.c:1777
[QTS:EMIT] pos=860 op=110 @parser.c:1799
[QTS:EMIT] pos=861 u32=0x00000013 (19) @parser.c:1777
[QTS:EMIT] pos=865 op=184 @parser.c:1799
[QTS:EMIT] pos=866 u32=0x00000012 (18) @parser.c:1777
[QTS:EMIT] pos=870 op=200 @parser.c:1786
[QTS:EMIT] pos=871 u32=0x00006b03 (27395) @parser.c:1788
[QTS:EMIT] pos=875 op=186 @parser.c:1799
[QTS:EMIT] pos=876 u32=0x0000021c (540) @parser.c:1777
[QTS:EMIT] pos=880 u16=0x0001 (1) @parser.c:1772
[QTS:EMIT] pos=882 op=200 @parser.c:1786
[QTS:EMIT] pos=883 u32=0x00006b10 (27408) @parser.c:1788
[QTS:EMIT] pos=887 op=186 @parser.c:1799
[QTS:EMIT] pos=888 u32=0x0000021b (539) @parser.c:1777
[QTS:EMIT] pos=892 u16=0x0001 (1) @parser.c:1772
[QTS:EMIT] pos=894 op=200 @parser.c:1786
[QTS:EMIT] pos=895 u32=0x00006b13 (27411) @parser.c:1788
[QTS:EMIT] pos=899 op=66 @parser.c:1799
[QTS:EMIT] pos=900 atom=48 @parser.c:1807
[QTS:EMIT] pos=904 op=200 @parser.c:1786
[QTS:EMIT] pos=905 u32=0x00006b0e (27406) @parser.c:1788
[QTS:EMIT] pos=909 op=167 @parser.c:1799
[QTS:EMIT] pos=910 op=108 @parser.c:1799
[QTS:EMIT] pos=911 u32=0x00000014 (20) @parser.c:1777
[QTS:EMIT] pos=915 op=200 @parser.c:1786
[QTS:EMIT] pos=916 u32=0x00006b1e (27422) @parser.c:1788
[QTS:EMIT] pos=920 op=186 @parser.c:1799
[QTS:EMIT] pos=921 u32=0x0000021b (539) @parser.c:1777
[QTS:EMIT] pos=925 u16=0x0001 (1) @parser.c:1772
[QTS:EMIT] pos=927 op=200 @parser.c:1786
[QTS:EMIT] pos=928 u32=0x00006b21 (27425) @parser.c:1788
[QTS:EMIT] pos=932 op=66 @parser.c:1799
[QTS:EMIT] pos=933 atom=48 @parser.c:1807
[QTS:EMIT] pos=937 op=110 @parser.c:1799
[QTS:EMIT] pos=938 u32=0x00000015 (21) @parser.c:1777
[QTS:EMIT] pos=942 op=184 @parser.c:1799
[QTS:EMIT] pos=943 u32=0x00000014 (20) @parser.c:1777
[QTS:EMIT] pos=947 op=200 @parser.c:1786
[QTS:EMIT] pos=948 u32=0x00006b2b (27435) @parser.c:1788
[QTS:EMIT] pos=952 op=186 @parser.c:1799
[QTS:EMIT] pos=953 u32=0x0000021c (540) @parser.c:1777
[QTS:EMIT] pos=957 u16=0x0001 (1) @parser.c:1772
[QTS:EMIT] pos=959 op=184 @parser.c:1799
[QTS:EMIT] pos=960 u32=0x00000015 (21) @parser.c:1777
[QTS:EMIT] pos=964 op=184 @parser.c:1799
[QTS:EMIT] pos=965 u32=0x00000013 (19) @parser.c:1777
[QTS:EMIT] pos=969 op=184 @parser.c:1799
[QTS:EMIT] pos=970 u32=0x00000011 (17) @parser.c:1777
[QTS:EMIT] pos=974 op=22 @parser.c:1799
[QTS:EMIT] pos=975 op=62 @parser.c:1799
[QTS:EMIT] pos=976 op=14 @parser.c:1799
[QTS:EMIT] pos=977 op=200 @parser.c:1786
[QTS:EMIT] pos=978 u32=0x00006b3f (27455) @parser.c:1788
[QTS:EMIT] pos=982 op=186 @parser.c:1799
[QTS:EMIT] pos=983 u32=0x0000025e (606) @parser.c:1777
[QTS:EMIT] pos=987 u16=0x0001 (1) @parser.c:1772
[QTS:EMIT] pos=989 op=200 @parser.c:1786
[QTS:EMIT] pos=990 u32=0x00006b45 (27461) @parser.c:1788
[QTS:EMIT] pos=994 op=34 @parser.c:1799
[QTS:EMIT] pos=995 u16=0x0000 (0) @parser.c:1772
[QTS:EMIT] pos=997 op=14 @parser.c:1799
[QTS:EMIT] pos=998 op=41 @parser.c:1799
[QTS:EMIT] pos=1652 op=9 @parser.c:1799
[QTS:EMIT] pos=1653 op=187 @parser.c:1799
[QTS:EMIT] pos=1654 atom=758 @parser.c:1807
[QTS:EMIT] pos=1658 u16=0x0001 (1) @parser.c:1772
[QTS:SCOPE] push: level=1 first_var=-1
[QTS:SCOPE] enter: idx=1 is_body=0
[QTS:EMIT] pos=0 op=182 @parser.c:1799
[QTS:EMIT] pos=1 u16=0x0001 (1) @parser.c:1772
[QTS:SCOPE] push: level=2 first_var=-1
[QTS:SCOPE] enter: idx=2 is_body=0
[QTS:EMIT] pos=3 op=182 @parser.c:1799
[QTS:EMIT] pos=4 u16=0x0002 (2) @parser.c:1772
[QTS:EMIT] pos=6 op=200 @parser.c:1786
[QTS:EMIT] pos=7 u32=0x00006bab (27563) @parser.c:1788
[QTS:EMIT] pos=11 op=186 @parser.c:1799
[QTS:EMIT] pos=12 u32=0x0000023d (573) @parser.c:1777
[QTS:EMIT] pos=16 u16=0x0002 (2) @parser.c:1772
[QTS:EMIT] pos=18 op=1 @parser.c:1799
[QTS:EMIT] pos=19 u32=0x00000000 (0) @parser.c:1777
[QTS:EMIT] pos=23 op=200 @parser.c:1786
[QTS:EMIT] pos=24 u32=0x00006bad (27565) @parser.c:1788
[QTS:EMIT] pos=28 op=165 @parser.c:1799
[QTS:EMIT] pos=29 op=108 @parser.c:1799
[QTS:EMIT] pos=30 u32=0x00000000 (0) @parser.c:1777
[QTS:SCOPE] push: level=3 first_var=-1
[QTS:SCOPE] enter: idx=3 is_body=0
[QTS:EMIT] pos=34 op=182 @parser.c:1799
[QTS:EMIT] pos=35 u16=0x0003 (3) @parser.c:1772
[QTS:EMIT] pos=37 op=200 @parser.c:1786
[QTS:EMIT] pos=38 u32=0x00006bc0 (27584) @parser.c:1788
[QTS:EMIT] pos=42 op=186 @parser.c:1799
[QTS:EMIT] pos=43 u32=0x0000023d (573) @parser.c:1777
[QTS:EMIT] pos=47 u16=0x0003 (3) @parser.c:1772
[QTS:EMIT] pos=42 op=189 @parser.c:1799
[QTS:EMIT] pos=43 atom=573 @parser.c:1807
[QTS:EMIT] pos=47 u32=0x00000001 (1) @parser.c:1777
[QTS:EMIT] pos=51 u16=0x0003 (3) @parser.c:1772
[QTS:ASSIGN] lvalue: opcode=61 scope=3 atom=573 label=1
[QTS:EMIT] pos=53 op=200 @parser.c:1786
[QTS:EMIT] pos=54 u32=0x00006bc5 (27589) @parser.c:1788
[QTS:EMIT] pos=58 op=186 @parser.c:1799
[QTS:EMIT] pos=59 u32=0x0000023d (573) @parser.c:1777
[QTS:EMIT] pos=63 u16=0x0003 (3) @parser.c:1772
[QTS:EMIT] pos=65 op=200 @parser.c:1786
[QTS:EMIT] pos=66 u32=0x00006bc4 (27588) @parser.c:1788
[QTS:EMIT] pos=70 op=142 @parser.c:1799
[QTS:EMIT] pos=71 op=184 @parser.c:1799
[QTS:EMIT] pos=72 u32=0x00000001 (1) @parser.c:1777
[QTS:EMIT] pos=76 op=22 @parser.c:1799
[QTS:EMIT] pos=77 op=62 @parser.c:1799
[QTS:EMIT] pos=78 op=14 @parser.c:1799
[QTS:EMIT] pos=79 op=200 @parser.c:1786
[QTS:EMIT] pos=80 u32=0x00006bd4 (27604) @parser.c:1788
[QTS:EMIT] pos=84 op=186 @parser.c:1799
[QTS:EMIT] pos=85 u32=0x00000289 (649) @parser.c:1777
[QTS:EMIT] pos=89 u16=0x0003 (3) @parser.c:1772
[QTS:EMIT] pos=84 op=189 @parser.c:1799
[QTS:EMIT] pos=85 atom=649 @parser.c:1807
[QTS:EMIT] pos=89 u32=0x00000002 (2) @parser.c:1777
[QTS:EMIT] pos=93 u16=0x0003 (3) @parser.c:1772
[QTS:ASSIGN] lvalue: opcode=61 scope=3 atom=649 label=2
[QTS:EMIT] pos=95 op=4 @parser.c:1799
[QTS:EMIT] pos=96 u32=0x000002f8 (760) @parser.c:1777
[QTS:EMIT] pos=100 op=184 @parser.c:1799
[QTS:EMIT] pos=101 u32=0x00000002 (2) @parser.c:1777
[QTS:EMIT] pos=105 op=22 @parser.c:1799
[QTS:EMIT] pos=106 op=62 @parser.c:1799
[QTS:EMIT] pos=107 op=14 @parser.c:1799
[QTS:SCOPE] leave: idx=3
[QTS:SCOPE] pop: level=3
[QTS:EMIT] pos=108 op=183 @parser.c:1799
[QTS:EMIT] pos=109 u16=0x0003 (3) @parser.c:1772
[QTS:EMIT] pos=111 op=110 @parser.c:1799
[QTS:EMIT] pos=112 u32=0x00000003 (3) @parser.c:1777
[QTS:EMIT] pos=116 op=184 @parser.c:1799
[QTS:EMIT] pos=117 u32=0x00000000 (0) @parser.c:1777
[QTS:SCOPE] push: level=4 first_var=-1
[QTS:SCOPE] enter: idx=4 is_body=0
[QTS:EMIT] pos=121 op=182 @parser.c:1799
[QTS:EMIT] pos=122 u16=0x0004 (4) @parser.c:1772
[QTS:EMIT] pos=124 op=200 @parser.c:1786
[QTS:EMIT] pos=125 u32=0x00006c02 (27650) @parser.c:1788
[QTS:EMIT] pos=129 op=186 @parser.c:1799
[QTS:EMIT] pos=130 u32=0x00000289 (649) @parser.c:1777
[QTS:EMIT] pos=134 u16=0x0004 (4) @parser.c:1772
[QTS:EMIT] pos=129 op=189 @parser.c:1799
[QTS:EMIT] pos=130 atom=649 @parser.c:1807
[QTS:EMIT] pos=134 u32=0x00000004 (4) @parser.c:1777
[QTS:EMIT] pos=138 u16=0x0004 (4) @parser.c:1772
[QTS:ASSIGN] lvalue: opcode=61 scope=4 atom=649 label=4
[QTS:EMIT] pos=140 op=4 @parser.c:1799
[QTS:EMIT] pos=141 u32=0x0000002f (47) @parser.c:1777
[QTS:EMIT] pos=145 op=184 @parser.c:1799
[QTS:EMIT] pos=146 u32=0x00000004 (4) @parser.c:1777
[QTS:EMIT] pos=150 op=22 @parser.c:1799
[QTS:EMIT] pos=151 op=62 @parser.c:1799
[QTS:EMIT] pos=152 op=14 @parser.c:1799
[QTS:SCOPE] leave: idx=4
[QTS:SCOPE] pop: level=4
[QTS:EMIT] pos=153 op=183 @parser.c:1799
[QTS:EMIT] pos=154 u16=0x0004 (4) @parser.c:1772
[QTS:EMIT] pos=156 op=184 @parser.c:1799
[QTS:EMIT] pos=157 u32=0x00000003 (3) @parser.c:1777
[QTS:SCOPE] leave: idx=2
[QTS:SCOPE] pop: level=2
[QTS:EMIT] pos=161 op=183 @parser.c:1799
[QTS:EMIT] pos=162 u16=0x0002 (2) @parser.c:1772
[QTS:EMIT] pos=164 op=200 @parser.c:1786
[QTS:EMIT] pos=165 u32=0x00006c1c (27676) @parser.c:1788
[QTS:EMIT] pos=169 op=186 @parser.c:1799
[QTS:EMIT] pos=170 u32=0x00000289 (649) @parser.c:1777
[QTS:EMIT] pos=174 u16=0x0001 (1) @parser.c:1772
[QTS:EMIT] pos=169 op=189 @parser.c:1799
[QTS:EMIT] pos=170 atom=649 @parser.c:1807
[QTS:EMIT] pos=174 u32=0x00000005 (5) @parser.c:1777
[QTS:EMIT] pos=178 u16=0x0001 (1) @parser.c:1772
[QTS:EMIT] pos=180 op=61 @parser.c:1799
[QTS:ASSIGN] lvalue: opcode=61 scope=1 atom=649 label=5
[QTS:EMIT] pos=181 op=4 @parser.c:1799
[QTS:EMIT] pos=182 u32=0x000002f9 (761) @parser.c:1777
[QTS:EMIT] pos=186 op=200 @parser.c:1786
[QTS:EMIT] pos=187 u32=0x00006c28 (27688) @parser.c:1788
[QTS:EMIT] pos=191 op=186 @parser.c:1799
[QTS:EMIT] pos=192 u32=0x0000023d (573) @parser.c:1777
[QTS:EMIT] pos=196 u16=0x0001 (1) @parser.c:1772
[QTS:EMIT] pos=198 op=200 @parser.c:1786
[QTS:EMIT] pos=199 u32=0x00006c29 (27689) @parser.c:1788
[QTS:EMIT] pos=203 op=66 @parser.c:1799
[QTS:EMIT] pos=204 atom=57 @parser.c:1807
[QTS:EMIT] pos=208 op=1 @parser.c:1799
[QTS:EMIT] pos=209 u32=0x00000010 (16) @parser.c:1777
[QTS:EMIT] pos=213 op=200 @parser.c:1786
[QTS:EMIT] pos=214 u32=0x00006c32 (27698) @parser.c:1788
[QTS:EMIT] pos=218 op=36 @parser.c:1799
[QTS:EMIT] pos=219 u16=0x0001 (1) @parser.c:1772
[QTS:EMIT] pos=221 op=200 @parser.c:1786
[QTS:EMIT] pos=222 u32=0x00006c26 (27686) @parser.c:1788
[QTS:EMIT] pos=226 op=159 @parser.c:1799
[QTS:ASSIGN] compound: tok=59 op=159
[QTS:EMIT] pos=227 op=200 @parser.c:1786
[QTS:EMIT] pos=228 u32=0x00006c1e (27678) @parser.c:1788
[QTS:EMIT] pos=232 op=159 @parser.c:1799
[QTS:EMIT] pos=233 op=184 @parser.c:1799
[QTS:EMIT] pos=234 u32=0x00000005 (5) @parser.c:1777
[QTS:EMIT] pos=238 op=22 @parser.c:1799
[QTS:EMIT] pos=239 op=62 @parser.c:1799
[QTS:EMIT] pos=240 op=14 @parser.c:1799
[QTS:EMIT] pos=241 op=200 @parser.c:1786
[QTS:EMIT] pos=242 u32=0x00006c47 (27719) @parser.c:1788
[QTS:EMIT] pos=246 op=186 @parser.c:1799
[QTS:EMIT] pos=247 u32=0x00000289 (649) @parser.c:1777
[QTS:EMIT] pos=251 u16=0x0001 (1) @parser.c:1772
[QTS:EMIT] pos=253 op=200 @parser.c:1786
[QTS:EMIT] pos=254 u32=0x00006c40 (27712) @parser.c:1788
[QTS:EMIT] pos=258 op=40 @parser.c:1799
[QTS:SCOPE] push: level=1 first_var=-1
[QTS:SCOPE] enter: idx=1 is_body=0
[QTS:EMIT] pos=0 op=182 @parser.c:1799
[QTS:EMIT] pos=1 u16=0x0001 (1) @parser.c:1772
[QTS:SCOPE] push: level=2 first_var=-1
[QTS:SCOPE] enter: idx=2 is_body=0
[QTS:EMIT] pos=3 op=182 @parser.c:1799
[QTS:EMIT] pos=4 u16=0x0002 (2) @parser.c:1772
[QTS:EMIT] pos=6 op=200 @parser.c:1786
[QTS:EMIT] pos=7 u32=0x00006c91 (27793) @parser.c:1788
[QTS:EMIT] pos=11 op=186 @parser.c:1799
[QTS:EMIT] pos=12 u32=0x0000023d (573) @parser.c:1777
[QTS:EMIT] pos=16 u16=0x0002 (2) @parser.c:1772
[QTS:EMIT] pos=18 op=1 @parser.c:1799
[QTS:EMIT] pos=19 u32=0x00000000 (0) @parser.c:1777
[QTS:EMIT] pos=23 op=200 @parser.c:1786
[QTS:EMIT] pos=24 u32=0x00006c92 (27794) @parser.c:1788
[QTS:EMIT] pos=28 op=72 @parser.c:1799
[QTS:EMIT] pos=29 op=4 @parser.c:1799
[QTS:EMIT] pos=30 u32=0x000002fb (763) @parser.c:1777
[QTS:EMIT] pos=34 op=200 @parser.c:1786
[QTS:EMIT] pos=35 u32=0x00006c96 (27798) @parser.c:1788
[QTS:EMIT] pos=39 op=174 @parser.c:1799
[QTS:EMIT] pos=40 op=108 @parser.c:1799
[QTS:EMIT] pos=41 u32=0x00000000 (0) @parser.c:1777
[QTS:EMIT] pos=45 op=4 @parser.c:1799
[QTS:EMIT] pos=46 u32=0x0000002f (47) @parser.c:1777
[QTS:EMIT] pos=50 op=200 @parser.c:1786
[QTS:EMIT] pos=51 u32=0x00006cac (27820) @parser.c:1788
[QTS:EMIT] pos=55 op=40 @parser.c:1799
[QTS:EMIT] pos=56 op=184 @parser.c:1799
[QTS:EMIT] pos=57 u32=0x00000000 (0) @parser.c:1777
[QTS:SCOPE] leave: idx=2
[QTS:SCOPE] pop: level=2
[QTS:EMIT] pos=61 op=183 @parser.c:1799
[QTS:EMIT] pos=62 u16=0x0002 (2) @parser.c:1772
[QTS:SCOPE] push: level=3 first_var=-1
[QTS:SCOPE] enter: idx=3 is_body=0
[QTS:EMIT] pos=64 op=182 @parser.c:1799
[QTS:EMIT] pos=65 u16=0x0003 (3) @parser.c:1772
[QTS:EMIT] pos=67 op=200 @parser.c:1786
[QTS:EMIT] pos=68 u32=0x00006cc4 (27844) @parser.c:1788
[QTS:EMIT] pos=72 op=186 @parser.c:1799
[QTS:EMIT] pos=73 u32=0x0000026f (623) @parser.c:1777
[QTS:EMIT] pos=77 u16=0x0003 (3) @parser.c:1772
[QTS:EMIT] pos=72 op=189 @parser.c:1799
[QTS:EMIT] pos=73 atom=623 @parser.c:1807
[QTS:EMIT] pos=77 u32=0x00000001 (1) @parser.c:1777
[QTS:EMIT] pos=81 u16=0x0003 (3) @parser.c:1772
[QTS:ASSIGN] lvalue: opcode=61 scope=3 atom=623 label=1
[QTS:EMIT] pos=83 op=1 @parser.c:1799
[QTS:EMIT] pos=84 u32=0x00000001 (1) @parser.c:1777
[QTS:EMIT] pos=88 op=184 @parser.c:1799
[QTS:EMIT] pos=89 u32=0x00000001 (1) @parser.c:1777
[QTS:EMIT] pos=93 op=22 @parser.c:1799
[QTS:EMIT] pos=94 op=62 @parser.c:1799
[QTS:EMIT] pos=95 op=14 @parser.c:1799
[QTS:EMIT] pos=96 op=183 @parser.c:1799
[QTS:EMIT] pos=97 u16=0x0003 (3) @parser.c:1772
[QTS:EMIT] pos=99 op=184 @parser.c:1799
[QTS:EMIT] pos=100 u32=0x00000002 (2) @parser.c:1777
[QTS:EMIT] pos=104 op=200 @parser.c:1786
[QTS:EMIT] pos=105 u32=0x00006ccd (27853) @parser.c:1788
[QTS:EMIT] pos=109 op=186 @parser.c:1799
[QTS:EMIT] pos=110 u32=0x0000026f (623) @parser.c:1777
[QTS:EMIT] pos=114 u16=0x0003 (3) @parser.c:1772
[QTS:EMIT] pos=116 op=200 @parser.c:1786
[QTS:EMIT] pos=117 u32=0x00006cd3 (27859) @parser.c:1788
[QTS:EMIT] pos=121 op=186 @parser.c:1799
[QTS:EMIT] pos=122 u32=0x0000023d (573) @parser.c:1777
[QTS:EMIT] pos=126 u16=0x0003 (3) @parser.c:1772
[QTS:EMIT] pos=128 op=200 @parser.c:1786
[QTS:EMIT] pos=129 u32=0x00006cd4 (27860) @parser.c:1788
[QTS:EMIT] pos=133 op=66 @parser.c:1799
[QTS:EMIT] pos=134 atom=48 @parser.c:1807
[QTS:EMIT] pos=138 op=200 @parser.c:1786
[QTS:EMIT] pos=139 u32=0x00006cd1 (27857) @parser.c:1788
[QTS:EMIT] pos=143 op=165 @parser.c:1799
[QTS:EMIT] pos=144 op=108 @parser.c:1799
[QTS:EMIT] pos=145 u32=0x00000005 (5) @parser.c:1777
[QTS:EMIT] pos=149 op=110 @parser.c:1799
[QTS:EMIT] pos=150 u32=0x00000004 (4) @parser.c:1777
[QTS:EMIT] pos=154 op=184 @parser.c:1799
[QTS:EMIT] pos=155 u32=0x00000003 (3) @parser.c:1777
[QTS:EMIT] pos=159 op=200 @parser.c:1786
[QTS:EMIT] pos=160 u32=0x00006cdd (27869) @parser.c:1788
[QTS:EMIT] pos=164 op=186 @parser.c:1799
[QTS:EMIT] pos=165 u32=0x0000026f (623) @parser.c:1777
[QTS:EMIT] pos=169 u16=0x0003 (3) @parser.c:1772
[QTS:EMIT] pos=164 op=189 @parser.c:1799
[QTS:EMIT] pos=165 atom=623 @parser.c:1807
[QTS:EMIT] pos=169 u32=0x00000006 (6) @parser.c:1777
[QTS:EMIT] pos=173 u16=0x0003 (3) @parser.c:1772
[QTS:EMIT] pos=175 op=61 @parser.c:1799
[QTS:EMIT] pos=176 op=200 @parser.c:1786
[QTS:EMIT] pos=177 u32=0x00006ce0 (27872) @parser.c:1788
[QTS:EMIT] pos=181 op=147 @parser.c:1799
[QTS:EMIT] pos=182 op=184 @parser.c:1799
[QTS:EMIT] pos=183 u32=0x00000006 (6) @parser.c:1777
[QTS:EMIT] pos=187 op=25 @parser.c:1799
[QTS:EMIT] pos=188 op=62 @parser.c:1799
[QTS:EMIT] pos=189 op=14 @parser.c:1799
[QTS:EMIT] pos=190 op=110 @parser.c:1799
[QTS:EMIT] pos=191 u32=0x00000002 (2) @parser.c:1777
[QTS:EMIT] pos=195 op=184 @parser.c:1799
[QTS:EMIT] pos=196 u32=0x00000004 (4) @parser.c:1777
[QTS:SCOPE] push: level=4 first_var=-1
[QTS:SCOPE] enter: idx=4 is_body=0
[QTS:EMIT] pos=200 op=182 @parser.c:1799
[QTS:EMIT] pos=201 u16=0x0004 (4) @parser.c:1772
[QTS:SCOPE] push: level=5 first_var=-1
[QTS:SCOPE] enter: idx=5 is_body=0
[QTS:EMIT] pos=203 op=182 @parser.c:1799
[QTS:EMIT] pos=204 u16=0x0005 (5) @parser.c:1772
[QTS:EMIT] pos=206 op=200 @parser.c:1786
[QTS:EMIT] pos=207 u32=0x00006cf7 (27895) @parser.c:1788
[QTS:EMIT] pos=211 op=186 @parser.c:1799
[QTS:EMIT] pos=212 u32=0x0000023a (570) @parser.c:1777
[QTS:EMIT] pos=216 u16=0x0005 (5) @parser.c:1772
[QTS:EMIT] pos=218 op=200 @parser.c:1786
[QTS:EMIT] pos=219 u32=0x00006d00 (27904) @parser.c:1788
[QTS:EMIT] pos=223 op=186 @parser.c:1799
[QTS:EMIT] pos=224 u32=0x0000023d (573) @parser.c:1777
[QTS:EMIT] pos=228 u16=0x0005 (5) @parser.c:1772
[QTS:EMIT] pos=230 op=200 @parser.c:1786
[QTS:EMIT] pos=231 u32=0x00006d02 (27906) @parser.c:1788
[QTS:EMIT] pos=235 op=186 @parser.c:1799
[QTS:EMIT] pos=236 u32=0x0000026f (623) @parser.c:1777
[QTS:EMIT] pos=240 u16=0x0005 (5) @parser.c:1772
[QTS:EMIT] pos=242 op=200 @parser.c:1786
[QTS:EMIT] pos=243 u32=0x00006d01 (27905) @parser.c:1788
[QTS:EMIT] pos=247 op=72 @parser.c:1799
[QTS:EMIT] pos=248 op=200 @parser.c:1786
[QTS:EMIT] pos=249 u32=0x00006cff (27903) @parser.c:1788
[QTS:EMIT] pos=253 op=34 @parser.c:1799
[QTS:EMIT] pos=254 u16=0x0001 (1) @parser.c:1772
[QTS:EMIT] pos=256 op=152 @parser.c:1799
[QTS:EMIT] pos=257 op=108 @parser.c:1799
[QTS:EMIT] pos=258 u32=0x00000007 (7) @parser.c:1777
[QTS:EMIT] pos=262 op=183 @parser.c:1799
[QTS:EMIT] pos=263 u16=0x0005 (5) @parser.c:1772
[QTS:EMIT] pos=265 op=183 @parser.c:1799
[QTS:EMIT] pos=266 u16=0x0004 (4) @parser.c:1772
[QTS:EMIT] pos=268 op=110 @parser.c:1799
[QTS:EMIT] pos=269 u32=0x00000005 (5) @parser.c:1777
[QTS:EMIT] pos=273 op=184 @parser.c:1799
[QTS:EMIT] pos=274 u32=0x00000007 (7) @parser.c:1777
[QTS:SCOPE] leave: idx=5
[QTS:SCOPE] pop: level=5
[QTS:EMIT] pos=278 op=183 @parser.c:1799
[QTS:EMIT] pos=279 u16=0x0005 (5) @parser.c:1772
[QTS:SCOPE] leave: idx=4
[QTS:SCOPE] pop: level=4
[QTS:EMIT] pos=281 op=183 @parser.c:1799
[QTS:EMIT] pos=282 u16=0x0004 (4) @parser.c:1772
[QTS:EMIT] pos=284 op=183 @parser.c:1799
[QTS:EMIT] pos=285 u16=0x0003 (3) @parser.c:1772
[QTS:EMIT] pos=328 op=184 @parser.c:1799
[QTS:EMIT] pos=329 u32=0x00000005 (5) @parser.c:1777
[QTS:SCOPE] leave: idx=3
[QTS:SCOPE] pop: level=3
[QTS:EMIT] pos=333 op=183 @parser.c:1799
[QTS:EMIT] pos=334 u16=0x0003 (3) @parser.c:1772
[QTS:EMIT] pos=336 op=200 @parser.c:1786
[QTS:EMIT] pos=337 u32=0x00006d39 (27961) @parser.c:1788
[QTS:EMIT] pos=341 op=186 @parser.c:1799
[QTS:EMIT] pos=342 u32=0x0000023d (573) @parser.c:1777
[QTS:EMIT] pos=346 u16=0x0001 (1) @parser.c:1772
[QTS:EMIT] pos=348 op=200 @parser.c:1786
[QTS:EMIT] pos=349 u32=0x00006d3a (27962) @parser.c:1788
[QTS:EMIT] pos=353 op=66 @parser.c:1799
[QTS:EMIT] pos=354 atom=326 @parser.c:1807
[QTS:EMIT] pos=358 op=1 @parser.c:1799
[QTS:EMIT] pos=359 u32=0x00000001 (1) @parser.c:1777
[QTS:EMIT] pos=363 op=200 @parser.c:1786
[QTS:EMIT] pos=364 u32=0x00006d48 (27976) @parser.c:1788
[QTS:EMIT] pos=368 op=186 @parser.c:1799
[QTS:EMIT] pos=369 u32=0x0000026f (623) @parser.c:1777
[QTS:EMIT] pos=373 u16=0x0001 (1) @parser.c:1772
[QTS:EMIT] pos=375 op=200 @parser.c:1786
[QTS:EMIT] pos=376 u32=0x00006d44 (27972) @parser.c:1788
[QTS:EMIT] pos=380 op=36 @parser.c:1799
[QTS:EMIT] pos=381 u16=0x0002 (2) @parser.c:1772
[QTS:EMIT] pos=383 op=200 @parser.c:1786
[QTS:EMIT] pos=384 u32=0x00006d32 (27954) @parser.c:1788
[QTS:EMIT] pos=388 op=40 @parser.c:1799
[QTS:SCOPE] push: level=1 first_var=-1
[QTS:SCOPE] enter: idx=1 is_body=0
[QTS:EMIT] pos=0 op=182 @parser.c:1799
[QTS:EMIT] pos=1 u16=0x0001 (1) @parser.c:1772
[QTS:SCOPE] push: level=2 first_var=-1
[QTS:SCOPE] enter: idx=2 is_body=0
[QTS:EMIT] pos=3 op=182 @parser.c:1799
[QTS:EMIT] pos=4 u16=0x0002 (2) @parser.c:1772
[QTS:EMIT] pos=6 op=200 @parser.c:1786
[QTS:EMIT] pos=7 u32=0x00006df3 (28147) @parser.c:1788
[QTS:EMIT] pos=11 op=186 @parser.c:1799
[QTS:EMIT] pos=12 u32=0x0000021b (539) @parser.c:1777
[QTS:EMIT] pos=16 u16=0x0002 (2) @parser.c:1772
[QTS:EMIT] pos=18 op=4 @parser.c:1799
[QTS:EMIT] pos=19 u32=0x00000301 (769) @parser.c:1777
[QTS:EMIT] pos=23 op=200 @parser.c:1786
[QTS:EMIT] pos=24 u32=0x00006df7 (28151) @parser.c:1788
[QTS:EMIT] pos=28 op=173 @parser.c:1799
[QTS:EMIT] pos=29 op=17 @parser.c:1799
[QTS:EMIT] pos=30 op=109 @parser.c:1799
[QTS:EMIT] pos=31 u32=0x00000000 (0) @parser.c:1777
[QTS:EMIT] pos=35 op=14 @parser.c:1799
[QTS:EMIT] pos=36 op=200 @parser.c:1786
[QTS:EMIT] pos=37 u32=0x00006e02 (28162) @parser.c:1788
[QTS:EMIT] pos=41 op=186 @parser.c:1799
[QTS:EMIT] pos=42 u32=0x0000021b (539) @parser.c:1777
[QTS:EMIT] pos=46 u16=0x0002 (2) @parser.c:1772
[QTS:EMIT] pos=48 op=4 @parser.c:1799
[QTS:EMIT] pos=49 u32=0x00000302 (770) @parser.c:1777
[QTS:EMIT] pos=53 op=200 @parser.c:1786
[QTS:EMIT] pos=54 u32=0x00006e06 (28166) @parser.c:1788
[QTS:EMIT] pos=58 op=173 @parser.c:1799
[QTS:EMIT] pos=59 op=17 @parser.c:1799
[QTS:EMIT] pos=60 op=109 @parser.c:1799
[QTS:EMIT] pos=61 u32=0x00000000 (0) @parser.c:1777
[QTS:EMIT] pos=65 op=14 @parser.c:1799
[QTS:EMIT] pos=66 op=200 @parser.c:1786
[QTS:EMIT] pos=67 u32=0x00006e11 (28177) @parser.c:1788
[QTS:EMIT] pos=71 op=186 @parser.c:1799
[QTS:EMIT] pos=72 u32=0x0000021b (539) @parser.c:1777
[QTS:EMIT] pos=76 u16=0x0002 (2) @parser.c:1772
[QTS:EMIT] pos=78 op=4 @parser.c:1799
[QTS:EMIT] pos=79 u32=0x00000303 (771) @parser.c:1777
[QTS:EMIT] pos=83 op=200 @parser.c:1786
[QTS:EMIT] pos=84 u32=0x00006e15 (28181) @parser.c:1788
[QTS:EMIT] pos=88 op=171 @parser.c:1799
[QTS:EMIT] pos=89 op=184 @parser.c:1799
[QTS:EMIT] pos=90 u32=0x00000000 (0) @parser.c:1777
[QTS:EMIT] pos=94 op=108 @parser.c:1799
[QTS:EMIT] pos=95 u32=0x00000001 (1) @parser.c:1777
[QTS:SCOPE] push: level=3 first_var=-1
[QTS:SCOPE] enter: idx=3 is_body=0
[QTS:EMIT] pos=99 op=182 @parser.c:1799
[QTS:EMIT] pos=100 u16=0x0003 (3) @parser.c:1772
[QTS:EMIT] pos=102 op=200 @parser.c:1786
[QTS:EMIT] pos=103 u32=0x00006e2e (28206) @parser.c:1788
[QTS:EMIT] pos=107 op=186 @parser.c:1799
[QTS:EMIT] pos=108 u32=0x00000303 (771) @parser.c:1777
[QTS:EMIT] pos=112 u16=0x0003 (3) @parser.c:1772
[QTS:EMIT] pos=114 op=200 @parser.c:1786
[QTS:EMIT] pos=115 u32=0x00006e32 (28210) @parser.c:1788
[QTS:EMIT] pos=119 op=34 @parser.c:1799
[QTS:EMIT] pos=120 u16=0x0000 (0) @parser.c:1772
[QTS:EMIT] pos=122 op=14 @parser.c:1799
[QTS:SCOPE] leave: idx=3
[QTS:SCOPE] pop: level=3
[QTS:EMIT] pos=123 op=183 @parser.c:1799
[QTS:EMIT] pos=124 u16=0x0003 (3) @parser.c:1772
[QTS:EMIT] pos=126 op=110 @parser.c:1799
[QTS:EMIT] pos=127 u32=0x00000002 (2) @parser.c:1777
[QTS:EMIT] pos=131 op=184 @parser.c:1799
[QTS:EMIT] pos=132 u32=0x00000001 (1) @parser.c:1777
[QTS:SCOPE] push: level=4 first_var=-1
[QTS:SCOPE] enter: idx=4 is_body=0
[QTS:EMIT] pos=136 op=182 @parser.c:1799
[QTS:EMIT] pos=137 u16=0x0004 (4) @parser.c:1772
[QTS:EMIT] pos=139 op=200 @parser.c:1786
[QTS:EMIT] pos=140 u32=0x00006e51 (28241) @parser.c:1788
[QTS:EMIT] pos=144 op=186 @parser.c:1799
[QTS:EMIT] pos=145 u32=0x0000021b (539) @parser.c:1777
[QTS:EMIT] pos=149 u16=0x0004 (4) @parser.c:1772
[QTS:EMIT] pos=151 op=4 @parser.c:1799
[QTS:EMIT] pos=152 u32=0x00000304 (772) @parser.c:1777
[QTS:EMIT] pos=156 op=200 @parser.c:1786
[QTS:EMIT] pos=157 u32=0x00006e55 (28245) @parser.c:1788
[QTS:EMIT] pos=161 op=173 @parser.c:1799
[QTS:EMIT] pos=162 op=108 @parser.c:1799
[QTS:EMIT] pos=163 u32=0x00000003 (3) @parser.c:1777
[QTS:SCOPE] push: level=5 first_var=-1
[QTS:SCOPE] enter: idx=5 is_body=0
[QTS:EMIT] pos=167 op=182 @parser.c:1799
[QTS:EMIT] pos=168 u16=0x0005 (5) @parser.c:1772
[QTS:EMIT] pos=170 op=200 @parser.c:1786
[QTS:EMIT] pos=171 u32=0x00006e7e (28286) @parser.c:1788
[QTS:EMIT] pos=175 op=186 @parser.c:1799
[QTS:EMIT] pos=176 u32=0x000002fd (765) @parser.c:1777
[QTS:EMIT] pos=180 u16=0x0005 (5) @parser.c:1772
[QTS:EMIT] pos=182 op=200 @parser.c:1786
[QTS:EMIT] pos=183 u32=0x00006e82 (28290) @parser.c:1788
[QTS:EMIT] pos=187 op=66 @parser.c:1799
[QTS:EMIT] pos=188 atom=326 @parser.c:1807
[QTS:EMIT] pos=192 op=200 @parser.c:1786
[QTS:EMIT] pos=193 u32=0x00006e8d (28301) @parser.c:1788
[QTS:EMIT] pos=197 op=186 @parser.c:1799
[QTS:EMIT] pos=198 u32=0x0000021b (539) @parser.c:1777
[QTS:EMIT] pos=202 u16=0x0005 (5) @parser.c:1772
[QTS:EMIT] pos=204 op=200 @parser.c:1786
[QTS:EMIT] pos=205 u32=0x00006e90 (28304) @parser.c:1788
[QTS:EMIT] pos=209 op=66 @parser.c:1799
[QTS:EMIT] pos=210 atom=48 @parser.c:1807
[QTS:EMIT] pos=214 op=1 @parser.c:1799
[QTS:EMIT] pos=215 u32=0x00000001 (1) @parser.c:1777
[QTS:EMIT] pos=219 op=200 @parser.c:1786
[QTS:EMIT] pos=220 u32=0x00006e98 (28312) @parser.c:1788
[QTS:EMIT] pos=224 op=159 @parser.c:1799
[QTS:EMIT] pos=225 op=200 @parser.c:1786
[QTS:EMIT] pos=226 u32=0x00006e8c (28300) @parser.c:1788
[QTS:EMIT] pos=230 op=36 @parser.c:1799
[QTS:EMIT] pos=231 u16=0x0001 (1) @parser.c:1772
[QTS:EMIT] pos=233 op=200 @parser.c:1786
[QTS:EMIT] pos=234 u32=0x00006e9c (28316) @parser.c:1788
[QTS:EMIT] pos=238 op=66 @parser.c:1799
[QTS:EMIT] pos=239 atom=333 @parser.c:1807
[QTS:EMIT] pos=243 op=200 @parser.c:1786
[QTS:EMIT] pos=244 u32=0x00006ea1 (28321) @parser.c:1788
[QTS:EMIT] pos=248 op=36 @parser.c:1799
[QTS:EMIT] pos=249 u16=0x0000 (0) @parser.c:1772
[QTS:EMIT] pos=251 op=187 @parser.c:1799
[QTS:EMIT] pos=252 atom=773 @parser.c:1807
[QTS:EMIT] pos=256 u16=0x0005 (5) @parser.c:1772
[QTS:SCOPE] push: level=6 first_var=-1
[QTS:SCOPE] enter: idx=6 is_body=0
[QTS:EMIT] pos=258 op=182 @parser.c:1799
[QTS:EMIT] pos=259 u16=0x0006 (6) @parser.c:1772
[QTS:EMIT] pos=261 op=200 @parser.c:1786
[QTS:EMIT] pos=262 u32=0x00006eb5 (28341) @parser.c:1788
[QTS:EMIT] pos=266 op=186 @parser.c:1799
[QTS:EMIT] pos=267 u32=0x00000305 (773) @parser.c:1777
[QTS:EMIT] pos=271 u16=0x0006 (6) @parser.c:1772
[QTS:EMIT] pos=273 op=200 @parser.c:1786
[QTS:EMIT] pos=274 u32=0x00006ebd (28349) @parser.c:1788
[QTS:EMIT] pos=278 op=66 @parser.c:1799
[QTS:EMIT] pos=279 atom=274 @parser.c:1807
[QTS:EMIT] pos=283 op=4 @parser.c:1799
[QTS:EMIT] pos=284 u32=0x0000029a (666) @parser.c:1777
[QTS:EMIT] pos=288 op=200 @parser.c:1786
[QTS:EMIT] pos=289 u32=0x00006ec9 (28361) @parser.c:1788
[QTS:EMIT] pos=293 op=36 @parser.c:1799
[QTS:EMIT] pos=294 u16=0x0001 (1) @parser.c:1772
[QTS:EMIT] pos=296 op=200 @parser.c:1786
[QTS:EMIT] pos=297 u32=0x00006ed2 (28370) @parser.c:1788
[QTS:EMIT] pos=301 op=186 @parser.c:1799
[QTS:EMIT] pos=302 u32=0x00000305 (773) @parser.c:1777
[QTS:EMIT] pos=306 u16=0x0006 (6) @parser.c:1772
[QTS:EMIT] pos=308 op=200 @parser.c:1786
[QTS:EMIT] pos=309 u32=0x00006eda (28378) @parser.c:1788
[QTS:EMIT] pos=313 op=66 @parser.c:1799
[QTS:EMIT] pos=314 atom=274 @parser.c:1807
[QTS:EMIT] pos=318 op=4 @parser.c:1799
[QTS:EMIT] pos=319 u32=0x0000029f (671) @parser.c:1777
[QTS:EMIT] pos=323 op=200 @parser.c:1786
[QTS:EMIT] pos=324 u32=0x00006ee6 (28390) @parser.c:1788
[QTS:EMIT] pos=328 op=36 @parser.c:1799
[QTS:EMIT] pos=329 u16=0x0001 (1) @parser.c:1772
[QTS:EMIT] pos=331 op=200 @parser.c:1786
[QTS:EMIT] pos=332 u32=0x00006ecf (28367) @parser.c:1788
[QTS:EMIT] pos=336 op=166 @parser.c:1799
[QTS:EMIT] pos=337 op=108 @parser.c:1799
[QTS:EMIT] pos=338 u32=0x00000004 (4) @parser.c:1777
[QTS:EMIT] pos=342 op=200 @parser.c:1786
[QTS:EMIT] pos=343 u32=0x00006efd (28413) @parser.c:1788
[QTS:EMIT] pos=347 op=186 @parser.c:1799
[QTS:EMIT] pos=348 u32=0x00000305 (773) @parser.c:1777
[QTS:EMIT] pos=352 u16=0x0006 (6) @parser.c:1772
[QTS:EMIT] pos=347 op=189 @parser.c:1799
[QTS:EMIT] pos=348 atom=773 @parser.c:1807
[QTS:EMIT] pos=352 u32=0x00000005 (5) @parser.c:1777
[QTS:EMIT] pos=356 u16=0x0006 (6) @parser.c:1772
[QTS:EMIT] pos=358 op=61 @parser.c:1799
[QTS:ASSIGN] lvalue: opcode=61 scope=6 atom=773 label=5
[QTS:EMIT] pos=359 op=4 @parser.c:1799
[QTS:EMIT] pos=360 u32=0x00000306 (774) @parser.c:1777
[QTS:ASSIGN] compound: tok=59 op=159
[QTS:EMIT] pos=364 op=200 @parser.c:1786
[QTS:EMIT] pos=365 u32=0x00006f06 (28422) @parser.c:1788
[QTS:EMIT] pos=369 op=159 @parser.c:1799
[QTS:EMIT] pos=370 op=184 @parser.c:1799
[QTS:EMIT] pos=371 u32=0x00000005 (5) @parser.c:1777
[QTS:EMIT] pos=375 op=22 @parser.c:1799
[QTS:EMIT] pos=376 op=62 @parser.c:1799
[QTS:EMIT] pos=377 op=14 @parser.c:1799
[QTS:EMIT] pos=378 op=184 @parser.c:1799
[QTS:EMIT] pos=379 u32=0x00000004 (4) @parser.c:1777
[QTS:SCOPE] leave: idx=6
[QTS:SCOPE] pop: level=6
[QTS:EMIT] pos=383 op=183 @parser.c:1799
[QTS:EMIT] pos=384 u16=0x0006 (6) @parser.c:1772
[QTS:EMIT] pos=386 op=200 @parser.c:1786
[QTS:EMIT] pos=387 u32=0x00006f1c (28444) @parser.c:1788
[QTS:EMIT] pos=391 op=186 @parser.c:1799
[QTS:EMIT] pos=392 u32=0x000001d8 (472) @parser.c:1777
[QTS:EMIT] pos=396 u16=0x0005 (5) @parser.c:1772
[QTS:EMIT] pos=398 op=200 @parser.c:1786
[QTS:EMIT] pos=399 u32=0x00006f1f (28447) @parser.c:1788
[QTS:EMIT] pos=403 op=66 @parser.c:1799
[QTS:EMIT] pos=404 atom=775 @parser.c:1807
[QTS:EMIT] pos=408 op=200 @parser.c:1786
[QTS:EMIT] pos=409 u32=0x00006f2b (28459) @parser.c:1788
[QTS:EMIT] pos=413 op=186 @parser.c:1799
[QTS:EMIT] pos=414 u32=0x00000305 (773) @parser.c:1777
[QTS:EMIT] pos=418 u16=0x0005 (5) @parser.c:1772
[QTS:EMIT] pos=420 op=200 @parser.c:1786
[QTS:EMIT] pos=421 u32=0x00006f2a (28458) @parser.c:1788
[QTS:EMIT] pos=425 op=36 @parser.c:1799
[QTS:EMIT] pos=426 u16=0x0001 (1) @parser.c:1772
[QTS:EMIT] pos=428 op=14 @parser.c:1799
[QTS:EMIT] pos=429 op=9 @parser.c:1799
[QTS:EMIT] pos=430 op=200 @parser.c:1786
[QTS:EMIT] pos=431 u32=0x00006f42 (28482) @parser.c:1788
[QTS:EMIT] pos=435 op=40 @parser.c:1799
[QTS:SCOPE] leave: idx=5
[QTS:SCOPE] pop: level=5
[QTS:EMIT] pos=436 op=183 @parser.c:1799
[QTS:EMIT] pos=437 u16=0x0005 (5) @parser.c:1772
[QTS:EMIT] pos=439 op=110 @parser.c:1799
[QTS:EMIT] pos=440 u32=0x00000006 (6) @parser.c:1777
[QTS:EMIT] pos=444 op=184 @parser.c:1799
[QTS:EMIT] pos=445 u32=0x00000003 (3) @parser.c:1777
[QTS:SCOPE] push: level=7 first_var=-1
[QTS:SCOPE] enter: idx=7 is_body=0
[QTS:EMIT] pos=449 op=182 @parser.c:1799
[QTS:EMIT] pos=450 u16=0x0007 (7) @parser.c:1772
[QTS:EMIT] pos=452 op=200 @parser.c:1786
[QTS:EMIT] pos=453 u32=0x00006f6b (28523) @parser.c:1788
[QTS:EMIT] pos=457 op=186 @parser.c:1799
[QTS:EMIT] pos=458 u32=0x0000021b (539) @parser.c:1777
[QTS:EMIT] pos=462 u16=0x0007 (7) @parser.c:1772
[QTS:EMIT] pos=464 op=4 @parser.c:1799
[QTS:EMIT] pos=465 u32=0x00000308 (776) @parser.c:1777
[QTS:EMIT] pos=469 op=200 @parser.c:1786
[QTS:EMIT] pos=470 u32=0x00006f6f (28527) @parser.c:1788
[QTS:EMIT] pos=474 op=173 @parser.c:1799
[QTS:EMIT] pos=475 op=108 @parser.c:1799
[QTS:EMIT] pos=476 u32=0x00000007 (7) @parser.c:1777
[QTS:SCOPE] push: level=8 first_var=-1
[QTS:SCOPE] enter: idx=8 is_body=0
[QTS:EMIT] pos=480 op=182 @parser.c:1799
[QTS:EMIT] pos=481 u16=0x0008 (8) @parser.c:1772
[QTS:EMIT] pos=483 op=200 @parser.c:1786
[QTS:EMIT] pos=484 u32=0x00006f86 (28550) @parser.c:1788
[QTS:EMIT] pos=488 op=186 @parser.c:1799
[QTS:EMIT] pos=489 u32=0x000002f6 (758) @parser.c:1777
[QTS:EMIT] pos=493 u16=0x0008 (8) @parser.c:1772
[QTS:EMIT] pos=488 op=189 @parser.c:1799
[QTS:EMIT] pos=489 atom=758 @parser.c:1807
[QTS:EMIT] pos=493 u32=0x00000008 (8) @parser.c:1777
[QTS:EMIT] pos=497 u16=0x0008 (8) @parser.c:1772
[QTS:ASSIGN] lvalue: opcode=61 scope=8 atom=758 label=8
[QTS:EMIT] pos=499 op=10 @parser.c:1799
[QTS:EMIT] pos=500 op=184 @parser.c:1799
[QTS:EMIT] pos=501 u32=0x00000008 (8) @parser.c:1777
[QTS:EMIT] pos=505 op=22 @parser.c:1799
[QTS:EMIT] pos=506 op=62 @parser.c:1799
[QTS:EMIT] pos=507 op=14 @parser.c:1799
[QTS:SCOPE] leave: idx=8
[QTS:SCOPE] pop: level=8
[QTS:EMIT] pos=508 op=183 @parser.c:1799
[QTS:EMIT] pos=509 u16=0x0008 (8) @parser.c:1772
[QTS:EMIT] pos=511 op=110 @parser.c:1799
[QTS:EMIT] pos=512 u32=0x00000009 (9) @parser.c:1777
[QTS:EMIT] pos=516 op=184 @parser.c:1799
[QTS:EMIT] pos=517 u32=0x00000007 (7) @parser.c:1777
[QTS:SCOPE] push: level=9 first_var=-1
[QTS:SCOPE] enter: idx=9 is_body=0
[QTS:EMIT] pos=521 op=182 @parser.c:1799
[QTS:EMIT] pos=522 u16=0x0009 (9) @parser.c:1772
[QTS:EMIT] pos=524 op=200 @parser.c:1786
[QTS:EMIT] pos=525 u32=0x00006fb2 (28594) @parser.c:1788
[QTS:EMIT] pos=529 op=186 @parser.c:1799
[QTS:EMIT] pos=530 u32=0x0000021b (539) @parser.c:1777
[QTS:EMIT] pos=534 u16=0x0009 (9) @parser.c:1772
[QTS:EMIT] pos=536 op=4 @parser.c:1799
[QTS:EMIT] pos=537 u32=0x00000248 (584) @parser.c:1777
[QTS:EMIT] pos=541 op=200 @parser.c:1786
[QTS:EMIT] pos=542 u32=0x00006fb6 (28598) @parser.c:1788
[QTS:EMIT] pos=546 op=173 @parser.c:1799
[QTS:EMIT] pos=547 op=108 @parser.c:1799
[QTS:EMIT] pos=548 u32=0x0000000a (10) @parser.c:1777
[QTS:SCOPE] push: level=10 first_var=-1
[QTS:SCOPE] enter: idx=10 is_body=0
[QTS:EMIT] pos=552 op=182 @parser.c:1799
[QTS:EMIT] pos=553 u16=0x000a (10) @parser.c:1772
[QTS:EMIT] pos=555 op=200 @parser.c:1786
[QTS:EMIT] pos=556 u32=0x00006fcd (28621) @parser.c:1788
[QTS:EMIT] pos=560 op=186 @parser.c:1799
[QTS:EMIT] pos=561 u32=0x000002f6 (758) @parser.c:1777
[QTS:EMIT] pos=565 u16=0x000a (10) @parser.c:1772
[QTS:EMIT] pos=560 op=189 @parser.c:1799
[QTS:EMIT] pos=561 atom=758 @parser.c:1807
[QTS:EMIT] pos=565 u32=0x0000000b (11) @parser.c:1777
[QTS:EMIT] pos=569 u16=0x000a (10) @parser.c:1772
[QTS:ASSIGN] lvalue: opcode=61 scope=10 atom=758 label=11
[QTS:EMIT] pos=571 op=9 @parser.c:1799
[QTS:EMIT] pos=572 op=184 @parser.c:1799
[QTS:EMIT] pos=573 u32=0x0000000b (11) @parser.c:1777
[QTS:EMIT] pos=577 op=22 @parser.c:1799
[QTS:EMIT] pos=578 op=62 @parser.c:1799
[QTS:EMIT] pos=579 op=14 @parser.c:1799
[QTS:SCOPE] leave: idx=10
[QTS:SCOPE] pop: level=10
[QTS:EMIT] pos=580 op=183 @parser.c:1799
[QTS:EMIT] pos=581 u16=0x000a (10) @parser.c:1772
[QTS:EMIT] pos=583 op=110 @parser.c:1799
[QTS:EMIT] pos=584 u32=0x0000000c (12) @parser.c:1777
[QTS:EMIT] pos=588 op=184 @parser.c:1799
[QTS:EMIT] pos=589 u32=0x0000000a (10) @parser.c:1777
[QTS:SCOPE] push: level=11 first_var=-1
[QTS:SCOPE] enter: idx=11 is_body=0
[QTS:EMIT] pos=593 op=182 @parser.c:1799
[QTS:EMIT] pos=594 u16=0x000b (11) @parser.c:1772
[QTS:EMIT] pos=596 op=200 @parser.c:1786
[QTS:EMIT] pos=597 u32=0x00006ffa (28666) @parser.c:1788
[QTS:EMIT] pos=601 op=186 @parser.c:1799
[QTS:EMIT] pos=602 u32=0x0000021b (539) @parser.c:1777
[QTS:EMIT] pos=606 u16=0x000b (11) @parser.c:1772
[QTS:EMIT] pos=608 op=4 @parser.c:1799
[QTS:EMIT] pos=609 u32=0x000002aa (682) @parser.c:1777
[QTS:EMIT] pos=613 op=200 @parser.c:1786
[QTS:EMIT] pos=614 u32=0x00006ffe (28670) @parser.c:1788
[QTS:EMIT] pos=618 op=173 @parser.c:1799
[QTS:EMIT] pos=619 op=108 @parser.c:1799
[QTS:EMIT] pos=620 u32=0x0000000d (13) @parser.c:1777
[QTS:SCOPE] push: level=12 first_var=-1
[QTS:SCOPE] enter: idx=12 is_body=0
[QTS:EMIT] pos=624 op=182 @parser.c:1799
[QTS:EMIT] pos=625 u16=0x000c (12) @parser.c:1772
[QTS:EMIT] pos=627 op=200 @parser.c:1786
[QTS:EMIT] pos=628 u32=0x00007015 (28693) @parser.c:1788
[QTS:EMIT] pos=632 op=186 @parser.c:1799
[QTS:EMIT] pos=633 u32=0x00000215 (533) @parser.c:1777
[QTS:EMIT] pos=637 u16=0x000c (12) @parser.c:1772
[QTS:EMIT] pos=632 op=189 @parser.c:1799
[QTS:EMIT] pos=633 atom=533 @parser.c:1807
[QTS:EMIT] pos=637 u32=0x0000000e (14) @parser.c:1777
[QTS:EMIT] pos=641 u16=0x000c (12) @parser.c:1772
[QTS:ASSIGN] lvalue: opcode=61 scope=12 atom=533 label=14
[QTS:EMIT] pos=643 op=200 @parser.c:1786
[QTS:EMIT] pos=644 u32=0x00007022 (28706) @parser.c:1788
[QTS:EMIT] pos=648 op=186 @parser.c:1799
[QTS:EMIT] pos=649 u32=0x00000215 (533) @parser.c:1777
[QTS:EMIT] pos=653 u16=0x000c (12) @parser.c:1772
[QTS:EMIT] pos=655 op=152 @parser.c:1799
[QTS:EMIT] pos=656 op=184 @parser.c:1799
[QTS:EMIT] pos=657 u32=0x0000000e (14) @parser.c:1777
[QTS:EMIT] pos=661 op=22 @parser.c:1799
[QTS:EMIT] pos=662 op=62 @parser.c:1799
[QTS:EMIT] pos=663 op=14 @parser.c:1799
[QTS:SCOPE] leave: idx=12
[QTS:SCOPE] pop: level=12
[QTS:EMIT] pos=664 op=183 @parser.c:1799
[QTS:EMIT] pos=665 u16=0x000c (12) @parser.c:1772
[QTS:EMIT] pos=667 op=110 @parser.c:1799
[QTS:EMIT] pos=668 u32=0x0000000f (15) @parser.c:1777
[QTS:EMIT] pos=672 op=184 @parser.c:1799
[QTS:EMIT] pos=673 u32=0x0000000d (13) @parser.c:1777
[QTS:SCOPE] push: level=13 first_var=-1
[QTS:SCOPE] enter: idx=13 is_body=0
[QTS:EMIT] pos=677 op=182 @parser.c:1799
[QTS:EMIT] pos=678 u16=0x000d (13) @parser.c:1772
[QTS:EMIT] pos=680 op=200 @parser.c:1786
[QTS:EMIT] pos=681 u32=0x00007048 (28744) @parser.c:1788
[QTS:EMIT] pos=685 op=186 @parser.c:1799
[QTS:EMIT] pos=686 u32=0x0000021b (539) @parser.c:1777
[QTS:EMIT] pos=690 u16=0x000d (13) @parser.c:1772
[QTS:EMIT] pos=692 op=4 @parser.c:1799
[QTS:EMIT] pos=693 u32=0x000001ae (430) @parser.c:1777
[QTS:EMIT] pos=697 op=200 @parser.c:1786
[QTS:EMIT] pos=698 u32=0x0000704c (28748) @parser.c:1788
[QTS:EMIT] pos=702 op=173 @parser.c:1799
[QTS:EMIT] pos=703 op=108 @parser.c:1799
[QTS:EMIT] pos=704 u32=0x00000010 (16) @parser.c:1777
[QTS:SCOPE] push: level=14 first_var=-1
[QTS:SCOPE] enter: idx=14 is_body=0
[QTS:EMIT] pos=708 op=182 @parser.c:1799
[QTS:EMIT] pos=709 u16=0x000e (14) @parser.c:1772
[QTS:EMIT] pos=711 op=200 @parser.c:1786
[QTS:EMIT] pos=712 u32=0x00007067 (28775) @parser.c:1788
[QTS:EMIT] pos=716 op=186 @parser.c:1799
[QTS:EMIT] pos=717 u32=0x000001d8 (472) @parser.c:1777
[QTS:EMIT] pos=721 u16=0x000e (14) @parser.c:1772
[QTS:EMIT] pos=723 op=200 @parser.c:1786
[QTS:EMIT] pos=724 u32=0x0000706a (28778) @parser.c:1788
[QTS:EMIT] pos=728 op=66 @parser.c:1799
[QTS:EMIT] pos=729 atom=595 @parser.c:1807
[QTS:EMIT] pos=733 op=4 @parser.c:1799
[QTS:EMIT] pos=734 u32=0x00000309 (777) @parser.c:1777
[QTS:EMIT] pos=738 op=200 @parser.c:1786
[QTS:EMIT] pos=739 u32=0x0000706f (28783) @parser.c:1788
[QTS:EMIT] pos=743 op=36 @parser.c:1799
[QTS:EMIT] pos=744 u16=0x0001 (1) @parser.c:1772
[QTS:EMIT] pos=746 op=14 @parser.c:1799
[QTS:SCOPE] leave: idx=14
[QTS:SCOPE] pop: level=14
[QTS:EMIT] pos=747 op=183 @parser.c:1799
[QTS:EMIT] pos=748 u16=0x000e (14) @parser.c:1772
[QTS:EMIT] pos=750 op=110 @parser.c:1799
[QTS:EMIT] pos=751 u32=0x00000011 (17) @parser.c:1777
[QTS:EMIT] pos=755 op=184 @parser.c:1799
[QTS:EMIT] pos=756 u32=0x00000010 (16) @parser.c:1777
[QTS:SCOPE] push: level=15 first_var=-1
[QTS:SCOPE] enter: idx=15 is_body=0
[QTS:EMIT] pos=760 op=182 @parser.c:1799
[QTS:EMIT] pos=761 u16=0x000f (15) @parser.c:1772
[QTS:EMIT] pos=763 op=200 @parser.c:1786
[QTS:EMIT] pos=764 u32=0x0000709c (28828) @parser.c:1788
[QTS:EMIT] pos=768 op=186 @parser.c:1799
[QTS:EMIT] pos=769 u32=0x0000021b (539) @parser.c:1777
[QTS:EMIT] pos=773 u16=0x000f (15) @parser.c:1772
[QTS:EMIT] pos=775 op=4 @parser.c:1799
[QTS:EMIT] pos=776 u32=0x0000030a (778) @parser.c:1777
[QTS:EMIT] pos=780 op=200 @parser.c:1786
[QTS:EMIT] pos=781 u32=0x000070a0 (28832) @parser.c:1788
[QTS:EMIT] pos=785 op=173 @parser.c:1799
[QTS:EMIT] pos=786 op=108 @parser.c:1799
[QTS:EMIT] pos=787 u32=0x00000012 (18) @parser.c:1777
[QTS:SCOPE] push: level=16 first_var=-1
[QTS:SCOPE] enter: idx=16 is_body=0
[QTS:EMIT] pos=791 op=182 @parser.c:1799
[QTS:EMIT] pos=792 u16=0x0010 (16) @parser.c:1772
[QTS:EMIT] pos=794 op=200 @parser.c:1786
[QTS:EMIT] pos=795 u32=0x000070b7 (28855) @parser.c:1788
[QTS:EMIT] pos=799 op=186 @parser.c:1799
[QTS:EMIT] pos=800 u32=0x000001d8 (472) @parser.c:1777
[QTS:EMIT] pos=804 u16=0x0010 (16) @parser.c:1772
[QTS:EMIT] pos=806 op=200 @parser.c:1786
[QTS:EMIT] pos=807 u32=0x000070ba (28858) @parser.c:1788
[QTS:EMIT] pos=811 op=66 @parser.c:1799
[QTS:EMIT] pos=812 atom=656 @parser.c:1807
[QTS:EMIT] pos=816 op=1 @parser.c:1799
[QTS:EMIT] pos=817 u32=0x00000000 (0) @parser.c:1777
[QTS:EMIT] pos=821 op=200 @parser.c:1786
[QTS:EMIT] pos=822 u32=0x000070bf (28863) @parser.c:1788
[QTS:EMIT] pos=826 op=36 @parser.c:1799
[QTS:EMIT] pos=827 u16=0x0001 (1) @parser.c:1772
[QTS:EMIT] pos=829 op=14 @parser.c:1799
[QTS:SCOPE] leave: idx=16
[QTS:SCOPE] pop: level=16
[QTS:EMIT] pos=830 op=183 @parser.c:1799
[QTS:EMIT] pos=831 u16=0x0010 (16) @parser.c:1772
[QTS:EMIT] pos=833 op=110 @parser.c:1799
[QTS:EMIT] pos=834 u32=0x00000013 (19) @parser.c:1777
[QTS:EMIT] pos=838 op=184 @parser.c:1799
[QTS:EMIT] pos=839 u32=0x00000012 (18) @parser.c:1777
[QTS:SCOPE] push: level=17 first_var=-1
[QTS:SCOPE] enter: idx=17 is_body=0
[QTS:EMIT] pos=843 op=182 @parser.c:1799
[QTS:EMIT] pos=844 u16=0x0011 (17) @parser.c:1772
[QTS:EMIT] pos=846 op=200 @parser.c:1786
[QTS:EMIT] pos=847 u32=0x000070e9 (28905) @parser.c:1788
[QTS:EMIT] pos=851 op=186 @parser.c:1799
[QTS:EMIT] pos=852 u32=0x000001d8 (472) @parser.c:1777
[QTS:EMIT] pos=856 u16=0x0011 (17) @parser.c:1772
[QTS:EMIT] pos=858 op=200 @parser.c:1786
[QTS:EMIT] pos=859 u32=0x000070ec (28908) @parser.c:1788
[QTS:EMIT] pos=863 op=66 @parser.c:1799
[QTS:EMIT] pos=864 atom=595 @parser.c:1807
[QTS:EMIT] pos=868 op=4 @parser.c:1799
[QTS:EMIT] pos=869 u32=0x0000030b (779) @parser.c:1777
[QTS:EMIT] pos=873 op=200 @parser.c:1786
[QTS:EMIT] pos=874 u32=0x0000710a (28938) @parser.c:1788
[QTS:EMIT] pos=878 op=186 @parser.c:1799
[QTS:EMIT] pos=879 u32=0x0000021b (539) @parser.c:1777
[QTS:EMIT] pos=883 u16=0x0011 (17) @parser.c:1772
[QTS:EMIT] pos=885 op=200 @parser.c:1786
[QTS:EMIT] pos=886 u32=0x00007108 (28936) @parser.c:1788
[QTS:EMIT] pos=890 op=159 @parser.c:1799
[QTS:EMIT] pos=891 op=4 @parser.c:1799
[QTS:EMIT] pos=892 u32=0x0000025a (602) @parser.c:1777
[QTS:EMIT] pos=896 op=200 @parser.c:1786
[QTS:EMIT] pos=897 u32=0x0000710e (28942) @parser.c:1788
[QTS:EMIT] pos=901 op=159 @parser.c:1799
[QTS:EMIT] pos=902 op=200 @parser.c:1786
[QTS:EMIT] pos=903 u32=0x000070f1 (28913) @parser.c:1788
[QTS:EMIT] pos=907 op=36 @parser.c:1799
[QTS:EMIT] pos=908 u16=0x0001 (1) @parser.c:1772
[QTS:EMIT] pos=910 op=14 @parser.c:1799
[QTS:EMIT] pos=911 op=9 @parser.c:1799
[QTS:EMIT] pos=912 op=200 @parser.c:1786
[QTS:EMIT] pos=913 u32=0x00007123 (28963) @parser.c:1788
[QTS:EMIT] pos=917 op=40 @parser.c:1799
[QTS:SCOPE] leave: idx=17
[QTS:SCOPE] pop: level=17
[QTS:EMIT] pos=918 op=183 @parser.c:1799
[QTS:EMIT] pos=919 u16=0x0011 (17) @parser.c:1772
[QTS:EMIT] pos=921 op=184 @parser.c:1799
[QTS:EMIT] pos=922 u32=0x00000013 (19) @parser.c:1777
[QTS:SCOPE] leave: idx=15
[QTS:SCOPE] pop: level=15
[QTS:EMIT] pos=926 op=183 @parser.c:1799
[QTS:EMIT] pos=927 u16=0x000f (15) @parser.c:1772
[QTS:EMIT] pos=929 op=184 @parser.c:1799
[QTS:EMIT] pos=930 u32=0x00000011 (17) @parser.c:1777
[QTS:SCOPE] leave: idx=13
[QTS:SCOPE] pop: level=13
[QTS:EMIT] pos=934 op=183 @parser.c:1799
[QTS:EMIT] pos=935 u16=0x000d (13) @parser.c:1772
[QTS:EMIT] pos=937 op=184 @parser.c:1799
[QTS:EMIT] pos=938 u32=0x0000000f (15) @parser.c:1777
[QTS:SCOPE] leave: idx=11
[QTS:SCOPE] pop: level=11
[QTS:EMIT] pos=942 op=183 @parser.c:1799
[QTS:EMIT] pos=943 u16=0x000b (11) @parser.c:1772
[QTS:EMIT] pos=945 op=184 @parser.c:1799
[QTS:EMIT] pos=946 u32=0x0000000c (12) @parser.c:1777
[QTS:SCOPE] leave: idx=9
[QTS:SCOPE] pop: level=9
[QTS:EMIT] pos=950 op=183 @parser.c:1799
[QTS:EMIT] pos=951 u16=0x0009 (9) @parser.c:1772
[QTS:EMIT] pos=953 op=184 @parser.c:1799
[QTS:EMIT] pos=954 u32=0x00000009 (9) @parser.c:1777
[QTS:SCOPE] leave: idx=7
[QTS:SCOPE] pop: level=7
[QTS:EMIT] pos=958 op=183 @parser.c:1799
[QTS:EMIT] pos=959 u16=0x0007 (7) @parser.c:1772
[QTS:EMIT] pos=961 op=184 @parser.c:1799
[QTS:EMIT] pos=962 u32=0x00000006 (6) @parser.c:1777
[QTS:SCOPE] leave: idx=4
[QTS:SCOPE] pop: level=4
[QTS:EMIT] pos=966 op=183 @parser.c:1799
[QTS:EMIT] pos=967 u16=0x0004 (4) @parser.c:1772
[QTS:EMIT] pos=969 op=184 @parser.c:1799
[QTS:EMIT] pos=970 u32=0x00000002 (2) @parser.c:1777
[QTS:SCOPE] leave: idx=2
[QTS:SCOPE] pop: level=2
[QTS:EMIT] pos=974 op=183 @parser.c:1799
[QTS:EMIT] pos=975 u16=0x0002 (2) @parser.c:1772
[QTS:EMIT] pos=977 op=10 @parser.c:1799
[QTS:EMIT] pos=978 op=200 @parser.c:1786
[QTS:EMIT] pos=979 u32=0x00007143 (28995) @parser.c:1788
[QTS:EMIT] pos=983 op=40 @parser.c:1799
[QTS:SCOPE] push: level=1 first_var=-1
[QTS:SCOPE] enter: idx=1 is_body=0
[QTS:EMIT] pos=0 op=182 @parser.c:1799
[QTS:EMIT] pos=1 u16=0x0001 (1) @parser.c:1772
[QTS:SCOPE] push: level=1 first_var=-1
[QTS:SCOPE] enter: idx=1 is_body=0
[QTS:EMIT] pos=0 op=182 @parser.c:1799
[QTS:EMIT] pos=1 u16=0x0001 (1) @parser.c:1772
[QTS:EMIT] pos=3 op=200 @parser.c:1786
[QTS:EMIT] pos=4 u32=0x00007199 (29081) @parser.c:1788
[QTS:EMIT] pos=8 op=186 @parser.c:1799
[QTS:EMIT] pos=9 u32=0x00000255 (597) @parser.c:1777
[QTS:EMIT] pos=13 u16=0x0001 (1) @parser.c:1772
[QTS:EMIT] pos=15 op=108 @parser.c:1799
[QTS:EMIT] pos=16 u32=0x00000000 (0) @parser.c:1777
[QTS:EMIT] pos=20 op=4 @parser.c:1799
[QTS:EMIT] pos=21 u32=0x0000007f (127) @parser.c:1777
[QTS:EMIT] pos=25 op=110 @parser.c:1799
[QTS:EMIT] pos=26 u32=0x00000001 (1) @parser.c:1777
[QTS:EMIT] pos=30 op=184 @parser.c:1799
[QTS:EMIT] pos=31 u32=0x00000000 (0) @parser.c:1777
[QTS:EMIT] pos=35 op=4 @parser.c:1799
[QTS:EMIT] pos=36 u32=0x000002ee (750) @parser.c:1777
[QTS:EMIT] pos=40 op=184 @parser.c:1799
[QTS:EMIT] pos=41 u32=0x00000001 (1) @parser.c:1777
[QTS:EMIT] pos=45 op=200 @parser.c:1786
[QTS:EMIT] pos=46 u32=0x00007192 (29074) @parser.c:1788
[QTS:EMIT] pos=50 op=40 @parser.c:1799
[QTS:EMIT] pos=3 op=200 @parser.c:1786
[QTS:EMIT] pos=4 u32=0x000071ba (29114) @parser.c:1788
[QTS:EMIT] pos=8 op=186 @parser.c:1799
[QTS:EMIT] pos=9 u32=0x000001d8 (472) @parser.c:1777
[QTS:EMIT] pos=13 u16=0x0001 (1) @parser.c:1772
[QTS:EMIT] pos=15 op=200 @parser.c:1786
[QTS:EMIT] pos=16 u32=0x000071bd (29117) @parser.c:1788
[QTS:EMIT] pos=20 op=66 @parser.c:1799
[QTS:EMIT] pos=21 atom=595 @parser.c:1807
[QTS:EMIT] pos=25 op=4 @parser.c:1799
[QTS:EMIT] pos=26 u32=0x0000030d (781) @parser.c:1777
[QTS:EMIT] pos=30 op=4 @parser.c:1799
[QTS:EMIT] pos=31 u32=0x0000030e (782) @parser.c:1777
[QTS:EMIT] pos=35 op=200 @parser.c:1786
[QTS:EMIT] pos=36 u32=0x000071de (29150) @parser.c:1788
[QTS:EMIT] pos=40 op=159 @parser.c:1799
[QTS:EMIT] pos=41 op=200 @parser.c:1786
[QTS:EMIT] pos=42 u32=0x000071fd (29181) @parser.c:1788
[QTS:EMIT] pos=46 op=186 @parser.c:1799
[QTS:EMIT] pos=47 u32=0x0000030c (780) @parser.c:1777
[QTS:EMIT] pos=51 u16=0x0001 (1) @parser.c:1772
[QTS:EMIT] pos=53 op=200 @parser.c:1786
[QTS:EMIT] pos=54 u32=0x00007201 (29185) @parser.c:1788
[QTS:EMIT] pos=58 op=186 @parser.c:1799
[QTS:EMIT] pos=59 u32=0x000002f6 (758) @parser.c:1777
[QTS:EMIT] pos=63 u16=0x0001 (1) @parser.c:1772
[QTS:EMIT] pos=65 op=200 @parser.c:1786
[QTS:EMIT] pos=66 u32=0x00007200 (29184) @parser.c:1788
[QTS:EMIT] pos=70 op=34 @parser.c:1799
[QTS:EMIT] pos=71 u16=0x0001 (1) @parser.c:1772
[QTS:EMIT] pos=73 op=200 @parser.c:1786
[QTS:EMIT] pos=74 u32=0x000071fb (29179) @parser.c:1788
[QTS:EMIT] pos=78 op=159 @parser.c:1799
[QTS:EMIT] pos=79 op=4 @parser.c:1799
[QTS:EMIT] pos=80 u32=0x0000030f (783) @parser.c:1777
[QTS:EMIT] pos=84 op=200 @parser.c:1786
[QTS:EMIT] pos=85 u32=0x0000720b (29195) @parser.c:1788
[QTS:EMIT] pos=89 op=159 @parser.c:1799
[QTS:EMIT] pos=90 op=4 @parser.c:1799
[QTS:EMIT] pos=91 u32=0x00000310 (784) @parser.c:1777
[QTS:EMIT] pos=95 op=200 @parser.c:1786
[QTS:EMIT] pos=96 u32=0x0000722c (29228) @parser.c:1788
[QTS:EMIT] pos=100 op=159 @parser.c:1799
[QTS:EMIT] pos=101 op=200 @parser.c:1786
[QTS:EMIT] pos=102 u32=0x0000724b (29259) @parser.c:1788
[QTS:EMIT] pos=106 op=186 @parser.c:1799
[QTS:EMIT] pos=107 u32=0x0000030c (780) @parser.c:1777
[QTS:EMIT] pos=111 u16=0x0001 (1) @parser.c:1772
[QTS:EMIT] pos=113 op=200 @parser.c:1786
[QTS:EMIT] pos=114 u32=0x00007250 (29264) @parser.c:1788
[QTS:EMIT] pos=118 op=186 @parser.c:1799
[QTS:EMIT] pos=119 u32=0x000002f6 (758) @parser.c:1777
[QTS:EMIT] pos=123 u16=0x0001 (1) @parser.c:1772
[QTS:EMIT] pos=125 op=152 @parser.c:1799
[QTS:EMIT] pos=126 op=200 @parser.c:1786
[QTS:EMIT] pos=127 u32=0x0000724e (29262) @parser.c:1788
[QTS:EMIT] pos=131 op=34 @parser.c:1799
[QTS:EMIT] pos=132 u16=0x0001 (1) @parser.c:1772
[QTS:EMIT] pos=134 op=200 @parser.c:1786
[QTS:EMIT] pos=135 u32=0x00007249 (29257) @parser.c:1788
[QTS:EMIT] pos=139 op=159 @parser.c:1799
[QTS:EMIT] pos=140 op=4 @parser.c:1799
[QTS:EMIT] pos=141 u32=0x00000311 (785) @parser.c:1777
[QTS:EMIT] pos=145 op=200 @parser.c:1786
[QTS:EMIT] pos=146 u32=0x0000725a (29274) @parser.c:1788
[QTS:EMIT] pos=150 op=159 @parser.c:1799
[QTS:EMIT] pos=151 op=4 @parser.c:1799
[QTS:EMIT] pos=152 u32=0x00000312 (786) @parser.c:1777
[QTS:EMIT] pos=156 op=200 @parser.c:1786
[QTS:EMIT] pos=157 u32=0x00007277 (29303) @parser.c:1788
[QTS:EMIT] pos=161 op=159 @parser.c:1799
[QTS:EMIT] pos=162 op=200 @parser.c:1786
[QTS:EMIT] pos=163 u32=0x00007296 (29334) @parser.c:1788
[QTS:EMIT] pos=167 op=186 @parser.c:1799
[QTS:EMIT] pos=168 u32=0x0000030c (780) @parser.c:1777
[QTS:EMIT] pos=172 u16=0x0001 (1) @parser.c:1772
[QTS:EMIT] pos=174 op=200 @parser.c:1786
[QTS:EMIT] pos=175 u32=0x0000729a (29338) @parser.c:1788
[QTS:EMIT] pos=179 op=186 @parser.c:1799
[QTS:EMIT] pos=180 u32=0x00000215 (533) @parser.c:1777
[QTS:EMIT] pos=184 u16=0x0001 (1) @parser.c:1772
[QTS:EMIT] pos=186 op=200 @parser.c:1786
[QTS:EMIT] pos=187 u32=0x00007299 (29337) @parser.c:1788
[QTS:EMIT] pos=191 op=34 @parser.c:1799
[QTS:EMIT] pos=192 u16=0x0001 (1) @parser.c:1772
[QTS:EMIT] pos=194 op=200 @parser.c:1786
[QTS:EMIT] pos=195 u32=0x00007294 (29332) @parser.c:1788
[QTS:EMIT] pos=199 op=159 @parser.c:1799
[QTS:EMIT] pos=200 op=4 @parser.c:1799
[QTS:EMIT] pos=201 u32=0x00000313 (787) @parser.c:1777
[QTS:EMIT] pos=205 op=200 @parser.c:1786
[QTS:EMIT] pos=206 u32=0x000072a5 (29349) @parser.c:1788
[QTS:EMIT] pos=210 op=159 @parser.c:1799
[QTS:EMIT] pos=211 op=4 @parser.c:1799
[QTS:EMIT] pos=212 u32=0x00000314 (788) @parser.c:1777
[QTS:EMIT] pos=216 op=200 @parser.c:1786
[QTS:EMIT] pos=217 u32=0x000072c1 (29377) @parser.c:1788
[QTS:EMIT] pos=221 op=159 @parser.c:1799
[QTS:EMIT] pos=222 op=4 @parser.c:1799
[QTS:EMIT] pos=223 u32=0x00000315 (789) @parser.c:1777
[QTS:EMIT] pos=227 op=200 @parser.c:1786
[QTS:EMIT] pos=228 u32=0x000072f3 (29427) @parser.c:1788
[QTS:EMIT] pos=232 op=159 @parser.c:1799
[QTS:EMIT] pos=233 op=200 @parser.c:1786
[QTS:EMIT] pos=234 u32=0x000071c2 (29122) @parser.c:1788
[QTS:EMIT] pos=238 op=36 @parser.c:1799
[QTS:EMIT] pos=239 u16=0x0001 (1) @parser.c:1772
[QTS:EMIT] pos=241 op=14 @parser.c:1799
[QTS:EMIT] pos=242 op=41 @parser.c:1799
[QTS:SCOPE] push: level=1 first_var=-1
[QTS:SCOPE] enter: idx=1 is_body=0
[QTS:EMIT] pos=0 op=182 @parser.c:1799
[QTS:EMIT] pos=1 u16=0x0001 (1) @parser.c:1772
[QTS:EMIT] pos=3 op=200 @parser.c:1786
[QTS:EMIT] pos=4 u32=0x00007342 (29506) @parser.c:1788
[QTS:EMIT] pos=8 op=186 @parser.c:1799
[QTS:EMIT] pos=9 u32=0x000001d8 (472) @parser.c:1777
[QTS:EMIT] pos=13 u16=0x0001 (1) @parser.c:1772
[QTS:EMIT] pos=15 op=200 @parser.c:1786
[QTS:EMIT] pos=16 u32=0x00007345 (29509) @parser.c:1788
[QTS:EMIT] pos=20 op=66 @parser.c:1799
[QTS:EMIT] pos=21 atom=595 @parser.c:1807
[QTS:EMIT] pos=25 op=4 @parser.c:1799
[QTS:EMIT] pos=26 u32=0x00000317 (791) @parser.c:1777
[QTS:EMIT] pos=30 op=200 @parser.c:1786
[QTS:EMIT] pos=31 u32=0x0000734a (29514) @parser.c:1788
[QTS:EMIT] pos=35 op=36 @parser.c:1799
[QTS:EMIT] pos=36 u16=0x0001 (1) @parser.c:1772
[QTS:EMIT] pos=38 op=14 @parser.c:1799
[QTS:EMIT] pos=39 op=200 @parser.c:1786
[QTS:EMIT] pos=40 u32=0x00007377 (29559) @parser.c:1788
[QTS:EMIT] pos=44 op=186 @parser.c:1799
[QTS:EMIT] pos=45 u32=0x00000318 (792) @parser.c:1777
[QTS:EMIT] pos=49 u16=0x0001 (1) @parser.c:1772
[QTS:EMIT] pos=51 op=200 @parser.c:1786
[QTS:EMIT] pos=52 u32=0x00007389 (29577) @parser.c:1788
[QTS:EMIT] pos=56 op=34 @parser.c:1799
[QTS:EMIT] pos=57 u16=0x0000 (0) @parser.c:1772
[QTS:EMIT] pos=59 op=14 @parser.c:1799
[QTS:EMIT] pos=60 op=41 @parser.c:1799
[QTS:SCOPE] push: level=1 first_var=-1
[QTS:SCOPE] enter: idx=1 is_body=0
[QTS:EMIT] pos=0 op=182 @parser.c:1799
[QTS:EMIT] pos=1 u16=0x0001 (1) @parser.c:1772
[QTS:EMIT] pos=3 op=200 @parser.c:1786
[QTS:EMIT] pos=4 u32=0x000073bf (29631) @parser.c:1788
[QTS:EMIT] pos=8 op=186 @parser.c:1799
[QTS:EMIT] pos=9 u32=0x000002eb (747) @parser.c:1777
[QTS:EMIT] pos=13 u16=0x0001 (1) @parser.c:1772
[QTS:EMIT] pos=15 op=200 @parser.c:1786
[QTS:EMIT] pos=16 u32=0x000073ce (29646) @parser.c:1788
[QTS:EMIT] pos=20 op=186 @parser.c:1799
[QTS:EMIT] pos=21 u32=0x000002e6 (742) @parser.c:1777
[QTS:EMIT] pos=25 u16=0x0001 (1) @parser.c:1772
[QTS:EMIT] pos=27 op=4 @parser.c:1799
[QTS:EMIT] pos=28 u32=0x00000319 (793) @parser.c:1777
[QTS:EMIT] pos=32 op=200 @parser.c:1786
[QTS:EMIT] pos=33 u32=0x000073dd (29661) @parser.c:1788
[QTS:EMIT] pos=37 op=186 @parser.c:1799
[QTS:EMIT] pos=38 u32=0x0000021a (538) @parser.c:1777
[QTS:EMIT] pos=42 u16=0x0001 (1) @parser.c:1772
[QTS:EMIT] pos=44 op=200 @parser.c:1786
[QTS:EMIT] pos=45 u32=0x000073d4 (29652) @parser.c:1788
[QTS:EMIT] pos=49 op=34 @parser.c:1799
[QTS:EMIT] pos=50 u16=0x0002 (2) @parser.c:1772
[QTS:EMIT] pos=52 op=200 @parser.c:1786
[QTS:EMIT] pos=53 u32=0x000073e5 (29669) @parser.c:1788
[QTS:EMIT] pos=57 op=186 @parser.c:1799
[QTS:EMIT] pos=58 u32=0x0000031a (794) @parser.c:1777
[QTS:EMIT] pos=62 u16=0x0001 (1) @parser.c:1772
[QTS:EMIT] pos=64 op=200 @parser.c:1786
[QTS:EMIT] pos=65 u32=0x000073cd (29645) @parser.c:1788
[QTS:EMIT] pos=69 op=34 @parser.c:1799
[QTS:EMIT] pos=70 u16=0x0002 (2) @parser.c:1772
[QTS:EMIT] pos=72 op=14 @parser.c:1799
[QTS:EMIT] pos=73 op=41 @parser.c:1799
[QTS:SCOPE] push: level=1 first_var=-1
[QTS:SCOPE] enter: idx=1 is_body=0
[QTS:EMIT] pos=0 op=182 @parser.c:1799
[QTS:EMIT] pos=1 u16=0x0001 (1) @parser.c:1772
[QTS:SCOPE] push: level=2 first_var=-1
[QTS:SCOPE] enter: idx=2 is_body=0
[QTS:EMIT] pos=3 op=182 @parser.c:1799
[QTS:EMIT] pos=4 u16=0x0002 (2) @parser.c:1772
[QTS:EMIT] pos=6 op=200 @parser.c:1786
[QTS:EMIT] pos=7 u32=0x00007437 (29751) @parser.c:1788
[QTS:EMIT] pos=11 op=186 @parser.c:1799
[QTS:EMIT] pos=12 u32=0x0000031b (795) @parser.c:1777
[QTS:EMIT] pos=16 u16=0x0002 (2) @parser.c:1772
[QTS:EMIT] pos=18 op=200 @parser.c:1786
[QTS:EMIT] pos=19 u32=0x00007442 (29762) @parser.c:1788
[QTS:EMIT] pos=23 op=186 @parser.c:1799
[QTS:EMIT] pos=24 u32=0x000002fd (765) @parser.c:1777
[QTS:EMIT] pos=28 u16=0x0002 (2) @parser.c:1772
[QTS:EMIT] pos=30 op=200 @parser.c:1786
[QTS:EMIT] pos=31 u32=0x00007441 (29761) @parser.c:1788
[QTS:EMIT] pos=35 op=34 @parser.c:1799
[QTS:EMIT] pos=36 u16=0x0001 (1) @parser.c:1772
[QTS:EMIT] pos=38 op=152 @parser.c:1799
[QTS:EMIT] pos=39 op=108 @parser.c:1799
[QTS:EMIT] pos=40 u32=0x00000000 (0) @parser.c:1777
[QTS:SCOPE] push: level=3 first_var=-1
[QTS:SCOPE] enter: idx=3 is_body=0
[QTS:EMIT] pos=44 op=182 @parser.c:1799
[QTS:EMIT] pos=45 u16=0x0003 (3) @parser.c:1772
[QTS:EMIT] pos=47 op=200 @parser.c:1786
[QTS:EMIT] pos=48 u32=0x00007457 (29783) @parser.c:1788
[QTS:EMIT] pos=52 op=186 @parser.c:1799
[QTS:EMIT] pos=53 u32=0x00000318 (792) @parser.c:1777
[QTS:EMIT] pos=57 u16=0x0003 (3) @parser.c:1772
[QTS:EMIT] pos=59 op=200 @parser.c:1786
[QTS:EMIT] pos=60 u32=0x00007469 (29801) @parser.c:1788
[QTS:EMIT] pos=64 op=34 @parser.c:1799
[QTS:EMIT] pos=65 u16=0x0000 (0) @parser.c:1772
[QTS:EMIT] pos=67 op=14 @parser.c:1799
[QTS:SCOPE] leave: idx=3
[QTS:SCOPE] pop: level=3
[QTS:EMIT] pos=68 op=183 @parser.c:1799
[QTS:EMIT] pos=69 u16=0x0003 (3) @parser.c:1772
[QTS:EMIT] pos=71 op=184 @parser.c:1799
[QTS:EMIT] pos=72 u32=0x00000000 (0) @parser.c:1777
[QTS:SCOPE] leave: idx=2
[QTS:SCOPE] pop: level=2
[QTS:EMIT] pos=76 op=183 @parser.c:1799
[QTS:EMIT] pos=77 u16=0x0002 (2) @parser.c:1772
[QTS:EMIT] pos=79 op=41 @parser.c:1799
[QTS:SCOPE] push: level=1 first_var=-1
[QTS:SCOPE] enter: idx=1 is_body=0
[QTS:EMIT] pos=0 op=182 @parser.c:1799
[QTS:EMIT] pos=1 u16=0x0001 (1) @parser.c:1772
[QTS:SCOPE] push: level=2 first_var=-1
[QTS:SCOPE] enter: idx=2 is_body=0
[QTS:EMIT] pos=3 op=182 @parser.c:1799
[QTS:EMIT] pos=4 u16=0x0002 (2) @parser.c:1772
[QTS:EMIT] pos=6 op=200 @parser.c:1786
[QTS:EMIT] pos=7 u32=0x000074f1 (29937) @parser.c:1788
[QTS:EMIT] pos=11 op=186 @parser.c:1799
[QTS:EMIT] pos=12 u32=0x000002fd (765) @parser.c:1777
[QTS:EMIT] pos=16 u16=0x0002 (2) @parser.c:1772
[QTS:EMIT] pos=18 op=7 @parser.c:1799
[QTS:EMIT] pos=19 op=200 @parser.c:1786
[QTS:EMIT] pos=20 u32=0x000074f6 (29942) @parser.c:1788
[QTS:EMIT] pos=24 op=173 @parser.c:1799
[QTS:EMIT] pos=25 op=108 @parser.c:1799
[QTS:EMIT] pos=26 u32=0x00000000 (0) @parser.c:1777
[QTS:SCOPE] push: level=3 first_var=-1
[QTS:SCOPE] enter: idx=3 is_body=0
[QTS:EMIT] pos=30 op=182 @parser.c:1799
[QTS:EMIT] pos=31 u16=0x0003 (3) @parser.c:1772
[QTS:EMIT] pos=33 op=200 @parser.c:1786
[QTS:EMIT] pos=34 u32=0x0000750e (29966) @parser.c:1788
[QTS:EMIT] pos=38 op=186 @parser.c:1799
[QTS:EMIT] pos=39 u32=0x000002fd (765) @parser.c:1777
[QTS:EMIT] pos=43 u16=0x0003 (3) @parser.c:1772
[QTS:EMIT] pos=38 op=189 @parser.c:1799
[QTS:EMIT] pos=39 atom=765 @parser.c:1807
[QTS:EMIT] pos=43 u32=0x00000001 (1) @parser.c:1777
[QTS:EMIT] pos=47 u16=0x0003 (3) @parser.c:1772
[QTS:ASSIGN] lvalue: opcode=61 scope=3 atom=765 label=1
[QTS:EMIT] pos=49 op=4 @parser.c:1799
[QTS:EMIT] pos=50 u32=0x0000002f (47) @parser.c:1777
[QTS:EMIT] pos=54 op=184 @parser.c:1799
[QTS:EMIT] pos=55 u32=0x00000001 (1) @parser.c:1777
[QTS:EMIT] pos=59 op=22 @parser.c:1799
[QTS:EMIT] pos=60 op=62 @parser.c:1799
[QTS:EMIT] pos=61 op=14 @parser.c:1799
[QTS:EMIT] pos=62 op=9 @parser.c:1799
[QTS:EMIT] pos=63 op=200 @parser.c:1786
[QTS:EMIT] pos=64 u32=0x00007525 (29989) @parser.c:1788
[QTS:EMIT] pos=68 op=40 @parser.c:1799
[QTS:SCOPE] leave: idx=3
[QTS:SCOPE] pop: level=3
[QTS:EMIT] pos=69 op=183 @parser.c:1799
[QTS:EMIT] pos=70 u16=0x0003 (3) @parser.c:1772
[QTS:EMIT] pos=72 op=184 @parser.c:1799
[QTS:EMIT] pos=73 u32=0x00000000 (0) @parser.c:1777
[QTS:SCOPE] leave: idx=2
[QTS:SCOPE] pop: level=2
[QTS:EMIT] pos=77 op=183 @parser.c:1799
[QTS:EMIT] pos=78 u16=0x0002 (2) @parser.c:1772
[QTS:SCOPE] push: level=4 first_var=-1
[QTS:SCOPE] enter: idx=4 is_body=0
[QTS:EMIT] pos=80 op=182 @parser.c:1799
[QTS:EMIT] pos=81 u16=0x0004 (4) @parser.c:1772
[QTS:EMIT] pos=83 op=200 @parser.c:1786
[QTS:EMIT] pos=84 u32=0x00007549 (30025) @parser.c:1788
[QTS:EMIT] pos=88 op=186 @parser.c:1799
[QTS:EMIT] pos=89 u32=0x000002fd (765) @parser.c:1777
[QTS:EMIT] pos=93 u16=0x0004 (4) @parser.c:1772
[QTS:EMIT] pos=95 op=4 @parser.c:1799
[QTS:EMIT] pos=96 u32=0x00000302 (770) @parser.c:1777
[QTS:EMIT] pos=100 op=200 @parser.c:1786
[QTS:EMIT] pos=101 u32=0x0000754e (30030) @parser.c:1788
[QTS:EMIT] pos=105 op=173 @parser.c:1799
[QTS:EMIT] pos=106 op=108 @parser.c:1799
[QTS:EMIT] pos=107 u32=0x00000002 (2) @parser.c:1777
[QTS:SCOPE] push: level=5 first_var=-1
[QTS:SCOPE] enter: idx=5 is_body=0
[QTS:EMIT] pos=111 op=182 @parser.c:1799
[QTS:EMIT] pos=112 u16=0x0005 (5) @parser.c:1772
[QTS:EMIT] pos=114 op=200 @parser.c:1786
[QTS:EMIT] pos=115 u32=0x00007565 (30053) @parser.c:1788
[QTS:EMIT] pos=119 op=186 @parser.c:1799
[QTS:EMIT] pos=120 u32=0x00000303 (771) @parser.c:1777
[QTS:EMIT] pos=124 u16=0x0005 (5) @parser.c:1772
[QTS:EMIT] pos=126 op=200 @parser.c:1786
[QTS:EMIT] pos=127 u32=0x00007569 (30057) @parser.c:1788
[QTS:EMIT] pos=131 op=34 @parser.c:1799
[QTS:EMIT] pos=132 u16=0x0000 (0) @parser.c:1772
[QTS:EMIT] pos=134 op=14 @parser.c:1799
[QTS:EMIT] pos=135 op=9 @parser.c:1799
[QTS:EMIT] pos=136 op=200 @parser.c:1786
[QTS:EMIT] pos=137 u32=0x00007579 (30073) @parser.c:1788
[QTS:EMIT] pos=141 op=40 @parser.c:1799
[QTS:SCOPE] leave: idx=5
[QTS:SCOPE] pop: level=5
[QTS:EMIT] pos=142 op=183 @parser.c:1799
[QTS:EMIT] pos=143 u16=0x0005 (5) @parser.c:1772
[QTS:EMIT] pos=145 op=184 @parser.c:1799
[QTS:EMIT] pos=146 u32=0x00000002 (2) @parser.c:1777
[QTS:SCOPE] leave: idx=4
[QTS:SCOPE] pop: level=4
[QTS:EMIT] pos=150 op=183 @parser.c:1799
[QTS:EMIT] pos=151 u16=0x0004 (4) @parser.c:1772
[QTS:EMIT] pos=153 op=200 @parser.c:1786
[QTS:EMIT] pos=154 u32=0x00007599 (30105) @parser.c:1788
[QTS:EMIT] pos=158 op=186 @parser.c:1799
[QTS:EMIT] pos=159 u32=0x0000021b (539) @parser.c:1777
[QTS:EMIT] pos=163 u16=0x0001 (1) @parser.c:1772
[QTS:EMIT] pos=158 op=189 @parser.c:1799
[QTS:EMIT] pos=159 atom=539 @parser.c:1807
[QTS:EMIT] pos=163 u32=0x00000003 (3) @parser.c:1777
[QTS:EMIT] pos=167 u16=0x0001 (1) @parser.c:1772
[QTS:ASSIGN] lvalue: opcode=61 scope=1 atom=539 label=3
[QTS:EMIT] pos=169 op=200 @parser.c:1786
[QTS:EMIT] pos=170 u32=0x0000759f (30111) @parser.c:1788
[QTS:EMIT] pos=174 op=186 @parser.c:1799
[QTS:EMIT] pos=175 u32=0x000002fa (762) @parser.c:1777
[QTS:EMIT] pos=179 u16=0x0001 (1) @parser.c:1772
[QTS:EMIT] pos=181 op=200 @parser.c:1786
[QTS:EMIT] pos=182 u32=0x000075b1 (30129) @parser.c:1788
[QTS:EMIT] pos=186 op=186 @parser.c:1799
[QTS:EMIT] pos=187 u32=0x000002fd (765) @parser.c:1777
[QTS:EMIT] pos=191 u16=0x0001 (1) @parser.c:1772
[QTS:EMIT] pos=193 op=200 @parser.c:1786
[QTS:EMIT] pos=194 u32=0x000075b0 (30128) @parser.c:1788
[QTS:EMIT] pos=198 op=34 @parser.c:1799
[QTS:EMIT] pos=199 u16=0x0001 (1) @parser.c:1772
[QTS:EMIT] pos=201 op=184 @parser.c:1799
[QTS:EMIT] pos=202 u32=0x00000003 (3) @parser.c:1777
[QTS:EMIT] pos=206 op=22 @parser.c:1799
[QTS:EMIT] pos=207 op=62 @parser.c:1799
[QTS:EMIT] pos=208 op=14 @parser.c:1799
[QTS:SCOPE] push: level=6 first_var=-1
[QTS:SCOPE] enter: idx=6 is_body=0
[QTS:EMIT] pos=209 op=182 @parser.c:1799
[QTS:EMIT] pos=210 u16=0x0006 (6) @parser.c:1772
[QTS:EMIT] pos=212 op=200 @parser.c:1786
[QTS:EMIT] pos=213 u32=0x000075c4 (30148) @parser.c:1788
[QTS:EMIT] pos=217 op=186 @parser.c:1799
[QTS:EMIT] pos=218 u32=0x0000021b (539) @parser.c:1777
[QTS:EMIT] pos=222 u16=0x0006 (6) @parser.c:1772
[QTS:EMIT] pos=224 op=200 @parser.c:1786
[QTS:EMIT] pos=225 u32=0x000075c7 (30151) @parser.c:1788
[QTS:EMIT] pos=229 op=66 @parser.c:1799
[QTS:EMIT] pos=230 atom=48 @parser.c:1807
[QTS:EMIT] pos=234 op=1 @parser.c:1799
[QTS:EMIT] pos=235 u32=0x00000000 (0) @parser.c:1777
[QTS:EMIT] pos=239 op=200 @parser.c:1786
[QTS:EMIT] pos=240 u32=0x000075cf (30159) @parser.c:1788
[QTS:EMIT] pos=244 op=167 @parser.c:1799
[QTS:EMIT] pos=245 op=108 @parser.c:1799
[QTS:EMIT] pos=246 u32=0x00000004 (4) @parser.c:1777
[QTS:SCOPE] push: level=7 first_var=-1
[QTS:SCOPE] enter: idx=7 is_body=0
[QTS:EMIT] pos=250 op=182 @parser.c:1799
[QTS:EMIT] pos=251 u16=0x0007 (7) @parser.c:1772
[QTS:SCOPE] push: level=8 first_var=-1
[QTS:SCOPE] enter: idx=8 is_body=0
[QTS:EMIT] pos=253 op=182 @parser.c:1799
[QTS:EMIT] pos=254 u16=0x0008 (8) @parser.c:1772
[QTS:EMIT] pos=256 op=200 @parser.c:1786
[QTS:EMIT] pos=257 u32=0x000075e7 (30183) @parser.c:1788
[QTS:EMIT] pos=261 op=186 @parser.c:1799
[QTS:EMIT] pos=262 u32=0x000002fc (764) @parser.c:1777
[QTS:EMIT] pos=266 u16=0x0008 (8) @parser.c:1772
[QTS:EMIT] pos=268 op=200 @parser.c:1786
[QTS:EMIT] pos=269 u32=0x000075f8 (30200) @parser.c:1788
[QTS:EMIT] pos=273 op=186 @parser.c:1799
[QTS:EMIT] pos=274 u32=0x0000021b (539) @parser.c:1777
[QTS:EMIT] pos=278 u16=0x0008 (8) @parser.c:1772
[QTS:EMIT] pos=280 op=200 @parser.c:1786
[QTS:EMIT] pos=281 u32=0x000075fd (30205) @parser.c:1788
[QTS:EMIT] pos=285 op=186 @parser.c:1799
[QTS:EMIT] pos=286 u32=0x000002fd (765) @parser.c:1777
[QTS:EMIT] pos=290 u16=0x0008 (8) @parser.c:1772
[QTS:EMIT] pos=292 op=200 @parser.c:1786
[QTS:EMIT] pos=293 u32=0x000075f7 (30199) @parser.c:1788
[QTS:EMIT] pos=297 op=34 @parser.c:1799
[QTS:EMIT] pos=298 u16=0x0002 (2) @parser.c:1772
[QTS:EMIT] pos=300 op=152 @parser.c:1799
[QTS:EMIT] pos=301 op=108 @parser.c:1799
[QTS:EMIT] pos=302 u32=0x00000005 (5) @parser.c:1777
[QTS:SCOPE] push: level=9 first_var=-1
[QTS:SCOPE] enter: idx=9 is_body=0
[QTS:EMIT] pos=306 op=182 @parser.c:1799
[QTS:EMIT] pos=307 u16=0x0009 (9) @parser.c:1772
[QTS:EMIT] pos=309 op=9 @parser.c:1799
[QTS:EMIT] pos=310 op=200 @parser.c:1786
[QTS:EMIT] pos=311 u32=0x00007616 (30230) @parser.c:1788
[QTS:EMIT] pos=315 op=40 @parser.c:1799
[QTS:SCOPE] leave: idx=9
[QTS:SCOPE] pop: level=9
[QTS:EMIT] pos=316 op=183 @parser.c:1799
[QTS:EMIT] pos=317 u16=0x0009 (9) @parser.c:1772
[QTS:EMIT] pos=319 op=184 @parser.c:1799
[QTS:EMIT] pos=320 u32=0x00000005 (5) @parser.c:1777
[QTS:SCOPE] leave: idx=8
[QTS:SCOPE] pop: level=8
[QTS:EMIT] pos=324 op=183 @parser.c:1799
[QTS:EMIT] pos=325 u16=0x0008 (8) @parser.c:1772
[QTS:EMIT] pos=327 op=200 @parser.c:1786
[QTS:EMIT] pos=328 u32=0x0000763e (30270) @parser.c:1788
[QTS:EMIT] pos=332 op=186 @parser.c:1799
[QTS:EMIT] pos=333 u32=0x000002fd (765) @parser.c:1777
[QTS:EMIT] pos=337 u16=0x0007 (7) @parser.c:1772
[QTS:EMIT] pos=332 op=189 @parser.c:1799
[QTS:EMIT] pos=333 atom=765 @parser.c:1807
[QTS:EMIT] pos=337 u32=0x00000006 (6) @parser.c:1777
[QTS:EMIT] pos=341 u16=0x0007 (7) @parser.c:1772
[QTS:ASSIGN] lvalue: opcode=61 scope=7 atom=765 label=6
[QTS:EMIT] pos=343 op=200 @parser.c:1786
[QTS:EMIT] pos=344 u32=0x00007645 (30277) @parser.c:1788
[QTS:EMIT] pos=348 op=186 @parser.c:1799
[QTS:EMIT] pos=349 u32=0x000002fd (765) @parser.c:1777
[QTS:EMIT] pos=353 u16=0x0007 (7) @parser.c:1772
[QTS:EMIT] pos=355 op=200 @parser.c:1786
[QTS:EMIT] pos=356 u32=0x00007649 (30281) @parser.c:1788
[QTS:EMIT] pos=360 op=66 @parser.c:1799
[QTS:EMIT] pos=361 atom=326 @parser.c:1807
[QTS:EMIT] pos=365 op=200 @parser.c:1786
[QTS:EMIT] pos=366 u32=0x00007654 (30292) @parser.c:1788
[QTS:EMIT] pos=370 op=186 @parser.c:1799
[QTS:EMIT] pos=371 u32=0x0000021b (539) @parser.c:1777
[QTS:EMIT] pos=375 u16=0x0007 (7) @parser.c:1772
[QTS:EMIT] pos=377 op=200 @parser.c:1786
[QTS:EMIT] pos=378 u32=0x00007657 (30295) @parser.c:1788
[QTS:EMIT] pos=382 op=66 @parser.c:1799
[QTS:EMIT] pos=383 atom=48 @parser.c:1807
[QTS:EMIT] pos=387 op=1 @parser.c:1799
[QTS:EMIT] pos=388 u32=0x00000001 (1) @parser.c:1777
[QTS:EMIT] pos=392 op=200 @parser.c:1786
[QTS:EMIT] pos=393 u32=0x0000765f (30303) @parser.c:1788
[QTS:EMIT] pos=397 op=159 @parser.c:1799
[QTS:EMIT] pos=398 op=200 @parser.c:1786
[QTS:EMIT] pos=399 u32=0x00007653 (30291) @parser.c:1788
[QTS:EMIT] pos=403 op=36 @parser.c:1799
[QTS:EMIT] pos=404 u16=0x0001 (1) @parser.c:1772
[QTS:EMIT] pos=406 op=184 @parser.c:1799
[QTS:EMIT] pos=407 u32=0x00000006 (6) @parser.c:1777
[QTS:EMIT] pos=411 op=22 @parser.c:1799
[QTS:EMIT] pos=412 op=62 @parser.c:1799
[QTS:EMIT] pos=413 op=14 @parser.c:1799
[QTS:SCOPE] leave: idx=7
[QTS:SCOPE] pop: level=7
[QTS:EMIT] pos=414 op=183 @parser.c:1799
[QTS:EMIT] pos=415 u16=0x0007 (7) @parser.c:1772
[QTS:EMIT] pos=417 op=184 @parser.c:1799
[QTS:EMIT] pos=418 u32=0x00000004 (4) @parser.c:1777
[QTS:SCOPE] leave: idx=6
[QTS:SCOPE] pop: level=6
[QTS:EMIT] pos=422 op=183 @parser.c:1799
[QTS:EMIT] pos=423 u16=0x0006 (6) @parser.c:1772
[QTS:SCOPE] push: level=10 first_var=-1
[QTS:SCOPE] enter: idx=10 is_body=0
[QTS:EMIT] pos=425 op=182 @parser.c:1799
[QTS:EMIT] pos=426 u16=0x000a (10) @parser.c:1772
[QTS:EMIT] pos=428 op=200 @parser.c:1786
[QTS:EMIT] pos=429 u32=0x0000767b (30331) @parser.c:1788
[QTS:EMIT] pos=433 op=186 @parser.c:1799
[QTS:EMIT] pos=434 u32=0x000002fd (765) @parser.c:1777
[QTS:EMIT] pos=438 u16=0x000a (10) @parser.c:1772
[QTS:EMIT] pos=440 op=4 @parser.c:1799
[QTS:EMIT] pos=441 u32=0x0000002f (47) @parser.c:1777
[QTS:EMIT] pos=445 op=200 @parser.c:1786
[QTS:EMIT] pos=446 u32=0x00007680 (30336) @parser.c:1788
[QTS:EMIT] pos=450 op=173 @parser.c:1799
[QTS:EMIT] pos=451 op=108 @parser.c:1799
[QTS:EMIT] pos=452 u32=0x00000007 (7) @parser.c:1777
[QTS:EMIT] pos=456 op=9 @parser.c:1799
[QTS:EMIT] pos=457 op=200 @parser.c:1786
[QTS:EMIT] pos=458 u32=0x00007694 (30356) @parser.c:1788
[QTS:EMIT] pos=462 op=40 @parser.c:1799
[QTS:EMIT] pos=463 op=184 @parser.c:1799
[QTS:EMIT] pos=464 u32=0x00000007 (7) @parser.c:1777
[QTS:SCOPE] leave: idx=10
[QTS:SCOPE] pop: level=10
[QTS:EMIT] pos=468 op=183 @parser.c:1799
[QTS:EMIT] pos=469 u16=0x000a (10) @parser.c:1772
[QTS:SCOPE] push: level=11 first_var=-1
[QTS:SCOPE] enter: idx=11 is_body=0
[QTS:EMIT] pos=471 op=182 @parser.c:1799
[QTS:EMIT] pos=472 u16=0x000b (11) @parser.c:1772
[QTS:EMIT] pos=474 op=200 @parser.c:1786
[QTS:EMIT] pos=475 u32=0x000076ae (30382) @parser.c:1788
[QTS:EMIT] pos=479 op=186 @parser.c:1799
[QTS:EMIT] pos=480 u32=0x00000219 (537) @parser.c:1777
[QTS:EMIT] pos=484 u16=0x000b (11) @parser.c:1772
[QTS:EMIT] pos=486 op=108 @parser.c:1799
[QTS:EMIT] pos=487 u32=0x00000008 (8) @parser.c:1777
[QTS:EMIT] pos=491 op=200 @parser.c:1786
[QTS:EMIT] pos=492 u32=0x000076c1 (30401) @parser.c:1788
[QTS:EMIT] pos=496 op=186 @parser.c:1799
[QTS:EMIT] pos=497 u32=0x000002fd (765) @parser.c:1777
[QTS:EMIT] pos=501 u16=0x000b (11) @parser.c:1772
[QTS:EMIT] pos=496 op=189 @parser.c:1799
[QTS:EMIT] pos=497 atom=765 @parser.c:1807
[QTS:EMIT] pos=501 u32=0x00000009 (9) @parser.c:1777
[QTS:EMIT] pos=505 u16=0x000b (11) @parser.c:1772
[QTS:ASSIGN] lvalue: opcode=61 scope=11 atom=765 label=9
[QTS:EMIT] pos=507 op=200 @parser.c:1786
[QTS:EMIT] pos=508 u32=0x000076c8 (30408) @parser.c:1788
[QTS:EMIT] pos=512 op=186 @parser.c:1799
[QTS:EMIT] pos=513 u32=0x00000219 (537) @parser.c:1777
[QTS:EMIT] pos=517 u16=0x000b (11) @parser.c:1772
[QTS:EMIT] pos=519 op=4 @parser.c:1799
[QTS:EMIT] pos=520 u32=0x0000025a (602) @parser.c:1777
[QTS:EMIT] pos=524 op=200 @parser.c:1786
[QTS:EMIT] pos=525 u32=0x000076ce (30414) @parser.c:1788
[QTS:EMIT] pos=529 op=159 @parser.c:1799
[QTS:EMIT] pos=530 op=200 @parser.c:1786
[QTS:EMIT] pos=531 u32=0x000076d7 (30423) @parser.c:1788
[QTS:EMIT] pos=535 op=186 @parser.c:1799
[QTS:EMIT] pos=536 u32=0x000002fd (765) @parser.c:1777
[QTS:EMIT] pos=540 u16=0x000b (11) @parser.c:1772
[QTS:EMIT] pos=542 op=200 @parser.c:1786
[QTS:EMIT] pos=543 u32=0x000076d5 (30421) @parser.c:1788
[QTS:EMIT] pos=547 op=159 @parser.c:1799
[QTS:EMIT] pos=548 op=184 @parser.c:1799
[QTS:EMIT] pos=549 u32=0x00000009 (9) @parser.c:1777
[QTS:EMIT] pos=553 op=22 @parser.c:1799
[QTS:EMIT] pos=554 op=62 @parser.c:1799
[QTS:EMIT] pos=555 op=14 @parser.c:1799
[QTS:EMIT] pos=556 op=184 @parser.c:1799
[QTS:EMIT] pos=557 u32=0x00000008 (8) @parser.c:1777
[QTS:SCOPE] leave: idx=11
[QTS:SCOPE] pop: level=11
[QTS:EMIT] pos=561 op=183 @parser.c:1799
[QTS:EMIT] pos=562 u16=0x000b (11) @parser.c:1772
[QTS:EMIT] pos=564 op=200 @parser.c:1786
[QTS:EMIT] pos=565 u32=0x000076e5 (30437) @parser.c:1788
[QTS:EMIT] pos=569 op=186 @parser.c:1799
[QTS:EMIT] pos=570 u32=0x00000260 (608) @parser.c:1777
[QTS:EMIT] pos=574 u16=0x0001 (1) @parser.c:1772
[QTS:EMIT] pos=569 op=189 @parser.c:1799
[QTS:EMIT] pos=570 atom=608 @parser.c:1807
[QTS:EMIT] pos=574 u32=0x0000000a (10) @parser.c:1777
[QTS:EMIT] pos=578 u16=0x0001 (1) @parser.c:1772
[QTS:ASSIGN] lvalue: opcode=61 scope=1 atom=608 label=10
[QTS:EMIT] pos=580 op=200 @parser.c:1786
[QTS:EMIT] pos=581 u32=0x000076f2 (30450) @parser.c:1788
[QTS:EMIT] pos=585 op=186 @parser.c:1799
[QTS:EMIT] pos=586 u32=0x00000261 (609) @parser.c:1777
[QTS:EMIT] pos=590 u16=0x0001 (1) @parser.c:1772
[QTS:EMIT] pos=592 op=200 @parser.c:1786
[QTS:EMIT] pos=593 u32=0x000076fe (30462) @parser.c:1788
[QTS:EMIT] pos=597 op=186 @parser.c:1799
[QTS:EMIT] pos=598 u32=0x000002fd (765) @parser.c:1777
[QTS:EMIT] pos=602 u16=0x0001 (1) @parser.c:1772
[QTS:EMIT] pos=604 op=200 @parser.c:1786
[QTS:EMIT] pos=605 u32=0x000076fd (30461) @parser.c:1788
[QTS:EMIT] pos=609 op=34 @parser.c:1799
[QTS:EMIT] pos=610 u16=0x0001 (1) @parser.c:1772
[QTS:EMIT] pos=612 op=184 @parser.c:1799
[QTS:EMIT] pos=613 u32=0x0000000a (10) @parser.c:1777
[QTS:EMIT] pos=617 op=22 @parser.c:1799
[QTS:EMIT] pos=618 op=62 @parser.c:1799
[QTS:EMIT] pos=619 op=14 @parser.c:1799
[QTS:EMIT] pos=620 op=200 @parser.c:1786
[QTS:EMIT] pos=621 u32=0x0000770d (30477) @parser.c:1788
[QTS:EMIT] pos=625 op=186 @parser.c:1799
[QTS:EMIT] pos=626 u32=0x0000020d (525) @parser.c:1777
[QTS:EMIT] pos=630 u16=0x0001 (1) @parser.c:1772
[QTS:EMIT] pos=625 op=189 @parser.c:1799
[QTS:EMIT] pos=626 atom=525 @parser.c:1807
[QTS:EMIT] pos=630 u32=0x0000000b (11) @parser.c:1777
[QTS:EMIT] pos=634 u16=0x0001 (1) @parser.c:1772
[QTS:ASSIGN] lvalue: opcode=61 scope=1 atom=525 label=11
[QTS:EMIT] pos=636 op=200 @parser.c:1786
[QTS:EMIT] pos=637 u32=0x00007716 (30486) @parser.c:1788
[QTS:EMIT] pos=641 op=186 @parser.c:1799
[QTS:EMIT] pos=642 u32=0x00000260 (608) @parser.c:1777
[QTS:EMIT] pos=646 u16=0x0001 (1) @parser.c:1772
[QTS:EMIT] pos=648 op=1 @parser.c:1799
[QTS:EMIT] pos=649 u32=0x00000000 (0) @parser.c:1777
[QTS:EMIT] pos=653 op=200 @parser.c:1786
[QTS:EMIT] pos=654 u32=0x00007720 (30496) @parser.c:1788
[QTS:EMIT] pos=658 op=72 @parser.c:1799
[QTS:EMIT] pos=659 op=184 @parser.c:1799
[QTS:EMIT] pos=660 u32=0x0000000b (11) @parser.c:1777
[QTS:EMIT] pos=664 op=22 @parser.c:1799
[QTS:EMIT] pos=665 op=62 @parser.c:1799
[QTS:EMIT] pos=666 op=14 @parser.c:1799
[QTS:EMIT] pos=667 op=200 @parser.c:1786
[QTS:EMIT] pos=668 u32=0x0000772d (30509) @parser.c:1788
[QTS:EMIT] pos=672 op=186 @parser.c:1799
[QTS:EMIT] pos=673 u32=0x0000021a (538) @parser.c:1777
[QTS:EMIT] pos=677 u16=0x0001 (1) @parser.c:1772
[QTS:EMIT] pos=672 op=189 @parser.c:1799
[QTS:EMIT] pos=673 atom=538 @parser.c:1807
[QTS:EMIT] pos=677 u32=0x0000000c (12) @parser.c:1777
[QTS:EMIT] pos=681 u16=0x0001 (1) @parser.c:1772
[QTS:ASSIGN] lvalue: opcode=61 scope=1 atom=538 label=12
[QTS:EMIT] pos=683 op=200 @parser.c:1786
[QTS:EMIT] pos=684 u32=0x00007735 (30517) @parser.c:1788
[QTS:EMIT] pos=688 op=186 @parser.c:1799
[QTS:EMIT] pos=689 u32=0x00000260 (608) @parser.c:1777
[QTS:EMIT] pos=693 u16=0x0001 (1) @parser.c:1772
[QTS:EMIT] pos=695 op=1 @parser.c:1799
[QTS:EMIT] pos=696 u32=0x00000001 (1) @parser.c:1777
[QTS:EMIT] pos=700 op=200 @parser.c:1786
[QTS:EMIT] pos=701 u32=0x0000773f (30527) @parser.c:1788
[QTS:EMIT] pos=705 op=72 @parser.c:1799
[QTS:EMIT] pos=706 op=184 @parser.c:1799
[QTS:EMIT] pos=707 u32=0x0000000c (12) @parser.c:1777
[QTS:EMIT] pos=711 op=22 @parser.c:1799
[QTS:EMIT] pos=712 op=62 @parser.c:1799
[QTS:EMIT] pos=713 op=14 @parser.c:1799
[QTS:SCOPE] push: level=12 first_var=-1
[QTS:SCOPE] enter: idx=12 is_body=0
[QTS:EMIT] pos=714 op=182 @parser.c:1799
[QTS:EMIT] pos=715 u16=0x000c (12) @parser.c:1772
[QTS:EMIT] pos=717 op=200 @parser.c:1786
[QTS:EMIT] pos=718 u32=0x00007750 (30544) @parser.c:1788
[QTS:EMIT] pos=722 op=186 @parser.c:1799
[QTS:EMIT] pos=723 u32=0x0000020d (525) @parser.c:1777
[QTS:EMIT] pos=727 u16=0x000c (12) @parser.c:1772
[QTS:EMIT] pos=729 op=108 @parser.c:1799
[QTS:EMIT] pos=730 u32=0x0000000d (13) @parser.c:1777
[QTS:SCOPE] push: level=13 first_var=-1
[QTS:SCOPE] enter: idx=13 is_body=0
[QTS:EMIT] pos=734 op=182 @parser.c:1799
[QTS:EMIT] pos=735 u16=0x000d (13) @parser.c:1772
[QTS:EMIT] pos=737 op=200 @parser.c:1786
[QTS:EMIT] pos=738 u32=0x00007766 (30566) @parser.c:1788
[QTS:EMIT] pos=742 op=186 @parser.c:1799
[QTS:EMIT] pos=743 u32=0x00000219 (537) @parser.c:1777
[QTS:EMIT] pos=747 u16=0x000d (13) @parser.c:1772
[QTS:EMIT] pos=742 op=189 @parser.c:1799
[QTS:EMIT] pos=743 atom=537 @parser.c:1807
[QTS:EMIT] pos=747 u32=0x0000000e (14) @parser.c:1777
[QTS:EMIT] pos=751 u16=0x000d (13) @parser.c:1772
[QTS:ASSIGN] lvalue: opcode=61 scope=13 atom=537 label=14
[QTS:EMIT] pos=753 op=200 @parser.c:1786
[QTS:EMIT] pos=754 u32=0x0000776e (30574) @parser.c:1788
[QTS:EMIT] pos=758 op=186 @parser.c:1799
[QTS:EMIT] pos=759 u32=0x000002fd (765) @parser.c:1777
[QTS:EMIT] pos=763 u16=0x000d (13) @parser.c:1772
[QTS:EMIT] pos=765 op=184 @parser.c:1799
[QTS:EMIT] pos=766 u32=0x0000000e (14) @parser.c:1777
[QTS:EMIT] pos=770 op=22 @parser.c:1799
[QTS:EMIT] pos=771 op=62 @parser.c:1799
[QTS:EMIT] pos=772 op=14 @parser.c:1799
[QTS:EMIT] pos=773 op=9 @parser.c:1799
[QTS:EMIT] pos=774 op=200 @parser.c:1786
[QTS:EMIT] pos=775 u32=0x00007780 (30592) @parser.c:1788
[QTS:EMIT] pos=779 op=40 @parser.c:1799
[QTS:SCOPE] leave: idx=13
[QTS:SCOPE] pop: level=13
[QTS:EMIT] pos=780 op=183 @parser.c:1799
[QTS:EMIT] pos=781 u16=0x000d (13) @parser.c:1772
[QTS:EMIT] pos=783 op=184 @parser.c:1799
[QTS:EMIT] pos=784 u32=0x0000000d (13) @parser.c:1777
[QTS:SCOPE] leave: idx=12
[QTS:SCOPE] pop: level=12
[QTS:EMIT] pos=788 op=183 @parser.c:1799
[QTS:EMIT] pos=789 u16=0x000c (12) @parser.c:1772
[QTS:EMIT] pos=791 op=200 @parser.c:1786
[QTS:EMIT] pos=792 u32=0x000077a0 (30624) @parser.c:1788
[QTS:EMIT] pos=796 op=186 @parser.c:1799
[QTS:EMIT] pos=797 u32=0x00000219 (537) @parser.c:1777
[QTS:EMIT] pos=801 u16=0x0001 (1) @parser.c:1772
[QTS:EMIT] pos=796 op=189 @parser.c:1799
[QTS:EMIT] pos=797 atom=537 @parser.c:1807
[QTS:EMIT] pos=801 u32=0x0000000f (15) @parser.c:1777
[QTS:EMIT] pos=805 u16=0x0001 (1) @parser.c:1772
[QTS:ASSIGN] lvalue: opcode=61 scope=1 atom=537 label=15
[QTS:EMIT] pos=807 op=4 @parser.c:1799
[QTS:EMIT] pos=808 u32=0x0000002f (47) @parser.c:1777
[QTS:EMIT] pos=812 op=184 @parser.c:1799
[QTS:EMIT] pos=813 u32=0x0000000f (15) @parser.c:1777
[QTS:EMIT] pos=817 op=22 @parser.c:1799
[QTS:EMIT] pos=818 op=62 @parser.c:1799
[QTS:EMIT] pos=819 op=14 @parser.c:1799
[QTS:EMIT] pos=820 op=200 @parser.c:1786
[QTS:EMIT] pos=821 u32=0x000077b4 (30644) @parser.c:1788
[QTS:EMIT] pos=825 op=186 @parser.c:1799
[QTS:EMIT] pos=826 u32=0x0000031c (796) @parser.c:1777
[QTS:EMIT] pos=830 u16=0x0001 (1) @parser.c:1772
[QTS:EMIT] pos=832 op=200 @parser.c:1786
[QTS:EMIT] pos=833 u32=0x000077c9 (30665) @parser.c:1788
[QTS:EMIT] pos=837 op=186 @parser.c:1799
[QTS:EMIT] pos=838 u32=0x000002fd (765) @parser.c:1777
[QTS:EMIT] pos=842 u16=0x0001 (1) @parser.c:1772
[QTS:EMIT] pos=844 op=200 @parser.c:1786
[QTS:EMIT] pos=845 u32=0x000077c8 (30664) @parser.c:1788
[QTS:EMIT] pos=849 op=34 @parser.c:1799
[QTS:EMIT] pos=850 u16=0x0001 (1) @parser.c:1772
[QTS:EMIT] pos=852 op=14 @parser.c:1799
[QTS:EMIT] pos=853 op=10 @parser.c:1799
[QTS:EMIT] pos=854 op=200 @parser.c:1786
[QTS:EMIT] pos=855 u32=0x000077d8 (30680) @parser.c:1788
[QTS:EMIT] pos=859 op=40 @parser.c:1799
[QTS:SCOPE] push: level=1 first_var=-1
[QTS:SCOPE] enter: idx=1 is_body=0
[QTS:EMIT] pos=0 op=182 @parser.c:1799
[QTS:EMIT] pos=1 u16=0x0001 (1) @parser.c:1772
[QTS:EMIT] pos=3 op=111 @parser.c:1799
[QTS:EMIT] pos=4 u32=0x00000000 (0) @parser.c:1777
[QTS:SCOPE] push: level=2 first_var=-1
[QTS:SCOPE] enter: idx=2 is_body=0
[QTS:EMIT] pos=8 op=182 @parser.c:1799
[QTS:EMIT] pos=9 u16=0x0002 (2) @parser.c:1772
[QTS:EMIT] pos=11 op=200 @parser.c:1786
[QTS:EMIT] pos=12 u32=0x00007843 (30787) @parser.c:1788
[QTS:EMIT] pos=16 op=186 @parser.c:1799
[QTS:EMIT] pos=17 u32=0x00000217 (535) @parser.c:1777
[QTS:EMIT] pos=21 u16=0x0002 (2) @parser.c:1772
[QTS:EMIT] pos=16 op=189 @parser.c:1799
[QTS:EMIT] pos=17 atom=535 @parser.c:1807
[QTS:EMIT] pos=21 u32=0x00000004 (4) @parser.c:1777
[QTS:EMIT] pos=25 u16=0x0002 (2) @parser.c:1772
[QTS:ASSIGN] lvalue: opcode=61 scope=2 atom=535 label=4
[QTS:EMIT] pos=27 op=200 @parser.c:1786
[QTS:EMIT] pos=28 u32=0x00007855 (30805) @parser.c:1788
[QTS:EMIT] pos=32 op=186 @parser.c:1799
[QTS:EMIT] pos=33 u32=0x000001d9 (473) @parser.c:1777
[QTS:EMIT] pos=37 u16=0x0002 (2) @parser.c:1772
[QTS:EMIT] pos=39 op=200 @parser.c:1786
[QTS:EMIT] pos=40 u32=0x00007857 (30807) @parser.c:1788
[QTS:EMIT] pos=44 op=66 @parser.c:1799
[QTS:EMIT] pos=45 atom=412 @parser.c:1807
[QTS:EMIT] pos=49 op=200 @parser.c:1786
[QTS:EMIT] pos=50 u32=0x0000785b (30811) @parser.c:1788
[QTS:EMIT] pos=54 op=36 @parser.c:1799
[QTS:EMIT] pos=55 u16=0x0000 (0) @parser.c:1772
[QTS:EMIT] pos=57 op=184 @parser.c:1799
[QTS:EMIT] pos=58 u32=0x00000004 (4) @parser.c:1777
[QTS:EMIT] pos=62 op=22 @parser.c:1799
[QTS:EMIT] pos=63 op=62 @parser.c:1799
[QTS:EMIT] pos=64 op=14 @parser.c:1799
[QTS:EMIT] pos=65 op=200 @parser.c:1786
[QTS:EMIT] pos=66 u32=0x0000788e (30862) @parser.c:1788
[QTS:EMIT] pos=70 op=186 @parser.c:1799
[QTS:EMIT] pos=71 u32=0x00000206 (518) @parser.c:1777
[QTS:EMIT] pos=75 u16=0x0002 (2) @parser.c:1772
[QTS:EMIT] pos=70 op=189 @parser.c:1799
[QTS:EMIT] pos=71 atom=518 @parser.c:1807
[QTS:EMIT] pos=75 u32=0x00000005 (5) @parser.c:1777
[QTS:EMIT] pos=79 u16=0x0002 (2) @parser.c:1772
[QTS:ASSIGN] lvalue: opcode=61 scope=2 atom=518 label=5
[QTS:EMIT] pos=81 op=200 @parser.c:1786
[QTS:EMIT] pos=82 u32=0x00007897 (30871) @parser.c:1788
[QTS:EMIT] pos=86 op=186 @parser.c:1799
[QTS:EMIT] pos=87 u32=0x000001d8 (472) @parser.c:1777
[QTS:EMIT] pos=91 u16=0x0002 (2) @parser.c:1772
[QTS:EMIT] pos=93 op=200 @parser.c:1786
[QTS:EMIT] pos=94 u32=0x0000789a (30874) @parser.c:1788
[QTS:EMIT] pos=98 op=66 @parser.c:1799
[QTS:EMIT] pos=99 atom=797 @parser.c:1807
[QTS:EMIT] pos=103 op=200 @parser.c:1786
[QTS:EMIT] pos=104 u32=0x000078a6 (30886) @parser.c:1788
[QTS:EMIT] pos=108 op=186 @parser.c:1799
[QTS:EMIT] pos=109 u32=0x000002fd (765) @parser.c:1777
[QTS:EMIT] pos=113 u16=0x0002 (2) @parser.c:1772
[QTS:EMIT] pos=115 op=11 @parser.c:1799
[QTS:EMIT] pos=116 op=10 @parser.c:1799
[QTS:EMIT] pos=117 op=78 @parser.c:1799
[QTS:EMIT] pos=118 atom=798 @parser.c:1807
[QTS:EMIT] pos=122 op=10 @parser.c:1799
[QTS:EMIT] pos=123 op=78 @parser.c:1799
[QTS:EMIT] pos=124 atom=135 @parser.c:1807
[QTS:EMIT] pos=128 op=200 @parser.c:1786
[QTS:EMIT] pos=129 u32=0x000078a5 (30885) @parser.c:1788
[QTS:EMIT] pos=133 op=36 @parser.c:1799
[QTS:EMIT] pos=134 u16=0x0002 (2) @parser.c:1772
[QTS:EMIT] pos=136 op=184 @parser.c:1799
[QTS:EMIT] pos=137 u32=0x00000005 (5) @parser.c:1777
[QTS:EMIT] pos=141 op=22 @parser.c:1799
[QTS:EMIT] pos=142 op=62 @parser.c:1799
[QTS:EMIT] pos=143 op=14 @parser.c:1799
[QTS:EMIT] pos=144 op=200 @parser.c:1786
[QTS:EMIT] pos=145 u32=0x00007909 (30985) @parser.c:1788
[QTS:EMIT] pos=149 op=186 @parser.c:1799
[QTS:EMIT] pos=150 u32=0x00000206 (518) @parser.c:1777
[QTS:EMIT] pos=154 u16=0x0002 (2) @parser.c:1772
[QTS:EMIT] pos=156 op=200 @parser.c:1786
[QTS:EMIT] pos=157 u32=0x0000790f (30991) @parser.c:1788
[QTS:EMIT] pos=161 op=66 @parser.c:1799
[QTS:EMIT] pos=162 atom=129 @parser.c:1807
[QTS:EMIT] pos=166 op=200 @parser.c:1786
[QTS:EMIT] pos=167 u32=0x00007915 (30997) @parser.c:1788
[QTS:EMIT] pos=171 op=186 @parser.c:1799
[QTS:EMIT] pos=172 u32=0x0000031f (799) @parser.c:1777
[QTS:EMIT] pos=176 u16=0x0002 (2) @parser.c:1772
[QTS:EMIT] pos=178 op=200 @parser.c:1786
[QTS:EMIT] pos=179 u32=0x00007928 (31016) @parser.c:1788
[QTS:EMIT] pos=183 op=186 @parser.c:1799
[QTS:EMIT] pos=184 u32=0x00000320 (800) @parser.c:1777
[QTS:EMIT] pos=188 u16=0x0002 (2) @parser.c:1772
[QTS:EMIT] pos=190 op=200 @parser.c:1786
[QTS:EMIT] pos=191 u32=0x00007914 (30996) @parser.c:1788
[QTS:EMIT] pos=195 op=36 @parser.c:1799
[QTS:EMIT] pos=196 u16=0x0002 (2) @parser.c:1772
[QTS:EMIT] pos=198 op=14 @parser.c:1799
[QTS:SCOPE] leave: idx=2
[QTS:SCOPE] pop: level=2
[QTS:EMIT] pos=199 op=183 @parser.c:1799
[QTS:EMIT] pos=200 u16=0x0002 (2) @parser.c:1772
[QTS:EMIT] pos=202 op=14 @parser.c:1799
[QTS:EMIT] pos=203 op=6 @parser.c:1799
[QTS:EMIT] pos=204 op=112 @parser.c:1799
[QTS:EMIT] pos=205 u32=0x00000002 (2) @parser.c:1777
[QTS:EMIT] pos=209 op=14 @parser.c:1799
[QTS:EMIT] pos=210 op=110 @parser.c:1799
[QTS:EMIT] pos=211 u32=0x00000003 (3) @parser.c:1777
[QTS:SCOPE] push: level=3 first_var=-1
[QTS:SCOPE] enter: idx=3 is_body=0
[QTS:EMIT] pos=215 op=182 @parser.c:1799
[QTS:EMIT] pos=216 u16=0x0003 (3) @parser.c:1772
[QTS:EMIT] pos=218 op=184 @parser.c:1799
[QTS:EMIT] pos=219 u32=0x00000000 (0) @parser.c:1777
[QTS:EMIT] pos=223 op=187 @parser.c:1799
[QTS:EMIT] pos=224 u32=0x00000205 (517) @parser.c:1777
[QTS:EMIT] pos=228 u16=0x0003 (3) @parser.c:1772
[QTS:EMIT] pos=230 op=111 @parser.c:1799
[QTS:EMIT] pos=231 u32=0x00000001 (1) @parser.c:1777
[QTS:SCOPE] push: level=4 first_var=1
[QTS:SCOPE] enter: idx=4 is_body=0
[QTS:EMIT] pos=235 op=182 @parser.c:1799
[QTS:EMIT] pos=236 u16=0x0004 (4) @parser.c:1772
[QTS:SCOPE] push: level=5 first_var=1
[QTS:SCOPE] enter: idx=5 is_body=0
[QTS:EMIT] pos=238 op=182 @parser.c:1799
[QTS:EMIT] pos=239 u16=0x0005 (5) @parser.c:1772
[QTS:EMIT] pos=241 op=200 @parser.c:1786
[QTS:EMIT] pos=242 u32=0x00007969 (31081) @parser.c:1788
[QTS:EMIT] pos=246 op=186 @parser.c:1799
[QTS:EMIT] pos=247 u32=0x00000320 (800) @parser.c:1777
[QTS:EMIT] pos=251 u16=0x0005 (5) @parser.c:1772
[QTS:EMIT] pos=253 op=200 @parser.c:1786
[QTS:EMIT] pos=254 u32=0x0000797a (31098) @parser.c:1788
[QTS:EMIT] pos=258 op=186 @parser.c:1799
[QTS:EMIT] pos=259 u32=0x00000205 (517) @parser.c:1777
[QTS:EMIT] pos=263 u16=0x0005 (5) @parser.c:1772
[QTS:EMIT] pos=265 op=200 @parser.c:1786
[QTS:EMIT] pos=266 u32=0x00007979 (31097) @parser.c:1788
[QTS:EMIT] pos=270 op=34 @parser.c:1799
[QTS:EMIT] pos=271 u16=0x0001 (1) @parser.c:1772
[QTS:EMIT] pos=273 op=14 @parser.c:1799
[QTS:SCOPE] leave: idx=5
[QTS:SCOPE] pop: level=5
[QTS:EMIT] pos=274 op=183 @parser.c:1799
[QTS:EMIT] pos=275 u16=0x0005 (5) @parser.c:1772
[QTS:SCOPE] leave: idx=4
[QTS:SCOPE] pop: level=4
[QTS:EMIT] pos=277 op=183 @parser.c:1799
[QTS:EMIT] pos=278 u16=0x0004 (4) @parser.c:1772
[QTS:SCOPE] leave: idx=3
[QTS:SCOPE] pop: level=3
[QTS:EMIT] pos=280 op=183 @parser.c:1799
[QTS:EMIT] pos=281 u16=0x0003 (3) @parser.c:1772
[QTS:EMIT] pos=283 op=14 @parser.c:1799
[QTS:EMIT] pos=284 op=6 @parser.c:1799
[QTS:EMIT] pos=285 op=112 @parser.c:1799
[QTS:EMIT] pos=286 u32=0x00000002 (2) @parser.c:1777
[QTS:EMIT] pos=290 op=14 @parser.c:1799
[QTS:EMIT] pos=291 op=110 @parser.c:1799
[QTS:EMIT] pos=292 u32=0x00000003 (3) @parser.c:1777
[QTS:EMIT] pos=296 op=184 @parser.c:1799
[QTS:EMIT] pos=297 u32=0x00000001 (1) @parser.c:1777
[QTS:EMIT] pos=301 op=112 @parser.c:1799
[QTS:EMIT] pos=302 u32=0x00000002 (2) @parser.c:1777
[QTS:EMIT] pos=306 op=48 @parser.c:1799
[QTS:EMIT] pos=307 op=184 @parser.c:1799
[QTS:EMIT] pos=308 u32=0x00000002 (2) @parser.c:1777
[QTS:EMIT] pos=312 op=113 @parser.c:1799
[QTS:EMIT] pos=313 op=184 @parser.c:1799
[QTS:EMIT] pos=314 u32=0x00000003 (3) @parser.c:1777
[QTS:EMIT] pos=318 op=41 @parser.c:1799
[QTS:SCOPE] push: level=1 first_var=-1
[QTS:SCOPE] enter: idx=1 is_body=0
[QTS:EMIT] pos=0 op=182 @parser.c:1799
[QTS:EMIT] pos=1 u16=0x0001 (1) @parser.c:1772
[QTS:EMIT] pos=3 op=10 @parser.c:1799
[QTS:EMIT] pos=4 op=187 @parser.c:1799
[QTS:EMIT] pos=5 atom=801 @parser.c:1807
[QTS:EMIT] pos=9 u16=0x0001 (1) @parser.c:1772
[QTS:EMIT] pos=11 op=200 @parser.c:1786
[QTS:EMIT] pos=12 u32=0x000079e5 (31205) @parser.c:1788
[QTS:EMIT] pos=16 op=186 @parser.c:1799
[QTS:EMIT] pos=17 u32=0x00000206 (518) @parser.c:1777
[QTS:EMIT] pos=21 u16=0x0001 (1) @parser.c:1772
[QTS:EMIT] pos=16 op=189 @parser.c:1799
[QTS:EMIT] pos=17 atom=518 @parser.c:1807
[QTS:EMIT] pos=21 u32=0x00000000 (0) @parser.c:1777
[QTS:EMIT] pos=25 u16=0x0001 (1) @parser.c:1772
[QTS:ASSIGN] lvalue: opcode=61 scope=1 atom=518 label=0
[QTS:EMIT] pos=27 op=200 @parser.c:1786
[QTS:EMIT] pos=28 u32=0x000079ee (31214) @parser.c:1788
[QTS:EMIT] pos=32 op=186 @parser.c:1799
[QTS:EMIT] pos=33 u32=0x00000206 (518) @parser.c:1777
[QTS:EMIT] pos=37 u16=0x0001 (1) @parser.c:1772
[QTS:EMIT] pos=39 op=200 @parser.c:1786
[QTS:EMIT] pos=40 u32=0x000079f4 (31220) @parser.c:1788
[QTS:EMIT] pos=44 op=66 @parser.c:1799
[QTS:EMIT] pos=45 atom=66 @parser.c:1807
[QTS:EMIT] pos=49 op=184 @parser.c:1799
[QTS:EMIT] pos=50 u32=0x00000000 (0) @parser.c:1777
[QTS:EMIT] pos=54 op=22 @parser.c:1799
[QTS:EMIT] pos=55 op=62 @parser.c:1799
[QTS:EMIT] pos=56 op=14 @parser.c:1799
[QTS:EMIT] pos=57 op=200 @parser.c:1786
[QTS:EMIT] pos=58 u32=0x00007a04 (31236) @parser.c:1788
[QTS:EMIT] pos=62 op=186 @parser.c:1799
[QTS:EMIT] pos=63 u32=0x00000218 (536) @parser.c:1777
[QTS:EMIT] pos=67 u16=0x0001 (1) @parser.c:1772
[QTS:EMIT] pos=62 op=189 @parser.c:1799
[QTS:EMIT] pos=63 atom=536 @parser.c:1807
[QTS:EMIT] pos=67 u32=0x00000001 (1) @parser.c:1777
[QTS:EMIT] pos=71 u16=0x0001 (1) @parser.c:1772
[QTS:ASSIGN] lvalue: opcode=61 scope=1 atom=536 label=1
[QTS:EMIT] pos=73 op=200 @parser.c:1786
[QTS:EMIT] pos=74 u32=0x00007a10 (31248) @parser.c:1788
[QTS:EMIT] pos=78 op=186 @parser.c:1799
[QTS:EMIT] pos=79 u32=0x000001d9 (473) @parser.c:1777
[QTS:EMIT] pos=83 u16=0x0001 (1) @parser.c:1772
[QTS:EMIT] pos=85 op=200 @parser.c:1786
[QTS:EMIT] pos=86 u32=0x00007a12 (31250) @parser.c:1788
[QTS:EMIT] pos=90 op=66 @parser.c:1799
[QTS:EMIT] pos=91 atom=412 @parser.c:1807
[QTS:EMIT] pos=95 op=200 @parser.c:1786
[QTS:EMIT] pos=96 u32=0x00007a16 (31254) @parser.c:1788
[QTS:EMIT] pos=100 op=36 @parser.c:1799
[QTS:EMIT] pos=101 u16=0x0000 (0) @parser.c:1772
[QTS:EMIT] pos=103 op=200 @parser.c:1786
[QTS:EMIT] pos=104 u32=0x00007a1b (31259) @parser.c:1788
[QTS:EMIT] pos=108 op=186 @parser.c:1799
[QTS:EMIT] pos=109 u32=0x00000217 (535) @parser.c:1777
[QTS:EMIT] pos=113 u16=0x0001 (1) @parser.c:1772
[QTS:EMIT] pos=115 op=200 @parser.c:1786
[QTS:EMIT] pos=116 u32=0x00007a19 (31257) @parser.c:1788
[QTS:EMIT] pos=120 op=160 @parser.c:1799
[QTS:EMIT] pos=121 op=184 @parser.c:1799
[QTS:EMIT] pos=122 u32=0x00000001 (1) @parser.c:1777
[QTS:EMIT] pos=126 op=22 @parser.c:1799
[QTS:EMIT] pos=127 op=62 @parser.c:1799
[QTS:EMIT] pos=128 op=14 @parser.c:1799
[QTS:EMIT] pos=129 op=200 @parser.c:1786
[QTS:EMIT] pos=130 u32=0x00007a34 (31284) @parser.c:1788
[QTS:EMIT] pos=134 op=186 @parser.c:1799
[QTS:EMIT] pos=135 u32=0x000001d8 (472) @parser.c:1777
[QTS:EMIT] pos=139 u16=0x0001 (1) @parser.c:1772
[QTS:EMIT] pos=141 op=200 @parser.c:1786
[QTS:EMIT] pos=142 u32=0x00007a37 (31287) @parser.c:1788
[QTS:EMIT] pos=146 op=66 @parser.c:1799
[QTS:EMIT] pos=147 atom=595 @parser.c:1807
[QTS:EMIT] pos=151 op=200 @parser.c:1786
[QTS:EMIT] pos=152 u32=0x00007a3d (31293) @parser.c:1788
[QTS:EMIT] pos=156 op=186 @parser.c:1799
[QTS:EMIT] pos=157 u32=0x000001db (475) @parser.c:1777
[QTS:EMIT] pos=161 u16=0x0001 (1) @parser.c:1772
[QTS:EMIT] pos=163 op=200 @parser.c:1786
[QTS:EMIT] pos=164 u32=0x00007a44 (31300) @parser.c:1788
[QTS:EMIT] pos=168 op=186 @parser.c:1799
[QTS:EMIT] pos=169 u32=0x000001ff (511) @parser.c:1777
[QTS:EMIT] pos=173 u16=0x0001 (1) @parser.c:1772
[QTS:EMIT] pos=175 op=200 @parser.c:1786
[QTS:EMIT] pos=176 u32=0x00007a4a (31306) @parser.c:1788
[QTS:EMIT] pos=180 op=66 @parser.c:1799
[QTS:EMIT] pos=181 atom=518 @parser.c:1807
[QTS:EMIT] pos=185 op=200 @parser.c:1786
[QTS:EMIT] pos=186 u32=0x00007a43 (31299) @parser.c:1788
[QTS:EMIT] pos=190 op=72 @parser.c:1799
[QTS:EMIT] pos=191 op=200 @parser.c:1786
[QTS:EMIT] pos=192 u32=0x00007a3c (31292) @parser.c:1788
[QTS:EMIT] pos=196 op=36 @parser.c:1799
[QTS:EMIT] pos=197 u16=0x0001 (1) @parser.c:1772
[QTS:EMIT] pos=199 op=14 @parser.c:1799
[QTS:SCOPE] push: level=2 first_var=-1
[QTS:SCOPE] enter: idx=2 is_body=0
[QTS:EMIT] pos=200 op=182 @parser.c:1799
[QTS:EMIT] pos=201 u16=0x0002 (2) @parser.c:1772
[QTS:EMIT] pos=203 op=200 @parser.c:1786
[QTS:EMIT] pos=204 u32=0x00007a61 (31329) @parser.c:1788
[QTS:EMIT] pos=208 op=186 @parser.c:1799
[QTS:EMIT] pos=209 u32=0x000002f6 (758) @parser.c:1777
[QTS:EMIT] pos=213 u16=0x0002 (2) @parser.c:1772
[QTS:EMIT] pos=215 op=108 @parser.c:1799
[QTS:EMIT] pos=216 u32=0x00000002 (2) @parser.c:1777
[QTS:SCOPE] push: level=3 first_var=-1
[QTS:SCOPE] enter: idx=3 is_body=0
[QTS:EMIT] pos=220 op=182 @parser.c:1799
[QTS:EMIT] pos=221 u16=0x0003 (3) @parser.c:1772
[QTS:SCOPE] push: level=4 first_var=-1
[QTS:SCOPE] enter: idx=4 is_body=0
[QTS:EMIT] pos=223 op=182 @parser.c:1799
[QTS:EMIT] pos=224 u16=0x0004 (4) @parser.c:1772
[QTS:EMIT] pos=226 op=200 @parser.c:1786
[QTS:EMIT] pos=227 u32=0x00007a84 (31364) @parser.c:1788
[QTS:EMIT] pos=231 op=186 @parser.c:1799
[QTS:EMIT] pos=232 u32=0x00000206 (518) @parser.c:1777
[QTS:EMIT] pos=236 u16=0x0004 (4) @parser.c:1772
[QTS:EMIT] pos=238 op=153 @parser.c:1799
[QTS:EMIT] pos=239 op=4 @parser.c:1799
[QTS:EMIT] pos=240 u32=0x00000048 (72) @parser.c:1777
[QTS:EMIT] pos=244 op=200 @parser.c:1786
[QTS:EMIT] pos=245 u32=0x00007a8b (31371) @parser.c:1788
[QTS:EMIT] pos=249 op=171 @parser.c:1799
[QTS:EMIT] pos=250 op=17 @parser.c:1799
[QTS:EMIT] pos=251 op=108 @parser.c:1799
[QTS:EMIT] pos=252 u32=0x00000003 (3) @parser.c:1777
[QTS:EMIT] pos=256 op=14 @parser.c:1799
[QTS:EMIT] pos=257 op=200 @parser.c:1786
[QTS:EMIT] pos=258 u32=0x00007aaa (31402) @parser.c:1788
[QTS:EMIT] pos=262 op=186 @parser.c:1799
[QTS:EMIT] pos=263 u32=0x00000206 (518) @parser.c:1777
[QTS:EMIT] pos=267 u16=0x0004 (4) @parser.c:1772
[QTS:EMIT] pos=269 op=200 @parser.c:1786
[QTS:EMIT] pos=270 u32=0x00007ab5 (31413) @parser.c:1788
[QTS:EMIT] pos=274 op=186 @parser.c:1799
[QTS:EMIT] pos=275 u32=0x000000a5 (165) @parser.c:1777
[QTS:EMIT] pos=279 u16=0x0004 (4) @parser.c:1772
[QTS:EMIT] pos=281 op=200 @parser.c:1786
[QTS:EMIT] pos=282 u32=0x00007ab9 (31417) @parser.c:1788
[QTS:EMIT] pos=286 op=66 @parser.c:1799
[QTS:EMIT] pos=287 atom=692 @parser.c:1807
[QTS:EMIT] pos=291 op=200 @parser.c:1786
[QTS:EMIT] pos=292 u32=0x00007ac0 (31424) @parser.c:1788
[QTS:EMIT] pos=296 op=186 @parser.c:1799
[QTS:EMIT] pos=297 u32=0x00000206 (518) @parser.c:1777
[QTS:EMIT] pos=301 u16=0x0004 (4) @parser.c:1772
[QTS:EMIT] pos=303 op=200 @parser.c:1786
[QTS:EMIT] pos=304 u32=0x00007abf (31423) @parser.c:1788
[QTS:EMIT] pos=308 op=36 @parser.c:1799
[QTS:EMIT] pos=309 u16=0x0001 (1) @parser.c:1772
[QTS:EMIT] pos=311 op=200 @parser.c:1786
[QTS:EMIT] pos=312 u32=0x00007ab1 (31409) @parser.c:1788
[QTS:EMIT] pos=316 op=173 @parser.c:1799
[QTS:EMIT] pos=317 op=184 @parser.c:1799
[QTS:EMIT] pos=318 u32=0x00000003 (3) @parser.c:1777
[QTS:EMIT] pos=322 op=108 @parser.c:1799
[QTS:EMIT] pos=323 u32=0x00000004 (4) @parser.c:1777
[QTS:SCOPE] push: level=5 first_var=-1
[QTS:SCOPE] enter: idx=5 is_body=0
[QTS:EMIT] pos=327 op=182 @parser.c:1799
[QTS:EMIT] pos=328 u16=0x0005 (5) @parser.c:1772
[QTS:EMIT] pos=330 op=200 @parser.c:1786
[QTS:EMIT] pos=331 u32=0x00007adb (31451) @parser.c:1788
[QTS:EMIT] pos=335 op=186 @parser.c:1799
[QTS:EMIT] pos=336 u32=0x000001d8 (472) @parser.c:1777
[QTS:EMIT] pos=340 u16=0x0005 (5) @parser.c:1772
[QTS:EMIT] pos=342 op=200 @parser.c:1786
[QTS:EMIT] pos=343 u32=0x00007ade (31454) @parser.c:1788
[QTS:EMIT] pos=347 op=66 @parser.c:1799
[QTS:EMIT] pos=348 atom=595 @parser.c:1807
[QTS:EMIT] pos=352 op=200 @parser.c:1786
[QTS:EMIT] pos=353 u32=0x00007ae4 (31460) @parser.c:1788
[QTS:EMIT] pos=357 op=186 @parser.c:1799
[QTS:EMIT] pos=358 u32=0x000002f7 (759) @parser.c:1777
[QTS:EMIT] pos=362 u16=0x0005 (5) @parser.c:1772
[QTS:EMIT] pos=364 op=200 @parser.c:1786
[QTS:EMIT] pos=365 u32=0x00007af9 (31481) @parser.c:1788
[QTS:EMIT] pos=369 op=186 @parser.c:1799
[QTS:EMIT] pos=370 u32=0x00000206 (518) @parser.c:1777
[QTS:EMIT] pos=374 u16=0x0005 (5) @parser.c:1772
[QTS:EMIT] pos=376 op=200 @parser.c:1786
[QTS:EMIT] pos=377 u32=0x00007af8 (31480) @parser.c:1788
[QTS:EMIT] pos=381 op=34 @parser.c:1799
[QTS:EMIT] pos=382 u16=0x0001 (1) @parser.c:1772
[QTS:EMIT] pos=384 op=200 @parser.c:1786
[QTS:EMIT] pos=385 u32=0x00007ae3 (31459) @parser.c:1788
[QTS:EMIT] pos=389 op=36 @parser.c:1799
[QTS:EMIT] pos=390 u16=0x0001 (1) @parser.c:1772
[QTS:EMIT] pos=392 op=14 @parser.c:1799
[QTS:EMIT] pos=393 op=200 @parser.c:1786
[QTS:EMIT] pos=394 u32=0x00007b13 (31507) @parser.c:1788
[QTS:EMIT] pos=398 op=186 @parser.c:1799
[QTS:EMIT] pos=399 u32=0x00000321 (801) @parser.c:1777
[QTS:EMIT] pos=403 u16=0x0005 (5) @parser.c:1772
[QTS:EMIT] pos=398 op=189 @parser.c:1799
[QTS:EMIT] pos=399 atom=801 @parser.c:1807
[QTS:EMIT] pos=403 u32=0x00000005 (5) @parser.c:1777
[QTS:EMIT] pos=407 u16=0x0005 (5) @parser.c:1772
[QTS:ASSIGN] lvalue: opcode=61 scope=5 atom=801 label=5
[QTS:EMIT] pos=409 op=9 @parser.c:1799
[QTS:EMIT] pos=410 op=184 @parser.c:1799
[QTS:EMIT] pos=411 u32=0x00000005 (5) @parser.c:1777
[QTS:EMIT] pos=415 op=22 @parser.c:1799
[QTS:EMIT] pos=416 op=62 @parser.c:1799
[QTS:EMIT] pos=417 op=14 @parser.c:1799
[QTS:SCOPE] leave: idx=5
[QTS:SCOPE] pop: level=5
[QTS:EMIT] pos=418 op=183 @parser.c:1799
[QTS:EMIT] pos=419 u16=0x0005 (5) @parser.c:1772
[QTS:EMIT] pos=421 op=110 @parser.c:1799
[QTS:EMIT] pos=422 u32=0x00000006 (6) @parser.c:1777
[QTS:EMIT] pos=426 op=184 @parser.c:1799
[QTS:EMIT] pos=427 u32=0x00000004 (4) @parser.c:1777
[QTS:SCOPE] push: level=6 first_var=-1
[QTS:SCOPE] enter: idx=6 is_body=0
[QTS:EMIT] pos=431 op=182 @parser.c:1799
[QTS:EMIT] pos=432 u16=0x0006 (6) @parser.c:1772
[QTS:EMIT] pos=434 op=200 @parser.c:1786
[QTS:EMIT] pos=435 u32=0x00007b54 (31572) @parser.c:1788
[QTS:EMIT] pos=439 op=186 @parser.c:1799
[QTS:EMIT] pos=440 u32=0x00000206 (518) @parser.c:1777
[QTS:EMIT] pos=444 u16=0x0006 (6) @parser.c:1772
[QTS:EMIT] pos=446 op=153 @parser.c:1799
[QTS:EMIT] pos=447 op=4 @parser.c:1799
[QTS:EMIT] pos=448 u32=0x0000008e (142) @parser.c:1777
[QTS:EMIT] pos=452 op=200 @parser.c:1786
[QTS:EMIT] pos=453 u32=0x00007b5b (31579) @parser.c:1788
[QTS:EMIT] pos=457 op=171 @parser.c:1799
[QTS:EMIT] pos=458 op=108 @parser.c:1799
[QTS:EMIT] pos=459 u32=0x00000007 (7) @parser.c:1777
[QTS:SCOPE] push: level=7 first_var=-1
[QTS:SCOPE] enter: idx=7 is_body=0
[QTS:EMIT] pos=463 op=182 @parser.c:1799
[QTS:EMIT] pos=464 u16=0x0007 (7) @parser.c:1772
[QTS:EMIT] pos=466 op=200 @parser.c:1786
[QTS:EMIT] pos=467 u32=0x00007b7a (31610) @parser.c:1788
[QTS:EMIT] pos=471 op=186 @parser.c:1799
[QTS:EMIT] pos=472 u32=0x000001d8 (472) @parser.c:1777
[QTS:EMIT] pos=476 u16=0x0007 (7) @parser.c:1772
[QTS:EMIT] pos=478 op=200 @parser.c:1786
[QTS:EMIT] pos=479 u32=0x00007b7d (31613) @parser.c:1788
[QTS:EMIT] pos=483 op=66 @parser.c:1799
[QTS:EMIT] pos=484 atom=595 @parser.c:1807
[QTS:EMIT] pos=488 op=200 @parser.c:1786
[QTS:EMIT] pos=489 u32=0x00007b83 (31619) @parser.c:1788
[QTS:EMIT] pos=493 op=186 @parser.c:1799
[QTS:EMIT] pos=494 u32=0x000002f7 (759) @parser.c:1777
[QTS:EMIT] pos=498 u16=0x0007 (7) @parser.c:1772
[QTS:EMIT] pos=500 op=200 @parser.c:1786
[QTS:EMIT] pos=501 u32=0x00007b98 (31640) @parser.c:1788
[QTS:EMIT] pos=505 op=186 @parser.c:1799
[QTS:EMIT] pos=506 u32=0x00000206 (518) @parser.c:1777
[QTS:EMIT] pos=510 u16=0x0007 (7) @parser.c:1772
[QTS:EMIT] pos=512 op=200 @parser.c:1786
[QTS:EMIT] pos=513 u32=0x00007b97 (31639) @parser.c:1788
[QTS:EMIT] pos=517 op=34 @parser.c:1799
[QTS:EMIT] pos=518 u16=0x0001 (1) @parser.c:1772
[QTS:EMIT] pos=520 op=200 @parser.c:1786
[QTS:EMIT] pos=521 u32=0x00007b82 (31618) @parser.c:1788
[QTS:EMIT] pos=525 op=36 @parser.c:1799
[QTS:EMIT] pos=526 u16=0x0001 (1) @parser.c:1772
[QTS:EMIT] pos=528 op=14 @parser.c:1799
[QTS:EMIT] pos=529 op=200 @parser.c:1786
[QTS:EMIT] pos=530 u32=0x00007bb2 (31666) @parser.c:1788
[QTS:EMIT] pos=534 op=186 @parser.c:1799
[QTS:EMIT] pos=535 u32=0x000001d8 (472) @parser.c:1777
[QTS:EMIT] pos=539 u16=0x0007 (7) @parser.c:1772
[QTS:EMIT] pos=541 op=200 @parser.c:1786
[QTS:EMIT] pos=542 u32=0x00007bb5 (31669) @parser.c:1788
[QTS:EMIT] pos=546 op=66 @parser.c:1799
[QTS:EMIT] pos=547 atom=595 @parser.c:1807
[QTS:EMIT] pos=551 op=4 @parser.c:1799
[QTS:EMIT] pos=552 u32=0x00000255 (597) @parser.c:1777
[QTS:EMIT] pos=556 op=200 @parser.c:1786
[QTS:EMIT] pos=557 u32=0x00007bba (31674) @parser.c:1788
[QTS:EMIT] pos=561 op=36 @parser.c:1799
[QTS:EMIT] pos=562 u16=0x0001 (1) @parser.c:1772
[QTS:EMIT] pos=564 op=14 @parser.c:1799
[QTS:EMIT] pos=565 op=200 @parser.c:1786
[QTS:EMIT] pos=566 u32=0x00007bd1 (31697) @parser.c:1788
[QTS:EMIT] pos=570 op=186 @parser.c:1799
[QTS:EMIT] pos=571 u32=0x00000321 (801) @parser.c:1777
[QTS:EMIT] pos=575 u16=0x0007 (7) @parser.c:1772
[QTS:EMIT] pos=570 op=189 @parser.c:1799
[QTS:EMIT] pos=571 atom=801 @parser.c:1807
[QTS:EMIT] pos=575 u32=0x00000008 (8) @parser.c:1777
[QTS:EMIT] pos=579 u16=0x0007 (7) @parser.c:1772
[QTS:ASSIGN] lvalue: opcode=61 scope=7 atom=801 label=8
[QTS:EMIT] pos=581 op=9 @parser.c:1799
[QTS:EMIT] pos=582 op=184 @parser.c:1799
[QTS:EMIT] pos=583 u32=0x00000008 (8) @parser.c:1777
[QTS:EMIT] pos=587 op=22 @parser.c:1799
[QTS:EMIT] pos=588 op=62 @parser.c:1799
[QTS:EMIT] pos=589 op=14 @parser.c:1799
[QTS:SCOPE] leave: idx=7
[QTS:SCOPE] pop: level=7
[QTS:EMIT] pos=590 op=183 @parser.c:1799
[QTS:EMIT] pos=591 u16=0x0007 (7) @parser.c:1772
[QTS:EMIT] pos=593 op=184 @parser.c:1799
[QTS:EMIT] pos=594 u32=0x00000007 (7) @parser.c:1777
[QTS:SCOPE] leave: idx=6
[QTS:SCOPE] pop: level=6
[QTS:EMIT] pos=598 op=183 @parser.c:1799
[QTS:EMIT] pos=599 u16=0x0006 (6) @parser.c:1772
[QTS:EMIT] pos=601 op=184 @parser.c:1799
[QTS:EMIT] pos=602 u32=0x00000006 (6) @parser.c:1777
[QTS:SCOPE] leave: idx=4
[QTS:SCOPE] pop: level=4
[QTS:EMIT] pos=606 op=183 @parser.c:1799
[QTS:EMIT] pos=607 u16=0x0004 (4) @parser.c:1772
[QTS:SCOPE] leave: idx=3
[QTS:SCOPE] pop: level=3
[QTS:EMIT] pos=609 op=183 @parser.c:1799
[QTS:EMIT] pos=610 u16=0x0003 (3) @parser.c:1772
[QTS:EMIT] pos=612 op=184 @parser.c:1799
[QTS:EMIT] pos=613 u32=0x00000002 (2) @parser.c:1777
[QTS:SCOPE] leave: idx=2
[QTS:SCOPE] pop: level=2
[QTS:EMIT] pos=617 op=183 @parser.c:1799
[QTS:EMIT] pos=618 u16=0x0002 (2) @parser.c:1772
[QTS:SCOPE] push: level=8 first_var=-1
[QTS:SCOPE] enter: idx=8 is_body=0
[QTS:EMIT] pos=620 op=182 @parser.c:1799
[QTS:EMIT] pos=621 u16=0x0008 (8) @parser.c:1772
[QTS:EMIT] pos=623 op=200 @parser.c:1786
[QTS:EMIT] pos=624 u32=0x00007c0c (31756) @parser.c:1788
[QTS:EMIT] pos=628 op=186 @parser.c:1799
[QTS:EMIT] pos=629 u32=0x00000321 (801) @parser.c:1777
[QTS:EMIT] pos=633 u16=0x0008 (8) @parser.c:1772
[QTS:EMIT] pos=635 op=108 @parser.c:1799
[QTS:EMIT] pos=636 u32=0x00000009 (9) @parser.c:1777
[QTS:SCOPE] push: level=9 first_var=-1
[QTS:SCOPE] enter: idx=9 is_body=0
[QTS:EMIT] pos=640 op=182 @parser.c:1799
[QTS:EMIT] pos=641 u16=0x0009 (9) @parser.c:1772
[QTS:EMIT] pos=643 op=200 @parser.c:1786
[QTS:EMIT] pos=644 u32=0x00007c29 (31785) @parser.c:1788
[QTS:EMIT] pos=648 op=186 @parser.c:1799
[QTS:EMIT] pos=649 u32=0x000001d8 (472) @parser.c:1777
[QTS:EMIT] pos=653 u16=0x0009 (9) @parser.c:1772
[QTS:EMIT] pos=655 op=200 @parser.c:1786
[QTS:EMIT] pos=656 u32=0x00007c2c (31788) @parser.c:1788
[QTS:EMIT] pos=660 op=66 @parser.c:1799
[QTS:EMIT] pos=661 atom=802 @parser.c:1807
[QTS:EMIT] pos=665 op=200 @parser.c:1786
[QTS:EMIT] pos=666 u32=0x00007c3b (31803) @parser.c:1788
[QTS:EMIT] pos=670 op=186 @parser.c:1799
[QTS:EMIT] pos=671 u32=0x00000206 (518) @parser.c:1777
[QTS:EMIT] pos=675 u16=0x0009 (9) @parser.c:1772
[QTS:EMIT] pos=677 op=200 @parser.c:1786
[QTS:EMIT] pos=678 u32=0x00007c3a (31802) @parser.c:1788
[QTS:EMIT] pos=682 op=36 @parser.c:1799
[QTS:EMIT] pos=683 u16=0x0001 (1) @parser.c:1772
[QTS:EMIT] pos=685 op=14 @parser.c:1799
[QTS:SCOPE] leave: idx=9
[QTS:SCOPE] pop: level=9
[QTS:EMIT] pos=686 op=183 @parser.c:1799
[QTS:EMIT] pos=687 u16=0x0009 (9) @parser.c:1772
[QTS:EMIT] pos=689 op=184 @parser.c:1799
[QTS:EMIT] pos=690 u32=0x00000009 (9) @parser.c:1777
[QTS:SCOPE] leave: idx=8
[QTS:SCOPE] pop: level=8
[QTS:EMIT] pos=694 op=183 @parser.c:1799
[QTS:EMIT] pos=695 u16=0x0008 (8) @parser.c:1772
[QTS:EMIT] pos=697 op=200 @parser.c:1786
[QTS:EMIT] pos=698 u32=0x00007c56 (31830) @parser.c:1788
[QTS:EMIT] pos=702 op=186 @parser.c:1799
[QTS:EMIT] pos=703 u32=0x000001d8 (472) @parser.c:1777
[QTS:EMIT] pos=707 u16=0x0001 (1) @parser.c:1772
[QTS:EMIT] pos=709 op=200 @parser.c:1786
[QTS:EMIT] pos=710 u32=0x00007c59 (31833) @parser.c:1788
[QTS:EMIT] pos=714 op=66 @parser.c:1799
[QTS:EMIT] pos=715 atom=595 @parser.c:1807
[QTS:EMIT] pos=719 op=4 @parser.c:1799
[QTS:EMIT] pos=720 u32=0x0000025a (602) @parser.c:1777
[QTS:EMIT] pos=724 op=200 @parser.c:1786
[QTS:EMIT] pos=725 u32=0x00007c5e (31838) @parser.c:1788
[QTS:EMIT] pos=729 op=36 @parser.c:1799
[QTS:EMIT] pos=730 u16=0x0001 (1) @parser.c:1772
[QTS:EMIT] pos=732 op=14 @parser.c:1799
[QTS:EMIT] pos=733 op=200 @parser.c:1786
[QTS:EMIT] pos=734 u32=0x00007c6e (31854) @parser.c:1788
[QTS:EMIT] pos=738 op=186 @parser.c:1799
[QTS:EMIT] pos=739 u32=0x000001d8 (472) @parser.c:1777
[QTS:EMIT] pos=743 u16=0x0001 (1) @parser.c:1772
[QTS:EMIT] pos=745 op=200 @parser.c:1786
[QTS:EMIT] pos=746 u32=0x00007c71 (31857) @parser.c:1788
[QTS:EMIT] pos=750 op=66 @parser.c:1799
[QTS:EMIT] pos=751 atom=595 @parser.c:1807
[QTS:EMIT] pos=755 op=200 @parser.c:1786
[QTS:EMIT] pos=756 u32=0x00007c77 (31863) @parser.c:1788
[QTS:EMIT] pos=760 op=186 @parser.c:1799
[QTS:EMIT] pos=761 u32=0x000001db (475) @parser.c:1777
[QTS:EMIT] pos=765 u16=0x0001 (1) @parser.c:1772
[QTS:EMIT] pos=767 op=200 @parser.c:1786
[QTS:EMIT] pos=768 u32=0x00007c7d (31869) @parser.c:1788
[QTS:EMIT] pos=772 op=66 @parser.c:1799
[QTS:EMIT] pos=773 atom=476 @parser.c:1807
[QTS:EMIT] pos=777 op=200 @parser.c:1786
[QTS:EMIT] pos=778 u32=0x00007c76 (31862) @parser.c:1788
[QTS:EMIT] pos=782 op=36 @parser.c:1799
[QTS:EMIT] pos=783 u16=0x0001 (1) @parser.c:1772
[QTS:EMIT] pos=785 op=14 @parser.c:1799
[QTS:EMIT] pos=786 op=200 @parser.c:1786
[QTS:EMIT] pos=787 u32=0x00007caf (31919) @parser.c:1788
[QTS:EMIT] pos=791 op=186 @parser.c:1799
[QTS:EMIT] pos=792 u32=0x000001da (474) @parser.c:1777
[QTS:EMIT] pos=796 u16=0x0001 (1) @parser.c:1772
[QTS:EMIT] pos=798 op=200 @parser.c:1786
[QTS:EMIT] pos=799 u32=0x00007cb0 (31920) @parser.c:1788
[QTS:EMIT] pos=803 op=66 @parser.c:1799
[QTS:EMIT] pos=804 atom=577 @parser.c:1807
[QTS:ASSIGN] lvalue: opcode=66 scope=0 atom=577 label=-1
[QTS:EMIT] pos=803 op=200 @parser.c:1786
[QTS:EMIT] pos=804 u32=0x00007cb5 (31925) @parser.c:1788
[QTS:EMIT] pos=808 op=186 @parser.c:1799
[QTS:EMIT] pos=809 u32=0x00000206 (518) @parser.c:1777
[QTS:EMIT] pos=813 u16=0x0001 (1) @parser.c:1772
[QTS:EMIT] pos=815 op=21 @parser.c:1799
[QTS:EMIT] pos=816 op=68 @parser.c:1799
[QTS:EMIT] pos=817 u32=0x00000241 (577) @parser.c:1777
[QTS:EMIT] pos=821 op=14 @parser.c:1799
[QTS:EMIT] pos=822 op=200 @parser.c:1786
[QTS:EMIT] pos=823 u32=0x00007cc5 (31941) @parser.c:1788
[QTS:EMIT] pos=827 op=186 @parser.c:1799
[QTS:EMIT] pos=828 u32=0x00000323 (803) @parser.c:1777
[QTS:EMIT] pos=832 u16=0x0001 (1) @parser.c:1772
[QTS:EMIT] pos=834 op=200 @parser.c:1786
[QTS:EMIT] pos=835 u32=0x00007cd3 (31955) @parser.c:1788
[QTS:EMIT] pos=839 op=34 @parser.c:1799
[QTS:EMIT] pos=840 u16=0x0000 (0) @parser.c:1772
[QTS:EMIT] pos=842 op=14 @parser.c:1799
[QTS:EMIT] pos=843 op=41 @parser.c:1799
[QTS:SCOPE] push: level=1 first_var=-1
[QTS:SCOPE] enter: idx=1 is_body=0
[QTS:EMIT] pos=0 op=182 @parser.c:1799
[QTS:EMIT] pos=1 u16=0x0001 (1) @parser.c:1772
[QTS:EMIT] pos=3 op=200 @parser.c:1786
[QTS:EMIT] pos=4 u32=0x00007d0c (32012) @parser.c:1788
[QTS:EMIT] pos=8 op=186 @parser.c:1799
[QTS:EMIT] pos=9 u32=0x000001d8 (472) @parser.c:1777
[QTS:EMIT] pos=13 u16=0x0001 (1) @parser.c:1772
[QTS:EMIT] pos=15 op=200 @parser.c:1786
[QTS:EMIT] pos=16 u32=0x00007d0f (32015) @parser.c:1788
[QTS:EMIT] pos=20 op=66 @parser.c:1799
[QTS:EMIT] pos=21 atom=595 @parser.c:1807
[QTS:EMIT] pos=25 op=200 @parser.c:1786
[QTS:EMIT] pos=26 u32=0x00007d15 (32021) @parser.c:1788
[QTS:EMIT] pos=30 op=186 @parser.c:1799
[QTS:EMIT] pos=31 u32=0x000001db (475) @parser.c:1777
[QTS:EMIT] pos=35 u16=0x0001 (1) @parser.c:1772
[QTS:EMIT] pos=37 op=200 @parser.c:1786
[QTS:EMIT] pos=38 u32=0x00007d1c (32028) @parser.c:1788
[QTS:EMIT] pos=42 op=186 @parser.c:1799
[QTS:EMIT] pos=43 u32=0x000001ff (511) @parser.c:1777
[QTS:EMIT] pos=47 u16=0x0001 (1) @parser.c:1772
[QTS:EMIT] pos=49 op=200 @parser.c:1786
[QTS:EMIT] pos=50 u32=0x00007d22 (32034) @parser.c:1788
[QTS:EMIT] pos=54 op=66 @parser.c:1799
[QTS:EMIT] pos=55 atom=519 @parser.c:1807
[QTS:EMIT] pos=59 op=200 @parser.c:1786
[QTS:EMIT] pos=60 u32=0x00007d1b (32027) @parser.c:1788
[QTS:EMIT] pos=64 op=72 @parser.c:1799
[QTS:EMIT] pos=65 op=200 @parser.c:1786
[QTS:EMIT] pos=66 u32=0x00007d14 (32020) @parser.c:1788
[QTS:EMIT] pos=70 op=36 @parser.c:1799
[QTS:EMIT] pos=71 u16=0x0001 (1) @parser.c:1772
[QTS:EMIT] pos=73 op=14 @parser.c:1799
[QTS:SCOPE] push: level=2 first_var=-1
[QTS:SCOPE] enter: idx=2 is_body=0
[QTS:EMIT] pos=74 op=182 @parser.c:1799
[QTS:EMIT] pos=75 u16=0x0002 (2) @parser.c:1772
[QTS:EMIT] pos=77 op=200 @parser.c:1786
[QTS:EMIT] pos=78 u32=0x00007d3e (32062) @parser.c:1788
[QTS:EMIT] pos=82 op=186 @parser.c:1799
[QTS:EMIT] pos=83 u32=0x00000205 (517) @parser.c:1777
[QTS:EMIT] pos=87 u16=0x0002 (2) @parser.c:1772
[QTS:EMIT] pos=89 op=200 @parser.c:1786
[QTS:EMIT] pos=90 u32=0x00007d4f (32079) @parser.c:1788
[QTS:EMIT] pos=94 op=186 @parser.c:1799
[QTS:EMIT] pos=95 u32=0x0000009f (159) @parser.c:1777
[QTS:EMIT] pos=99 u16=0x0002 (2) @parser.c:1772
[QTS:EMIT] pos=101 op=200 @parser.c:1786
[QTS:EMIT] pos=102 u32=0x00007d44 (32068) @parser.c:1788
[QTS:EMIT] pos=106 op=169 @parser.c:1799
[QTS:EMIT] pos=107 op=152 @parser.c:1799
[QTS:EMIT] pos=108 op=108 @parser.c:1799
[QTS:EMIT] pos=109 u32=0x00000000 (0) @parser.c:1777
[QTS:EMIT] pos=113 op=200 @parser.c:1786
[QTS:EMIT] pos=114 u32=0x00007d63 (32099) @parser.c:1788
[QTS:EMIT] pos=118 op=186 @parser.c:1799
[QTS:EMIT] pos=119 u32=0x000001d8 (472) @parser.c:1777
[QTS:EMIT] pos=123 u16=0x0002 (2) @parser.c:1772
[QTS:EMIT] pos=125 op=200 @parser.c:1786
[QTS:EMIT] pos=126 u32=0x00007d66 (32102) @parser.c:1788
[QTS:EMIT] pos=130 op=66 @parser.c:1799
[QTS:EMIT] pos=131 atom=595 @parser.c:1807
[QTS:EMIT] pos=135 op=4 @parser.c:1799
[QTS:EMIT] pos=136 u32=0x00000324 (804) @parser.c:1777
[QTS:EMIT] pos=140 op=200 @parser.c:1786
[QTS:EMIT] pos=141 u32=0x00007d6b (32107) @parser.c:1788
[QTS:EMIT] pos=145 op=36 @parser.c:1799
[QTS:EMIT] pos=146 u16=0x0001 (1) @parser.c:1772
[QTS:EMIT] pos=148 op=14 @parser.c:1799
[QTS:EMIT] pos=149 op=184 @parser.c:1799
[QTS:EMIT] pos=150 u32=0x00000000 (0) @parser.c:1777
[QTS:SCOPE] leave: idx=2
[QTS:SCOPE] pop: level=2
[QTS:EMIT] pos=154 op=183 @parser.c:1799
[QTS:EMIT] pos=155 u16=0x0002 (2) @parser.c:1772
[QTS:EMIT] pos=157 op=200 @parser.c:1786
[QTS:EMIT] pos=158 u32=0x00007d80 (32128) @parser.c:1788
[QTS:EMIT] pos=162 op=186 @parser.c:1799
[QTS:EMIT] pos=163 u32=0x000001d8 (472) @parser.c:1777
[QTS:EMIT] pos=167 u16=0x0001 (1) @parser.c:1772
[QTS:EMIT] pos=169 op=200 @parser.c:1786
[QTS:EMIT] pos=170 u32=0x00007d83 (32131) @parser.c:1788
[QTS:EMIT] pos=174 op=66 @parser.c:1799
[QTS:EMIT] pos=175 atom=802 @parser.c:1807
[QTS:EMIT] pos=179 op=200 @parser.c:1786
[QTS:EMIT] pos=180 u32=0x00007d92 (32146) @parser.c:1788
[QTS:EMIT] pos=184 op=186 @parser.c:1799
[QTS:EMIT] pos=185 u32=0x00000205 (517) @parser.c:1777
[QTS:EMIT] pos=189 u16=0x0001 (1) @parser.c:1772
[QTS:EMIT] pos=191 op=200 @parser.c:1786
[QTS:EMIT] pos=192 u32=0x00007d91 (32145) @parser.c:1788
[QTS:EMIT] pos=196 op=36 @parser.c:1799
[QTS:EMIT] pos=197 u16=0x0001 (1) @parser.c:1772
[QTS:EMIT] pos=199 op=14 @parser.c:1799
[QTS:EMIT] pos=200 op=200 @parser.c:1786
[QTS:EMIT] pos=201 u32=0x00007da2 (32162) @parser.c:1788
[QTS:EMIT] pos=205 op=186 @parser.c:1799
[QTS:EMIT] pos=206 u32=0x000001d8 (472) @parser.c:1777
[QTS:EMIT] pos=210 u16=0x0001 (1) @parser.c:1772
[QTS:EMIT] pos=212 op=200 @parser.c:1786
[QTS:EMIT] pos=213 u32=0x00007da5 (32165) @parser.c:1788
[QTS:EMIT] pos=217 op=66 @parser.c:1799
[QTS:EMIT] pos=218 atom=595 @parser.c:1807
[QTS:EMIT] pos=222 op=4 @parser.c:1799
[QTS:EMIT] pos=223 u32=0x0000025a (602) @parser.c:1777
[QTS:EMIT] pos=227 op=200 @parser.c:1786
[QTS:EMIT] pos=228 u32=0x00007daa (32170) @parser.c:1788
[QTS:EMIT] pos=232 op=36 @parser.c:1799
[QTS:EMIT] pos=233 u16=0x0001 (1) @parser.c:1772
[QTS:EMIT] pos=235 op=14 @parser.c:1799
[QTS:EMIT] pos=236 op=200 @parser.c:1786
[QTS:EMIT] pos=237 u32=0x00007dba (32186) @parser.c:1788
[QTS:EMIT] pos=241 op=186 @parser.c:1799
[QTS:EMIT] pos=242 u32=0x000001d8 (472) @parser.c:1777
[QTS:EMIT] pos=246 u16=0x0001 (1) @parser.c:1772
[QTS:EMIT] pos=248 op=200 @parser.c:1786
[QTS:EMIT] pos=249 u32=0x00007dbd (32189) @parser.c:1788
[QTS:EMIT] pos=253 op=66 @parser.c:1799
[QTS:EMIT] pos=254 atom=595 @parser.c:1807
[QTS:EMIT] pos=258 op=200 @parser.c:1786
[QTS:EMIT] pos=259 u32=0x00007dc3 (32195) @parser.c:1788
[QTS:EMIT] pos=263 op=186 @parser.c:1799
[QTS:EMIT] pos=264 u32=0x000001db (475) @parser.c:1777
[QTS:EMIT] pos=268 u16=0x0001 (1) @parser.c:1772
[QTS:EMIT] pos=270 op=200 @parser.c:1786
[QTS:EMIT] pos=271 u32=0x00007dc9 (32201) @parser.c:1788
[QTS:EMIT] pos=275 op=66 @parser.c:1799
[QTS:EMIT] pos=276 atom=476 @parser.c:1807
[QTS:EMIT] pos=280 op=200 @parser.c:1786
[QTS:EMIT] pos=281 u32=0x00007dc2 (32194) @parser.c:1788
[QTS:EMIT] pos=285 op=36 @parser.c:1799
[QTS:EMIT] pos=286 u16=0x0001 (1) @parser.c:1772
[QTS:EMIT] pos=288 op=14 @parser.c:1799
[QTS:EMIT] pos=289 op=200 @parser.c:1786
[QTS:EMIT] pos=290 u32=0x00007dd9 (32217) @parser.c:1788
[QTS:EMIT] pos=294 op=186 @parser.c:1799
[QTS:EMIT] pos=295 u32=0x00000323 (803) @parser.c:1777
[QTS:EMIT] pos=299 u16=0x0001 (1) @parser.c:1772
[QTS:EMIT] pos=301 op=200 @parser.c:1786
[QTS:EMIT] pos=302 u32=0x00007de7 (32231) @parser.c:1788
[QTS:EMIT] pos=306 op=34 @parser.c:1799
[QTS:EMIT] pos=307 u16=0x0000 (0) @parser.c:1772
[QTS:EMIT] pos=309 op=14 @parser.c:1799
[QTS:EMIT] pos=310 op=41 @parser.c:1799
[QTS:SCOPE] push: level=1 first_var=-1
[QTS:SCOPE] enter: idx=1 is_body=0
[QTS:EMIT] pos=0 op=182 @parser.c:1799
[QTS:EMIT] pos=1 u16=0x0001 (1) @parser.c:1772
[QTS:EMIT] pos=3 op=200 @parser.c:1786
[QTS:EMIT] pos=4 u32=0x00007e19 (32281) @parser.c:1788
[QTS:EMIT] pos=8 op=186 @parser.c:1799
[QTS:EMIT] pos=9 u32=0x0000021a (538) @parser.c:1777
[QTS:EMIT] pos=13 u16=0x0001 (1) @parser.c:1772
[QTS:EMIT] pos=8 op=189 @parser.c:1799
[QTS:EMIT] pos=9 atom=538 @parser.c:1807
[QTS:EMIT] pos=13 u32=0x00000000 (0) @parser.c:1777
[QTS:EMIT] pos=17 u16=0x0001 (1) @parser.c:1772
[QTS:ASSIGN] lvalue: opcode=61 scope=1 atom=538 label=0
[QTS:EMIT] pos=19 op=1 @parser.c:1799
[QTS:EMIT] pos=20 u32=0x00000000 (0) @parser.c:1777
[QTS:EMIT] pos=24 op=184 @parser.c:1799
[QTS:EMIT] pos=25 u32=0x00000000 (0) @parser.c:1777
[QTS:EMIT] pos=29 op=22 @parser.c:1799
[QTS:EMIT] pos=30 op=62 @parser.c:1799
[QTS:EMIT] pos=31 op=14 @parser.c:1799
[QTS:EMIT] pos=32 op=200 @parser.c:1786
[QTS:EMIT] pos=33 u32=0x00007e67 (32359) @parser.c:1788
[QTS:EMIT] pos=37 op=186 @parser.c:1799
[QTS:EMIT] pos=38 u32=0x000001d8 (472) @parser.c:1777
[QTS:EMIT] pos=42 u16=0x0001 (1) @parser.c:1772
[QTS:EMIT] pos=44 op=200 @parser.c:1786
[QTS:EMIT] pos=45 u32=0x00007e6a (32362) @parser.c:1788
[QTS:EMIT] pos=49 op=66 @parser.c:1799
[QTS:EMIT] pos=50 atom=805 @parser.c:1807
[QTS:EMIT] pos=54 op=200 @parser.c:1786
[QTS:EMIT] pos=55 u32=0x00007e6d (32365) @parser.c:1788
[QTS:EMIT] pos=59 op=36 @parser.c:1799
[QTS:EMIT] pos=60 u16=0x0000 (0) @parser.c:1772
[QTS:EMIT] pos=62 op=14 @parser.c:1799
[QTS:EMIT] pos=63 op=200 @parser.c:1786
[QTS:EMIT] pos=64 u32=0x00007e79 (32377) @parser.c:1788
[QTS:EMIT] pos=68 op=186 @parser.c:1799
[QTS:EMIT] pos=69 u32=0x00000318 (792) @parser.c:1777
[QTS:EMIT] pos=73 u16=0x0001 (1) @parser.c:1772
[QTS:EMIT] pos=75 op=200 @parser.c:1786
[QTS:EMIT] pos=76 u32=0x00007e8b (32395) @parser.c:1788
[QTS:EMIT] pos=80 op=34 @parser.c:1799
[QTS:EMIT] pos=81 u16=0x0000 (0) @parser.c:1772
[QTS:EMIT] pos=83 op=14 @parser.c:1799
[QTS:EMIT] pos=84 op=41 @parser.c:1799
[QTS:SCOPE] push: level=1 first_var=-1
[QTS:SCOPE] enter: idx=1 is_body=0
[QTS:EMIT] pos=0 op=182 @parser.c:1799
[QTS:EMIT] pos=1 u16=0x0001 (1) @parser.c:1772
[QTS:EMIT] pos=3 op=200 @parser.c:1786
[QTS:EMIT] pos=4 u32=0x00007ed2 (32466) @parser.c:1788
[QTS:EMIT] pos=8 op=186 @parser.c:1799
[QTS:EMIT] pos=9 u32=0x00000244 (580) @parser.c:1777
[QTS:EMIT] pos=13 u16=0x0001 (1) @parser.c:1772
[QTS:EMIT] pos=15 op=200 @parser.c:1786
[QTS:EMIT] pos=16 u32=0x00007ed5 (32469) @parser.c:1788
[QTS:EMIT] pos=20 op=66 @parser.c:1799
[QTS:EMIT] pos=21 atom=48 @parser.c:1807
[QTS:EMIT] pos=25 op=187 @parser.c:1799
[QTS:EMIT] pos=26 atom=597 @parser.c:1807
[QTS:EMIT] pos=30 u16=0x0001 (1) @parser.c:1772
[QTS:EMIT] pos=32 op=4 @parser.c:1799
[QTS:EMIT] pos=33 u32=0x0000002f (47) @parser.c:1777
[QTS:EMIT] pos=37 op=187 @parser.c:1799
[QTS:EMIT] pos=38 atom=806 @parser.c:1807
[QTS:EMIT] pos=42 u16=0x0001 (1) @parser.c:1772
[QTS:EMIT] pos=44 op=1 @parser.c:1799
[QTS:EMIT] pos=45 u32=0x00000000 (0) @parser.c:1777
[QTS:EMIT] pos=49 op=187 @parser.c:1799
[QTS:EMIT] pos=50 atom=538 @parser.c:1807
[QTS:EMIT] pos=54 u16=0x0001 (1) @parser.c:1772
[QTS:EMIT] pos=56 op=1 @parser.c:1799
[QTS:EMIT] pos=57 u32=0x00000001 (1) @parser.c:1777
[QTS:EMIT] pos=61 op=187 @parser.c:1799
[QTS:EMIT] pos=62 atom=808 @parser.c:1807
[QTS:EMIT] pos=66 u16=0x0001 (1) @parser.c:1772
[QTS:EMIT] pos=68 op=38 @parser.c:1799
[QTS:EMIT] pos=69 u16=0x0000 (0) @parser.c:1772
[QTS:EMIT] pos=71 op=187 @parser.c:1799
[QTS:EMIT] pos=72 atom=674 @parser.c:1807
[QTS:EMIT] pos=76 u16=0x0001 (1) @parser.c:1772
[QTS:SCOPE] push: level=1 first_var=-1
[QTS:SCOPE] enter: idx=1 is_body=0
[QTS:EMIT] pos=0 op=182 @parser.c:1799
[QTS:EMIT] pos=1 u16=0x0001 (1) @parser.c:1772
[QTS:EMIT] pos=3 op=200 @parser.c:1786
[QTS:EMIT] pos=4 u32=0x00007f61 (32609) @parser.c:1788
[QTS:EMIT] pos=8 op=186 @parser.c:1799
[QTS:EMIT] pos=9 u32=0x00000326 (806) @parser.c:1777
[QTS:EMIT] pos=13 u16=0x0001 (1) @parser.c:1772
[QTS:EMIT] pos=8 op=189 @parser.c:1799
[QTS:EMIT] pos=9 atom=806 @parser.c:1807
[QTS:EMIT] pos=13 u32=0x00000000 (0) @parser.c:1777
[QTS:EMIT] pos=17 u16=0x0001 (1) @parser.c:1772
[QTS:EMIT] pos=19 op=61 @parser.c:1799
[QTS:ASSIGN] lvalue: opcode=61 scope=1 atom=806 label=0
[QTS:EMIT] pos=20 op=200 @parser.c:1786
[QTS:EMIT] pos=21 u32=0x00007f6a (32618) @parser.c:1788
[QTS:EMIT] pos=25 op=186 @parser.c:1799
[QTS:EMIT] pos=26 u32=0x00000238 (568) @parser.c:1777
[QTS:EMIT] pos=30 u16=0x0001 (1) @parser.c:1772
[QTS:ASSIGN] compound: tok=59 op=159
[QTS:EMIT] pos=32 op=200 @parser.c:1786
[QTS:EMIT] pos=33 u32=0x00007f67 (32615) @parser.c:1788
[QTS:EMIT] pos=37 op=159 @parser.c:1799
[QTS:EMIT] pos=38 op=184 @parser.c:1799
[QTS:EMIT] pos=39 u32=0x00000000 (0) @parser.c:1777
[QTS:EMIT] pos=43 op=22 @parser.c:1799
[QTS:EMIT] pos=44 op=62 @parser.c:1799
[QTS:EMIT] pos=45 op=14 @parser.c:1799
[QTS:EMIT] pos=46 op=41 @parser.c:1799
[QTS:SCOPE] push: level=1 first_var=-1
[QTS:SCOPE] enter: idx=1 is_body=0
[QTS:EMIT] pos=0 op=182 @parser.c:1799
[QTS:EMIT] pos=1 u16=0x0001 (1) @parser.c:1772
[QTS:EMIT] pos=3 op=200 @parser.c:1786
[QTS:EMIT] pos=4 u32=0x00007f97 (32663) @parser.c:1788
[QTS:EMIT] pos=8 op=186 @parser.c:1799
[QTS:EMIT] pos=9 u32=0x00000326 (806) @parser.c:1777
[QTS:EMIT] pos=13 u16=0x0001 (1) @parser.c:1772
[QTS:EMIT] pos=15 op=200 @parser.c:1786
[QTS:EMIT] pos=16 u32=0x00007f9c (32668) @parser.c:1788
[QTS:EMIT] pos=20 op=66 @parser.c:1799
[QTS:EMIT] pos=21 atom=326 @parser.c:1807
[QTS:EMIT] pos=25 op=200 @parser.c:1786
[QTS:EMIT] pos=26 u32=0x00007fa7 (32679) @parser.c:1788
[QTS:EMIT] pos=30 op=186 @parser.c:1799
[QTS:EMIT] pos=31 u32=0x00000326 (806) @parser.c:1777
[QTS:EMIT] pos=35 u16=0x0001 (1) @parser.c:1772
[QTS:EMIT] pos=37 op=200 @parser.c:1786
[QTS:EMIT] pos=38 u32=0x00007fac (32684) @parser.c:1788
[QTS:EMIT] pos=42 op=66 @parser.c:1799
[QTS:EMIT] pos=43 atom=48 @parser.c:1807
[QTS:EMIT] pos=47 op=1 @parser.c:1799
[QTS:EMIT] pos=48 u32=0x00000001 (1) @parser.c:1777
[QTS:EMIT] pos=52 op=200 @parser.c:1786
[QTS:EMIT] pos=53 u32=0x00007fb4 (32692) @parser.c:1788
[QTS:EMIT] pos=57 op=160 @parser.c:1799
[QTS:EMIT] pos=58 op=200 @parser.c:1786
[QTS:EMIT] pos=59 u32=0x00007fa6 (32678) @parser.c:1788
[QTS:EMIT] pos=63 op=36 @parser.c:1799
[QTS:EMIT] pos=64 u16=0x0001 (1) @parser.c:1772
[QTS:EMIT] pos=66 op=200 @parser.c:1786
[QTS:EMIT] pos=67 u32=0x00007f90 (32656) @parser.c:1788
[QTS:EMIT] pos=71 op=40 @parser.c:1799
[QTS:SCOPE] push: level=1 first_var=-1
[QTS:SCOPE] enter: idx=1 is_body=0
[QTS:EMIT] pos=0 op=182 @parser.c:1799
[QTS:EMIT] pos=1 u16=0x0001 (1) @parser.c:1772
[QTS:EMIT] pos=3 op=200 @parser.c:1786
[QTS:EMIT] pos=4 u32=0x00007ff0 (32752) @parser.c:1788
[QTS:EMIT] pos=8 op=186 @parser.c:1799
[QTS:EMIT] pos=9 u32=0x0000032a (810) @parser.c:1777
[QTS:EMIT] pos=13 u16=0x0001 (1) @parser.c:1772
[QTS:EMIT] pos=15 op=200 @parser.c:1786
[QTS:EMIT] pos=16 u32=0x00007ffa (32762) @parser.c:1788
[QTS:EMIT] pos=20 op=34 @parser.c:1799
[QTS:EMIT] pos=21 u16=0x0000 (0) @parser.c:1772
[QTS:EMIT] pos=23 op=187 @parser.c:1799
[QTS:EMIT] pos=24 atom=568 @parser.c:1807
[QTS:EMIT] pos=28 u16=0x0001 (1) @parser.c:1772
[QTS:EMIT] pos=30 op=200 @parser.c:1786
[QTS:EMIT] pos=31 u32=0x0000800a (32778) @parser.c:1788
[QTS:EMIT] pos=35 op=186 @parser.c:1799
[QTS:EMIT] pos=36 u32=0x00000326 (806) @parser.c:1777
[QTS:EMIT] pos=40 u16=0x0001 (1) @parser.c:1772
[QTS:EMIT] pos=35 op=189 @parser.c:1799
[QTS:EMIT] pos=36 atom=806 @parser.c:1807
[QTS:EMIT] pos=40 u32=0x00000000 (0) @parser.c:1777
[QTS:EMIT] pos=44 u16=0x0001 (1) @parser.c:1772
[QTS:ASSIGN] lvalue: opcode=61 scope=1 atom=806 label=0
[QTS:EMIT] pos=46 op=200 @parser.c:1786
[QTS:EMIT] pos=47 u32=0x00008012 (32786) @parser.c:1788
[QTS:EMIT] pos=51 op=186 @parser.c:1799
[QTS:EMIT] pos=52 u32=0x00000326 (806) @parser.c:1777
[QTS:EMIT] pos=56 u16=0x0001 (1) @parser.c:1772
[QTS:EMIT] pos=58 op=200 @parser.c:1786
[QTS:EMIT] pos=59 u32=0x00008017 (32791) @parser.c:1788
[QTS:EMIT] pos=63 op=66 @parser.c:1799
[QTS:EMIT] pos=64 atom=326 @parser.c:1807
[QTS:EMIT] pos=68 op=1 @parser.c:1799
[QTS:EMIT] pos=69 u32=0x00000000 (0) @parser.c:1777
[QTS:EMIT] pos=73 op=200 @parser.c:1786
[QTS:EMIT] pos=74 u32=0x00008025 (32805) @parser.c:1788
[QTS:EMIT] pos=78 op=186 @parser.c:1799
[QTS:EMIT] pos=79 u32=0x00000326 (806) @parser.c:1777
[QTS:EMIT] pos=83 u16=0x0001 (1) @parser.c:1772
[QTS:EMIT] pos=85 op=200 @parser.c:1786
[QTS:EMIT] pos=86 u32=0x0000802a (32810) @parser.c:1788
[QTS:EMIT] pos=90 op=66 @parser.c:1799
[QTS:EMIT] pos=91 atom=48 @parser.c:1807
[QTS:EMIT] pos=95 op=1 @parser.c:1799
[QTS:EMIT] pos=96 u32=0x00000001 (1) @parser.c:1777
[QTS:EMIT] pos=100 op=200 @parser.c:1786
[QTS:EMIT] pos=101 u32=0x00008032 (32818) @parser.c:1788
[QTS:EMIT] pos=105 op=160 @parser.c:1799
[QTS:EMIT] pos=106 op=200 @parser.c:1786
[QTS:EMIT] pos=107 u32=0x00008021 (32801) @parser.c:1788
[QTS:EMIT] pos=111 op=36 @parser.c:1799
[QTS:EMIT] pos=112 u16=0x0002 (2) @parser.c:1772
[QTS:EMIT] pos=114 op=184 @parser.c:1799
[QTS:EMIT] pos=115 u32=0x00000000 (0) @parser.c:1777
[QTS:EMIT] pos=119 op=22 @parser.c:1799
[QTS:EMIT] pos=120 op=62 @parser.c:1799
[QTS:EMIT] pos=121 op=14 @parser.c:1799
[QTS:EMIT] pos=122 op=200 @parser.c:1786
[QTS:EMIT] pos=123 u32=0x0000804b (32843) @parser.c:1788
[QTS:EMIT] pos=127 op=186 @parser.c:1799
[QTS:EMIT] pos=128 u32=0x00000238 (568) @parser.c:1777
[QTS:EMIT] pos=132 u16=0x0001 (1) @parser.c:1772
[QTS:EMIT] pos=134 op=200 @parser.c:1786
[QTS:EMIT] pos=135 u32=0x00008044 (32836) @parser.c:1788
[QTS:EMIT] pos=139 op=40 @parser.c:1799
[QTS:SCOPE] push: level=1 first_var=-1
[QTS:SCOPE] enter: idx=1 is_body=0
[QTS:EMIT] pos=0 op=182 @parser.c:1799
[QTS:EMIT] pos=1 u16=0x0001 (1) @parser.c:1772
[QTS:EMIT] pos=3 op=200 @parser.c:1786
[QTS:EMIT] pos=4 u32=0x0000808d (32909) @parser.c:1788
[QTS:EMIT] pos=8 op=186 @parser.c:1799
[QTS:EMIT] pos=9 u32=0x00000252 (594) @parser.c:1777
[QTS:EMIT] pos=13 u16=0x0001 (1) @parser.c:1772
[QTS:EMIT] pos=8 op=189 @parser.c:1799
[QTS:EMIT] pos=9 atom=594 @parser.c:1807
[QTS:EMIT] pos=13 u32=0x00000000 (0) @parser.c:1777
[QTS:EMIT] pos=17 u16=0x0001 (1) @parser.c:1772
[QTS:ASSIGN] lvalue: opcode=61 scope=1 atom=594 label=0
[QTS:EMIT] pos=19 op=4 @parser.c:1799
[QTS:EMIT] pos=20 u32=0x00000200 (512) @parser.c:1777
[QTS:EMIT] pos=24 op=184 @parser.c:1799
[QTS:EMIT] pos=25 u32=0x00000000 (0) @parser.c:1777
[QTS:EMIT] pos=29 op=22 @parser.c:1799
[QTS:EMIT] pos=30 op=62 @parser.c:1799
[QTS:EMIT] pos=31 op=14 @parser.c:1799
[QTS:EMIT] pos=32 op=200 @parser.c:1786
[QTS:EMIT] pos=33 u32=0x000080ac (32940) @parser.c:1788
[QTS:EMIT] pos=37 op=186 @parser.c:1799
[QTS:EMIT] pos=38 u32=0x00000329 (809) @parser.c:1777
[QTS:EMIT] pos=42 u16=0x0001 (1) @parser.c:1772
[QTS:EMIT] pos=44 op=4 @parser.c:1799
[QTS:EMIT] pos=45 u32=0x0000029f (671) @parser.c:1777
[QTS:EMIT] pos=49 op=200 @parser.c:1786
[QTS:EMIT] pos=50 u32=0x000080b6 (32950) @parser.c:1788
[QTS:EMIT] pos=54 op=34 @parser.c:1799
[QTS:EMIT] pos=55 u16=0x0001 (1) @parser.c:1772
[QTS:EMIT] pos=57 op=14 @parser.c:1799
[QTS:SCOPE] push: level=2 first_var=-1
[QTS:SCOPE] enter: idx=2 is_body=0
[QTS:EMIT] pos=58 op=182 @parser.c:1799
[QTS:EMIT] pos=59 u16=0x0002 (2) @parser.c:1772
[QTS:EMIT] pos=61 op=200 @parser.c:1786
[QTS:EMIT] pos=62 u32=0x000080ce (32974) @parser.c:1788
[QTS:EMIT] pos=66 op=186 @parser.c:1799
[QTS:EMIT] pos=67 u32=0x00000236 (566) @parser.c:1777
[QTS:EMIT] pos=71 u16=0x0002 (2) @parser.c:1772
[QTS:EMIT] pos=66 op=189 @parser.c:1799
[QTS:EMIT] pos=67 atom=566 @parser.c:1807
[QTS:EMIT] pos=71 u32=0x00000001 (1) @parser.c:1777
[QTS:EMIT] pos=75 u16=0x0002 (2) @parser.c:1772
[QTS:EMIT] pos=77 op=61 @parser.c:1799
[QTS:EMIT] pos=78 op=200 @parser.c:1786
[QTS:EMIT] pos=79 u32=0x000080cf (32975) @parser.c:1788
[QTS:EMIT] pos=83 op=147 @parser.c:1799
[QTS:EMIT] pos=84 op=184 @parser.c:1799
[QTS:EMIT] pos=85 u32=0x00000001 (1) @parser.c:1777
[QTS:EMIT] pos=89 op=25 @parser.c:1799
[QTS:EMIT] pos=90 op=62 @parser.c:1799
[QTS:EMIT] pos=91 op=14 @parser.c:1799
[QTS:EMIT] pos=92 op=183 @parser.c:1799
[QTS:EMIT] pos=93 u16=0x0002 (2) @parser.c:1772
[QTS:EMIT] pos=95 op=184 @parser.c:1799
[QTS:EMIT] pos=96 u32=0x00000002 (2) @parser.c:1777
[QTS:EMIT] pos=100 op=200 @parser.c:1786
[QTS:EMIT] pos=101 u32=0x000080d3 (32979) @parser.c:1788
[QTS:EMIT] pos=105 op=186 @parser.c:1799
[QTS:EMIT] pos=106 u32=0x00000236 (566) @parser.c:1777
[QTS:EMIT] pos=110 u16=0x0002 (2) @parser.c:1772
[QTS:EMIT] pos=112 op=200 @parser.c:1786
[QTS:EMIT] pos=113 u32=0x000080d7 (32983) @parser.c:1788
[QTS:EMIT] pos=117 op=186 @parser.c:1799
[QTS:EMIT] pos=118 u32=0x00000255 (597) @parser.c:1777
[QTS:EMIT] pos=122 u16=0x0002 (2) @parser.c:1772
[QTS:EMIT] pos=124 op=1 @parser.c:1799
[QTS:EMIT] pos=125 u32=0x00000001 (1) @parser.c:1777
[QTS:EMIT] pos=129 op=200 @parser.c:1786
[QTS:EMIT] pos=130 u32=0x000080d9 (32985) @parser.c:1788
[QTS:EMIT] pos=134 op=160 @parser.c:1799
[QTS:EMIT] pos=135 op=200 @parser.c:1786
[QTS:EMIT] pos=136 u32=0x000080d5 (32981) @parser.c:1788
[QTS:EMIT] pos=140 op=165 @parser.c:1799
[QTS:EMIT] pos=141 op=108 @parser.c:1799
[QTS:EMIT] pos=142 u32=0x00000005 (5) @parser.c:1777
[QTS:EMIT] pos=146 op=110 @parser.c:1799
[QTS:EMIT] pos=147 u32=0x00000004 (4) @parser.c:1777
[QTS:EMIT] pos=151 op=184 @parser.c:1799
[QTS:EMIT] pos=152 u32=0x00000003 (3) @parser.c:1777
[QTS:EMIT] pos=156 op=200 @parser.c:1786
[QTS:EMIT] pos=157 u32=0x000080de (32990) @parser.c:1788
[QTS:EMIT] pos=161 op=186 @parser.c:1799
[QTS:EMIT] pos=162 u32=0x00000236 (566) @parser.c:1777
[QTS:EMIT] pos=166 u16=0x0002 (2) @parser.c:1772
[QTS:EMIT] pos=161 op=189 @parser.c:1799
[QTS:EMIT] pos=162 atom=566 @parser.c:1807
[QTS:EMIT] pos=166 u32=0x00000006 (6) @parser.c:1777
[QTS:EMIT] pos=170 u16=0x0002 (2) @parser.c:1772
[QTS:EMIT] pos=172 op=61 @parser.c:1799
[QTS:EMIT] pos=173 op=200 @parser.c:1786
[QTS:EMIT] pos=174 u32=0x000080df (32991) @parser.c:1788
[QTS:EMIT] pos=178 op=147 @parser.c:1799
[QTS:EMIT] pos=179 op=184 @parser.c:1799
[QTS:EMIT] pos=180 u32=0x00000006 (6) @parser.c:1777
[QTS:EMIT] pos=184 op=25 @parser.c:1799
[QTS:EMIT] pos=185 op=62 @parser.c:1799
[QTS:EMIT] pos=186 op=14 @parser.c:1799
[QTS:EMIT] pos=187 op=110 @parser.c:1799
[QTS:EMIT] pos=188 u32=0x00000002 (2) @parser.c:1777
[QTS:EMIT] pos=192 op=184 @parser.c:1799
[QTS:EMIT] pos=193 u32=0x00000004 (4) @parser.c:1777
[QTS:SCOPE] push: level=3 first_var=-1
[QTS:SCOPE] enter: idx=3 is_body=0
[QTS:EMIT] pos=197 op=182 @parser.c:1799
[QTS:EMIT] pos=198 u16=0x0003 (3) @parser.c:1772
[QTS:SCOPE] push: level=4 first_var=-1
[QTS:SCOPE] enter: idx=4 is_body=0
[QTS:EMIT] pos=200 op=182 @parser.c:1799
[QTS:EMIT] pos=201 u16=0x0004 (4) @parser.c:1772
[QTS:EMIT] pos=203 op=200 @parser.c:1786
[QTS:EMIT] pos=204 u32=0x000080f9 (33017) @parser.c:1788
[QTS:EMIT] pos=208 op=186 @parser.c:1799
[QTS:EMIT] pos=209 u32=0x00000244 (580) @parser.c:1777
[QTS:EMIT] pos=213 u16=0x0004 (4) @parser.c:1772
[QTS:EMIT] pos=215 op=200 @parser.c:1786
[QTS:EMIT] pos=216 u32=0x000080fd (33021) @parser.c:1788
[QTS:EMIT] pos=220 op=186 @parser.c:1799
[QTS:EMIT] pos=221 u32=0x00000236 (566) @parser.c:1777
[QTS:EMIT] pos=225 u16=0x0004 (4) @parser.c:1772
[QTS:EMIT] pos=227 op=200 @parser.c:1786
[QTS:EMIT] pos=228 u32=0x000080fc (33020) @parser.c:1788
[QTS:EMIT] pos=232 op=72 @parser.c:1799
[QTS:EMIT] pos=233 op=4 @parser.c:1799
[QTS:EMIT] pos=234 u32=0x0000007f (127) @parser.c:1777
[QTS:EMIT] pos=238 op=200 @parser.c:1786
[QTS:EMIT] pos=239 u32=0x00008100 (33024) @parser.c:1788
[QTS:EMIT] pos=243 op=171 @parser.c:1799
[QTS:EMIT] pos=244 op=17 @parser.c:1799
[QTS:EMIT] pos=245 op=108 @parser.c:1799
[QTS:EMIT] pos=246 u32=0x00000007 (7) @parser.c:1777
[QTS:EMIT] pos=250 op=14 @parser.c:1799
[QTS:EMIT] pos=251 op=200 @parser.c:1786
[QTS:EMIT] pos=252 u32=0x0000810a (33034) @parser.c:1788
[QTS:EMIT] pos=256 op=186 @parser.c:1799
[QTS:EMIT] pos=257 u32=0x00000244 (580) @parser.c:1777
[QTS:EMIT] pos=261 u16=0x0004 (4) @parser.c:1772
[QTS:EMIT] pos=263 op=200 @parser.c:1786
[QTS:EMIT] pos=264 u32=0x0000810e (33038) @parser.c:1788
[QTS:EMIT] pos=268 op=186 @parser.c:1799
[QTS:EMIT] pos=269 u32=0x00000236 (566) @parser.c:1777
[QTS:EMIT] pos=273 u16=0x0004 (4) @parser.c:1772
[QTS:EMIT] pos=275 op=1 @parser.c:1799
[QTS:EMIT] pos=276 u32=0x00000001 (1) @parser.c:1777
[QTS:EMIT] pos=280 op=200 @parser.c:1786
[QTS:EMIT] pos=281 u32=0x00008110 (33040) @parser.c:1788
[QTS:EMIT] pos=285 op=159 @parser.c:1799
[QTS:EMIT] pos=286 op=200 @parser.c:1786
[QTS:EMIT] pos=287 u32=0x0000810d (33037) @parser.c:1788
[QTS:EMIT] pos=291 op=72 @parser.c:1799
[QTS:EMIT] pos=292 op=4 @parser.c:1799
[QTS:EMIT] pos=293 u32=0x0000029f (671) @parser.c:1777
[QTS:EMIT] pos=297 op=200 @parser.c:1786
[QTS:EMIT] pos=298 u32=0x00008115 (33045) @parser.c:1788
[QTS:EMIT] pos=302 op=171 @parser.c:1799
[QTS:EMIT] pos=303 op=184 @parser.c:1799
[QTS:EMIT] pos=304 u32=0x00000007 (7) @parser.c:1777
[QTS:EMIT] pos=308 op=108 @parser.c:1799
[QTS:EMIT] pos=309 u32=0x00000008 (8) @parser.c:1777
[QTS:SCOPE] push: level=5 first_var=-1
[QTS:SCOPE] enter: idx=5 is_body=0
[QTS:EMIT] pos=313 op=182 @parser.c:1799
[QTS:EMIT] pos=314 u16=0x0005 (5) @parser.c:1772
[QTS:EMIT] pos=316 op=200 @parser.c:1786
[QTS:EMIT] pos=317 u32=0x00008133 (33075) @parser.c:1788
[QTS:EMIT] pos=321 op=186 @parser.c:1799
[QTS:EMIT] pos=322 u32=0x00000236 (566) @parser.c:1777
[QTS:EMIT] pos=326 u16=0x0005 (5) @parser.c:1772
[QTS:EMIT] pos=321 op=189 @parser.c:1799
[QTS:EMIT] pos=322 atom=566 @parser.c:1807
[QTS:EMIT] pos=326 u32=0x00000009 (9) @parser.c:1777
[QTS:EMIT] pos=330 u16=0x0005 (5) @parser.c:1772
[QTS:EMIT] pos=332 op=61 @parser.c:1799
[QTS:ASSIGN] lvalue: opcode=61 scope=5 atom=566 label=9
[QTS:EMIT] pos=333 op=1 @parser.c:1799
[QTS:EMIT] pos=334 u32=0x00000002 (2) @parser.c:1777
[QTS:ASSIGN] compound: tok=59 op=159
[QTS:EMIT] pos=338 op=200 @parser.c:1786
[QTS:EMIT] pos=339 u32=0x00008135 (33077) @parser.c:1788
[QTS:EMIT] pos=343 op=159 @parser.c:1799
[QTS:EMIT] pos=344 op=184 @parser.c:1799
[QTS:EMIT] pos=345 u32=0x00000009 (9) @parser.c:1777
[QTS:EMIT] pos=349 op=22 @parser.c:1799
[QTS:EMIT] pos=350 op=62 @parser.c:1799
[QTS:EMIT] pos=351 op=14 @parser.c:1799
[QTS:EMIT] pos=352 op=200 @parser.c:1786
[QTS:EMIT] pos=353 u32=0x0000814f (33103) @parser.c:1788
[QTS:EMIT] pos=357 op=186 @parser.c:1799
[QTS:EMIT] pos=358 u32=0x0000032b (811) @parser.c:1777
[QTS:EMIT] pos=362 u16=0x0005 (5) @parser.c:1772
[QTS:EMIT] pos=364 op=4 @parser.c:1799
[QTS:EMIT] pos=365 u32=0x0000029f (671) @parser.c:1777
[QTS:EMIT] pos=369 op=200 @parser.c:1786
[QTS:EMIT] pos=370 u32=0x00008158 (33112) @parser.c:1788
[QTS:EMIT] pos=374 op=34 @parser.c:1799
[QTS:EMIT] pos=375 u16=0x0001 (1) @parser.c:1772
[QTS:EMIT] pos=377 op=14 @parser.c:1799
[QTS:EMIT] pos=378 op=183 @parser.c:1799
[QTS:EMIT] pos=379 u16=0x0005 (5) @parser.c:1772
[QTS:EMIT] pos=381 op=183 @parser.c:1799
[QTS:EMIT] pos=382 u16=0x0004 (4) @parser.c:1772
[QTS:EMIT] pos=384 op=183 @parser.c:1799
[QTS:EMIT] pos=385 u16=0x0003 (3) @parser.c:1772
[QTS:EMIT] pos=387 op=110 @parser.c:1799
[QTS:EMIT] pos=388 u32=0x00000005 (5) @parser.c:1777
[QTS:SCOPE] leave: idx=5
[QTS:SCOPE] pop: level=5
[QTS:EMIT] pos=392 op=183 @parser.c:1799
[QTS:EMIT] pos=393 u16=0x0005 (5) @parser.c:1772
[QTS:EMIT] pos=395 op=184 @parser.c:1799
[QTS:EMIT] pos=396 u32=0x00000008 (8) @parser.c:1777
[QTS:SCOPE] leave: idx=4
[QTS:SCOPE] pop: level=4
[QTS:EMIT] pos=400 op=183 @parser.c:1799
[QTS:EMIT] pos=401 u16=0x0004 (4) @parser.c:1772
[QTS:SCOPE] leave: idx=3
[QTS:SCOPE] pop: level=3
[QTS:EMIT] pos=403 op=183 @parser.c:1799
[QTS:EMIT] pos=404 u16=0x0003 (3) @parser.c:1772
[QTS:EMIT] pos=406 op=183 @parser.c:1799
[QTS:EMIT] pos=407 u16=0x0002 (2) @parser.c:1772
[QTS:EMIT] pos=450 op=184 @parser.c:1799
[QTS:EMIT] pos=451 u32=0x00000005 (5) @parser.c:1777
[QTS:SCOPE] leave: idx=2
[QTS:SCOPE] pop: level=2
[QTS:EMIT] pos=455 op=183 @parser.c:1799
[QTS:EMIT] pos=456 u16=0x0002 (2) @parser.c:1772
[QTS:EMIT] pos=458 op=41 @parser.c:1799
[QTS:SCOPE] push: level=1 first_var=-1
[QTS:SCOPE] enter: idx=1 is_body=0
[QTS:EMIT] pos=0 op=182 @parser.c:1799
[QTS:EMIT] pos=1 u16=0x0001 (1) @parser.c:1772
[QTS:EMIT] pos=3 op=200 @parser.c:1786
[QTS:EMIT] pos=4 u32=0x000081d8 (33240) @parser.c:1788
[QTS:EMIT] pos=8 op=186 @parser.c:1799
[QTS:EMIT] pos=9 u32=0x00000252 (594) @parser.c:1777
[QTS:EMIT] pos=13 u16=0x0001 (1) @parser.c:1772
[QTS:EMIT] pos=8 op=189 @parser.c:1799
[QTS:EMIT] pos=9 atom=594 @parser.c:1807
[QTS:EMIT] pos=13 u32=0x00000000 (0) @parser.c:1777
[QTS:EMIT] pos=17 u16=0x0001 (1) @parser.c:1772
[QTS:ASSIGN] lvalue: opcode=61 scope=1 atom=594 label=0
[QTS:EMIT] pos=19 op=4 @parser.c:1799
[QTS:EMIT] pos=20 u32=0x00000200 (512) @parser.c:1777
[QTS:EMIT] pos=24 op=184 @parser.c:1799
[QTS:EMIT] pos=25 u32=0x00000000 (0) @parser.c:1777
[QTS:EMIT] pos=29 op=22 @parser.c:1799
[QTS:EMIT] pos=30 op=62 @parser.c:1799
[QTS:EMIT] pos=31 op=14 @parser.c:1799
[QTS:SCOPE] push: level=2 first_var=-1
[QTS:SCOPE] enter: idx=2 is_body=0
[QTS:EMIT] pos=32 op=182 @parser.c:1799
[QTS:EMIT] pos=33 u16=0x0002 (2) @parser.c:1772
[QTS:EMIT] pos=35 op=200 @parser.c:1786
[QTS:EMIT] pos=36 u32=0x000081fc (33276) @parser.c:1788
[QTS:EMIT] pos=40 op=186 @parser.c:1799
[QTS:EMIT] pos=41 u32=0x00000236 (566) @parser.c:1777
[QTS:EMIT] pos=45 u16=0x0002 (2) @parser.c:1772
[QTS:EMIT] pos=40 op=189 @parser.c:1799
[QTS:EMIT] pos=41 atom=566 @parser.c:1807
[QTS:EMIT] pos=45 u32=0x00000001 (1) @parser.c:1777
[QTS:EMIT] pos=49 u16=0x0002 (2) @parser.c:1772
[QTS:EMIT] pos=51 op=61 @parser.c:1799
[QTS:EMIT] pos=52 op=200 @parser.c:1786
[QTS:EMIT] pos=53 u32=0x000081fd (33277) @parser.c:1788
[QTS:EMIT] pos=57 op=147 @parser.c:1799
[QTS:EMIT] pos=58 op=184 @parser.c:1799
[QTS:EMIT] pos=59 u32=0x00000001 (1) @parser.c:1777
[QTS:EMIT] pos=63 op=25 @parser.c:1799
[QTS:EMIT] pos=64 op=62 @parser.c:1799
[QTS:EMIT] pos=65 op=14 @parser.c:1799
[QTS:EMIT] pos=66 op=183 @parser.c:1799
[QTS:EMIT] pos=67 u16=0x0002 (2) @parser.c:1772
[QTS:EMIT] pos=69 op=184 @parser.c:1799
[QTS:EMIT] pos=70 u32=0x00000002 (2) @parser.c:1777
[QTS:EMIT] pos=74 op=200 @parser.c:1786
[QTS:EMIT] pos=75 u32=0x00008201 (33281) @parser.c:1788
[QTS:EMIT] pos=79 op=186 @parser.c:1799
[QTS:EMIT] pos=80 u32=0x00000236 (566) @parser.c:1777
[QTS:EMIT] pos=84 u16=0x0002 (2) @parser.c:1772
[QTS:EMIT] pos=86 op=200 @parser.c:1786
[QTS:EMIT] pos=87 u32=0x00008205 (33285) @parser.c:1788
[QTS:EMIT] pos=91 op=186 @parser.c:1799
[QTS:EMIT] pos=92 u32=0x00000255 (597) @parser.c:1777
[QTS:EMIT] pos=96 u16=0x0002 (2) @parser.c:1772
[QTS:EMIT] pos=98 op=200 @parser.c:1786
[QTS:EMIT] pos=99 u32=0x00008203 (33283) @parser.c:1788
[QTS:EMIT] pos=103 op=165 @parser.c:1799
[QTS:EMIT] pos=104 op=108 @parser.c:1799
[QTS:EMIT] pos=105 u32=0x00000005 (5) @parser.c:1777
[QTS:EMIT] pos=109 op=110 @parser.c:1799
[QTS:EMIT] pos=110 u32=0x00000004 (4) @parser.c:1777
[QTS:EMIT] pos=114 op=184 @parser.c:1799
[QTS:EMIT] pos=115 u32=0x00000003 (3) @parser.c:1777
[QTS:EMIT] pos=119 op=200 @parser.c:1786
[QTS:EMIT] pos=120 u32=0x00008208 (33288) @parser.c:1788
[QTS:EMIT] pos=124 op=186 @parser.c:1799
[QTS:EMIT] pos=125 u32=0x00000236 (566) @parser.c:1777
[QTS:EMIT] pos=129 u16=0x0002 (2) @parser.c:1772
[QTS:EMIT] pos=124 op=189 @parser.c:1799
[QTS:EMIT] pos=125 atom=566 @parser.c:1807
[QTS:EMIT] pos=129 u32=0x00000006 (6) @parser.c:1777
[QTS:EMIT] pos=133 u16=0x0002 (2) @parser.c:1772
[QTS:EMIT] pos=135 op=61 @parser.c:1799
[QTS:EMIT] pos=136 op=200 @parser.c:1786
[QTS:EMIT] pos=137 u32=0x00008209 (33289) @parser.c:1788
[QTS:EMIT] pos=141 op=147 @parser.c:1799
[QTS:EMIT] pos=142 op=184 @parser.c:1799
[QTS:EMIT] pos=143 u32=0x00000006 (6) @parser.c:1777
[QTS:EMIT] pos=147 op=25 @parser.c:1799
[QTS:EMIT] pos=148 op=62 @parser.c:1799
[QTS:EMIT] pos=149 op=14 @parser.c:1799
[QTS:EMIT] pos=150 op=110 @parser.c:1799
[QTS:EMIT] pos=151 u32=0x00000002 (2) @parser.c:1777
[QTS:EMIT] pos=155 op=184 @parser.c:1799
[QTS:EMIT] pos=156 u32=0x00000004 (4) @parser.c:1777
[QTS:SCOPE] push: level=3 first_var=-1
[QTS:SCOPE] enter: idx=3 is_body=0
[QTS:EMIT] pos=160 op=182 @parser.c:1799
[QTS:EMIT] pos=161 u16=0x0003 (3) @parser.c:1772
[QTS:SCOPE] push: level=4 first_var=-1
[QTS:SCOPE] enter: idx=4 is_body=0
[QTS:EMIT] pos=163 op=182 @parser.c:1799
[QTS:EMIT] pos=164 u16=0x0004 (4) @parser.c:1772
[QTS:EMIT] pos=166 op=200 @parser.c:1786
[QTS:EMIT] pos=167 u32=0x00008223 (33315) @parser.c:1788
[QTS:EMIT] pos=171 op=186 @parser.c:1799
[QTS:EMIT] pos=172 u32=0x00000244 (580) @parser.c:1777
[QTS:EMIT] pos=176 u16=0x0004 (4) @parser.c:1772
[QTS:EMIT] pos=178 op=200 @parser.c:1786
[QTS:EMIT] pos=179 u32=0x00008227 (33319) @parser.c:1788
[QTS:EMIT] pos=183 op=186 @parser.c:1799
[QTS:EMIT] pos=184 u32=0x00000236 (566) @parser.c:1777
[QTS:EMIT] pos=188 u16=0x0004 (4) @parser.c:1772
[QTS:EMIT] pos=190 op=200 @parser.c:1786
[QTS:EMIT] pos=191 u32=0x00008226 (33318) @parser.c:1788
[QTS:EMIT] pos=195 op=72 @parser.c:1799
[QTS:EMIT] pos=196 op=4 @parser.c:1799
[QTS:EMIT] pos=197 u32=0x0000025a (602) @parser.c:1777
[QTS:EMIT] pos=201 op=200 @parser.c:1786
[QTS:EMIT] pos=202 u32=0x0000822a (33322) @parser.c:1788
[QTS:EMIT] pos=206 op=171 @parser.c:1799
[QTS:EMIT] pos=207 op=108 @parser.c:1799
[QTS:EMIT] pos=208 u32=0x00000007 (7) @parser.c:1777
[QTS:SCOPE] push: level=5 first_var=-1
[QTS:SCOPE] enter: idx=5 is_body=0
[QTS:EMIT] pos=212 op=182 @parser.c:1799
[QTS:EMIT] pos=213 u16=0x0005 (5) @parser.c:1772
[QTS:EMIT] pos=215 op=183 @parser.c:1799
[QTS:EMIT] pos=216 u16=0x0005 (5) @parser.c:1772
[QTS:EMIT] pos=218 op=183 @parser.c:1799
[QTS:EMIT] pos=219 u16=0x0004 (4) @parser.c:1772
[QTS:EMIT] pos=221 op=183 @parser.c:1799
[QTS:EMIT] pos=222 u16=0x0003 (3) @parser.c:1772
[QTS:EMIT] pos=224 op=110 @parser.c:1799
[QTS:EMIT] pos=225 u32=0x00000005 (5) @parser.c:1777
[QTS:SCOPE] leave: idx=5
[QTS:SCOPE] pop: level=5
[QTS:EMIT] pos=229 op=183 @parser.c:1799
[QTS:EMIT] pos=230 u16=0x0005 (5) @parser.c:1772
[QTS:EMIT] pos=232 op=184 @parser.c:1799
[QTS:EMIT] pos=233 u32=0x00000007 (7) @parser.c:1777
[QTS:SCOPE] leave: idx=4
[QTS:SCOPE] pop: level=4
[QTS:EMIT] pos=237 op=183 @parser.c:1799
[QTS:EMIT] pos=238 u16=0x0004 (4) @parser.c:1772
[QTS:SCOPE] leave: idx=3
[QTS:SCOPE] pop: level=3
[QTS:EMIT] pos=240 op=183 @parser.c:1799
[QTS:EMIT] pos=241 u16=0x0003 (3) @parser.c:1772
[QTS:EMIT] pos=243 op=183 @parser.c:1799
[QTS:EMIT] pos=244 u16=0x0002 (2) @parser.c:1772
[QTS:EMIT] pos=287 op=184 @parser.c:1799
[QTS:EMIT] pos=288 u32=0x00000005 (5) @parser.c:1777
[QTS:SCOPE] leave: idx=2
[QTS:SCOPE] pop: level=2
[QTS:EMIT] pos=292 op=183 @parser.c:1799
[QTS:EMIT] pos=293 u16=0x0002 (2) @parser.c:1772
[QTS:EMIT] pos=295 op=41 @parser.c:1799
[QTS:SCOPE] push: level=1 first_var=-1
[QTS:SCOPE] enter: idx=1 is_body=0
[QTS:EMIT] pos=0 op=182 @parser.c:1799
[QTS:EMIT] pos=1 u16=0x0001 (1) @parser.c:1772
[QTS:EMIT] pos=3 op=200 @parser.c:1786
[QTS:EMIT] pos=4 u32=0x000082ad (33453) @parser.c:1788
[QTS:EMIT] pos=8 op=186 @parser.c:1799
[QTS:EMIT] pos=9 u32=0x00000252 (594) @parser.c:1777
[QTS:EMIT] pos=13 u16=0x0001 (1) @parser.c:1772
[QTS:EMIT] pos=8 op=189 @parser.c:1799
[QTS:EMIT] pos=9 atom=594 @parser.c:1807
[QTS:EMIT] pos=13 u32=0x00000000 (0) @parser.c:1777
[QTS:EMIT] pos=17 u16=0x0001 (1) @parser.c:1772
[QTS:ASSIGN] lvalue: opcode=61 scope=1 atom=594 label=0
[QTS:EMIT] pos=19 op=4 @parser.c:1799
[QTS:EMIT] pos=20 u32=0x0000004a (74) @parser.c:1777
[QTS:EMIT] pos=24 op=184 @parser.c:1799
[QTS:EMIT] pos=25 u32=0x00000000 (0) @parser.c:1777
[QTS:EMIT] pos=29 op=22 @parser.c:1799
[QTS:EMIT] pos=30 op=62 @parser.c:1799
[QTS:EMIT] pos=31 op=14 @parser.c:1799
[QTS:EMIT] pos=32 op=200 @parser.c:1786
[QTS:EMIT] pos=33 u32=0x000082cb (33483) @parser.c:1788
[QTS:EMIT] pos=37 op=186 @parser.c:1799
[QTS:EMIT] pos=38 u32=0x00000329 (809) @parser.c:1777
[QTS:EMIT] pos=42 u16=0x0001 (1) @parser.c:1772
[QTS:EMIT] pos=44 op=200 @parser.c:1786
[QTS:EMIT] pos=45 u32=0x000082d6 (33494) @parser.c:1788
[QTS:EMIT] pos=49 op=186 @parser.c:1799
[QTS:EMIT] pos=50 u32=0x0000032f (815) @parser.c:1777
[QTS:EMIT] pos=54 u16=0x0001 (1) @parser.c:1772
[QTS:EMIT] pos=56 op=200 @parser.c:1786
[QTS:EMIT] pos=57 u32=0x000082d5 (33493) @parser.c:1788
[QTS:EMIT] pos=61 op=34 @parser.c:1799
[QTS:EMIT] pos=62 u16=0x0001 (1) @parser.c:1772
[QTS:EMIT] pos=64 op=14 @parser.c:1799
[QTS:EMIT] pos=65 op=184 @parser.c:1799
[QTS:EMIT] pos=66 u32=0x00000001 (1) @parser.c:1777
[QTS:EMIT] pos=70 op=200 @parser.c:1786
[QTS:EMIT] pos=71 u32=0x000082f1 (33521) @parser.c:1788
[QTS:EMIT] pos=75 op=186 @parser.c:1799
[QTS:EMIT] pos=76 u32=0x00000236 (566) @parser.c:1777
[QTS:EMIT] pos=80 u16=0x0001 (1) @parser.c:1772
[QTS:EMIT] pos=82 op=200 @parser.c:1786
[QTS:EMIT] pos=83 u32=0x000082f5 (33525) @parser.c:1788
[QTS:EMIT] pos=87 op=186 @parser.c:1799
[QTS:EMIT] pos=88 u32=0x00000255 (597) @parser.c:1777
[QTS:EMIT] pos=92 u16=0x0001 (1) @parser.c:1772
[QTS:EMIT] pos=94 op=200 @parser.c:1786
[QTS:EMIT] pos=95 u32=0x000082f3 (33523) @parser.c:1788
[QTS:EMIT] pos=99 op=165 @parser.c:1799
[QTS:EMIT] pos=100 op=108 @parser.c:1799
[QTS:EMIT] pos=101 u32=0x00000002 (2) @parser.c:1777
[QTS:SCOPE] push: level=2 first_var=-1
[QTS:SCOPE] enter: idx=2 is_body=0
[QTS:EMIT] pos=105 op=182 @parser.c:1799
[QTS:EMIT] pos=106 u16=0x0002 (2) @parser.c:1772
[QTS:EMIT] pos=108 op=200 @parser.c:1786
[QTS:EMIT] pos=109 u32=0x0000830a (33546) @parser.c:1788
[QTS:EMIT] pos=113 op=186 @parser.c:1799
[QTS:EMIT] pos=114 u32=0x00000238 (568) @parser.c:1777
[QTS:EMIT] pos=118 u16=0x0002 (2) @parser.c:1772
[QTS:EMIT] pos=113 op=189 @parser.c:1799
[QTS:EMIT] pos=114 atom=568 @parser.c:1807
[QTS:EMIT] pos=118 u32=0x00000003 (3) @parser.c:1777
[QTS:EMIT] pos=122 u16=0x0002 (2) @parser.c:1772
[QTS:ASSIGN] lvalue: opcode=61 scope=2 atom=568 label=3
[QTS:EMIT] pos=124 op=200 @parser.c:1786
[QTS:EMIT] pos=125 u32=0x0000830e (33550) @parser.c:1788
[QTS:EMIT] pos=129 op=186 @parser.c:1799
[QTS:EMIT] pos=130 u32=0x00000244 (580) @parser.c:1777
[QTS:EMIT] pos=134 u16=0x0002 (2) @parser.c:1772
[QTS:EMIT] pos=136 op=200 @parser.c:1786
[QTS:EMIT] pos=137 u32=0x00008312 (33554) @parser.c:1788
[QTS:EMIT] pos=141 op=186 @parser.c:1799
[QTS:EMIT] pos=142 u32=0x00000236 (566) @parser.c:1777
[QTS:EMIT] pos=146 u16=0x0002 (2) @parser.c:1772
[QTS:EMIT] pos=141 op=189 @parser.c:1799
[QTS:EMIT] pos=142 atom=566 @parser.c:1807
[QTS:EMIT] pos=146 u32=0x00000004 (4) @parser.c:1777
[QTS:EMIT] pos=150 u16=0x0002 (2) @parser.c:1772
[QTS:EMIT] pos=152 op=61 @parser.c:1799
[QTS:EMIT] pos=153 op=200 @parser.c:1786
[QTS:EMIT] pos=154 u32=0x00008313 (33555) @parser.c:1788
[QTS:EMIT] pos=158 op=147 @parser.c:1799
[QTS:EMIT] pos=159 op=184 @parser.c:1799
[QTS:EMIT] pos=160 u32=0x00000004 (4) @parser.c:1777
[QTS:EMIT] pos=164 op=25 @parser.c:1799
[QTS:EMIT] pos=165 op=62 @parser.c:1799
[QTS:EMIT] pos=166 op=200 @parser.c:1786
[QTS:EMIT] pos=167 u32=0x00008311 (33553) @parser.c:1788
[QTS:EMIT] pos=171 op=72 @parser.c:1799
[QTS:EMIT] pos=172 op=184 @parser.c:1799
[QTS:EMIT] pos=173 u32=0x00000003 (3) @parser.c:1777
[QTS:EMIT] pos=177 op=22 @parser.c:1799
[QTS:EMIT] pos=178 op=62 @parser.c:1799
[QTS:EMIT] pos=179 op=14 @parser.c:1799
[QTS:SCOPE] push: level=3 first_var=-1
[QTS:SCOPE] enter: idx=3 is_body=0
[QTS:EMIT] pos=180 op=182 @parser.c:1799
[QTS:EMIT] pos=181 u16=0x0003 (3) @parser.c:1772
[QTS:EMIT] pos=183 op=200 @parser.c:1786
[QTS:EMIT] pos=184 u32=0x0000832c (33580) @parser.c:1788
[QTS:EMIT] pos=188 op=186 @parser.c:1799
[QTS:EMIT] pos=189 u32=0x00000238 (568) @parser.c:1777
[QTS:EMIT] pos=193 u16=0x0003 (3) @parser.c:1772
[QTS:EMIT] pos=195 op=4 @parser.c:1799
[QTS:EMIT] pos=196 u32=0x0000025a (602) @parser.c:1777
[QTS:EMIT] pos=200 op=200 @parser.c:1786
[QTS:EMIT] pos=201 u32=0x0000832e (33582) @parser.c:1788
[QTS:EMIT] pos=205 op=171 @parser.c:1799
[QTS:EMIT] pos=206 op=108 @parser.c:1799
[QTS:EMIT] pos=207 u32=0x00000005 (5) @parser.c:1777
[QTS:SCOPE] push: level=4 first_var=-1
[QTS:SCOPE] enter: idx=4 is_body=0
[QTS:EMIT] pos=211 op=182 @parser.c:1799
[QTS:EMIT] pos=212 u16=0x0004 (4) @parser.c:1772
[QTS:EMIT] pos=214 op=200 @parser.c:1786
[QTS:EMIT] pos=215 u32=0x0000834d (33613) @parser.c:1788
[QTS:EMIT] pos=219 op=186 @parser.c:1799
[QTS:EMIT] pos=220 u32=0x00000252 (594) @parser.c:1777
[QTS:EMIT] pos=224 u16=0x0004 (4) @parser.c:1772
[QTS:EMIT] pos=219 op=189 @parser.c:1799
[QTS:EMIT] pos=220 atom=594 @parser.c:1807
[QTS:EMIT] pos=224 u32=0x00000006 (6) @parser.c:1777
[QTS:EMIT] pos=228 u16=0x0004 (4) @parser.c:1772
[QTS:ASSIGN] lvalue: opcode=61 scope=4 atom=594 label=6
[QTS:EMIT] pos=230 op=4 @parser.c:1799
[QTS:EMIT] pos=231 u32=0x00000205 (517) @parser.c:1777
[QTS:EMIT] pos=235 op=184 @parser.c:1799
[QTS:EMIT] pos=236 u32=0x00000006 (6) @parser.c:1777
[QTS:EMIT] pos=240 op=22 @parser.c:1799
[QTS:EMIT] pos=241 op=62 @parser.c:1799
[QTS:EMIT] pos=242 op=14 @parser.c:1799
[QTS:EMIT] pos=243 op=183 @parser.c:1799
[QTS:EMIT] pos=244 u16=0x0004 (4) @parser.c:1772
[QTS:EMIT] pos=246 op=183 @parser.c:1799
[QTS:EMIT] pos=247 u16=0x0003 (3) @parser.c:1772
[QTS:EMIT] pos=249 op=183 @parser.c:1799
[QTS:EMIT] pos=250 u16=0x0002 (2) @parser.c:1772
[QTS:EMIT] pos=252 op=110 @parser.c:1799
[QTS:EMIT] pos=253 u32=0x00000001 (1) @parser.c:1777
[QTS:SCOPE] leave: idx=4
[QTS:SCOPE] pop: level=4
[QTS:EMIT] pos=257 op=183 @parser.c:1799
[QTS:EMIT] pos=258 u16=0x0004 (4) @parser.c:1772
[QTS:EMIT] pos=260 op=184 @parser.c:1799
[QTS:EMIT] pos=261 u32=0x00000005 (5) @parser.c:1777
[QTS:SCOPE] leave: idx=3
[QTS:SCOPE] pop: level=3
[QTS:EMIT] pos=265 op=183 @parser.c:1799
[QTS:EMIT] pos=266 u16=0x0003 (3) @parser.c:1772
[QTS:SCOPE] push: level=5 first_var=-1
[QTS:SCOPE] enter: idx=5 is_body=0
[QTS:EMIT] pos=268 op=182 @parser.c:1799
[QTS:EMIT] pos=269 u16=0x0005 (5) @parser.c:1772
[QTS:EMIT] pos=271 op=200 @parser.c:1786
[QTS:EMIT] pos=272 u32=0x000083a2 (33698) @parser.c:1788
[QTS:EMIT] pos=276 op=186 @parser.c:1799
[QTS:EMIT] pos=277 u32=0x00000238 (568) @parser.c:1777
[QTS:EMIT] pos=281 u16=0x0005 (5) @parser.c:1772
[QTS:EMIT] pos=283 op=4 @parser.c:1799
[QTS:EMIT] pos=284 u32=0x000002fb (763) @parser.c:1777
[QTS:EMIT] pos=288 op=200 @parser.c:1786
[QTS:EMIT] pos=289 u32=0x000083a4 (33700) @parser.c:1788
[QTS:EMIT] pos=293 op=171 @parser.c:1799
[QTS:EMIT] pos=294 op=108 @parser.c:1799
[QTS:EMIT] pos=295 u32=0x00000007 (7) @parser.c:1777
[QTS:SCOPE] push: level=6 first_var=-1
[QTS:SCOPE] enter: idx=6 is_body=0
[QTS:EMIT] pos=299 op=182 @parser.c:1799
[QTS:EMIT] pos=300 u16=0x0006 (6) @parser.c:1772
[QTS:SCOPE] push: level=7 first_var=-1
[QTS:SCOPE] enter: idx=7 is_body=0
[QTS:EMIT] pos=302 op=182 @parser.c:1799
[QTS:EMIT] pos=303 u16=0x0007 (7) @parser.c:1772
[QTS:EMIT] pos=305 op=200 @parser.c:1786
[QTS:EMIT] pos=306 u32=0x000083c7 (33735) @parser.c:1788
[QTS:EMIT] pos=310 op=186 @parser.c:1799
[QTS:EMIT] pos=311 u32=0x00000236 (566) @parser.c:1777
[QTS:EMIT] pos=315 u16=0x0007 (7) @parser.c:1772
[QTS:EMIT] pos=317 op=200 @parser.c:1786
[QTS:EMIT] pos=318 u32=0x000083cc (33740) @parser.c:1788
[QTS:EMIT] pos=322 op=186 @parser.c:1799
[QTS:EMIT] pos=323 u32=0x00000255 (597) @parser.c:1777
[QTS:EMIT] pos=327 u16=0x0007 (7) @parser.c:1772
[QTS:EMIT] pos=329 op=200 @parser.c:1786
[QTS:EMIT] pos=330 u32=0x000083c9 (33737) @parser.c:1788
[QTS:EMIT] pos=334 op=168 @parser.c:1799
[QTS:EMIT] pos=335 op=108 @parser.c:1799
[QTS:EMIT] pos=336 u32=0x00000008 (8) @parser.c:1777
[QTS:EMIT] pos=340 op=183 @parser.c:1799
[QTS:EMIT] pos=341 u16=0x0007 (7) @parser.c:1772
[QTS:EMIT] pos=343 op=183 @parser.c:1799
[QTS:EMIT] pos=344 u16=0x0006 (6) @parser.c:1772
[QTS:EMIT] pos=346 op=183 @parser.c:1799
[QTS:EMIT] pos=347 u16=0x0005 (5) @parser.c:1772
[QTS:EMIT] pos=349 op=183 @parser.c:1799
[QTS:EMIT] pos=350 u16=0x0002 (2) @parser.c:1772
[QTS:EMIT] pos=352 op=110 @parser.c:1799
[QTS:EMIT] pos=353 u32=0x00000002 (2) @parser.c:1777
[QTS:EMIT] pos=357 op=184 @parser.c:1799
[QTS:EMIT] pos=358 u32=0x00000008 (8) @parser.c:1777
[QTS:SCOPE] leave: idx=7
[QTS:SCOPE] pop: level=7
[QTS:EMIT] pos=362 op=183 @parser.c:1799
[QTS:EMIT] pos=363 u16=0x0007 (7) @parser.c:1772
[QTS:EMIT] pos=365 op=200 @parser.c:1786
[QTS:EMIT] pos=366 u32=0x00008402 (33794) @parser.c:1788
[QTS:EMIT] pos=370 op=186 @parser.c:1799
[QTS:EMIT] pos=371 u32=0x00000236 (566) @parser.c:1777
[QTS:EMIT] pos=375 u16=0x0006 (6) @parser.c:1772
[QTS:EMIT] pos=370 op=189 @parser.c:1799
[QTS:EMIT] pos=371 atom=566 @parser.c:1807
[QTS:EMIT] pos=375 u32=0x00000009 (9) @parser.c:1777
[QTS:EMIT] pos=379 u16=0x0006 (6) @parser.c:1772
[QTS:EMIT] pos=381 op=61 @parser.c:1799
[QTS:EMIT] pos=382 op=200 @parser.c:1786
[QTS:EMIT] pos=383 u32=0x00008403 (33795) @parser.c:1788
[QTS:EMIT] pos=387 op=147 @parser.c:1799
[QTS:EMIT] pos=388 op=184 @parser.c:1799
[QTS:EMIT] pos=389 u32=0x00000009 (9) @parser.c:1777
[QTS:EMIT] pos=393 op=25 @parser.c:1799
[QTS:EMIT] pos=394 op=62 @parser.c:1799
[QTS:EMIT] pos=395 op=14 @parser.c:1799
[QTS:SCOPE] leave: idx=6
[QTS:SCOPE] pop: level=6
[QTS:EMIT] pos=396 op=183 @parser.c:1799
[QTS:EMIT] pos=397 u16=0x0006 (6) @parser.c:1772
[QTS:EMIT] pos=399 op=110 @parser.c:1799
[QTS:EMIT] pos=400 u32=0x0000000a (10) @parser.c:1777
[QTS:EMIT] pos=404 op=184 @parser.c:1799
[QTS:EMIT] pos=405 u32=0x00000007 (7) @parser.c:1777
[QTS:SCOPE] push: level=8 first_var=-1
[QTS:SCOPE] enter: idx=8 is_body=0
[QTS:EMIT] pos=409 op=182 @parser.c:1799
[QTS:EMIT] pos=410 u16=0x0008 (8) @parser.c:1772
[QTS:EMIT] pos=412 op=200 @parser.c:1786
[QTS:EMIT] pos=413 u32=0x00008432 (33842) @parser.c:1788
[QTS:EMIT] pos=417 op=186 @parser.c:1799
[QTS:EMIT] pos=418 u32=0x00000238 (568) @parser.c:1777
[QTS:EMIT] pos=422 u16=0x0008 (8) @parser.c:1772
[QTS:EMIT] pos=424 op=200 @parser.c:1786
[QTS:EMIT] pos=425 u32=0x00008437 (33847) @parser.c:1788
[QTS:EMIT] pos=429 op=186 @parser.c:1799
[QTS:EMIT] pos=430 u32=0x0000032f (815) @parser.c:1777
[QTS:EMIT] pos=434 u16=0x0008 (8) @parser.c:1772
[QTS:EMIT] pos=436 op=200 @parser.c:1786
[QTS:EMIT] pos=437 u32=0x00008434 (33844) @parser.c:1788
[QTS:EMIT] pos=441 op=171 @parser.c:1799
[QTS:EMIT] pos=442 op=108 @parser.c:1799
[QTS:EMIT] pos=443 u32=0x0000000b (11) @parser.c:1777
[QTS:SCOPE] push: level=9 first_var=-1
[QTS:SCOPE] enter: idx=9 is_body=0
[QTS:EMIT] pos=447 op=182 @parser.c:1799
[QTS:EMIT] pos=448 u16=0x0009 (9) @parser.c:1772
[QTS:EMIT] pos=450 op=200 @parser.c:1786
[QTS:EMIT] pos=451 u32=0x00008454 (33876) @parser.c:1788
[QTS:EMIT] pos=455 op=186 @parser.c:1799
[QTS:EMIT] pos=456 u32=0x0000032b (811) @parser.c:1777
[QTS:EMIT] pos=460 u16=0x0009 (9) @parser.c:1772
[QTS:EMIT] pos=462 op=200 @parser.c:1786
[QTS:EMIT] pos=463 u32=0x0000845d (33885) @parser.c:1788
[QTS:EMIT] pos=467 op=34 @parser.c:1799
[QTS:EMIT] pos=468 u16=0x0000 (0) @parser.c:1772
[QTS:EMIT] pos=470 op=14 @parser.c:1799
[QTS:EMIT] pos=471 op=183 @parser.c:1799
[QTS:EMIT] pos=472 u16=0x0009 (9) @parser.c:1772
[QTS:EMIT] pos=474 op=183 @parser.c:1799
[QTS:EMIT] pos=475 u16=0x0008 (8) @parser.c:1772
[QTS:EMIT] pos=477 op=183 @parser.c:1799
[QTS:EMIT] pos=478 u16=0x0005 (5) @parser.c:1772
[QTS:EMIT] pos=480 op=183 @parser.c:1799
[QTS:EMIT] pos=481 u16=0x0002 (2) @parser.c:1772
[QTS:EMIT] pos=483 op=110 @parser.c:1799
[QTS:EMIT] pos=484 u32=0x00000002 (2) @parser.c:1777
[QTS:SCOPE] leave: idx=9
[QTS:SCOPE] pop: level=9
[QTS:EMIT] pos=488 op=183 @parser.c:1799
[QTS:EMIT] pos=489 u16=0x0009 (9) @parser.c:1772
[QTS:EMIT] pos=491 op=184 @parser.c:1799
[QTS:EMIT] pos=492 u32=0x0000000b (11) @parser.c:1777
[QTS:SCOPE] leave: idx=8
[QTS:SCOPE] pop: level=8
[QTS:EMIT] pos=496 op=183 @parser.c:1799
[QTS:EMIT] pos=497 u16=0x0008 (8) @parser.c:1772
[QTS:EMIT] pos=499 op=184 @parser.c:1799
[QTS:EMIT] pos=500 u32=0x0000000a (10) @parser.c:1777
[QTS:SCOPE] leave: idx=5
[QTS:SCOPE] pop: level=5
[QTS:EMIT] pos=504 op=183 @parser.c:1799
[QTS:EMIT] pos=505 u16=0x0005 (5) @parser.c:1772
[QTS:SCOPE] leave: idx=2
[QTS:SCOPE] pop: level=2
[QTS:EMIT] pos=507 op=183 @parser.c:1799
[QTS:EMIT] pos=508 u16=0x0002 (2) @parser.c:1772
[QTS:EMIT] pos=510 op=110 @parser.c:1799
[QTS:EMIT] pos=511 u32=0x00000001 (1) @parser.c:1777
[QTS:EMIT] pos=515 op=184 @parser.c:1799
[QTS:EMIT] pos=516 u32=0x00000002 (2) @parser.c:1777
[QTS:EMIT] pos=520 op=41 @parser.c:1799
[QTS:SCOPE] push: level=1 first_var=-1
[QTS:SCOPE] enter: idx=1 is_body=0
[QTS:EMIT] pos=0 op=182 @parser.c:1799
[QTS:EMIT] pos=1 u16=0x0001 (1) @parser.c:1772
[QTS:EMIT] pos=3 op=200 @parser.c:1786
[QTS:EMIT] pos=4 u32=0x000084d3 (34003) @parser.c:1788
[QTS:EMIT] pos=8 op=186 @parser.c:1799
[QTS:EMIT] pos=9 u32=0x00000252 (594) @parser.c:1777
[QTS:EMIT] pos=13 u16=0x0001 (1) @parser.c:1772
[QTS:EMIT] pos=8 op=189 @parser.c:1799
[QTS:EMIT] pos=9 atom=594 @parser.c:1807
[QTS:EMIT] pos=13 u32=0x00000000 (0) @parser.c:1777
[QTS:EMIT] pos=17 u16=0x0001 (1) @parser.c:1772
[QTS:ASSIGN] lvalue: opcode=61 scope=1 atom=594 label=0
[QTS:EMIT] pos=19 op=4 @parser.c:1799
[QTS:EMIT] pos=20 u32=0x00000201 (513) @parser.c:1777
[QTS:EMIT] pos=24 op=184 @parser.c:1799
[QTS:EMIT] pos=25 u32=0x00000000 (0) @parser.c:1777
[QTS:EMIT] pos=29 op=22 @parser.c:1799
[QTS:EMIT] pos=30 op=62 @parser.c:1799
[QTS:EMIT] pos=31 op=14 @parser.c:1799
[QTS:EMIT] pos=32 op=200 @parser.c:1786
[QTS:EMIT] pos=33 u32=0x000084f0 (34032) @parser.c:1788
[QTS:EMIT] pos=37 op=186 @parser.c:1799
[QTS:EMIT] pos=38 u32=0x00000329 (809) @parser.c:1777
[QTS:EMIT] pos=42 u16=0x0001 (1) @parser.c:1772
[QTS:EMIT] pos=44 op=4 @parser.c:1799
[QTS:EMIT] pos=45 u32=0x0000029f (671) @parser.c:1777
[QTS:EMIT] pos=49 op=200 @parser.c:1786
[QTS:EMIT] pos=50 u32=0x000084fa (34042) @parser.c:1788
[QTS:EMIT] pos=54 op=34 @parser.c:1799
[QTS:EMIT] pos=55 u16=0x0001 (1) @parser.c:1772
[QTS:EMIT] pos=57 op=14 @parser.c:1799
[QTS:EMIT] pos=58 op=184 @parser.c:1799
[QTS:EMIT] pos=59 u32=0x00000001 (1) @parser.c:1777
[QTS:EMIT] pos=63 op=200 @parser.c:1786
[QTS:EMIT] pos=64 u32=0x00008514 (34068) @parser.c:1788
[QTS:EMIT] pos=68 op=186 @parser.c:1799
[QTS:EMIT] pos=69 u32=0x00000236 (566) @parser.c:1777
[QTS:EMIT] pos=73 u16=0x0001 (1) @parser.c:1772
[QTS:EMIT] pos=75 op=200 @parser.c:1786
[QTS:EMIT] pos=76 u32=0x00008518 (34072) @parser.c:1788
[QTS:EMIT] pos=80 op=186 @parser.c:1799
[QTS:EMIT] pos=81 u32=0x00000255 (597) @parser.c:1777
[QTS:EMIT] pos=85 u16=0x0001 (1) @parser.c:1772
[QTS:EMIT] pos=87 op=200 @parser.c:1786
[QTS:EMIT] pos=88 u32=0x00008516 (34070) @parser.c:1788
[QTS:EMIT] pos=92 op=165 @parser.c:1799
[QTS:EMIT] pos=93 op=108 @parser.c:1799
[QTS:EMIT] pos=94 u32=0x00000002 (2) @parser.c:1777
[QTS:SCOPE] push: level=2 first_var=-1
[QTS:SCOPE] enter: idx=2 is_body=0
[QTS:EMIT] pos=98 op=182 @parser.c:1799
[QTS:EMIT] pos=99 u16=0x0002 (2) @parser.c:1772
[QTS:EMIT] pos=101 op=200 @parser.c:1786
[QTS:EMIT] pos=102 u32=0x0000852d (34093) @parser.c:1788
[QTS:EMIT] pos=106 op=186 @parser.c:1799
[QTS:EMIT] pos=107 u32=0x00000238 (568) @parser.c:1777
[QTS:EMIT] pos=111 u16=0x0002 (2) @parser.c:1772
[QTS:EMIT] pos=106 op=189 @parser.c:1799
[QTS:EMIT] pos=107 atom=568 @parser.c:1807
[QTS:EMIT] pos=111 u32=0x00000003 (3) @parser.c:1777
[QTS:EMIT] pos=115 u16=0x0002 (2) @parser.c:1772
[QTS:ASSIGN] lvalue: opcode=61 scope=2 atom=568 label=3
[QTS:EMIT] pos=117 op=200 @parser.c:1786
[QTS:EMIT] pos=118 u32=0x00008531 (34097) @parser.c:1788
[QTS:EMIT] pos=122 op=186 @parser.c:1799
[QTS:EMIT] pos=123 u32=0x00000244 (580) @parser.c:1777
[QTS:EMIT] pos=127 u16=0x0002 (2) @parser.c:1772
[QTS:EMIT] pos=129 op=200 @parser.c:1786
[QTS:EMIT] pos=130 u32=0x00008535 (34101) @parser.c:1788
[QTS:EMIT] pos=134 op=186 @parser.c:1799
[QTS:EMIT] pos=135 u32=0x00000236 (566) @parser.c:1777
[QTS:EMIT] pos=139 u16=0x0002 (2) @parser.c:1772
[QTS:EMIT] pos=134 op=189 @parser.c:1799
[QTS:EMIT] pos=135 atom=566 @parser.c:1807
[QTS:EMIT] pos=139 u32=0x00000004 (4) @parser.c:1777
[QTS:EMIT] pos=143 u16=0x0002 (2) @parser.c:1772
[QTS:EMIT] pos=145 op=61 @parser.c:1799
[QTS:EMIT] pos=146 op=200 @parser.c:1786
[QTS:EMIT] pos=147 u32=0x00008536 (34102) @parser.c:1788
[QTS:EMIT] pos=151 op=147 @parser.c:1799
[QTS:EMIT] pos=152 op=184 @parser.c:1799
[QTS:EMIT] pos=153 u32=0x00000004 (4) @parser.c:1777
[QTS:EMIT] pos=157 op=25 @parser.c:1799
[QTS:EMIT] pos=158 op=62 @parser.c:1799
[QTS:EMIT] pos=159 op=200 @parser.c:1786
[QTS:EMIT] pos=160 u32=0x00008534 (34100) @parser.c:1788
[QTS:EMIT] pos=164 op=72 @parser.c:1799
[QTS:EMIT] pos=165 op=184 @parser.c:1799
[QTS:EMIT] pos=166 u32=0x00000003 (3) @parser.c:1777
[QTS:EMIT] pos=170 op=22 @parser.c:1799
[QTS:EMIT] pos=171 op=62 @parser.c:1799
[QTS:EMIT] pos=172 op=14 @parser.c:1799
[QTS:SCOPE] push: level=3 first_var=-1
[QTS:SCOPE] enter: idx=3 is_body=0
[QTS:EMIT] pos=173 op=182 @parser.c:1799
[QTS:EMIT] pos=174 u16=0x0003 (3) @parser.c:1772
[QTS:EMIT] pos=176 op=200 @parser.c:1786
[QTS:EMIT] pos=177 u32=0x0000854f (34127) @parser.c:1788
[QTS:EMIT] pos=181 op=186 @parser.c:1799
[QTS:EMIT] pos=182 u32=0x00000238 (568) @parser.c:1777
[QTS:EMIT] pos=186 u16=0x0003 (3) @parser.c:1772
[QTS:EMIT] pos=188 op=4 @parser.c:1799
[QTS:EMIT] pos=189 u32=0x0000025a (602) @parser.c:1777
[QTS:EMIT] pos=193 op=200 @parser.c:1786
[QTS:EMIT] pos=194 u32=0x00008551 (34129) @parser.c:1788
[QTS:EMIT] pos=198 op=171 @parser.c:1799
[QTS:EMIT] pos=199 op=108 @parser.c:1799
[QTS:EMIT] pos=200 u32=0x00000005 (5) @parser.c:1777
[QTS:SCOPE] push: level=4 first_var=-1
[QTS:SCOPE] enter: idx=4 is_body=0
[QTS:EMIT] pos=204 op=182 @parser.c:1799
[QTS:EMIT] pos=205 u16=0x0004 (4) @parser.c:1772
[QTS:EMIT] pos=207 op=200 @parser.c:1786
[QTS:EMIT] pos=208 u32=0x00008570 (34160) @parser.c:1788
[QTS:EMIT] pos=212 op=186 @parser.c:1799
[QTS:EMIT] pos=213 u32=0x00000252 (594) @parser.c:1777
[QTS:EMIT] pos=217 u16=0x0004 (4) @parser.c:1772
[QTS:EMIT] pos=212 op=189 @parser.c:1799
[QTS:EMIT] pos=213 atom=594 @parser.c:1807
[QTS:EMIT] pos=217 u32=0x00000006 (6) @parser.c:1777
[QTS:EMIT] pos=221 u16=0x0004 (4) @parser.c:1772
[QTS:ASSIGN] lvalue: opcode=61 scope=4 atom=594 label=6
[QTS:EMIT] pos=223 op=4 @parser.c:1799
[QTS:EMIT] pos=224 u32=0x00000205 (517) @parser.c:1777
[QTS:EMIT] pos=228 op=184 @parser.c:1799
[QTS:EMIT] pos=229 u32=0x00000006 (6) @parser.c:1777
[QTS:EMIT] pos=233 op=22 @parser.c:1799
[QTS:EMIT] pos=234 op=62 @parser.c:1799
[QTS:EMIT] pos=235 op=14 @parser.c:1799
[QTS:EMIT] pos=236 op=183 @parser.c:1799
[QTS:EMIT] pos=237 u16=0x0004 (4) @parser.c:1772
[QTS:EMIT] pos=239 op=183 @parser.c:1799
[QTS:EMIT] pos=240 u16=0x0003 (3) @parser.c:1772
[QTS:EMIT] pos=242 op=183 @parser.c:1799
[QTS:EMIT] pos=243 u16=0x0002 (2) @parser.c:1772
[QTS:EMIT] pos=245 op=110 @parser.c:1799
[QTS:EMIT] pos=246 u32=0x00000001 (1) @parser.c:1777
[QTS:SCOPE] leave: idx=4
[QTS:SCOPE] pop: level=4
[QTS:EMIT] pos=250 op=183 @parser.c:1799
[QTS:EMIT] pos=251 u16=0x0004 (4) @parser.c:1772
[QTS:EMIT] pos=253 op=184 @parser.c:1799
[QTS:EMIT] pos=254 u32=0x00000005 (5) @parser.c:1777
[QTS:SCOPE] leave: idx=3
[QTS:SCOPE] pop: level=3
[QTS:EMIT] pos=258 op=183 @parser.c:1799
[QTS:EMIT] pos=259 u16=0x0003 (3) @parser.c:1772
[QTS:SCOPE] push: level=5 first_var=-1
[QTS:SCOPE] enter: idx=5 is_body=0
[QTS:EMIT] pos=261 op=182 @parser.c:1799
[QTS:EMIT] pos=262 u16=0x0005 (5) @parser.c:1772
[QTS:EMIT] pos=264 op=200 @parser.c:1786
[QTS:EMIT] pos=265 u32=0x000085c5 (34245) @parser.c:1788
[QTS:EMIT] pos=269 op=186 @parser.c:1799
[QTS:EMIT] pos=270 u32=0x00000238 (568) @parser.c:1777
[QTS:EMIT] pos=274 u16=0x0005 (5) @parser.c:1772
[QTS:EMIT] pos=276 op=4 @parser.c:1799
[QTS:EMIT] pos=277 u32=0x000002fb (763) @parser.c:1777
[QTS:EMIT] pos=281 op=200 @parser.c:1786
[QTS:EMIT] pos=282 u32=0x000085c7 (34247) @parser.c:1788
[QTS:EMIT] pos=286 op=171 @parser.c:1799
[QTS:EMIT] pos=287 op=108 @parser.c:1799
[QTS:EMIT] pos=288 u32=0x00000007 (7) @parser.c:1777
[QTS:SCOPE] push: level=6 first_var=-1
[QTS:SCOPE] enter: idx=6 is_body=0
[QTS:EMIT] pos=292 op=182 @parser.c:1799
[QTS:EMIT] pos=293 u16=0x0006 (6) @parser.c:1772
[QTS:SCOPE] push: level=7 first_var=-1
[QTS:SCOPE] enter: idx=7 is_body=0
[QTS:EMIT] pos=295 op=182 @parser.c:1799
[QTS:EMIT] pos=296 u16=0x0007 (7) @parser.c:1772
[QTS:EMIT] pos=298 op=200 @parser.c:1786
[QTS:EMIT] pos=299 u32=0x000085ea (34282) @parser.c:1788
[QTS:EMIT] pos=303 op=186 @parser.c:1799
[QTS:EMIT] pos=304 u32=0x00000236 (566) @parser.c:1777
[QTS:EMIT] pos=308 u16=0x0007 (7) @parser.c:1772
[QTS:EMIT] pos=310 op=200 @parser.c:1786
[QTS:EMIT] pos=311 u32=0x000085ee (34286) @parser.c:1788
[QTS:EMIT] pos=315 op=186 @parser.c:1799
[QTS:EMIT] pos=316 u32=0x00000255 (597) @parser.c:1777
[QTS:EMIT] pos=320 u16=0x0007 (7) @parser.c:1772
[QTS:EMIT] pos=322 op=200 @parser.c:1786
[QTS:EMIT] pos=323 u32=0x000085ec (34284) @parser.c:1788
[QTS:EMIT] pos=327 op=165 @parser.c:1799
[QTS:EMIT] pos=328 op=108 @parser.c:1799
[QTS:EMIT] pos=329 u32=0x00000008 (8) @parser.c:1777
[QTS:SCOPE] push: level=8 first_var=-1
[QTS:SCOPE] enter: idx=8 is_body=0
[QTS:EMIT] pos=333 op=182 @parser.c:1799
[QTS:EMIT] pos=334 u16=0x0008 (8) @parser.c:1772
[QTS:EMIT] pos=336 op=200 @parser.c:1786
[QTS:EMIT] pos=337 u32=0x0000860b (34315) @parser.c:1788
[QTS:EMIT] pos=341 op=186 @parser.c:1799
[QTS:EMIT] pos=342 u32=0x00000236 (566) @parser.c:1777
[QTS:EMIT] pos=346 u16=0x0008 (8) @parser.c:1772
[QTS:EMIT] pos=341 op=189 @parser.c:1799
[QTS:EMIT] pos=342 atom=566 @parser.c:1807
[QTS:EMIT] pos=346 u32=0x00000009 (9) @parser.c:1777
[QTS:EMIT] pos=350 u16=0x0008 (8) @parser.c:1772
[QTS:EMIT] pos=352 op=61 @parser.c:1799
[QTS:EMIT] pos=353 op=200 @parser.c:1786
[QTS:EMIT] pos=354 u32=0x0000860c (34316) @parser.c:1788
[QTS:EMIT] pos=358 op=147 @parser.c:1799
[QTS:EMIT] pos=359 op=184 @parser.c:1799
[QTS:EMIT] pos=360 u32=0x00000009 (9) @parser.c:1777
[QTS:EMIT] pos=364 op=25 @parser.c:1799
[QTS:EMIT] pos=365 op=62 @parser.c:1799
[QTS:EMIT] pos=366 op=14 @parser.c:1799
[QTS:SCOPE] leave: idx=8
[QTS:SCOPE] pop: level=8
[QTS:EMIT] pos=367 op=183 @parser.c:1799
[QTS:EMIT] pos=368 u16=0x0008 (8) @parser.c:1772
[QTS:EMIT] pos=370 op=184 @parser.c:1799
[QTS:EMIT] pos=371 u32=0x00000008 (8) @parser.c:1777
[QTS:SCOPE] leave: idx=7
[QTS:SCOPE] pop: level=7
[QTS:EMIT] pos=375 op=183 @parser.c:1799
[QTS:EMIT] pos=376 u16=0x0007 (7) @parser.c:1772
[QTS:EMIT] pos=378 op=183 @parser.c:1799
[QTS:EMIT] pos=379 u16=0x0006 (6) @parser.c:1772
[QTS:EMIT] pos=381 op=183 @parser.c:1799
[QTS:EMIT] pos=382 u16=0x0005 (5) @parser.c:1772
[QTS:EMIT] pos=384 op=183 @parser.c:1799
[QTS:EMIT] pos=385 u16=0x0002 (2) @parser.c:1772
[QTS:EMIT] pos=387 op=110 @parser.c:1799
[QTS:EMIT] pos=388 u32=0x00000001 (1) @parser.c:1777
[QTS:SCOPE] leave: idx=6
[QTS:SCOPE] pop: level=6
[QTS:EMIT] pos=392 op=183 @parser.c:1799
[QTS:EMIT] pos=393 u16=0x0006 (6) @parser.c:1772
[QTS:EMIT] pos=395 op=184 @parser.c:1799
[QTS:EMIT] pos=396 u32=0x00000007 (7) @parser.c:1777
[QTS:SCOPE] leave: idx=5
[QTS:SCOPE] pop: level=5
[QTS:EMIT] pos=400 op=183 @parser.c:1799
[QTS:EMIT] pos=401 u16=0x0005 (5) @parser.c:1772
[QTS:SCOPE] push: level=9 first_var=-1
[QTS:SCOPE] enter: idx=9 is_body=0
[QTS:EMIT] pos=403 op=182 @parser.c:1799
[QTS:EMIT] pos=404 u16=0x0009 (9) @parser.c:1772
[QTS:EMIT] pos=406 op=200 @parser.c:1786
[QTS:EMIT] pos=407 u32=0x0000866a (34410) @parser.c:1788
[QTS:EMIT] pos=411 op=186 @parser.c:1799
[QTS:EMIT] pos=412 u32=0x0000032a (810) @parser.c:1777
[QTS:EMIT] pos=416 u16=0x0009 (9) @parser.c:1772
[QTS:EMIT] pos=418 op=200 @parser.c:1786
[QTS:EMIT] pos=419 u32=0x00008674 (34420) @parser.c:1788
[QTS:EMIT] pos=423 op=34 @parser.c:1799
[QTS:EMIT] pos=424 u16=0x0000 (0) @parser.c:1772
[QTS:EMIT] pos=426 op=4 @parser.c:1799
[QTS:EMIT] pos=427 u32=0x000002f2 (754) @parser.c:1777
[QTS:EMIT] pos=431 op=200 @parser.c:1786
[QTS:EMIT] pos=432 u32=0x00008677 (34423) @parser.c:1788
[QTS:EMIT] pos=436 op=171 @parser.c:1799
[QTS:EMIT] pos=437 op=108 @parser.c:1799
[QTS:EMIT] pos=438 u32=0x0000000a (10) @parser.c:1777
[QTS:SCOPE] push: level=10 first_var=-1
[QTS:SCOPE] enter: idx=10 is_body=0
[QTS:EMIT] pos=442 op=182 @parser.c:1799
[QTS:EMIT] pos=443 u16=0x000a (10) @parser.c:1772
[QTS:SCOPE] push: level=11 first_var=-1
[QTS:SCOPE] enter: idx=11 is_body=0
[QTS:EMIT] pos=445 op=182 @parser.c:1799
[QTS:EMIT] pos=446 u16=0x000b (11) @parser.c:1772
[QTS:EMIT] pos=448 op=200 @parser.c:1786
[QTS:EMIT] pos=449 u32=0x00008699 (34457) @parser.c:1788
[QTS:EMIT] pos=453 op=186 @parser.c:1799
[QTS:EMIT] pos=454 u32=0x00000238 (568) @parser.c:1777
[QTS:EMIT] pos=458 u16=0x000b (11) @parser.c:1772
[QTS:EMIT] pos=460 op=4 @parser.c:1799
[QTS:EMIT] pos=461 u32=0x0000029d (669) @parser.c:1777
[QTS:EMIT] pos=465 op=200 @parser.c:1786
[QTS:EMIT] pos=466 u32=0x0000869b (34459) @parser.c:1788
[QTS:EMIT] pos=470 op=171 @parser.c:1799
[QTS:EMIT] pos=471 op=108 @parser.c:1799
[QTS:EMIT] pos=472 u32=0x0000000b (11) @parser.c:1777
[QTS:SCOPE] push: level=12 first_var=-1
[QTS:SCOPE] enter: idx=12 is_body=0
[QTS:EMIT] pos=476 op=182 @parser.c:1799
[QTS:EMIT] pos=477 u16=0x000c (12) @parser.c:1772
[QTS:EMIT] pos=479 op=200 @parser.c:1786
[QTS:EMIT] pos=480 u32=0x000086bd (34493) @parser.c:1788
[QTS:EMIT] pos=484 op=186 @parser.c:1799
[QTS:EMIT] pos=485 u32=0x0000032b (811) @parser.c:1777
[QTS:EMIT] pos=489 u16=0x000c (12) @parser.c:1772
[QTS:EMIT] pos=491 op=200 @parser.c:1786
[QTS:EMIT] pos=492 u32=0x000086c6 (34502) @parser.c:1788
[QTS:EMIT] pos=496 op=34 @parser.c:1799
[QTS:EMIT] pos=497 u16=0x0000 (0) @parser.c:1772
[QTS:EMIT] pos=499 op=14 @parser.c:1799
[QTS:SCOPE] leave: idx=12
[QTS:SCOPE] pop: level=12
[QTS:EMIT] pos=500 op=183 @parser.c:1799
[QTS:EMIT] pos=501 u16=0x000c (12) @parser.c:1772
[QTS:EMIT] pos=503 op=184 @parser.c:1799
[QTS:EMIT] pos=504 u32=0x0000000b (11) @parser.c:1777
[QTS:SCOPE] leave: idx=11
[QTS:SCOPE] pop: level=11
[QTS:EMIT] pos=508 op=183 @parser.c:1799
[QTS:EMIT] pos=509 u16=0x000b (11) @parser.c:1772
[QTS:EMIT] pos=511 op=183 @parser.c:1799
[QTS:EMIT] pos=512 u16=0x000a (10) @parser.c:1772
[QTS:EMIT] pos=514 op=183 @parser.c:1799
[QTS:EMIT] pos=515 u16=0x0009 (9) @parser.c:1772
[QTS:EMIT] pos=517 op=183 @parser.c:1799
[QTS:EMIT] pos=518 u16=0x0002 (2) @parser.c:1772
[QTS:EMIT] pos=520 op=110 @parser.c:1799
[QTS:EMIT] pos=521 u32=0x00000001 (1) @parser.c:1777
[QTS:SCOPE] leave: idx=10
[QTS:SCOPE] pop: level=10
[QTS:EMIT] pos=525 op=183 @parser.c:1799
[QTS:EMIT] pos=526 u16=0x000a (10) @parser.c:1772
[QTS:EMIT] pos=528 op=184 @parser.c:1799
[QTS:EMIT] pos=529 u32=0x0000000a (10) @parser.c:1777
[QTS:SCOPE] leave: idx=9
[QTS:SCOPE] pop: level=9
[QTS:EMIT] pos=533 op=183 @parser.c:1799
[QTS:EMIT] pos=534 u16=0x0009 (9) @parser.c:1772
[QTS:SCOPE] push: level=13 first_var=-1
[QTS:SCOPE] enter: idx=13 is_body=0
[QTS:EMIT] pos=536 op=182 @parser.c:1799
[QTS:EMIT] pos=537 u16=0x000d (13) @parser.c:1772
[QTS:EMIT] pos=539 op=200 @parser.c:1786
[QTS:EMIT] pos=540 u32=0x00008762 (34658) @parser.c:1788
[QTS:EMIT] pos=544 op=186 @parser.c:1799
[QTS:EMIT] pos=545 u32=0x00000238 (568) @parser.c:1777
[QTS:EMIT] pos=549 u16=0x000d (13) @parser.c:1772
[QTS:EMIT] pos=551 op=4 @parser.c:1799
[QTS:EMIT] pos=552 u32=0x000002f2 (754) @parser.c:1777
[QTS:EMIT] pos=556 op=200 @parser.c:1786
[QTS:EMIT] pos=557 u32=0x00008764 (34660) @parser.c:1788
[QTS:EMIT] pos=561 op=171 @parser.c:1799
[QTS:EMIT] pos=562 op=108 @parser.c:1799
[QTS:EMIT] pos=563 u32=0x0000000c (12) @parser.c:1777
[QTS:SCOPE] push: level=14 first_var=-1
[QTS:SCOPE] enter: idx=14 is_body=0
[QTS:EMIT] pos=567 op=182 @parser.c:1799
[QTS:EMIT] pos=568 u16=0x000e (14) @parser.c:1772
[QTS:EMIT] pos=570 op=200 @parser.c:1786
[QTS:EMIT] pos=571 u32=0x00008782 (34690) @parser.c:1788
[QTS:EMIT] pos=575 op=186 @parser.c:1799
[QTS:EMIT] pos=576 u32=0x00000329 (809) @parser.c:1777
[QTS:EMIT] pos=580 u16=0x000e (14) @parser.c:1772
[QTS:EMIT] pos=582 op=4 @parser.c:1799
[QTS:EMIT] pos=583 u32=0x000002f2 (754) @parser.c:1777
[QTS:EMIT] pos=587 op=200 @parser.c:1786
[QTS:EMIT] pos=588 u32=0x0000878c (34700) @parser.c:1788
[QTS:EMIT] pos=592 op=34 @parser.c:1799
[QTS:EMIT] pos=593 u16=0x0001 (1) @parser.c:1772
[QTS:EMIT] pos=595 op=14 @parser.c:1799
[QTS:SCOPE] push: level=15 first_var=-1
[QTS:SCOPE] enter: idx=15 is_body=0
[QTS:EMIT] pos=596 op=182 @parser.c:1799
[QTS:EMIT] pos=597 u16=0x000f (15) @parser.c:1772
[QTS:EMIT] pos=599 op=200 @parser.c:1786
[QTS:EMIT] pos=600 u32=0x000087ab (34731) @parser.c:1788
[QTS:EMIT] pos=604 op=186 @parser.c:1799
[QTS:EMIT] pos=605 u32=0x00000244 (580) @parser.c:1777
[QTS:EMIT] pos=609 u16=0x000f (15) @parser.c:1772
[QTS:EMIT] pos=611 op=200 @parser.c:1786
[QTS:EMIT] pos=612 u32=0x000087af (34735) @parser.c:1788
[QTS:EMIT] pos=616 op=186 @parser.c:1799
[QTS:EMIT] pos=617 u32=0x00000236 (566) @parser.c:1777
[QTS:EMIT] pos=621 u16=0x000f (15) @parser.c:1772
[QTS:EMIT] pos=623 op=200 @parser.c:1786
[QTS:EMIT] pos=624 u32=0x000087ae (34734) @parser.c:1788
[QTS:EMIT] pos=628 op=72 @parser.c:1799
[QTS:EMIT] pos=629 op=4 @parser.c:1799
[QTS:EMIT] pos=630 u32=0x000002f2 (754) @parser.c:1777
[QTS:EMIT] pos=634 op=200 @parser.c:1786
[QTS:EMIT] pos=635 u32=0x000087b2 (34738) @parser.c:1788
[QTS:EMIT] pos=639 op=171 @parser.c:1799
[QTS:EMIT] pos=640 op=17 @parser.c:1799
[QTS:EMIT] pos=641 op=109 @parser.c:1799
[QTS:EMIT] pos=642 u32=0x0000000d (13) @parser.c:1777
[QTS:EMIT] pos=646 op=14 @parser.c:1799
[QTS:EMIT] pos=647 op=200 @parser.c:1786
[QTS:EMIT] pos=648 u32=0x000087bc (34748) @parser.c:1788
[QTS:EMIT] pos=652 op=186 @parser.c:1799
[QTS:EMIT] pos=653 u32=0x00000244 (580) @parser.c:1777
[QTS:EMIT] pos=657 u16=0x000f (15) @parser.c:1772
[QTS:EMIT] pos=659 op=200 @parser.c:1786
[QTS:EMIT] pos=660 u32=0x000087c0 (34752) @parser.c:1788
[QTS:EMIT] pos=664 op=186 @parser.c:1799
[QTS:EMIT] pos=665 u32=0x00000236 (566) @parser.c:1777
[QTS:EMIT] pos=669 u16=0x000f (15) @parser.c:1772
[QTS:EMIT] pos=671 op=200 @parser.c:1786
[QTS:EMIT] pos=672 u32=0x000087bf (34751) @parser.c:1788
[QTS:EMIT] pos=676 op=72 @parser.c:1799
[QTS:EMIT] pos=677 op=4 @parser.c:1799
[QTS:EMIT] pos=678 u32=0x0000029d (669) @parser.c:1777
[QTS:EMIT] pos=682 op=200 @parser.c:1786
[QTS:EMIT] pos=683 u32=0x000087c3 (34755) @parser.c:1788
[QTS:EMIT] pos=687 op=171 @parser.c:1799
[QTS:EMIT] pos=688 op=184 @parser.c:1799
[QTS:EMIT] pos=689 u32=0x0000000d (13) @parser.c:1777
[QTS:EMIT] pos=693 op=108 @parser.c:1799
[QTS:EMIT] pos=694 u32=0x0000000e (14) @parser.c:1777
[QTS:EMIT] pos=698 op=200 @parser.c:1786
[QTS:EMIT] pos=699 u32=0x000087e3 (34787) @parser.c:1788
[QTS:EMIT] pos=703 op=186 @parser.c:1799
[QTS:EMIT] pos=704 u32=0x00000236 (566) @parser.c:1777
[QTS:EMIT] pos=708 u16=0x000f (15) @parser.c:1772
[QTS:EMIT] pos=703 op=189 @parser.c:1799
[QTS:EMIT] pos=704 atom=566 @parser.c:1807
[QTS:EMIT] pos=708 u32=0x0000000f (15) @parser.c:1777
[QTS:EMIT] pos=712 u16=0x000f (15) @parser.c:1772
[QTS:EMIT] pos=714 op=61 @parser.c:1799
[QTS:EMIT] pos=715 op=200 @parser.c:1786
[QTS:EMIT] pos=716 u32=0x000087e4 (34788) @parser.c:1788
[QTS:EMIT] pos=720 op=147 @parser.c:1799
[QTS:EMIT] pos=721 op=184 @parser.c:1799
[QTS:EMIT] pos=722 u32=0x0000000f (15) @parser.c:1777
[QTS:EMIT] pos=726 op=25 @parser.c:1799
[QTS:EMIT] pos=727 op=62 @parser.c:1799
[QTS:EMIT] pos=728 op=14 @parser.c:1799
[QTS:EMIT] pos=729 op=184 @parser.c:1799
[QTS:EMIT] pos=730 u32=0x0000000e (14) @parser.c:1777
[QTS:SCOPE] leave: idx=15
[QTS:SCOPE] pop: level=15
[QTS:EMIT] pos=734 op=183 @parser.c:1799
[QTS:EMIT] pos=735 u16=0x000f (15) @parser.c:1772
[QTS:EMIT] pos=737 op=183 @parser.c:1799
[QTS:EMIT] pos=738 u16=0x000e (14) @parser.c:1772
[QTS:EMIT] pos=740 op=183 @parser.c:1799
[QTS:EMIT] pos=741 u16=0x000d (13) @parser.c:1772
[QTS:EMIT] pos=743 op=183 @parser.c:1799
[QTS:EMIT] pos=744 u16=0x0002 (2) @parser.c:1772
[QTS:EMIT] pos=746 op=110 @parser.c:1799
[QTS:EMIT] pos=747 u32=0x00000001 (1) @parser.c:1777
[QTS:SCOPE] leave: idx=14
[QTS:SCOPE] pop: level=14
[QTS:EMIT] pos=751 op=183 @parser.c:1799
[QTS:EMIT] pos=752 u16=0x000e (14) @parser.c:1772
[QTS:EMIT] pos=754 op=184 @parser.c:1799
[QTS:EMIT] pos=755 u32=0x0000000c (12) @parser.c:1777
[QTS:SCOPE] leave: idx=13
[QTS:SCOPE] pop: level=13
[QTS:EMIT] pos=759 op=183 @parser.c:1799
[QTS:EMIT] pos=760 u16=0x000d (13) @parser.c:1772
[QTS:SCOPE] push: level=16 first_var=-1
[QTS:SCOPE] enter: idx=16 is_body=0
[QTS:EMIT] pos=762 op=182 @parser.c:1799
[QTS:EMIT] pos=763 u16=0x0010 (16) @parser.c:1772
[QTS:EMIT] pos=765 op=200 @parser.c:1786
[QTS:EMIT] pos=766 u32=0x0000882c (34860) @parser.c:1788
[QTS:EMIT] pos=770 op=186 @parser.c:1799
[QTS:EMIT] pos=771 u32=0x00000238 (568) @parser.c:1777
[QTS:EMIT] pos=775 u16=0x0010 (16) @parser.c:1772
[QTS:EMIT] pos=777 op=4 @parser.c:1799
[QTS:EMIT] pos=778 u32=0x0000029f (671) @parser.c:1777
[QTS:EMIT] pos=782 op=200 @parser.c:1786
[QTS:EMIT] pos=783 u32=0x0000882e (34862) @parser.c:1788
[QTS:EMIT] pos=787 op=171 @parser.c:1799
[QTS:EMIT] pos=788 op=108 @parser.c:1799
[QTS:EMIT] pos=789 u32=0x00000010 (16) @parser.c:1777
[QTS:SCOPE] push: level=17 first_var=-1
[QTS:SCOPE] enter: idx=17 is_body=0
[QTS:EMIT] pos=793 op=182 @parser.c:1799
[QTS:EMIT] pos=794 u16=0x0011 (17) @parser.c:1772
[QTS:EMIT] pos=796 op=200 @parser.c:1786
[QTS:EMIT] pos=797 u32=0x0000884c (34892) @parser.c:1788
[QTS:EMIT] pos=801 op=186 @parser.c:1799
[QTS:EMIT] pos=802 u32=0x0000032b (811) @parser.c:1777
[QTS:EMIT] pos=806 u16=0x0011 (17) @parser.c:1772
[QTS:EMIT] pos=808 op=200 @parser.c:1786
[QTS:EMIT] pos=809 u32=0x00008855 (34901) @parser.c:1788
[QTS:EMIT] pos=813 op=34 @parser.c:1799
[QTS:EMIT] pos=814 u16=0x0000 (0) @parser.c:1772
[QTS:EMIT] pos=816 op=14 @parser.c:1799
[QTS:EMIT] pos=817 op=184 @parser.c:1799
[QTS:EMIT] pos=818 u32=0x00000011 (17) @parser.c:1777
[QTS:EMIT] pos=822 op=200 @parser.c:1786
[QTS:EMIT] pos=823 u32=0x00008874 (34932) @parser.c:1788
[QTS:EMIT] pos=827 op=186 @parser.c:1799
[QTS:EMIT] pos=828 u32=0x00000236 (566) @parser.c:1777
[QTS:EMIT] pos=832 u16=0x0011 (17) @parser.c:1772
[QTS:EMIT] pos=834 op=200 @parser.c:1786
[QTS:EMIT] pos=835 u32=0x00008878 (34936) @parser.c:1788
[QTS:EMIT] pos=839 op=186 @parser.c:1799
[QTS:EMIT] pos=840 u32=0x00000255 (597) @parser.c:1777
[QTS:EMIT] pos=844 u16=0x0011 (17) @parser.c:1772
[QTS:EMIT] pos=846 op=200 @parser.c:1786
[QTS:EMIT] pos=847 u32=0x00008876 (34934) @parser.c:1788
[QTS:EMIT] pos=851 op=165 @parser.c:1799
[QTS:EMIT] pos=852 op=17 @parser.c:1799
[QTS:EMIT] pos=853 op=108 @parser.c:1799
[QTS:EMIT] pos=854 u32=0x00000013 (19) @parser.c:1777
[QTS:EMIT] pos=858 op=14 @parser.c:1799
[QTS:EMIT] pos=859 op=200 @parser.c:1786
[QTS:EMIT] pos=860 u32=0x0000887d (34941) @parser.c:1788
[QTS:EMIT] pos=864 op=186 @parser.c:1799
[QTS:EMIT] pos=865 u32=0x00000240 (576) @parser.c:1777
[QTS:EMIT] pos=869 u16=0x0011 (17) @parser.c:1772
[QTS:EMIT] pos=871 op=200 @parser.c:1786
[QTS:EMIT] pos=872 u32=0x00008885 (34949) @parser.c:1788
[QTS:EMIT] pos=876 op=186 @parser.c:1799
[QTS:EMIT] pos=877 u32=0x00000244 (580) @parser.c:1777
[QTS:EMIT] pos=881 u16=0x0011 (17) @parser.c:1772
[QTS:EMIT] pos=883 op=200 @parser.c:1786
[QTS:EMIT] pos=884 u32=0x00008889 (34953) @parser.c:1788
[QTS:EMIT] pos=888 op=186 @parser.c:1799
[QTS:EMIT] pos=889 u32=0x00000236 (566) @parser.c:1777
[QTS:EMIT] pos=893 u16=0x0011 (17) @parser.c:1772
[QTS:EMIT] pos=895 op=200 @parser.c:1786
[QTS:EMIT] pos=896 u32=0x00008888 (34952) @parser.c:1788
[QTS:EMIT] pos=900 op=72 @parser.c:1799
[QTS:EMIT] pos=901 op=200 @parser.c:1786
[QTS:EMIT] pos=902 u32=0x00008884 (34948) @parser.c:1788
[QTS:EMIT] pos=906 op=34 @parser.c:1799
[QTS:EMIT] pos=907 u16=0x0001 (1) @parser.c:1772
[QTS:EMIT] pos=909 op=184 @parser.c:1799
[QTS:EMIT] pos=910 u32=0x00000013 (19) @parser.c:1777
[QTS:EMIT] pos=914 op=108 @parser.c:1799
[QTS:EMIT] pos=915 u32=0x00000012 (18) @parser.c:1777
[QTS:EMIT] pos=919 op=200 @parser.c:1786
[QTS:EMIT] pos=920 u32=0x000088a6 (34982) @parser.c:1788
[QTS:EMIT] pos=924 op=186 @parser.c:1799
[QTS:EMIT] pos=925 u32=0x00000236 (566) @parser.c:1777
[QTS:EMIT] pos=929 u16=0x0011 (17) @parser.c:1772
[QTS:EMIT] pos=924 op=189 @parser.c:1799
[QTS:EMIT] pos=925 atom=566 @parser.c:1807
[QTS:EMIT] pos=929 u32=0x00000014 (20) @parser.c:1777
[QTS:EMIT] pos=933 u16=0x0011 (17) @parser.c:1772
[QTS:EMIT] pos=935 op=61 @parser.c:1799
[QTS:EMIT] pos=936 op=200 @parser.c:1786
[QTS:EMIT] pos=937 u32=0x000088a7 (34983) @parser.c:1788
[QTS:EMIT] pos=941 op=147 @parser.c:1799
[QTS:EMIT] pos=942 op=184 @parser.c:1799
[QTS:EMIT] pos=943 u32=0x00000014 (20) @parser.c:1777
[QTS:EMIT] pos=947 op=25 @parser.c:1799
[QTS:EMIT] pos=948 op=62 @parser.c:1799
[QTS:EMIT] pos=949 op=14 @parser.c:1799
[QTS:EMIT] pos=950 op=110 @parser.c:1799
[QTS:EMIT] pos=951 u32=0x00000011 (17) @parser.c:1777
[QTS:EMIT] pos=955 op=184 @parser.c:1799
[QTS:EMIT] pos=956 u32=0x00000012 (18) @parser.c:1777
[QTS:EMIT] pos=960 op=183 @parser.c:1799
[QTS:EMIT] pos=961 u16=0x0011 (17) @parser.c:1772
[QTS:EMIT] pos=963 op=183 @parser.c:1799
[QTS:EMIT] pos=964 u16=0x0010 (16) @parser.c:1772
[QTS:EMIT] pos=966 op=183 @parser.c:1799
[QTS:EMIT] pos=967 u16=0x0002 (2) @parser.c:1772
[QTS:EMIT] pos=969 op=110 @parser.c:1799
[QTS:EMIT] pos=970 u32=0x00000002 (2) @parser.c:1777
[QTS:SCOPE] leave: idx=17
[QTS:SCOPE] pop: level=17
[QTS:EMIT] pos=974 op=183 @parser.c:1799
[QTS:EMIT] pos=975 u16=0x0011 (17) @parser.c:1772
[QTS:EMIT] pos=977 op=184 @parser.c:1799
[QTS:EMIT] pos=978 u32=0x00000010 (16) @parser.c:1777
[QTS:SCOPE] leave: idx=16
[QTS:SCOPE] pop: level=16
[QTS:EMIT] pos=982 op=183 @parser.c:1799
[QTS:EMIT] pos=983 u16=0x0010 (16) @parser.c:1772
[QTS:SCOPE] leave: idx=2
[QTS:SCOPE] pop: level=2
[QTS:EMIT] pos=985 op=183 @parser.c:1799
[QTS:EMIT] pos=986 u16=0x0002 (2) @parser.c:1772
[QTS:EMIT] pos=988 op=110 @parser.c:1799
[QTS:EMIT] pos=989 u32=0x00000001 (1) @parser.c:1777
[QTS:EMIT] pos=993 op=184 @parser.c:1799
[QTS:EMIT] pos=994 u32=0x00000002 (2) @parser.c:1777
[QTS:EMIT] pos=998 op=41 @parser.c:1799
[QTS:SCOPE] push: level=1 first_var=-1
[QTS:SCOPE] enter: idx=1 is_body=0
[QTS:EMIT] pos=0 op=182 @parser.c:1799
[QTS:EMIT] pos=1 u16=0x0001 (1) @parser.c:1772
[QTS:EMIT] pos=3 op=200 @parser.c:1786
[QTS:EMIT] pos=4 u32=0x0000891e (35102) @parser.c:1788
[QTS:EMIT] pos=8 op=186 @parser.c:1799
[QTS:EMIT] pos=9 u32=0x00000252 (594) @parser.c:1777
[QTS:EMIT] pos=13 u16=0x0001 (1) @parser.c:1772
[QTS:EMIT] pos=8 op=189 @parser.c:1799
[QTS:EMIT] pos=9 atom=594 @parser.c:1807
[QTS:EMIT] pos=13 u32=0x00000000 (0) @parser.c:1777
[QTS:EMIT] pos=17 u16=0x0001 (1) @parser.c:1772
[QTS:ASSIGN] lvalue: opcode=61 scope=1 atom=594 label=0
[QTS:EMIT] pos=19 op=4 @parser.c:1799
[QTS:EMIT] pos=20 u32=0x00000048 (72) @parser.c:1777
[QTS:EMIT] pos=24 op=184 @parser.c:1799
[QTS:EMIT] pos=25 u32=0x00000000 (0) @parser.c:1777
[QTS:EMIT] pos=29 op=22 @parser.c:1799
[QTS:EMIT] pos=30 op=62 @parser.c:1799
[QTS:EMIT] pos=31 op=14 @parser.c:1799
[QTS:EMIT] pos=32 op=184 @parser.c:1799
[QTS:EMIT] pos=33 u32=0x00000001 (1) @parser.c:1777
[QTS:EMIT] pos=37 op=200 @parser.c:1786
[QTS:EMIT] pos=38 u32=0x00008943 (35139) @parser.c:1788
[QTS:EMIT] pos=42 op=186 @parser.c:1799
[QTS:EMIT] pos=43 u32=0x00000236 (566) @parser.c:1777
[QTS:EMIT] pos=47 u16=0x0001 (1) @parser.c:1772
[QTS:EMIT] pos=49 op=200 @parser.c:1786
[QTS:EMIT] pos=50 u32=0x00008947 (35143) @parser.c:1788
[QTS:EMIT] pos=54 op=186 @parser.c:1799
[QTS:EMIT] pos=55 u32=0x00000255 (597) @parser.c:1777
[QTS:EMIT] pos=59 u16=0x0001 (1) @parser.c:1772
[QTS:EMIT] pos=61 op=200 @parser.c:1786
[QTS:EMIT] pos=62 u32=0x00008945 (35141) @parser.c:1788
[QTS:EMIT] pos=66 op=165 @parser.c:1799
[QTS:EMIT] pos=67 op=17 @parser.c:1799
[QTS:EMIT] pos=68 op=108 @parser.c:1799
[QTS:EMIT] pos=69 u32=0x00000003 (3) @parser.c:1777
[QTS:EMIT] pos=73 op=14 @parser.c:1799
[QTS:EMIT] pos=74 op=200 @parser.c:1786
[QTS:EMIT] pos=75 u32=0x0000894d (35149) @parser.c:1788
[QTS:EMIT] pos=79 op=186 @parser.c:1799
[QTS:EMIT] pos=80 u32=0x00000240 (576) @parser.c:1777
[QTS:EMIT] pos=84 u16=0x0001 (1) @parser.c:1772
[QTS:EMIT] pos=86 op=200 @parser.c:1786
[QTS:EMIT] pos=87 u32=0x00008955 (35157) @parser.c:1788
[QTS:EMIT] pos=91 op=186 @parser.c:1799
[QTS:EMIT] pos=92 u32=0x00000244 (580) @parser.c:1777
[QTS:EMIT] pos=96 u16=0x0001 (1) @parser.c:1772
[QTS:EMIT] pos=98 op=200 @parser.c:1786
[QTS:EMIT] pos=99 u32=0x00008959 (35161) @parser.c:1788
[QTS:EMIT] pos=103 op=186 @parser.c:1799
[QTS:EMIT] pos=104 u32=0x00000236 (566) @parser.c:1777
[QTS:EMIT] pos=108 u16=0x0001 (1) @parser.c:1772
[QTS:EMIT] pos=110 op=200 @parser.c:1786
[QTS:EMIT] pos=111 u32=0x00008958 (35160) @parser.c:1788
[QTS:EMIT] pos=115 op=72 @parser.c:1799
[QTS:EMIT] pos=116 op=200 @parser.c:1786
[QTS:EMIT] pos=117 u32=0x00008954 (35156) @parser.c:1788
[QTS:EMIT] pos=121 op=34 @parser.c:1799
[QTS:EMIT] pos=122 u16=0x0001 (1) @parser.c:1772
[QTS:EMIT] pos=124 op=17 @parser.c:1799
[QTS:EMIT] pos=125 op=109 @parser.c:1799
[QTS:EMIT] pos=126 u32=0x00000004 (4) @parser.c:1777
[QTS:EMIT] pos=130 op=14 @parser.c:1799
[QTS:EMIT] pos=131 op=200 @parser.c:1786
[QTS:EMIT] pos=132 u32=0x00008961 (35169) @parser.c:1788
[QTS:EMIT] pos=136 op=186 @parser.c:1799
[QTS:EMIT] pos=137 u32=0x00000244 (580) @parser.c:1777
[QTS:EMIT] pos=141 u16=0x0001 (1) @parser.c:1772
[QTS:EMIT] pos=143 op=200 @parser.c:1786
[QTS:EMIT] pos=144 u32=0x00008965 (35173) @parser.c:1788
[QTS:EMIT] pos=148 op=186 @parser.c:1799
[QTS:EMIT] pos=149 u32=0x00000236 (566) @parser.c:1777
[QTS:EMIT] pos=153 u16=0x0001 (1) @parser.c:1772
[QTS:EMIT] pos=155 op=200 @parser.c:1786
[QTS:EMIT] pos=156 u32=0x00008964 (35172) @parser.c:1788
[QTS:EMIT] pos=160 op=72 @parser.c:1799
[QTS:EMIT] pos=161 op=4 @parser.c:1799
[QTS:EMIT] pos=162 u32=0x0000029a (666) @parser.c:1777
[QTS:EMIT] pos=166 op=200 @parser.c:1786
[QTS:EMIT] pos=167 u32=0x00008968 (35176) @parser.c:1788
[QTS:EMIT] pos=171 op=171 @parser.c:1799
[QTS:EMIT] pos=172 op=17 @parser.c:1799
[QTS:EMIT] pos=173 op=108 @parser.c:1799
[QTS:EMIT] pos=174 u32=0x00000005 (5) @parser.c:1777
[QTS:EMIT] pos=178 op=14 @parser.c:1799
[QTS:EMIT] pos=179 op=200 @parser.c:1786
[QTS:EMIT] pos=180 u32=0x00008973 (35187) @parser.c:1788
[QTS:EMIT] pos=184 op=186 @parser.c:1799
[QTS:EMIT] pos=185 u32=0x00000236 (566) @parser.c:1777
[QTS:EMIT] pos=189 u16=0x0001 (1) @parser.c:1772
[QTS:EMIT] pos=191 op=200 @parser.c:1786
[QTS:EMIT] pos=192 u32=0x00008978 (35192) @parser.c:1788
[QTS:EMIT] pos=196 op=186 @parser.c:1799
[QTS:EMIT] pos=197 u32=0x00000255 (597) @parser.c:1777
[QTS:EMIT] pos=201 u16=0x0001 (1) @parser.c:1772
[QTS:EMIT] pos=203 op=1 @parser.c:1799
[QTS:EMIT] pos=204 u32=0x00000001 (1) @parser.c:1777
[QTS:EMIT] pos=208 op=200 @parser.c:1786
[QTS:EMIT] pos=209 u32=0x0000897a (35194) @parser.c:1788
[QTS:EMIT] pos=213 op=160 @parser.c:1799
[QTS:EMIT] pos=214 op=200 @parser.c:1786
[QTS:EMIT] pos=215 u32=0x00008975 (35189) @parser.c:1788
[QTS:EMIT] pos=219 op=171 @parser.c:1799
[QTS:EMIT] pos=220 op=17 @parser.c:1799
[QTS:EMIT] pos=221 op=109 @parser.c:1799
[QTS:EMIT] pos=222 u32=0x00000006 (6) @parser.c:1777
[QTS:EMIT] pos=226 op=14 @parser.c:1799
[QTS:EMIT] pos=227 op=200 @parser.c:1786
[QTS:EMIT] pos=228 u32=0x00008981 (35201) @parser.c:1788
[QTS:EMIT] pos=232 op=186 @parser.c:1799
[QTS:EMIT] pos=233 u32=0x00000244 (580) @parser.c:1777
[QTS:EMIT] pos=237 u16=0x0001 (1) @parser.c:1772
[QTS:EMIT] pos=239 op=200 @parser.c:1786
[QTS:EMIT] pos=240 u32=0x00008985 (35205) @parser.c:1788
[QTS:EMIT] pos=244 op=186 @parser.c:1799
[QTS:EMIT] pos=245 u32=0x00000236 (566) @parser.c:1777
[QTS:EMIT] pos=249 u16=0x0001 (1) @parser.c:1772
[QTS:EMIT] pos=251 op=1 @parser.c:1799
[QTS:EMIT] pos=252 u32=0x00000001 (1) @parser.c:1777
[QTS:EMIT] pos=256 op=200 @parser.c:1786
[QTS:EMIT] pos=257 u32=0x00008987 (35207) @parser.c:1788
[QTS:EMIT] pos=261 op=159 @parser.c:1799
[QTS:EMIT] pos=262 op=200 @parser.c:1786
[QTS:EMIT] pos=263 u32=0x00008984 (35204) @parser.c:1788
[QTS:EMIT] pos=267 op=72 @parser.c:1799
[QTS:EMIT] pos=268 op=4 @parser.c:1799
[QTS:EMIT] pos=269 u32=0x0000029a (666) @parser.c:1777
[QTS:EMIT] pos=273 op=200 @parser.c:1786
[QTS:EMIT] pos=274 u32=0x0000898c (35212) @parser.c:1788
[QTS:EMIT] pos=278 op=172 @parser.c:1799
[QTS:EMIT] pos=279 op=184 @parser.c:1799
[QTS:EMIT] pos=280 u32=0x00000006 (6) @parser.c:1777
[QTS:EMIT] pos=284 op=184 @parser.c:1799
[QTS:EMIT] pos=285 u32=0x00000005 (5) @parser.c:1777
[QTS:EMIT] pos=289 op=184 @parser.c:1799
[QTS:EMIT] pos=290 u32=0x00000004 (4) @parser.c:1777
[QTS:EMIT] pos=294 op=184 @parser.c:1799
[QTS:EMIT] pos=295 u32=0x00000003 (3) @parser.c:1777
[QTS:EMIT] pos=299 op=108 @parser.c:1799
[QTS:EMIT] pos=300 u32=0x00000002 (2) @parser.c:1777
[QTS:SCOPE] push: level=2 first_var=-1
[QTS:SCOPE] enter: idx=2 is_body=0
[QTS:EMIT] pos=304 op=182 @parser.c:1799
[QTS:EMIT] pos=305 u16=0x0002 (2) @parser.c:1772
[QTS:EMIT] pos=307 op=200 @parser.c:1786
[QTS:EMIT] pos=308 u32=0x000089a9 (35241) @parser.c:1788
[QTS:EMIT] pos=312 op=186 @parser.c:1799
[QTS:EMIT] pos=313 u32=0x00000236 (566) @parser.c:1777
[QTS:EMIT] pos=317 u16=0x0002 (2) @parser.c:1772
[QTS:EMIT] pos=312 op=189 @parser.c:1799
[QTS:EMIT] pos=313 atom=566 @parser.c:1807
[QTS:EMIT] pos=317 u32=0x00000007 (7) @parser.c:1777
[QTS:EMIT] pos=321 u16=0x0002 (2) @parser.c:1772
[QTS:EMIT] pos=323 op=61 @parser.c:1799
[QTS:EMIT] pos=324 op=200 @parser.c:1786
[QTS:EMIT] pos=325 u32=0x000089aa (35242) @parser.c:1788
[QTS:EMIT] pos=329 op=147 @parser.c:1799
[QTS:EMIT] pos=330 op=184 @parser.c:1799
[QTS:EMIT] pos=331 u32=0x00000007 (7) @parser.c:1777
[QTS:EMIT] pos=335 op=25 @parser.c:1799
[QTS:EMIT] pos=336 op=62 @parser.c:1799
[QTS:EMIT] pos=337 op=14 @parser.c:1799
[QTS:SCOPE] leave: idx=2
[QTS:SCOPE] pop: level=2
[QTS:EMIT] pos=338 op=183 @parser.c:1799
[QTS:EMIT] pos=339 u16=0x0002 (2) @parser.c:1772
[QTS:EMIT] pos=341 op=110 @parser.c:1799
[QTS:EMIT] pos=342 u32=0x00000001 (1) @parser.c:1777
[QTS:EMIT] pos=346 op=184 @parser.c:1799
[QTS:EMIT] pos=347 u32=0x00000002 (2) @parser.c:1777
[QTS:EMIT] pos=351 op=41 @parser.c:1799
[QTS:EMIT] pos=78 op=4 @parser.c:1799
[QTS:EMIT] pos=79 u32=0x00000333 (819) @parser.c:1777
[QTS:EMIT] pos=83 op=4 @parser.c:1799
[QTS:EMIT] pos=84 u32=0x00000334 (820) @parser.c:1777
[QTS:EMIT] pos=88 op=200 @parser.c:1786
[QTS:EMIT] pos=89 u32=0x000089e4 (35300) @parser.c:1788
[QTS:EMIT] pos=93 op=159 @parser.c:1799
[QTS:EMIT] pos=94 op=4 @parser.c:1799
[QTS:EMIT] pos=95 u32=0x00000335 (821) @parser.c:1777
[QTS:EMIT] pos=99 op=200 @parser.c:1786
[QTS:EMIT] pos=100 u32=0x00008a2a (35370) @parser.c:1788
[QTS:EMIT] pos=104 op=159 @parser.c:1799
[QTS:EMIT] pos=105 op=4 @parser.c:1799
[QTS:EMIT] pos=106 u32=0x00000336 (822) @parser.c:1777
[QTS:EMIT] pos=110 op=200 @parser.c:1786
[QTS:EMIT] pos=111 u32=0x00008a6a (35434) @parser.c:1788
[QTS:EMIT] pos=115 op=159 @parser.c:1799
[QTS:EMIT] pos=116 op=4 @parser.c:1799
[QTS:EMIT] pos=117 u32=0x00000337 (823) @parser.c:1777
[QTS:EMIT] pos=121 op=200 @parser.c:1786
[QTS:EMIT] pos=122 u32=0x00008aaa (35498) @parser.c:1788
[QTS:EMIT] pos=126 op=159 @parser.c:1799
[QTS:EMIT] pos=127 op=4 @parser.c:1799
[QTS:EMIT] pos=128 u32=0x00000338 (824) @parser.c:1777
[QTS:EMIT] pos=132 op=200 @parser.c:1786
[QTS:EMIT] pos=133 u32=0x00008ae8 (35560) @parser.c:1788
[QTS:EMIT] pos=137 op=159 @parser.c:1799
[QTS:EMIT] pos=138 op=4 @parser.c:1799
[QTS:EMIT] pos=139 u32=0x00000339 (825) @parser.c:1777
[QTS:EMIT] pos=143 op=200 @parser.c:1786
[QTS:EMIT] pos=144 u32=0x00008b2c (35628) @parser.c:1788
[QTS:EMIT] pos=148 op=159 @parser.c:1799
[QTS:EMIT] pos=149 op=4 @parser.c:1799
[QTS:EMIT] pos=150 u32=0x0000033a (826) @parser.c:1777
[QTS:EMIT] pos=154 op=200 @parser.c:1786
[QTS:EMIT] pos=155 u32=0x00008b51 (35665) @parser.c:1788
[QTS:EMIT] pos=159 op=159 @parser.c:1799
[QTS:EMIT] pos=160 op=4 @parser.c:1799
[QTS:EMIT] pos=161 u32=0x0000033b (827) @parser.c:1777
[QTS:EMIT] pos=165 op=200 @parser.c:1786
[QTS:EMIT] pos=166 u32=0x00008b89 (35721) @parser.c:1788
[QTS:EMIT] pos=170 op=159 @parser.c:1799
[QTS:EMIT] pos=171 op=4 @parser.c:1799
[QTS:EMIT] pos=172 u32=0x0000033c (828) @parser.c:1777
[QTS:EMIT] pos=176 op=200 @parser.c:1786
[QTS:EMIT] pos=177 u32=0x00008ba9 (35753) @parser.c:1788
[QTS:EMIT] pos=181 op=159 @parser.c:1799
[QTS:EMIT] pos=182 op=187 @parser.c:1799
[QTS:EMIT] pos=183 atom=818 @parser.c:1807
[QTS:EMIT] pos=187 u16=0x0001 (1) @parser.c:1772
[QTS:EMIT] pos=189 op=4 @parser.c:1799
[QTS:EMIT] pos=190 u32=0x0000033e (830) @parser.c:1777
[QTS:EMIT] pos=194 op=187 @parser.c:1799
[QTS:EMIT] pos=195 atom=829 @parser.c:1807
[QTS:EMIT] pos=199 u16=0x0001 (1) @parser.c:1772
[QTS:EMIT] pos=201 op=4 @parser.c:1799
[QTS:EMIT] pos=202 u32=0x00000340 (832) @parser.c:1777
[QTS:EMIT] pos=206 op=187 @parser.c:1799
[QTS:EMIT] pos=207 atom=831 @parser.c:1807
[QTS:EMIT] pos=211 u16=0x0001 (1) @parser.c:1772
[QTS:SCOPE] push: level=1 first_var=-1
[QTS:SCOPE] enter: idx=1 is_body=0
[QTS:EMIT] pos=0 op=182 @parser.c:1799
[QTS:EMIT] pos=1 u16=0x0001 (1) @parser.c:1772
[QTS:EMIT] pos=3 op=200 @parser.c:1786
[QTS:EMIT] pos=4 u32=0x00008c73 (35955) @parser.c:1788
[QTS:EMIT] pos=8 op=186 @parser.c:1799
[QTS:EMIT] pos=9 u32=0x00000328 (808) @parser.c:1777
[QTS:EMIT] pos=13 u16=0x0001 (1) @parser.c:1772
[QTS:EMIT] pos=8 op=189 @parser.c:1799
[QTS:EMIT] pos=9 atom=808 @parser.c:1807
[QTS:EMIT] pos=13 u32=0x00000000 (0) @parser.c:1777
[QTS:EMIT] pos=17 u16=0x0001 (1) @parser.c:1772
[QTS:ASSIGN] lvalue: opcode=61 scope=1 atom=808 label=0
[QTS:EMIT] pos=19 op=1 @parser.c:1799
[QTS:EMIT] pos=20 u32=0x00000001 (1) @parser.c:1777
[QTS:EMIT] pos=24 op=184 @parser.c:1799
[QTS:EMIT] pos=25 u32=0x00000000 (0) @parser.c:1777
[QTS:EMIT] pos=29 op=22 @parser.c:1799
[QTS:EMIT] pos=30 op=62 @parser.c:1799
[QTS:EMIT] pos=31 op=14 @parser.c:1799
[QTS:EMIT] pos=32 op=184 @parser.c:1799
[QTS:EMIT] pos=33 u32=0x00000001 (1) @parser.c:1777
[QTS:EMIT] pos=37 op=200 @parser.c:1786
[QTS:EMIT] pos=38 u32=0x00008c95 (35989) @parser.c:1788
[QTS:EMIT] pos=42 op=186 @parser.c:1799
[QTS:EMIT] pos=43 u32=0x00000236 (566) @parser.c:1777
[QTS:EMIT] pos=47 u16=0x0001 (1) @parser.c:1772
[QTS:EMIT] pos=49 op=200 @parser.c:1786
[QTS:EMIT] pos=50 u32=0x00008c99 (35993) @parser.c:1788
[QTS:EMIT] pos=54 op=186 @parser.c:1799
[QTS:EMIT] pos=55 u32=0x00000255 (597) @parser.c:1777
[QTS:EMIT] pos=59 u16=0x0001 (1) @parser.c:1772
[QTS:EMIT] pos=61 op=200 @parser.c:1786
[QTS:EMIT] pos=62 u32=0x00008c97 (35991) @parser.c:1788
[QTS:EMIT] pos=66 op=165 @parser.c:1799
[QTS:EMIT] pos=67 op=17 @parser.c:1799
[QTS:EMIT] pos=68 op=108 @parser.c:1799
[QTS:EMIT] pos=69 u32=0x00000003 (3) @parser.c:1777
[QTS:EMIT] pos=73 op=14 @parser.c:1799
[QTS:EMIT] pos=74 op=200 @parser.c:1786
[QTS:EMIT] pos=75 u32=0x00008c9e (35998) @parser.c:1788
[QTS:EMIT] pos=79 op=186 @parser.c:1799
[QTS:EMIT] pos=80 u32=0x00000240 (576) @parser.c:1777
[QTS:EMIT] pos=84 u16=0x0001 (1) @parser.c:1772
[QTS:EMIT] pos=86 op=200 @parser.c:1786
[QTS:EMIT] pos=87 u32=0x00008ca6 (36006) @parser.c:1788
[QTS:EMIT] pos=91 op=186 @parser.c:1799
[QTS:EMIT] pos=92 u32=0x00000244 (580) @parser.c:1777
[QTS:EMIT] pos=96 u16=0x0001 (1) @parser.c:1772
[QTS:EMIT] pos=98 op=200 @parser.c:1786
[QTS:EMIT] pos=99 u32=0x00008caa (36010) @parser.c:1788
[QTS:EMIT] pos=103 op=186 @parser.c:1799
[QTS:EMIT] pos=104 u32=0x00000236 (566) @parser.c:1777
[QTS:EMIT] pos=108 u16=0x0001 (1) @parser.c:1772
[QTS:EMIT] pos=110 op=200 @parser.c:1786
[QTS:EMIT] pos=111 u32=0x00008ca9 (36009) @parser.c:1788
[QTS:EMIT] pos=115 op=72 @parser.c:1799
[QTS:EMIT] pos=116 op=200 @parser.c:1786
[QTS:EMIT] pos=117 u32=0x00008ca5 (36005) @parser.c:1788
[QTS:EMIT] pos=121 op=34 @parser.c:1799
[QTS:EMIT] pos=122 u16=0x0001 (1) @parser.c:1772
[QTS:EMIT] pos=124 op=184 @parser.c:1799
[QTS:EMIT] pos=125 u32=0x00000003 (3) @parser.c:1777
[QTS:EMIT] pos=129 op=108 @parser.c:1799
[QTS:EMIT] pos=130 u32=0x00000002 (2) @parser.c:1777
[QTS:EMIT] pos=134 op=200 @parser.c:1786
[QTS:EMIT] pos=135 u32=0x00008cbf (36031) @parser.c:1788
[QTS:EMIT] pos=139 op=186 @parser.c:1799
[QTS:EMIT] pos=140 u32=0x00000236 (566) @parser.c:1777
[QTS:EMIT] pos=144 u16=0x0001 (1) @parser.c:1772
[QTS:EMIT] pos=139 op=189 @parser.c:1799
[QTS:EMIT] pos=140 atom=566 @parser.c:1807
[QTS:EMIT] pos=144 u32=0x00000004 (4) @parser.c:1777
[QTS:EMIT] pos=148 u16=0x0001 (1) @parser.c:1772
[QTS:EMIT] pos=150 op=61 @parser.c:1799
[QTS:EMIT] pos=151 op=200 @parser.c:1786
[QTS:EMIT] pos=152 u32=0x00008cc0 (36032) @parser.c:1788
[QTS:EMIT] pos=156 op=147 @parser.c:1799
[QTS:EMIT] pos=157 op=184 @parser.c:1799
[QTS:EMIT] pos=158 u32=0x00000004 (4) @parser.c:1777
[QTS:EMIT] pos=162 op=25 @parser.c:1799
[QTS:EMIT] pos=163 op=62 @parser.c:1799
[QTS:EMIT] pos=164 op=14 @parser.c:1799
[QTS:EMIT] pos=165 op=110 @parser.c:1799
[QTS:EMIT] pos=166 u32=0x00000001 (1) @parser.c:1777
[QTS:EMIT] pos=170 op=184 @parser.c:1799
[QTS:EMIT] pos=171 u32=0x00000002 (2) @parser.c:1777
[QTS:EMIT] pos=175 op=4 @parser.c:1799
[QTS:EMIT] pos=176 u32=0x00000333 (819) @parser.c:1777
[QTS:EMIT] pos=180 op=200 @parser.c:1786
[QTS:EMIT] pos=181 u32=0x00008cde (36062) @parser.c:1788
[QTS:EMIT] pos=185 op=186 @parser.c:1799
[QTS:EMIT] pos=186 u32=0x00000244 (580) @parser.c:1777
[QTS:EMIT] pos=190 u16=0x0001 (1) @parser.c:1772
[QTS:EMIT] pos=192 op=200 @parser.c:1786
[QTS:EMIT] pos=193 u32=0x00008ce1 (36065) @parser.c:1788
[QTS:EMIT] pos=197 op=66 @parser.c:1799
[QTS:EMIT] pos=198 atom=326 @parser.c:1807
[QTS:EMIT] pos=202 op=200 @parser.c:1786
[QTS:EMIT] pos=203 u32=0x00008cec (36076) @parser.c:1788
[QTS:EMIT] pos=207 op=186 @parser.c:1799
[QTS:EMIT] pos=208 u32=0x0000024f (591) @parser.c:1777
[QTS:EMIT] pos=212 u16=0x0001 (1) @parser.c:1772
[QTS:EMIT] pos=214 op=200 @parser.c:1786
[QTS:EMIT] pos=215 u32=0x00008cf3 (36083) @parser.c:1788
[QTS:EMIT] pos=219 op=186 @parser.c:1799
[QTS:EMIT] pos=220 u32=0x00000236 (566) @parser.c:1777
[QTS:EMIT] pos=224 u16=0x0001 (1) @parser.c:1772
[QTS:EMIT] pos=226 op=200 @parser.c:1786
[QTS:EMIT] pos=227 u32=0x00008ceb (36075) @parser.c:1788
[QTS:EMIT] pos=231 op=36 @parser.c:1799
[QTS:EMIT] pos=232 u16=0x0002 (2) @parser.c:1772
[QTS:EMIT] pos=234 op=200 @parser.c:1786
[QTS:EMIT] pos=235 u32=0x00008cdc (36060) @parser.c:1788
[QTS:EMIT] pos=239 op=159 @parser.c:1799
[QTS:EMIT] pos=240 op=4 @parser.c:1799
[QTS:EMIT] pos=241 u32=0x00000333 (819) @parser.c:1777
[QTS:EMIT] pos=245 op=200 @parser.c:1786
[QTS:EMIT] pos=246 u32=0x00008cf6 (36086) @parser.c:1788
[QTS:EMIT] pos=250 op=159 @parser.c:1799
[QTS:EMIT] pos=251 op=187 @parser.c:1799
[QTS:EMIT] pos=252 atom=834 @parser.c:1807
[QTS:EMIT] pos=256 u16=0x0001 (1) @parser.c:1772
[QTS:SCOPE] push: level=2 first_var=-1
[QTS:SCOPE] enter: idx=2 is_body=0
[QTS:EMIT] pos=258 op=182 @parser.c:1799
[QTS:EMIT] pos=259 u16=0x0002 (2) @parser.c:1772
[QTS:EMIT] pos=261 op=200 @parser.c:1786
[QTS:EMIT] pos=262 u32=0x00008d0d (36109) @parser.c:1788
[QTS:EMIT] pos=266 op=186 @parser.c:1799
[QTS:EMIT] pos=267 u32=0x00000332 (818) @parser.c:1777
[QTS:EMIT] pos=271 u16=0x0002 (2) @parser.c:1772
[QTS:EMIT] pos=273 op=200 @parser.c:1786
[QTS:EMIT] pos=274 u32=0x00008d18 (36120) @parser.c:1788
[QTS:EMIT] pos=278 op=66 @parser.c:1799
[QTS:EMIT] pos=279 atom=273 @parser.c:1807
[QTS:EMIT] pos=283 op=200 @parser.c:1786
[QTS:EMIT] pos=284 u32=0x00008d21 (36129) @parser.c:1788
[QTS:EMIT] pos=288 op=186 @parser.c:1799
[QTS:EMIT] pos=289 u32=0x00000342 (834) @parser.c:1777
[QTS:EMIT] pos=293 u16=0x0002 (2) @parser.c:1772
[QTS:EMIT] pos=295 op=200 @parser.c:1786
[QTS:EMIT] pos=296 u32=0x00008d20 (36128) @parser.c:1788
[QTS:EMIT] pos=300 op=36 @parser.c:1799
[QTS:EMIT] pos=301 u16=0x0001 (1) @parser.c:1772
[QTS:EMIT] pos=303 op=1 @parser.c:1799
[QTS:EMIT] pos=304 u32=0x00000000 (0) @parser.c:1777
[QTS:EMIT] pos=308 op=200 @parser.c:1786
[QTS:EMIT] pos=309 u32=0x00008d24 (36132) @parser.c:1788
[QTS:EMIT] pos=313 op=168 @parser.c:1799
[QTS:EMIT] pos=314 op=108 @parser.c:1799
[QTS:EMIT] pos=315 u32=0x00000005 (5) @parser.c:1777
[QTS:SCOPE] push: level=3 first_var=-1
[QTS:SCOPE] enter: idx=3 is_body=0
[QTS:EMIT] pos=319 op=182 @parser.c:1799
[QTS:EMIT] pos=320 u16=0x0003 (3) @parser.c:1772
[QTS:EMIT] pos=322 op=200 @parser.c:1786
[QTS:EMIT] pos=323 u32=0x00008d3c (36156) @parser.c:1788
[QTS:EMIT] pos=327 op=186 @parser.c:1799
[QTS:EMIT] pos=328 u32=0x00000252 (594) @parser.c:1777
[QTS:EMIT] pos=332 u16=0x0003 (3) @parser.c:1772
[QTS:EMIT] pos=327 op=189 @parser.c:1799
[QTS:EMIT] pos=328 atom=594 @parser.c:1807
[QTS:EMIT] pos=332 u32=0x00000006 (6) @parser.c:1777
[QTS:EMIT] pos=336 u16=0x0003 (3) @parser.c:1772
[QTS:ASSIGN] lvalue: opcode=61 scope=3 atom=594 label=6
[QTS:EMIT] pos=338 op=4 @parser.c:1799
[QTS:EMIT] pos=339 u32=0x00000202 (514) @parser.c:1777
[QTS:EMIT] pos=343 op=184 @parser.c:1799
[QTS:EMIT] pos=344 u32=0x00000006 (6) @parser.c:1777
[QTS:EMIT] pos=348 op=22 @parser.c:1799
[QTS:EMIT] pos=349 op=62 @parser.c:1799
[QTS:EMIT] pos=350 op=14 @parser.c:1799
[QTS:SCOPE] push: level=4 first_var=-1
[QTS:SCOPE] enter: idx=4 is_body=0
[QTS:EMIT] pos=351 op=182 @parser.c:1799
[QTS:EMIT] pos=352 u16=0x0004 (4) @parser.c:1772
[QTS:EMIT] pos=354 op=200 @parser.c:1786
[QTS:EMIT] pos=355 u32=0x00008d63 (36195) @parser.c:1788
[QTS:EMIT] pos=359 op=186 @parser.c:1799
[QTS:EMIT] pos=360 u32=0x0000033d (829) @parser.c:1777
[QTS:EMIT] pos=364 u16=0x0004 (4) @parser.c:1772
[QTS:EMIT] pos=366 op=200 @parser.c:1786
[QTS:EMIT] pos=367 u32=0x00008d6e (36206) @parser.c:1788
[QTS:EMIT] pos=371 op=66 @parser.c:1799
[QTS:EMIT] pos=372 atom=273 @parser.c:1807
[QTS:EMIT] pos=376 op=200 @parser.c:1786
[QTS:EMIT] pos=377 u32=0x00008d77 (36215) @parser.c:1788
[QTS:EMIT] pos=381 op=186 @parser.c:1799
[QTS:EMIT] pos=382 u32=0x00000342 (834) @parser.c:1777
[QTS:EMIT] pos=386 u16=0x0004 (4) @parser.c:1772
[QTS:EMIT] pos=388 op=200 @parser.c:1786
[QTS:EMIT] pos=389 u32=0x00008d76 (36214) @parser.c:1788
[QTS:EMIT] pos=393 op=36 @parser.c:1799
[QTS:EMIT] pos=394 u16=0x0001 (1) @parser.c:1772
[QTS:EMIT] pos=396 op=1 @parser.c:1799
[QTS:EMIT] pos=397 u32=0x00000000 (0) @parser.c:1777
[QTS:EMIT] pos=401 op=200 @parser.c:1786
[QTS:EMIT] pos=402 u32=0x00008d7a (36218) @parser.c:1788
[QTS:EMIT] pos=406 op=168 @parser.c:1799
[QTS:EMIT] pos=407 op=108 @parser.c:1799
[QTS:EMIT] pos=408 u32=0x00000007 (7) @parser.c:1777
[QTS:EMIT] pos=412 op=200 @parser.c:1786
[QTS:EMIT] pos=413 u32=0x00008d94 (36244) @parser.c:1788
[QTS:EMIT] pos=417 op=186 @parser.c:1799
[QTS:EMIT] pos=418 u32=0x00000328 (808) @parser.c:1777
[QTS:EMIT] pos=422 u16=0x0004 (4) @parser.c:1772
[QTS:EMIT] pos=417 op=189 @parser.c:1799
[QTS:EMIT] pos=418 atom=808 @parser.c:1807
[QTS:EMIT] pos=422 u32=0x00000008 (8) @parser.c:1777
[QTS:EMIT] pos=426 u16=0x0004 (4) @parser.c:1772
[QTS:ASSIGN] lvalue: opcode=61 scope=4 atom=808 label=8
[QTS:EMIT] pos=428 op=1 @parser.c:1799
[QTS:EMIT] pos=429 u32=0x00000000 (0) @parser.c:1777
[QTS:EMIT] pos=433 op=184 @parser.c:1799
[QTS:EMIT] pos=434 u32=0x00000008 (8) @parser.c:1777
[QTS:EMIT] pos=438 op=22 @parser.c:1799
[QTS:EMIT] pos=439 op=62 @parser.c:1799
[QTS:EMIT] pos=440 op=14 @parser.c:1799
[QTS:EMIT] pos=441 op=184 @parser.c:1799
[QTS:EMIT] pos=442 u32=0x00000007 (7) @parser.c:1777
[QTS:SCOPE] leave: idx=4
[QTS:SCOPE] pop: level=4
[QTS:EMIT] pos=446 op=183 @parser.c:1799
[QTS:EMIT] pos=447 u16=0x0004 (4) @parser.c:1772
[QTS:EMIT] pos=449 op=200 @parser.c:1786
[QTS:EMIT] pos=450 u32=0x00008db3 (36275) @parser.c:1788
[QTS:EMIT] pos=454 op=41 @parser.c:1799
[QTS:SCOPE] leave: idx=3
[QTS:SCOPE] pop: level=3
[QTS:EMIT] pos=455 op=183 @parser.c:1799
[QTS:EMIT] pos=456 u16=0x0003 (3) @parser.c:1772
[QTS:EMIT] pos=458 op=184 @parser.c:1799
[QTS:EMIT] pos=459 u32=0x00000005 (5) @parser.c:1777
[QTS:SCOPE] leave: idx=2
[QTS:SCOPE] pop: level=2
[QTS:EMIT] pos=463 op=183 @parser.c:1799
[QTS:EMIT] pos=464 u16=0x0002 (2) @parser.c:1772
[QTS:EMIT] pos=466 op=200 @parser.c:1786
[QTS:EMIT] pos=467 u32=0x00008dde (36318) @parser.c:1788
[QTS:EMIT] pos=471 op=186 @parser.c:1799
[QTS:EMIT] pos=472 u32=0x00000236 (566) @parser.c:1777
[QTS:EMIT] pos=476 u16=0x0001 (1) @parser.c:1772
[QTS:EMIT] pos=478 op=187 @parser.c:1799
[QTS:EMIT] pos=479 atom=835 @parser.c:1807
[QTS:EMIT] pos=483 u16=0x0001 (1) @parser.c:1772
[QTS:EMIT] pos=485 op=184 @parser.c:1799
[QTS:EMIT] pos=486 u32=0x00000009 (9) @parser.c:1777
[QTS:EMIT] pos=490 op=200 @parser.c:1786
[QTS:EMIT] pos=491 u32=0x00008df4 (36340) @parser.c:1788
[QTS:EMIT] pos=495 op=186 @parser.c:1799
[QTS:EMIT] pos=496 u32=0x00000343 (835) @parser.c:1777
[QTS:EMIT] pos=500 u16=0x0001 (1) @parser.c:1772
[QTS:EMIT] pos=502 op=200 @parser.c:1786
[QTS:EMIT] pos=503 u32=0x00008df9 (36345) @parser.c:1788
[QTS:EMIT] pos=507 op=186 @parser.c:1799
[QTS:EMIT] pos=508 u32=0x00000255 (597) @parser.c:1777
[QTS:EMIT] pos=512 u16=0x0001 (1) @parser.c:1772
[QTS:EMIT] pos=514 op=200 @parser.c:1786
[QTS:EMIT] pos=515 u32=0x00008df7 (36343) @parser.c:1788
[QTS:EMIT] pos=519 op=165 @parser.c:1799
[QTS:EMIT] pos=520 op=17 @parser.c:1799
[QTS:EMIT] pos=521 op=108 @parser.c:1799
[QTS:EMIT] pos=522 u32=0x0000000b (11) @parser.c:1777
[QTS:EMIT] pos=526 op=14 @parser.c:1799
[QTS:EMIT] pos=527 op=200 @parser.c:1786
[QTS:EMIT] pos=528 u32=0x00008dfe (36350) @parser.c:1788
[QTS:EMIT] pos=532 op=186 @parser.c:1799
[QTS:EMIT] pos=533 u32=0x00000244 (580) @parser.c:1777
[QTS:EMIT] pos=537 u16=0x0001 (1) @parser.c:1772
[QTS:EMIT] pos=539 op=200 @parser.c:1786
[QTS:EMIT] pos=540 u32=0x00008e02 (36354) @parser.c:1788
[QTS:EMIT] pos=544 op=186 @parser.c:1799
[QTS:EMIT] pos=545 u32=0x00000343 (835) @parser.c:1777
[QTS:EMIT] pos=549 u16=0x0001 (1) @parser.c:1772
[QTS:EMIT] pos=551 op=200 @parser.c:1786
[QTS:EMIT] pos=552 u32=0x00008e01 (36353) @parser.c:1788
[QTS:EMIT] pos=556 op=72 @parser.c:1799
[QTS:EMIT] pos=557 op=4 @parser.c:1799
[QTS:EMIT] pos=558 u32=0x000002ee (750) @parser.c:1777
[QTS:EMIT] pos=562 op=200 @parser.c:1786
[QTS:EMIT] pos=563 u32=0x00008e06 (36358) @parser.c:1788
[QTS:EMIT] pos=567 op=171 @parser.c:1799
[QTS:EMIT] pos=568 op=184 @parser.c:1799
[QTS:EMIT] pos=569 u32=0x0000000b (11) @parser.c:1777
[QTS:EMIT] pos=573 op=108 @parser.c:1799
[QTS:EMIT] pos=574 u32=0x0000000a (10) @parser.c:1777
[QTS:EMIT] pos=578 op=200 @parser.c:1786
[QTS:EMIT] pos=579 u32=0x00008e1e (36382) @parser.c:1788
[QTS:EMIT] pos=583 op=186 @parser.c:1799
[QTS:EMIT] pos=584 u32=0x00000343 (835) @parser.c:1777
[QTS:EMIT] pos=588 u16=0x0001 (1) @parser.c:1772
[QTS:EMIT] pos=583 op=189 @parser.c:1799
[QTS:EMIT] pos=584 atom=835 @parser.c:1807
[QTS:EMIT] pos=588 u32=0x0000000c (12) @parser.c:1777
[QTS:EMIT] pos=592 u16=0x0001 (1) @parser.c:1772
[QTS:EMIT] pos=594 op=61 @parser.c:1799
[QTS:EMIT] pos=595 op=200 @parser.c:1786
[QTS:EMIT] pos=596 u32=0x00008e20 (36384) @parser.c:1788
[QTS:EMIT] pos=600 op=147 @parser.c:1799
[QTS:EMIT] pos=601 op=184 @parser.c:1799
[QTS:EMIT] pos=602 u32=0x0000000c (12) @parser.c:1777
[QTS:EMIT] pos=606 op=25 @parser.c:1799
[QTS:EMIT] pos=607 op=62 @parser.c:1799
[QTS:EMIT] pos=608 op=14 @parser.c:1799
[QTS:EMIT] pos=609 op=110 @parser.c:1799
[QTS:EMIT] pos=610 u32=0x00000009 (9) @parser.c:1777
[QTS:EMIT] pos=614 op=184 @parser.c:1799
[QTS:EMIT] pos=615 u32=0x0000000a (10) @parser.c:1777
[QTS:SCOPE] push: level=5 first_var=-1
[QTS:SCOPE] enter: idx=5 is_body=0
[QTS:EMIT] pos=619 op=182 @parser.c:1799
[QTS:EMIT] pos=620 u16=0x0005 (5) @parser.c:1772
[QTS:EMIT] pos=622 op=200 @parser.c:1786
[QTS:EMIT] pos=623 u32=0x00008e34 (36404) @parser.c:1788
[QTS:EMIT] pos=627 op=186 @parser.c:1799
[QTS:EMIT] pos=628 u32=0x00000343 (835) @parser.c:1777
[QTS:EMIT] pos=632 u16=0x0005 (5) @parser.c:1772
[QTS:EMIT] pos=634 op=200 @parser.c:1786
[QTS:EMIT] pos=635 u32=0x00008e39 (36409) @parser.c:1788
[QTS:EMIT] pos=639 op=186 @parser.c:1799
[QTS:EMIT] pos=640 u32=0x00000255 (597) @parser.c:1777
[QTS:EMIT] pos=644 u16=0x0005 (5) @parser.c:1772
[QTS:EMIT] pos=646 op=200 @parser.c:1786
[QTS:EMIT] pos=647 u32=0x00008e37 (36407) @parser.c:1788
[QTS:EMIT] pos=651 op=165 @parser.c:1799
[QTS:EMIT] pos=652 op=17 @parser.c:1799
[QTS:EMIT] pos=653 op=108 @parser.c:1799
[QTS:EMIT] pos=654 u32=0x0000000d (13) @parser.c:1777
[QTS:EMIT] pos=658 op=14 @parser.c:1799
[QTS:EMIT] pos=659 op=200 @parser.c:1786
[QTS:EMIT] pos=660 u32=0x00008e3e (36414) @parser.c:1788
[QTS:EMIT] pos=664 op=186 @parser.c:1799
[QTS:EMIT] pos=665 u32=0x00000244 (580) @parser.c:1777
[QTS:EMIT] pos=669 u16=0x0005 (5) @parser.c:1772
[QTS:EMIT] pos=671 op=200 @parser.c:1786
[QTS:EMIT] pos=672 u32=0x00008e42 (36418) @parser.c:1788
[QTS:EMIT] pos=676 op=186 @parser.c:1799
[QTS:EMIT] pos=677 u32=0x00000343 (835) @parser.c:1777
[QTS:EMIT] pos=681 u16=0x0005 (5) @parser.c:1772
[QTS:EMIT] pos=683 op=200 @parser.c:1786
[QTS:EMIT] pos=684 u32=0x00008e41 (36417) @parser.c:1788
[QTS:EMIT] pos=688 op=72 @parser.c:1799
[QTS:EMIT] pos=689 op=4 @parser.c:1799
[QTS:EMIT] pos=690 u32=0x000002b1 (689) @parser.c:1777
[QTS:EMIT] pos=694 op=200 @parser.c:1786
[QTS:EMIT] pos=695 u32=0x00008e46 (36422) @parser.c:1788
[QTS:EMIT] pos=699 op=171 @parser.c:1799
[QTS:EMIT] pos=700 op=184 @parser.c:1799
[QTS:EMIT] pos=701 u32=0x0000000d (13) @parser.c:1777
[QTS:EMIT] pos=705 op=108 @parser.c:1799
[QTS:EMIT] pos=706 u32=0x0000000e (14) @parser.c:1777
[QTS:SCOPE] push: level=6 first_var=-1
[QTS:SCOPE] enter: idx=6 is_body=0
[QTS:EMIT] pos=710 op=182 @parser.c:1799
[QTS:EMIT] pos=711 u16=0x0006 (6) @parser.c:1772
[QTS:EMIT] pos=713 op=200 @parser.c:1786
[QTS:EMIT] pos=714 u32=0x00008e60 (36448) @parser.c:1788
[QTS:EMIT] pos=718 op=186 @parser.c:1799
[QTS:EMIT] pos=719 u32=0x00000252 (594) @parser.c:1777
[QTS:EMIT] pos=723 u16=0x0006 (6) @parser.c:1772
[QTS:EMIT] pos=718 op=189 @parser.c:1799
[QTS:EMIT] pos=719 atom=594 @parser.c:1807
[QTS:EMIT] pos=723 u32=0x0000000f (15) @parser.c:1777
[QTS:EMIT] pos=727 u16=0x0006 (6) @parser.c:1772
[QTS:ASSIGN] lvalue: opcode=61 scope=6 atom=594 label=15
[QTS:EMIT] pos=729 op=4 @parser.c:1799
[QTS:EMIT] pos=730 u32=0x0000001b (27) @parser.c:1777
[QTS:EMIT] pos=734 op=184 @parser.c:1799
[QTS:EMIT] pos=735 u32=0x0000000f (15) @parser.c:1777
[QTS:EMIT] pos=739 op=22 @parser.c:1799
[QTS:EMIT] pos=740 op=62 @parser.c:1799
[QTS:EMIT] pos=741 op=14 @parser.c:1799
[QTS:EMIT] pos=742 op=200 @parser.c:1786
[QTS:EMIT] pos=743 u32=0x00008e84 (36484) @parser.c:1788
[QTS:EMIT] pos=747 op=41 @parser.c:1799
[QTS:SCOPE] leave: idx=6
[QTS:SCOPE] pop: level=6
[QTS:EMIT] pos=748 op=183 @parser.c:1799
[QTS:EMIT] pos=749 u16=0x0006 (6) @parser.c:1772
[QTS:EMIT] pos=751 op=184 @parser.c:1799
[QTS:EMIT] pos=752 u32=0x0000000e (14) @parser.c:1777
[QTS:SCOPE] leave: idx=5
[QTS:SCOPE] pop: level=5
[QTS:EMIT] pos=756 op=183 @parser.c:1799
[QTS:EMIT] pos=757 u16=0x0005 (5) @parser.c:1772
[QTS:SCOPE] push: level=7 first_var=-1
[QTS:SCOPE] enter: idx=7 is_body=0
[QTS:EMIT] pos=759 op=182 @parser.c:1799
[QTS:EMIT] pos=760 u16=0x0007 (7) @parser.c:1772
[QTS:EMIT] pos=762 op=200 @parser.c:1786
[QTS:EMIT] pos=763 u32=0x00008eaa (36522) @parser.c:1788
[QTS:EMIT] pos=767 op=186 @parser.c:1799
[QTS:EMIT] pos=768 u32=0x0000033f (831) @parser.c:1777
[QTS:EMIT] pos=772 u16=0x0007 (7) @parser.c:1772
[QTS:EMIT] pos=774 op=200 @parser.c:1786
[QTS:EMIT] pos=775 u32=0x00008eb2 (36530) @parser.c:1788
[QTS:EMIT] pos=779 op=66 @parser.c:1799
[QTS:EMIT] pos=780 atom=273 @parser.c:1807
[QTS:EMIT] pos=784 op=200 @parser.c:1786
[QTS:EMIT] pos=785 u32=0x00008ebb (36539) @parser.c:1788
[QTS:EMIT] pos=789 op=186 @parser.c:1799
[QTS:EMIT] pos=790 u32=0x00000342 (834) @parser.c:1777
[QTS:EMIT] pos=794 u16=0x0007 (7) @parser.c:1772
[QTS:EMIT] pos=796 op=200 @parser.c:1786
[QTS:EMIT] pos=797 u32=0x00008eba (36538) @parser.c:1788
[QTS:EMIT] pos=801 op=36 @parser.c:1799
[QTS:EMIT] pos=802 u16=0x0001 (1) @parser.c:1772
[QTS:EMIT] pos=804 op=1 @parser.c:1799
[QTS:EMIT] pos=805 u32=0x00000000 (0) @parser.c:1777
[QTS:EMIT] pos=809 op=200 @parser.c:1786
[QTS:EMIT] pos=810 u32=0x00008ebe (36542) @parser.c:1788
[QTS:EMIT] pos=814 op=168 @parser.c:1799
[QTS:EMIT] pos=815 op=108 @parser.c:1799
[QTS:EMIT] pos=816 u32=0x00000010 (16) @parser.c:1777
[QTS:SCOPE] push: level=8 first_var=-1
[QTS:SCOPE] enter: idx=8 is_body=0
[QTS:EMIT] pos=820 op=182 @parser.c:1799
[QTS:EMIT] pos=821 u16=0x0008 (8) @parser.c:1772
[QTS:EMIT] pos=823 op=200 @parser.c:1786
[QTS:EMIT] pos=824 u32=0x00008ed6 (36566) @parser.c:1788
[QTS:EMIT] pos=828 op=186 @parser.c:1799
[QTS:EMIT] pos=829 u32=0x00000252 (594) @parser.c:1777
[QTS:EMIT] pos=833 u16=0x0008 (8) @parser.c:1772
[QTS:EMIT] pos=828 op=189 @parser.c:1799
[QTS:EMIT] pos=829 atom=594 @parser.c:1807
[QTS:EMIT] pos=833 u32=0x00000011 (17) @parser.c:1777
[QTS:EMIT] pos=837 u16=0x0008 (8) @parser.c:1772
[QTS:ASSIGN] lvalue: opcode=61 scope=8 atom=594 label=17
[QTS:EMIT] pos=839 op=4 @parser.c:1799
[QTS:EMIT] pos=840 u32=0x00000203 (515) @parser.c:1777
[QTS:EMIT] pos=844 op=184 @parser.c:1799
[QTS:EMIT] pos=845 u32=0x00000011 (17) @parser.c:1777
[QTS:EMIT] pos=849 op=22 @parser.c:1799
[QTS:EMIT] pos=850 op=62 @parser.c:1799
[QTS:EMIT] pos=851 op=14 @parser.c:1799
[QTS:EMIT] pos=852 op=200 @parser.c:1786
[QTS:EMIT] pos=853 u32=0x00008ef6 (36598) @parser.c:1788
[QTS:EMIT] pos=857 op=41 @parser.c:1799
[QTS:SCOPE] leave: idx=8
[QTS:SCOPE] pop: level=8
[QTS:EMIT] pos=858 op=183 @parser.c:1799
[QTS:EMIT] pos=859 u16=0x0008 (8) @parser.c:1772
[QTS:EMIT] pos=861 op=184 @parser.c:1799
[QTS:EMIT] pos=862 u32=0x00000010 (16) @parser.c:1777
[QTS:SCOPE] leave: idx=7
[QTS:SCOPE] pop: level=7
[QTS:EMIT] pos=866 op=183 @parser.c:1799
[QTS:EMIT] pos=867 u16=0x0007 (7) @parser.c:1772
[QTS:EMIT] pos=869 op=200 @parser.c:1786
[QTS:EMIT] pos=870 u32=0x00008f18 (36632) @parser.c:1788
[QTS:EMIT] pos=874 op=186 @parser.c:1799
[QTS:EMIT] pos=875 u32=0x00000252 (594) @parser.c:1777
[QTS:EMIT] pos=879 u16=0x0001 (1) @parser.c:1772
[QTS:EMIT] pos=874 op=189 @parser.c:1799
[QTS:EMIT] pos=875 atom=594 @parser.c:1807
[QTS:EMIT] pos=879 u32=0x00000012 (18) @parser.c:1777
[QTS:EMIT] pos=883 u16=0x0001 (1) @parser.c:1772
[QTS:ASSIGN] lvalue: opcode=61 scope=1 atom=594 label=18
[QTS:EMIT] pos=885 op=4 @parser.c:1799
[QTS:EMIT] pos=886 u32=0x00000204 (516) @parser.c:1777
[QTS:EMIT] pos=890 op=184 @parser.c:1799
[QTS:EMIT] pos=891 u32=0x00000012 (18) @parser.c:1777
[QTS:EMIT] pos=895 op=22 @parser.c:1799
[QTS:EMIT] pos=896 op=62 @parser.c:1799
[QTS:EMIT] pos=897 op=14 @parser.c:1799
[QTS:EMIT] pos=898 op=200 @parser.c:1786
[QTS:EMIT] pos=899 u32=0x00008f3a (36666) @parser.c:1788
[QTS:EMIT] pos=903 op=186 @parser.c:1799
[QTS:EMIT] pos=904 u32=0x00000328 (808) @parser.c:1777
[QTS:EMIT] pos=908 u16=0x0001 (1) @parser.c:1772
[QTS:EMIT] pos=903 op=189 @parser.c:1799
[QTS:EMIT] pos=904 atom=808 @parser.c:1807
[QTS:EMIT] pos=908 u32=0x00000013 (19) @parser.c:1777
[QTS:EMIT] pos=912 u16=0x0001 (1) @parser.c:1772
[QTS:ASSIGN] lvalue: opcode=61 scope=1 atom=808 label=19
[QTS:EMIT] pos=914 op=1 @parser.c:1799
[QTS:EMIT] pos=915 u32=0x00000000 (0) @parser.c:1777
[QTS:EMIT] pos=919 op=184 @parser.c:1799
[QTS:EMIT] pos=920 u32=0x00000013 (19) @parser.c:1777
[QTS:EMIT] pos=924 op=22 @parser.c:1799
[QTS:EMIT] pos=925 op=62 @parser.c:1799
[QTS:EMIT] pos=926 op=14 @parser.c:1799
[QTS:EMIT] pos=927 op=41 @parser.c:1799
[QTS:SCOPE] push: level=1 first_var=-1
[QTS:SCOPE] enter: idx=1 is_body=0
[QTS:EMIT] pos=0 op=182 @parser.c:1799
[QTS:EMIT] pos=1 u16=0x0001 (1) @parser.c:1772
[QTS:EMIT] pos=3 op=184 @parser.c:1799
[QTS:EMIT] pos=4 u32=0x00000000 (0) @parser.c:1777
[QTS:EMIT] pos=8 op=200 @parser.c:1786
[QTS:EMIT] pos=9 u32=0x00008f8d (36749) @parser.c:1788
[QTS:EMIT] pos=13 op=186 @parser.c:1799
[QTS:EMIT] pos=14 u32=0x000002a2 (674) @parser.c:1777
[QTS:EMIT] pos=18 u16=0x0001 (1) @parser.c:1772
[QTS:EMIT] pos=20 op=200 @parser.c:1786
[QTS:EMIT] pos=21 u32=0x00008f8e (36750) @parser.c:1788
[QTS:EMIT] pos=25 op=66 @parser.c:1799
[QTS:EMIT] pos=26 atom=48 @parser.c:1807
[QTS:EMIT] pos=30 op=200 @parser.c:1786
[QTS:EMIT] pos=31 u32=0x00008f98 (36760) @parser.c:1788
[QTS:EMIT] pos=35 op=186 @parser.c:1799
[QTS:EMIT] pos=36 u32=0x0000007c (124) @parser.c:1777
[QTS:EMIT] pos=40 u16=0x0001 (1) @parser.c:1772
[QTS:EMIT] pos=42 op=200 @parser.c:1786
[QTS:EMIT] pos=43 u32=0x00008f96 (36758) @parser.c:1788
[QTS:EMIT] pos=47 op=165 @parser.c:1799
[QTS:EMIT] pos=48 op=108 @parser.c:1799
[QTS:EMIT] pos=49 u32=0x00000001 (1) @parser.c:1777
[QTS:EMIT] pos=53 op=200 @parser.c:1786
[QTS:EMIT] pos=54 u32=0x00008fae (36782) @parser.c:1788
[QTS:EMIT] pos=58 op=186 @parser.c:1799
[QTS:EMIT] pos=59 u32=0x000002a2 (674) @parser.c:1777
[QTS:EMIT] pos=63 u16=0x0001 (1) @parser.c:1772
[QTS:EMIT] pos=65 op=200 @parser.c:1786
[QTS:EMIT] pos=66 u32=0x00008faf (36783) @parser.c:1788
[QTS:EMIT] pos=70 op=66 @parser.c:1799
[QTS:EMIT] pos=71 atom=277 @parser.c:1807
[QTS:EMIT] pos=75 op=4 @parser.c:1799
[QTS:EMIT] pos=76 u32=0x00000016 (22) @parser.c:1777
[QTS:EMIT] pos=80 op=200 @parser.c:1786
[QTS:EMIT] pos=81 u32=0x00008fb4 (36788) @parser.c:1788
[QTS:EMIT] pos=85 op=36 @parser.c:1799
[QTS:EMIT] pos=86 u16=0x0001 (1) @parser.c:1772
[QTS:EMIT] pos=88 op=14 @parser.c:1799
[QTS:EMIT] pos=89 op=110 @parser.c:1799
[QTS:EMIT] pos=90 u32=0x00000000 (0) @parser.c:1777
[QTS:EMIT] pos=94 op=184 @parser.c:1799
[QTS:EMIT] pos=95 u32=0x00000001 (1) @parser.c:1777
[QTS:EMIT] pos=99 op=184 @parser.c:1799
[QTS:EMIT] pos=100 u32=0x00000002 (2) @parser.c:1777
[QTS:EMIT] pos=104 op=200 @parser.c:1786
[QTS:EMIT] pos=105 u32=0x00008fd4 (36820) @parser.c:1788
[QTS:EMIT] pos=109 op=186 @parser.c:1799
[QTS:EMIT] pos=110 u32=0x000002a2 (674) @parser.c:1777
[QTS:EMIT] pos=114 u16=0x0001 (1) @parser.c:1772
[QTS:EMIT] pos=116 op=200 @parser.c:1786
[QTS:EMIT] pos=117 u32=0x00008fd5 (36821) @parser.c:1788
[QTS:EMIT] pos=121 op=66 @parser.c:1799
[QTS:EMIT] pos=122 atom=48 @parser.c:1807
[QTS:EMIT] pos=126 op=200 @parser.c:1786
[QTS:EMIT] pos=127 u32=0x00008fdf (36831) @parser.c:1788
[QTS:EMIT] pos=131 op=186 @parser.c:1799
[QTS:EMIT] pos=132 u32=0x00000345 (837) @parser.c:1777
[QTS:EMIT] pos=136 u16=0x0001 (1) @parser.c:1772
[QTS:EMIT] pos=138 op=200 @parser.c:1786
[QTS:EMIT] pos=139 u32=0x00008fdd (36829) @parser.c:1788
[QTS:EMIT] pos=143 op=165 @parser.c:1799
[QTS:EMIT] pos=144 op=108 @parser.c:1799
[QTS:EMIT] pos=145 u32=0x00000003 (3) @parser.c:1777
[QTS:EMIT] pos=149 op=200 @parser.c:1786
[QTS:EMIT] pos=150 u32=0x00008ff3 (36851) @parser.c:1788
[QTS:EMIT] pos=154 op=186 @parser.c:1799
[QTS:EMIT] pos=155 u32=0x000002a2 (674) @parser.c:1777
[QTS:EMIT] pos=159 u16=0x0001 (1) @parser.c:1772
[QTS:EMIT] pos=161 op=200 @parser.c:1786
[QTS:EMIT] pos=162 u32=0x00008ff4 (36852) @parser.c:1788
[QTS:EMIT] pos=166 op=66 @parser.c:1799
[QTS:EMIT] pos=167 atom=277 @parser.c:1807
[QTS:EMIT] pos=171 op=200 @parser.c:1786
[QTS:EMIT] pos=172 u32=0x00008ffa (36858) @parser.c:1788
[QTS:EMIT] pos=176 op=186 @parser.c:1799
[QTS:EMIT] pos=177 u32=0x00000252 (594) @parser.c:1777
[QTS:EMIT] pos=181 u16=0x0001 (1) @parser.c:1772
[QTS:EMIT] pos=183 op=200 @parser.c:1786
[QTS:EMIT] pos=184 u32=0x00008ff9 (36857) @parser.c:1788
[QTS:EMIT] pos=188 op=36 @parser.c:1799
[QTS:EMIT] pos=189 u16=0x0001 (1) @parser.c:1772
[QTS:EMIT] pos=191 op=14 @parser.c:1799
[QTS:EMIT] pos=192 op=110 @parser.c:1799
[QTS:EMIT] pos=193 u32=0x00000002 (2) @parser.c:1777
[QTS:EMIT] pos=197 op=184 @parser.c:1799
[QTS:EMIT] pos=198 u32=0x00000003 (3) @parser.c:1777
[QTS:EMIT] pos=202 op=41 @parser.c:1799
[QTS:SCOPE] push: level=2 first_var=-1
[QTS:SCOPE] enter: idx=2 is_body=0
[QTS:EMIT] pos=213 op=182 @parser.c:1799
[QTS:EMIT] pos=214 u16=0x0002 (2) @parser.c:1772
[QTS:EMIT] pos=216 op=200 @parser.c:1786
[QTS:EMIT] pos=217 u32=0x00009019 (36889) @parser.c:1788
[QTS:EMIT] pos=221 op=186 @parser.c:1799
[QTS:EMIT] pos=222 u32=0x00000236 (566) @parser.c:1777
[QTS:EMIT] pos=226 u16=0x0002 (2) @parser.c:1772
[QTS:EMIT] pos=221 op=189 @parser.c:1799
[QTS:EMIT] pos=222 atom=566 @parser.c:1807
[QTS:EMIT] pos=226 u32=0x00000000 (0) @parser.c:1777
[QTS:EMIT] pos=230 u16=0x0002 (2) @parser.c:1772
[QTS:ASSIGN] lvalue: opcode=61 scope=2 atom=566 label=0
[QTS:EMIT] pos=232 op=1 @parser.c:1799
[QTS:EMIT] pos=233 u32=0x00000000 (0) @parser.c:1777
[QTS:EMIT] pos=237 op=184 @parser.c:1799
[QTS:EMIT] pos=238 u32=0x00000000 (0) @parser.c:1777
[QTS:EMIT] pos=242 op=22 @parser.c:1799
[QTS:EMIT] pos=243 op=62 @parser.c:1799
[QTS:EMIT] pos=244 op=14 @parser.c:1799
[QTS:EMIT] pos=245 op=183 @parser.c:1799
[QTS:EMIT] pos=246 u16=0x0002 (2) @parser.c:1772
[QTS:EMIT] pos=248 op=184 @parser.c:1799
[QTS:EMIT] pos=249 u32=0x00000001 (1) @parser.c:1777
[QTS:EMIT] pos=253 op=200 @parser.c:1786
[QTS:EMIT] pos=254 u32=0x00009020 (36896) @parser.c:1788
[QTS:EMIT] pos=258 op=186 @parser.c:1799
[QTS:EMIT] pos=259 u32=0x00000236 (566) @parser.c:1777
[QTS:EMIT] pos=263 u16=0x0002 (2) @parser.c:1772
[QTS:EMIT] pos=265 op=200 @parser.c:1786
[QTS:EMIT] pos=266 u32=0x00009024 (36900) @parser.c:1788
[QTS:EMIT] pos=270 op=186 @parser.c:1799
[QTS:EMIT] pos=271 u32=0x00000255 (597) @parser.c:1777
[QTS:EMIT] pos=275 u16=0x0002 (2) @parser.c:1772
[QTS:EMIT] pos=277 op=200 @parser.c:1786
[QTS:EMIT] pos=278 u32=0x00009022 (36898) @parser.c:1788
[QTS:EMIT] pos=282 op=165 @parser.c:1799
[QTS:EMIT] pos=283 op=108 @parser.c:1799
[QTS:EMIT] pos=284 u32=0x00000004 (4) @parser.c:1777
[QTS:EMIT] pos=288 op=184 @parser.c:1799
[QTS:EMIT] pos=289 u32=0x00000003 (3) @parser.c:1777
[QTS:SCOPE] push: level=3 first_var=-1
[QTS:SCOPE] enter: idx=3 is_body=0
[QTS:EMIT] pos=293 op=182 @parser.c:1799
[QTS:EMIT] pos=294 u16=0x0003 (3) @parser.c:1772
[QTS:EMIT] pos=296 op=200 @parser.c:1786
[QTS:EMIT] pos=297 u32=0x00009036 (36918) @parser.c:1788
[QTS:EMIT] pos=301 op=186 @parser.c:1799
[QTS:EMIT] pos=302 u32=0x00000252 (594) @parser.c:1777
[QTS:EMIT] pos=306 u16=0x0003 (3) @parser.c:1772
[QTS:EMIT] pos=301 op=189 @parser.c:1799
[QTS:EMIT] pos=302 atom=594 @parser.c:1807
[QTS:EMIT] pos=306 u32=0x00000005 (5) @parser.c:1777
[QTS:EMIT] pos=310 u16=0x0003 (3) @parser.c:1772
[QTS:ASSIGN] lvalue: opcode=61 scope=3 atom=594 label=5
[QTS:EMIT] pos=312 op=7 @parser.c:1799
[QTS:EMIT] pos=313 op=184 @parser.c:1799
[QTS:EMIT] pos=314 u32=0x00000005 (5) @parser.c:1777
[QTS:EMIT] pos=318 op=22 @parser.c:1799
[QTS:EMIT] pos=319 op=62 @parser.c:1799
[QTS:EMIT] pos=320 op=14 @parser.c:1799
[QTS:EMIT] pos=321 op=200 @parser.c:1786
[QTS:EMIT] pos=322 u32=0x00009050 (36944) @parser.c:1788
[QTS:EMIT] pos=326 op=186 @parser.c:1799
[QTS:EMIT] pos=327 u32=0x0000024f (591) @parser.c:1777
[QTS:EMIT] pos=331 u16=0x0003 (3) @parser.c:1772
[QTS:EMIT] pos=326 op=189 @parser.c:1799
[QTS:EMIT] pos=327 atom=591 @parser.c:1807
[QTS:EMIT] pos=331 u32=0x00000006 (6) @parser.c:1777
[QTS:EMIT] pos=335 u16=0x0003 (3) @parser.c:1772
[QTS:ASSIGN] lvalue: opcode=61 scope=3 atom=591 label=6
[QTS:EMIT] pos=337 op=200 @parser.c:1786
[QTS:EMIT] pos=338 u32=0x00009058 (36952) @parser.c:1788
[QTS:EMIT] pos=342 op=186 @parser.c:1799
[QTS:EMIT] pos=343 u32=0x00000236 (566) @parser.c:1777
[QTS:EMIT] pos=347 u16=0x0003 (3) @parser.c:1772
[QTS:EMIT] pos=349 op=184 @parser.c:1799
[QTS:EMIT] pos=350 u32=0x00000006 (6) @parser.c:1777
[QTS:EMIT] pos=354 op=22 @parser.c:1799
[QTS:EMIT] pos=355 op=62 @parser.c:1799
[QTS:EMIT] pos=356 op=14 @parser.c:1799
[QTS:EMIT] pos=357 op=200 @parser.c:1786
[QTS:EMIT] pos=358 u32=0x0000906f (36975) @parser.c:1788
[QTS:EMIT] pos=362 op=186 @parser.c:1799
[QTS:EMIT] pos=363 u32=0x00000238 (568) @parser.c:1777
[QTS:EMIT] pos=367 u16=0x0003 (3) @parser.c:1772
[QTS:EMIT] pos=362 op=189 @parser.c:1799
[QTS:EMIT] pos=363 atom=568 @parser.c:1807
[QTS:EMIT] pos=367 u32=0x00000007 (7) @parser.c:1777
[QTS:EMIT] pos=371 u16=0x0003 (3) @parser.c:1772
[QTS:ASSIGN] lvalue: opcode=61 scope=3 atom=568 label=7
[QTS:EMIT] pos=373 op=200 @parser.c:1786
[QTS:EMIT] pos=374 u32=0x00009073 (36979) @parser.c:1788
[QTS:EMIT] pos=378 op=186 @parser.c:1799
[QTS:EMIT] pos=379 u32=0x00000244 (580) @parser.c:1777
[QTS:EMIT] pos=383 u16=0x0003 (3) @parser.c:1772
[QTS:EMIT] pos=385 op=200 @parser.c:1786
[QTS:EMIT] pos=386 u32=0x00009077 (36983) @parser.c:1788
[QTS:EMIT] pos=390 op=186 @parser.c:1799
[QTS:EMIT] pos=391 u32=0x00000236 (566) @parser.c:1777
[QTS:EMIT] pos=395 u16=0x0003 (3) @parser.c:1772
[QTS:EMIT] pos=390 op=189 @parser.c:1799
[QTS:EMIT] pos=391 atom=566 @parser.c:1807
[QTS:EMIT] pos=395 u32=0x00000008 (8) @parser.c:1777
[QTS:EMIT] pos=399 u16=0x0003 (3) @parser.c:1772
[QTS:EMIT] pos=401 op=61 @parser.c:1799
[QTS:EMIT] pos=402 op=200 @parser.c:1786
[QTS:EMIT] pos=403 u32=0x00009078 (36984) @parser.c:1788
[QTS:EMIT] pos=407 op=147 @parser.c:1799
[QTS:EMIT] pos=408 op=184 @parser.c:1799
[QTS:EMIT] pos=409 u32=0x00000008 (8) @parser.c:1777
[QTS:EMIT] pos=413 op=25 @parser.c:1799
[QTS:EMIT] pos=414 op=62 @parser.c:1799
[QTS:EMIT] pos=415 op=200 @parser.c:1786
[QTS:EMIT] pos=416 u32=0x00009076 (36982) @parser.c:1788
[QTS:EMIT] pos=420 op=72 @parser.c:1799
[QTS:EMIT] pos=421 op=184 @parser.c:1799
[QTS:EMIT] pos=422 u32=0x00000007 (7) @parser.c:1777
[QTS:EMIT] pos=426 op=22 @parser.c:1799
[QTS:EMIT] pos=427 op=62 @parser.c:1799
[QTS:SCOPE] push: level=4 first_var=-1
[QTS:SCOPE] enter: idx=4 is_body=0
[QTS:EMIT] pos=428 op=182 @parser.c:1799
[QTS:EMIT] pos=429 u16=0x0004 (4) @parser.c:1772
[QTS:EMIT] pos=431 op=17 @parser.c:1799
[QTS:EMIT] pos=432 op=4 @parser.c:1799
[QTS:EMIT] pos=433 u32=0x000002ee (750) @parser.c:1777
[QTS:EMIT] pos=437 op=173 @parser.c:1799
[QTS:EMIT] pos=438 op=109 @parser.c:1799
[QTS:EMIT] pos=439 u32=0x0000000a (10) @parser.c:1777
[QTS:EMIT] pos=443 op=17 @parser.c:1799
[QTS:EMIT] pos=444 op=4 @parser.c:1799
[QTS:EMIT] pos=445 u32=0x000002bf (703) @parser.c:1777
[QTS:EMIT] pos=449 op=173 @parser.c:1799
[QTS:EMIT] pos=450 op=109 @parser.c:1799
[QTS:EMIT] pos=451 u32=0x0000000a (10) @parser.c:1777
[QTS:EMIT] pos=455 op=17 @parser.c:1799
[QTS:EMIT] pos=456 op=4 @parser.c:1799
[QTS:EMIT] pos=457 u32=0x000002c1 (705) @parser.c:1777
[QTS:EMIT] pos=461 op=173 @parser.c:1799
[QTS:EMIT] pos=462 op=109 @parser.c:1799
[QTS:EMIT] pos=463 u32=0x0000000a (10) @parser.c:1777
[QTS:EMIT] pos=467 op=17 @parser.c:1799
[QTS:EMIT] pos=468 op=4 @parser.c:1799
[QTS:EMIT] pos=469 u32=0x0000025a (602) @parser.c:1777
[QTS:EMIT] pos=473 op=173 @parser.c:1799
[QTS:EMIT] pos=474 op=108 @parser.c:1799
[QTS:EMIT] pos=475 u32=0x0000000b (11) @parser.c:1777
[QTS:EMIT] pos=479 op=184 @parser.c:1799
[QTS:EMIT] pos=480 u32=0x0000000a (10) @parser.c:1777
[QTS:EMIT] pos=484 op=14 @parser.c:1799
[QTS:EMIT] pos=485 op=183 @parser.c:1799
[QTS:EMIT] pos=486 u16=0x0004 (4) @parser.c:1772
[QTS:EMIT] pos=488 op=183 @parser.c:1799
[QTS:EMIT] pos=489 u16=0x0003 (3) @parser.c:1772
[QTS:EMIT] pos=491 op=110 @parser.c:1799
[QTS:EMIT] pos=492 u32=0x00000001 (1) @parser.c:1777
[QTS:EMIT] pos=496 op=184 @parser.c:1799
[QTS:EMIT] pos=497 u32=0x0000000b (11) @parser.c:1777
[QTS:EMIT] pos=501 op=17 @parser.c:1799
[QTS:EMIT] pos=502 op=4 @parser.c:1799
[QTS:EMIT] pos=503 u32=0x00000346 (838) @parser.c:1777
[QTS:EMIT] pos=507 op=173 @parser.c:1799
[QTS:EMIT] pos=508 op=109 @parser.c:1799
[QTS:EMIT] pos=509 u32=0x0000000c (12) @parser.c:1777
[QTS:EMIT] pos=513 op=17 @parser.c:1799
[QTS:EMIT] pos=514 op=4 @parser.c:1799
[QTS:EMIT] pos=515 u32=0x000002f8 (760) @parser.c:1777
[QTS:EMIT] pos=519 op=173 @parser.c:1799
[QTS:EMIT] pos=520 op=108 @parser.c:1799
[QTS:EMIT] pos=521 u32=0x0000000d (13) @parser.c:1777
[QTS:EMIT] pos=525 op=184 @parser.c:1799
[QTS:EMIT] pos=526 u32=0x0000000c (12) @parser.c:1777
[QTS:SCOPE] push: level=5 first_var=-1
[QTS:SCOPE] enter: idx=5 is_body=0
[QTS:EMIT] pos=530 op=182 @parser.c:1799
[QTS:EMIT] pos=531 u16=0x0005 (5) @parser.c:1772
[QTS:EMIT] pos=533 op=200 @parser.c:1786
[QTS:EMIT] pos=534 u32=0x00009154 (37204) @parser.c:1788
[QTS:EMIT] pos=538 op=186 @parser.c:1799
[QTS:EMIT] pos=539 u32=0x00000236 (566) @parser.c:1777
[QTS:EMIT] pos=543 u16=0x0005 (5) @parser.c:1772
[QTS:EMIT] pos=545 op=200 @parser.c:1786
[QTS:EMIT] pos=546 u32=0x00009158 (37208) @parser.c:1788
[QTS:EMIT] pos=550 op=186 @parser.c:1799
[QTS:EMIT] pos=551 u32=0x00000255 (597) @parser.c:1777
[QTS:EMIT] pos=555 u16=0x0005 (5) @parser.c:1772
[QTS:EMIT] pos=557 op=200 @parser.c:1786
[QTS:EMIT] pos=558 u32=0x00009156 (37206) @parser.c:1788
[QTS:EMIT] pos=562 op=165 @parser.c:1799
[QTS:EMIT] pos=563 op=17 @parser.c:1799
[QTS:EMIT] pos=564 op=108 @parser.c:1799
[QTS:EMIT] pos=565 u32=0x0000000e (14) @parser.c:1777
[QTS:EMIT] pos=569 op=14 @parser.c:1799
[QTS:EMIT] pos=570 op=200 @parser.c:1786
[QTS:EMIT] pos=571 u32=0x0000915d (37213) @parser.c:1788
[QTS:EMIT] pos=575 op=186 @parser.c:1799
[QTS:EMIT] pos=576 u32=0x00000244 (580) @parser.c:1777
[QTS:EMIT] pos=580 u16=0x0005 (5) @parser.c:1772
[QTS:EMIT] pos=582 op=200 @parser.c:1786
[QTS:EMIT] pos=583 u32=0x00009161 (37217) @parser.c:1788
[QTS:EMIT] pos=587 op=186 @parser.c:1799
[QTS:EMIT] pos=588 u32=0x00000236 (566) @parser.c:1777
[QTS:EMIT] pos=592 u16=0x0005 (5) @parser.c:1772
[QTS:EMIT] pos=594 op=200 @parser.c:1786
[QTS:EMIT] pos=595 u32=0x00009160 (37216) @parser.c:1788
[QTS:EMIT] pos=599 op=72 @parser.c:1799
[QTS:EMIT] pos=600 op=200 @parser.c:1786
[QTS:EMIT] pos=601 u32=0x00009167 (37223) @parser.c:1788
[QTS:EMIT] pos=605 op=186 @parser.c:1799
[QTS:EMIT] pos=606 u32=0x00000238 (568) @parser.c:1777
[QTS:EMIT] pos=610 u16=0x0005 (5) @parser.c:1772
[QTS:EMIT] pos=612 op=200 @parser.c:1786
[QTS:EMIT] pos=613 u32=0x00009164 (37220) @parser.c:1788
[QTS:EMIT] pos=617 op=171 @parser.c:1799
[QTS:EMIT] pos=618 op=184 @parser.c:1799
[QTS:EMIT] pos=619 u32=0x0000000e (14) @parser.c:1777
[QTS:EMIT] pos=623 op=108 @parser.c:1799
[QTS:EMIT] pos=624 u32=0x0000000f (15) @parser.c:1777
[QTS:SCOPE] push: level=6 first_var=-1
[QTS:SCOPE] enter: idx=6 is_body=0
[QTS:EMIT] pos=628 op=182 @parser.c:1799
[QTS:EMIT] pos=629 u16=0x0006 (6) @parser.c:1772
[QTS:EMIT] pos=631 op=200 @parser.c:1786
[QTS:EMIT] pos=632 u32=0x00009184 (37252) @parser.c:1788
[QTS:EMIT] pos=636 op=186 @parser.c:1799
[QTS:EMIT] pos=637 u32=0x00000236 (566) @parser.c:1777
[QTS:EMIT] pos=641 u16=0x0006 (6) @parser.c:1772
[QTS:EMIT] pos=636 op=189 @parser.c:1799
[QTS:EMIT] pos=637 atom=566 @parser.c:1807
[QTS:EMIT] pos=641 u32=0x00000010 (16) @parser.c:1777
[QTS:EMIT] pos=645 u16=0x0006 (6) @parser.c:1772
[QTS:EMIT] pos=647 op=61 @parser.c:1799
[QTS:EMIT] pos=648 op=200 @parser.c:1786
[QTS:EMIT] pos=649 u32=0x00009185 (37253) @parser.c:1788
[QTS:EMIT] pos=653 op=147 @parser.c:1799
[QTS:EMIT] pos=654 op=184 @parser.c:1799
[QTS:EMIT] pos=655 u32=0x00000010 (16) @parser.c:1777
[QTS:EMIT] pos=659 op=25 @parser.c:1799
[QTS:EMIT] pos=660 op=62 @parser.c:1799
[QTS:EMIT] pos=661 op=14 @parser.c:1799
[QTS:EMIT] pos=662 op=183 @parser.c:1799
[QTS:EMIT] pos=663 u16=0x0006 (6) @parser.c:1772
[QTS:EMIT] pos=665 op=183 @parser.c:1799
[QTS:EMIT] pos=666 u16=0x0005 (5) @parser.c:1772
[QTS:EMIT] pos=668 op=14 @parser.c:1799
[QTS:EMIT] pos=669 op=183 @parser.c:1799
[QTS:EMIT] pos=670 u16=0x0004 (4) @parser.c:1772
[QTS:EMIT] pos=672 op=183 @parser.c:1799
[QTS:EMIT] pos=673 u16=0x0003 (3) @parser.c:1772
[QTS:EMIT] pos=675 op=110 @parser.c:1799
[QTS:EMIT] pos=676 u32=0x00000001 (1) @parser.c:1777
[QTS:SCOPE] leave: idx=6
[QTS:SCOPE] pop: level=6
[QTS:EMIT] pos=680 op=183 @parser.c:1799
[QTS:EMIT] pos=681 u16=0x0006 (6) @parser.c:1772
[QTS:EMIT] pos=683 op=184 @parser.c:1799
[QTS:EMIT] pos=684 u32=0x0000000f (15) @parser.c:1777
[QTS:SCOPE] leave: idx=5
[QTS:SCOPE] pop: level=5
[QTS:EMIT] pos=688 op=183 @parser.c:1799
[QTS:EMIT] pos=689 u16=0x0005 (5) @parser.c:1772
[QTS:EMIT] pos=691 op=200 @parser.c:1786
[QTS:EMIT] pos=692 u32=0x000091d5 (37333) @parser.c:1788
[QTS:EMIT] pos=696 op=186 @parser.c:1799
[QTS:EMIT] pos=697 u32=0x00000328 (808) @parser.c:1777
[QTS:EMIT] pos=701 u16=0x0004 (4) @parser.c:1772
[QTS:EMIT] pos=696 op=189 @parser.c:1799
[QTS:EMIT] pos=697 atom=808 @parser.c:1807
[QTS:EMIT] pos=701 u32=0x00000011 (17) @parser.c:1777
[QTS:EMIT] pos=705 u16=0x0004 (4) @parser.c:1772
[QTS:ASSIGN] lvalue: opcode=61 scope=4 atom=808 label=17
[QTS:EMIT] pos=707 op=1 @parser.c:1799
[QTS:EMIT] pos=708 u32=0x00000001 (1) @parser.c:1777
[QTS:EMIT] pos=712 op=184 @parser.c:1799
[QTS:EMIT] pos=713 u32=0x00000011 (17) @parser.c:1777
[QTS:EMIT] pos=717 op=22 @parser.c:1799
[QTS:EMIT] pos=718 op=62 @parser.c:1799
[QTS:EMIT] pos=719 op=14 @parser.c:1799
[QTS:EMIT] pos=720 op=14 @parser.c:1799
[QTS:EMIT] pos=721 op=183 @parser.c:1799
[QTS:EMIT] pos=722 u16=0x0004 (4) @parser.c:1772
[QTS:EMIT] pos=724 op=183 @parser.c:1799
[QTS:EMIT] pos=725 u16=0x0003 (3) @parser.c:1772
[QTS:EMIT] pos=727 op=110 @parser.c:1799
[QTS:EMIT] pos=728 u32=0x00000001 (1) @parser.c:1777
[QTS:EMIT] pos=732 op=184 @parser.c:1799
[QTS:EMIT] pos=733 u32=0x0000000d (13) @parser.c:1777
[QTS:EMIT] pos=737 op=17 @parser.c:1799
[QTS:EMIT] pos=738 op=4 @parser.c:1799
[QTS:EMIT] pos=739 u32=0x0000029f (671) @parser.c:1777
[QTS:EMIT] pos=743 op=173 @parser.c:1799
[QTS:EMIT] pos=744 op=108 @parser.c:1799
[QTS:EMIT] pos=745 u32=0x00000012 (18) @parser.c:1777
[QTS:SCOPE] push: level=7 first_var=-1
[QTS:SCOPE] enter: idx=7 is_body=0
[QTS:EMIT] pos=749 op=182 @parser.c:1799
[QTS:EMIT] pos=750 u16=0x0007 (7) @parser.c:1772
[QTS:EMIT] pos=752 op=200 @parser.c:1786
[QTS:EMIT] pos=753 u32=0x00009234 (37428) @parser.c:1788
[QTS:EMIT] pos=757 op=186 @parser.c:1799
[QTS:EMIT] pos=758 u32=0x00000236 (566) @parser.c:1777
[QTS:EMIT] pos=762 u16=0x0007 (7) @parser.c:1772
[QTS:EMIT] pos=764 op=200 @parser.c:1786
[QTS:EMIT] pos=765 u32=0x00009238 (37432) @parser.c:1788
[QTS:EMIT] pos=769 op=186 @parser.c:1799
[QTS:EMIT] pos=770 u32=0x00000255 (597) @parser.c:1777
[QTS:EMIT] pos=774 u16=0x0007 (7) @parser.c:1772
[QTS:EMIT] pos=776 op=200 @parser.c:1786
[QTS:EMIT] pos=777 u32=0x00009236 (37430) @parser.c:1788
[QTS:EMIT] pos=781 op=165 @parser.c:1799
[QTS:EMIT] pos=782 op=17 @parser.c:1799
[QTS:EMIT] pos=783 op=108 @parser.c:1799
[QTS:EMIT] pos=784 u32=0x00000013 (19) @parser.c:1777
[QTS:EMIT] pos=788 op=14 @parser.c:1799
[QTS:EMIT] pos=789 op=200 @parser.c:1786
[QTS:EMIT] pos=790 u32=0x0000923d (37437) @parser.c:1788
[QTS:EMIT] pos=794 op=186 @parser.c:1799
[QTS:EMIT] pos=795 u32=0x00000244 (580) @parser.c:1777
[QTS:EMIT] pos=799 u16=0x0007 (7) @parser.c:1772
[QTS:EMIT] pos=801 op=200 @parser.c:1786
[QTS:EMIT] pos=802 u32=0x00009241 (37441) @parser.c:1788
[QTS:EMIT] pos=806 op=186 @parser.c:1799
[QTS:EMIT] pos=807 u32=0x00000236 (566) @parser.c:1777
[QTS:EMIT] pos=811 u16=0x0007 (7) @parser.c:1772
[QTS:EMIT] pos=813 op=200 @parser.c:1786
[QTS:EMIT] pos=814 u32=0x00009240 (37440) @parser.c:1788
[QTS:EMIT] pos=818 op=72 @parser.c:1799
[QTS:EMIT] pos=819 op=4 @parser.c:1799
[QTS:EMIT] pos=820 u32=0x0000007f (127) @parser.c:1777
[QTS:EMIT] pos=824 op=200 @parser.c:1786
[QTS:EMIT] pos=825 u32=0x00009244 (37444) @parser.c:1788
[QTS:EMIT] pos=829 op=171 @parser.c:1799
[QTS:EMIT] pos=830 op=184 @parser.c:1799
[QTS:EMIT] pos=831 u32=0x00000013 (19) @parser.c:1777
[QTS:EMIT] pos=835 op=108 @parser.c:1799
[QTS:EMIT] pos=836 u32=0x00000014 (20) @parser.c:1777
[QTS:SCOPE] push: level=8 first_var=-1
[QTS:SCOPE] enter: idx=8 is_body=0
[QTS:EMIT] pos=840 op=182 @parser.c:1799
[QTS:EMIT] pos=841 u16=0x0008 (8) @parser.c:1772
[QTS:EMIT] pos=843 op=200 @parser.c:1786
[QTS:EMIT] pos=844 u32=0x00009277 (37495) @parser.c:1788
[QTS:EMIT] pos=848 op=186 @parser.c:1799
[QTS:EMIT] pos=849 u32=0x0000032c (812) @parser.c:1777
[QTS:EMIT] pos=853 u16=0x0008 (8) @parser.c:1772
[QTS:EMIT] pos=855 op=200 @parser.c:1786
[QTS:EMIT] pos=856 u32=0x0000928a (37514) @parser.c:1788
[QTS:EMIT] pos=860 op=34 @parser.c:1799
[QTS:EMIT] pos=861 u16=0x0000 (0) @parser.c:1772
[QTS:EMIT] pos=863 op=14 @parser.c:1799
[QTS:EMIT] pos=864 op=183 @parser.c:1799
[QTS:EMIT] pos=865 u16=0x0008 (8) @parser.c:1772
[QTS:EMIT] pos=867 op=183 @parser.c:1799
[QTS:EMIT] pos=868 u16=0x0007 (7) @parser.c:1772
[QTS:EMIT] pos=870 op=110 @parser.c:1799
[QTS:EMIT] pos=871 u32=0x00000009 (9) @parser.c:1777
[QTS:SCOPE] leave: idx=8
[QTS:SCOPE] pop: level=8
[QTS:EMIT] pos=875 op=183 @parser.c:1799
[QTS:EMIT] pos=876 u16=0x0008 (8) @parser.c:1772
[QTS:EMIT] pos=878 op=184 @parser.c:1799
[QTS:EMIT] pos=879 u32=0x00000014 (20) @parser.c:1777
[QTS:SCOPE] leave: idx=7
[QTS:SCOPE] pop: level=7
[QTS:EMIT] pos=883 op=183 @parser.c:1799
[QTS:EMIT] pos=884 u16=0x0007 (7) @parser.c:1772
[QTS:SCOPE] push: level=9 first_var=-1
[QTS:SCOPE] enter: idx=9 is_body=0
[QTS:EMIT] pos=886 op=182 @parser.c:1799
[QTS:EMIT] pos=887 u16=0x0009 (9) @parser.c:1772
[QTS:EMIT] pos=889 op=200 @parser.c:1786
[QTS:EMIT] pos=890 u32=0x000092db (37595) @parser.c:1788
[QTS:EMIT] pos=894 op=186 @parser.c:1799
[QTS:EMIT] pos=895 u32=0x00000236 (566) @parser.c:1777
[QTS:EMIT] pos=899 u16=0x0009 (9) @parser.c:1772
[QTS:EMIT] pos=901 op=200 @parser.c:1786
[QTS:EMIT] pos=902 u32=0x000092df (37599) @parser.c:1788
[QTS:EMIT] pos=906 op=186 @parser.c:1799
[QTS:EMIT] pos=907 u32=0x00000255 (597) @parser.c:1777
[QTS:EMIT] pos=911 u16=0x0009 (9) @parser.c:1772
[QTS:EMIT] pos=913 op=200 @parser.c:1786
[QTS:EMIT] pos=914 u32=0x000092dd (37597) @parser.c:1788
[QTS:EMIT] pos=918 op=165 @parser.c:1799
[QTS:EMIT] pos=919 op=17 @parser.c:1799
[QTS:EMIT] pos=920 op=108 @parser.c:1799
[QTS:EMIT] pos=921 u32=0x00000015 (21) @parser.c:1777
[QTS:EMIT] pos=925 op=14 @parser.c:1799
[QTS:EMIT] pos=926 op=200 @parser.c:1786
[QTS:EMIT] pos=927 u32=0x000092e4 (37604) @parser.c:1788
[QTS:EMIT] pos=931 op=186 @parser.c:1799
[QTS:EMIT] pos=932 u32=0x00000244 (580) @parser.c:1777
[QTS:EMIT] pos=936 u16=0x0009 (9) @parser.c:1772
[QTS:EMIT] pos=938 op=200 @parser.c:1786
[QTS:EMIT] pos=939 u32=0x000092e8 (37608) @parser.c:1788
[QTS:EMIT] pos=943 op=186 @parser.c:1799
[QTS:EMIT] pos=944 u32=0x00000236 (566) @parser.c:1777
[QTS:EMIT] pos=948 u16=0x0009 (9) @parser.c:1772
[QTS:EMIT] pos=950 op=200 @parser.c:1786
[QTS:EMIT] pos=951 u32=0x000092e7 (37607) @parser.c:1788
[QTS:EMIT] pos=955 op=72 @parser.c:1799
[QTS:EMIT] pos=956 op=4 @parser.c:1799
[QTS:EMIT] pos=957 u32=0x0000029f (671) @parser.c:1777
[QTS:EMIT] pos=961 op=200 @parser.c:1786
[QTS:EMIT] pos=962 u32=0x000092eb (37611) @parser.c:1788
[QTS:EMIT] pos=966 op=171 @parser.c:1799
[QTS:EMIT] pos=967 op=184 @parser.c:1799
[QTS:EMIT] pos=968 u32=0x00000015 (21) @parser.c:1777
[QTS:EMIT] pos=972 op=108 @parser.c:1799
[QTS:EMIT] pos=973 u32=0x00000016 (22) @parser.c:1777
[QTS:SCOPE] push: level=10 first_var=-1
[QTS:SCOPE] enter: idx=10 is_body=0
[QTS:EMIT] pos=977 op=182 @parser.c:1799
[QTS:EMIT] pos=978 u16=0x000a (10) @parser.c:1772
[QTS:EMIT] pos=980 op=200 @parser.c:1786
[QTS:EMIT] pos=981 u32=0x0000931d (37661) @parser.c:1788
[QTS:EMIT] pos=985 op=186 @parser.c:1799
[QTS:EMIT] pos=986 u32=0x0000032d (813) @parser.c:1777
[QTS:EMIT] pos=990 u16=0x000a (10) @parser.c:1772
[QTS:EMIT] pos=992 op=200 @parser.c:1786
[QTS:EMIT] pos=993 u32=0x0000932f (37679) @parser.c:1788
[QTS:EMIT] pos=997 op=34 @parser.c:1799
[QTS:EMIT] pos=998 u16=0x0000 (0) @parser.c:1772
[QTS:EMIT] pos=1000 op=14 @parser.c:1799
[QTS:EMIT] pos=1001 op=183 @parser.c:1799
[QTS:EMIT] pos=1002 u16=0x000a (10) @parser.c:1772
[QTS:EMIT] pos=1004 op=183 @parser.c:1799
[QTS:EMIT] pos=1005 u16=0x0009 (9) @parser.c:1772
[QTS:EMIT] pos=1007 op=110 @parser.c:1799
[QTS:EMIT] pos=1008 u32=0x00000009 (9) @parser.c:1777
[QTS:SCOPE] leave: idx=10
[QTS:SCOPE] pop: level=10
[QTS:EMIT] pos=1012 op=183 @parser.c:1799
[QTS:EMIT] pos=1013 u16=0x000a (10) @parser.c:1772
[QTS:EMIT] pos=1015 op=184 @parser.c:1799
[QTS:EMIT] pos=1016 u32=0x00000016 (22) @parser.c:1777
[QTS:SCOPE] leave: idx=9
[QTS:SCOPE] pop: level=9
[QTS:EMIT] pos=1020 op=183 @parser.c:1799
[QTS:EMIT] pos=1021 u16=0x0009 (9) @parser.c:1772
[QTS:SCOPE] push: level=11 first_var=-1
[QTS:SCOPE] enter: idx=11 is_body=0
[QTS:EMIT] pos=1023 op=182 @parser.c:1799
[QTS:EMIT] pos=1024 u16=0x000b (11) @parser.c:1772
[QTS:EMIT] pos=1026 op=200 @parser.c:1786
[QTS:EMIT] pos=1027 u32=0x00009380 (37760) @parser.c:1788
[QTS:EMIT] pos=1031 op=186 @parser.c:1799
[QTS:EMIT] pos=1032 u32=0x00000328 (808) @parser.c:1777
[QTS:EMIT] pos=1036 u16=0x000b (11) @parser.c:1772
[QTS:EMIT] pos=1038 op=108 @parser.c:1799
[QTS:EMIT] pos=1039 u32=0x00000017 (23) @parser.c:1777
[QTS:SCOPE] push: level=12 first_var=-1
[QTS:SCOPE] enter: idx=12 is_body=0
[QTS:EMIT] pos=1043 op=182 @parser.c:1799
[QTS:EMIT] pos=1044 u16=0x000c (12) @parser.c:1772
[QTS:EMIT] pos=1046 op=200 @parser.c:1786
[QTS:EMIT] pos=1047 u32=0x000093a5 (37797) @parser.c:1788
[QTS:EMIT] pos=1051 op=186 @parser.c:1799
[QTS:EMIT] pos=1052 u32=0x00000330 (816) @parser.c:1777
[QTS:EMIT] pos=1056 u16=0x000c (12) @parser.c:1772
[QTS:EMIT] pos=1058 op=200 @parser.c:1786
[QTS:EMIT] pos=1059 u32=0x000093b0 (37808) @parser.c:1788
[QTS:EMIT] pos=1063 op=34 @parser.c:1799
[QTS:EMIT] pos=1064 u16=0x0000 (0) @parser.c:1772
[QTS:EMIT] pos=1066 op=14 @parser.c:1799
[QTS:EMIT] pos=1067 op=200 @parser.c:1786
[QTS:EMIT] pos=1068 u32=0x000093cc (37836) @parser.c:1788
[QTS:EMIT] pos=1072 op=186 @parser.c:1799
[QTS:EMIT] pos=1073 u32=0x00000328 (808) @parser.c:1777
[QTS:EMIT] pos=1077 u16=0x000c (12) @parser.c:1772
[QTS:EMIT] pos=1072 op=189 @parser.c:1799
[QTS:EMIT] pos=1073 atom=808 @parser.c:1807
[QTS:EMIT] pos=1077 u32=0x00000018 (24) @parser.c:1777
[QTS:EMIT] pos=1081 u16=0x000c (12) @parser.c:1772
[QTS:ASSIGN] lvalue: opcode=61 scope=12 atom=808 label=24
[QTS:EMIT] pos=1083 op=1 @parser.c:1799
[QTS:EMIT] pos=1084 u32=0x00000000 (0) @parser.c:1777
[QTS:EMIT] pos=1088 op=184 @parser.c:1799
[QTS:EMIT] pos=1089 u32=0x00000018 (24) @parser.c:1777
[QTS:EMIT] pos=1093 op=22 @parser.c:1799
[QTS:EMIT] pos=1094 op=62 @parser.c:1799
[QTS:EMIT] pos=1095 op=14 @parser.c:1799
[QTS:EMIT] pos=1096 op=183 @parser.c:1799
[QTS:EMIT] pos=1097 u16=0x000c (12) @parser.c:1772
[QTS:EMIT] pos=1099 op=183 @parser.c:1799
[QTS:EMIT] pos=1100 u16=0x000b (11) @parser.c:1772
[QTS:EMIT] pos=1102 op=110 @parser.c:1799
[QTS:EMIT] pos=1103 u32=0x00000009 (9) @parser.c:1777
[QTS:SCOPE] leave: idx=12
[QTS:SCOPE] pop: level=12
[QTS:EMIT] pos=1107 op=183 @parser.c:1799
[QTS:EMIT] pos=1108 u16=0x000c (12) @parser.c:1772
[QTS:EMIT] pos=1110 op=184 @parser.c:1799
[QTS:EMIT] pos=1111 u32=0x00000017 (23) @parser.c:1777
[QTS:SCOPE] leave: idx=11
[QTS:SCOPE] pop: level=11
[QTS:EMIT] pos=1115 op=183 @parser.c:1799
[QTS:EMIT] pos=1116 u16=0x000b (11) @parser.c:1772
[QTS:EMIT] pos=1118 op=200 @parser.c:1786
[QTS:EMIT] pos=1119 u32=0x00009424 (37924) @parser.c:1788
[QTS:EMIT] pos=1123 op=186 @parser.c:1799
[QTS:EMIT] pos=1124 u32=0x00000328 (808) @parser.c:1777
[QTS:EMIT] pos=1128 u16=0x0004 (4) @parser.c:1772
[QTS:EMIT] pos=1123 op=189 @parser.c:1799
[QTS:EMIT] pos=1124 atom=808 @parser.c:1807
[QTS:EMIT] pos=1128 u32=0x00000019 (25) @parser.c:1777
[QTS:EMIT] pos=1132 u16=0x0004 (4) @parser.c:1772
[QTS:ASSIGN] lvalue: opcode=61 scope=4 atom=808 label=25
[QTS:EMIT] pos=1134 op=1 @parser.c:1799
[QTS:EMIT] pos=1135 u32=0x00000001 (1) @parser.c:1777
[QTS:EMIT] pos=1139 op=184 @parser.c:1799
[QTS:EMIT] pos=1140 u32=0x00000019 (25) @parser.c:1777
[QTS:EMIT] pos=1144 op=22 @parser.c:1799
[QTS:EMIT] pos=1145 op=62 @parser.c:1799
[QTS:EMIT] pos=1146 op=14 @parser.c:1799
[QTS:EMIT] pos=1147 op=14 @parser.c:1799
[QTS:EMIT] pos=1148 op=183 @parser.c:1799
[QTS:EMIT] pos=1149 u16=0x0004 (4) @parser.c:1772
[QTS:EMIT] pos=1151 op=183 @parser.c:1799
[QTS:EMIT] pos=1152 u16=0x0003 (3) @parser.c:1772
[QTS:EMIT] pos=1154 op=110 @parser.c:1799
[QTS:EMIT] pos=1155 u32=0x00000001 (1) @parser.c:1777
[QTS:EMIT] pos=1159 op=184 @parser.c:1799
[QTS:EMIT] pos=1160 u32=0x00000012 (18) @parser.c:1777
[QTS:EMIT] pos=1164 op=17 @parser.c:1799
[QTS:EMIT] pos=1165 op=4 @parser.c:1799
[QTS:EMIT] pos=1166 u32=0x0000029b (667) @parser.c:1777
[QTS:EMIT] pos=1170 op=173 @parser.c:1799
[QTS:EMIT] pos=1171 op=109 @parser.c:1799
[QTS:EMIT] pos=1172 u32=0x0000001a (26) @parser.c:1777
[QTS:EMIT] pos=1176 op=17 @parser.c:1799
[QTS:EMIT] pos=1177 op=4 @parser.c:1799
[QTS:EMIT] pos=1178 u32=0x0000029c (668) @parser.c:1777
[QTS:EMIT] pos=1182 op=173 @parser.c:1799
[QTS:EMIT] pos=1183 op=109 @parser.c:1799
[QTS:EMIT] pos=1184 u32=0x0000001a (26) @parser.c:1777
[QTS:EMIT] pos=1188 op=17 @parser.c:1799
[QTS:EMIT] pos=1189 op=4 @parser.c:1799
[QTS:EMIT] pos=1190 u32=0x00000347 (839) @parser.c:1777
[QTS:EMIT] pos=1194 op=173 @parser.c:1799
[QTS:EMIT] pos=1195 op=108 @parser.c:1799
[QTS:EMIT] pos=1196 u32=0x0000001b (27) @parser.c:1777
[QTS:EMIT] pos=1200 op=184 @parser.c:1799
[QTS:EMIT] pos=1201 u32=0x0000001a (26) @parser.c:1777
[QTS:EMIT] pos=1205 op=200 @parser.c:1786
[QTS:EMIT] pos=1206 u32=0x000094b5 (38069) @parser.c:1788
[QTS:EMIT] pos=1210 op=186 @parser.c:1799
[QTS:EMIT] pos=1211 u32=0x0000032e (814) @parser.c:1777
[QTS:EMIT] pos=1215 u16=0x0004 (4) @parser.c:1772
[QTS:EMIT] pos=1217 op=200 @parser.c:1786
[QTS:EMIT] pos=1218 u32=0x000094c2 (38082) @parser.c:1788
[QTS:EMIT] pos=1222 op=186 @parser.c:1799
[QTS:EMIT] pos=1223 u32=0x00000238 (568) @parser.c:1777
[QTS:EMIT] pos=1227 u16=0x0004 (4) @parser.c:1772
[QTS:EMIT] pos=1229 op=200 @parser.c:1786
[QTS:EMIT] pos=1230 u32=0x000094c1 (38081) @parser.c:1788
[QTS:EMIT] pos=1234 op=34 @parser.c:1799
[QTS:EMIT] pos=1235 u16=0x0001 (1) @parser.c:1772
[QTS:EMIT] pos=1237 op=14 @parser.c:1799
[QTS:EMIT] pos=1238 op=200 @parser.c:1786
[QTS:EMIT] pos=1239 u32=0x000094da (38106) @parser.c:1788
[QTS:EMIT] pos=1243 op=186 @parser.c:1799
[QTS:EMIT] pos=1244 u32=0x00000328 (808) @parser.c:1777
[QTS:EMIT] pos=1248 u16=0x0004 (4) @parser.c:1772
[QTS:EMIT] pos=1243 op=189 @parser.c:1799
[QTS:EMIT] pos=1244 atom=808 @parser.c:1807
[QTS:EMIT] pos=1248 u32=0x0000001c (28) @parser.c:1777
[QTS:EMIT] pos=1252 u16=0x0004 (4) @parser.c:1772
[QTS:ASSIGN] lvalue: opcode=61 scope=4 atom=808 label=28
[QTS:EMIT] pos=1254 op=1 @parser.c:1799
[QTS:EMIT] pos=1255 u32=0x00000000 (0) @parser.c:1777
[QTS:EMIT] pos=1259 op=184 @parser.c:1799
[QTS:EMIT] pos=1260 u32=0x0000001c (28) @parser.c:1777
[QTS:EMIT] pos=1264 op=22 @parser.c:1799
[QTS:EMIT] pos=1265 op=62 @parser.c:1799
[QTS:EMIT] pos=1266 op=14 @parser.c:1799
[QTS:EMIT] pos=1267 op=110 @parser.c:1799
[QTS:EMIT] pos=1268 u32=0x00000009 (9) @parser.c:1777
[QTS:EMIT] pos=1272 op=184 @parser.c:1799
[QTS:EMIT] pos=1273 u32=0x0000001b (27) @parser.c:1777
[QTS:EMIT] pos=1277 op=17 @parser.c:1799
[QTS:EMIT] pos=1278 op=4 @parser.c:1799
[QTS:EMIT] pos=1279 u32=0x000002b1 (689) @parser.c:1777
[QTS:EMIT] pos=1283 op=173 @parser.c:1799
[QTS:EMIT] pos=1284 op=109 @parser.c:1799
[QTS:EMIT] pos=1285 u32=0x0000001d (29) @parser.c:1777
[QTS:EMIT] pos=1289 op=17 @parser.c:1799
[QTS:EMIT] pos=1290 op=4 @parser.c:1799
[QTS:EMIT] pos=1291 u32=0x000002f2 (754) @parser.c:1777
[QTS:EMIT] pos=1295 op=173 @parser.c:1799
[QTS:EMIT] pos=1296 op=109 @parser.c:1799
[QTS:EMIT] pos=1297 u32=0x0000001d (29) @parser.c:1777
[QTS:EMIT] pos=1301 op=17 @parser.c:1799
[QTS:EMIT] pos=1302 op=4 @parser.c:1799
[QTS:EMIT] pos=1303 u32=0x00000348 (840) @parser.c:1777
[QTS:EMIT] pos=1307 op=173 @parser.c:1799
[QTS:EMIT] pos=1308 op=108 @parser.c:1799
[QTS:EMIT] pos=1309 u32=0x0000001e (30) @parser.c:1777
[QTS:EMIT] pos=1313 op=184 @parser.c:1799
[QTS:EMIT] pos=1314 u32=0x0000001d (29) @parser.c:1777
[QTS:EMIT] pos=1318 op=200 @parser.c:1786
[QTS:EMIT] pos=1319 u32=0x00009566 (38246) @parser.c:1788
[QTS:EMIT] pos=1323 op=186 @parser.c:1799
[QTS:EMIT] pos=1324 u32=0x00000328 (808) @parser.c:1777
[QTS:EMIT] pos=1328 u16=0x0004 (4) @parser.c:1772
[QTS:EMIT] pos=1323 op=189 @parser.c:1799
[QTS:EMIT] pos=1324 atom=808 @parser.c:1807
[QTS:EMIT] pos=1328 u32=0x0000001f (31) @parser.c:1777
[QTS:EMIT] pos=1332 u16=0x0004 (4) @parser.c:1772
[QTS:ASSIGN] lvalue: opcode=61 scope=4 atom=808 label=31
[QTS:EMIT] pos=1334 op=1 @parser.c:1799
[QTS:EMIT] pos=1335 u32=0x00000001 (1) @parser.c:1777
[QTS:EMIT] pos=1339 op=184 @parser.c:1799
[QTS:EMIT] pos=1340 u32=0x0000001f (31) @parser.c:1777
[QTS:EMIT] pos=1344 op=22 @parser.c:1799
[QTS:EMIT] pos=1345 op=62 @parser.c:1799
[QTS:EMIT] pos=1346 op=14 @parser.c:1799
[QTS:EMIT] pos=1347 op=200 @parser.c:1786
[QTS:EMIT] pos=1348 u32=0x00009589 (38281) @parser.c:1788
[QTS:EMIT] pos=1352 op=186 @parser.c:1799
[QTS:EMIT] pos=1353 u32=0x0000021a (538) @parser.c:1777
[QTS:EMIT] pos=1357 u16=0x0004 (4) @parser.c:1772
[QTS:EMIT] pos=1352 op=189 @parser.c:1799
[QTS:EMIT] pos=1353 atom=538 @parser.c:1807
[QTS:EMIT] pos=1357 u32=0x00000020 (32) @parser.c:1777
[QTS:EMIT] pos=1361 u16=0x0004 (4) @parser.c:1772
[QTS:EMIT] pos=1363 op=61 @parser.c:1799
[QTS:EMIT] pos=1364 op=200 @parser.c:1786
[QTS:EMIT] pos=1365 u32=0x0000958e (38286) @parser.c:1788
[QTS:EMIT] pos=1369 op=147 @parser.c:1799
[QTS:EMIT] pos=1370 op=184 @parser.c:1799
[QTS:EMIT] pos=1371 u32=0x00000020 (32) @parser.c:1777
[QTS:EMIT] pos=1375 op=25 @parser.c:1799
[QTS:EMIT] pos=1376 op=62 @parser.c:1799
[QTS:EMIT] pos=1377 op=14 @parser.c:1799
[QTS:EMIT] pos=1378 op=200 @parser.c:1786
[QTS:EMIT] pos=1379 u32=0x000095a6 (38310) @parser.c:1788
[QTS:EMIT] pos=1383 op=186 @parser.c:1799
[QTS:EMIT] pos=1384 u32=0x00000329 (809) @parser.c:1777
[QTS:EMIT] pos=1388 u16=0x0004 (4) @parser.c:1772
[QTS:EMIT] pos=1390 op=200 @parser.c:1786
[QTS:EMIT] pos=1391 u32=0x000095b1 (38321) @parser.c:1788
[QTS:EMIT] pos=1395 op=186 @parser.c:1799
[QTS:EMIT] pos=1396 u32=0x00000238 (568) @parser.c:1777
[QTS:EMIT] pos=1400 u16=0x0004 (4) @parser.c:1772
[QTS:EMIT] pos=1402 op=200 @parser.c:1786
[QTS:EMIT] pos=1403 u32=0x000095b0 (38320) @parser.c:1788
[QTS:EMIT] pos=1407 op=34 @parser.c:1799
[QTS:EMIT] pos=1408 u16=0x0001 (1) @parser.c:1772
[QTS:EMIT] pos=1410 op=14 @parser.c:1799
[QTS:EMIT] pos=1411 op=14 @parser.c:1799
[QTS:EMIT] pos=1412 op=183 @parser.c:1799
[QTS:EMIT] pos=1413 u16=0x0004 (4) @parser.c:1772
[QTS:EMIT] pos=1415 op=183 @parser.c:1799
[QTS:EMIT] pos=1416 u16=0x0003 (3) @parser.c:1772
[QTS:EMIT] pos=1418 op=110 @parser.c:1799
[QTS:EMIT] pos=1419 u32=0x00000001 (1) @parser.c:1777
[QTS:EMIT] pos=1423 op=184 @parser.c:1799
[QTS:EMIT] pos=1424 u32=0x0000001e (30) @parser.c:1777
[QTS:EMIT] pos=1428 op=17 @parser.c:1799
[QTS:EMIT] pos=1429 op=4 @parser.c:1799
[QTS:EMIT] pos=1430 u32=0x000002b2 (690) @parser.c:1777
[QTS:EMIT] pos=1434 op=173 @parser.c:1799
[QTS:EMIT] pos=1435 op=109 @parser.c:1799
[QTS:EMIT] pos=1436 u32=0x00000021 (33) @parser.c:1777
[QTS:EMIT] pos=1440 op=17 @parser.c:1799
[QTS:EMIT] pos=1441 op=4 @parser.c:1799
[QTS:EMIT] pos=1442 u32=0x0000029d (669) @parser.c:1777
[QTS:EMIT] pos=1446 op=173 @parser.c:1799
[QTS:EMIT] pos=1447 op=109 @parser.c:1799
[QTS:EMIT] pos=1448 u32=0x00000021 (33) @parser.c:1777
[QTS:EMIT] pos=1452 op=17 @parser.c:1799
[QTS:EMIT] pos=1453 op=4 @parser.c:1799
[QTS:EMIT] pos=1454 u32=0x0000029e (670) @parser.c:1777
[QTS:EMIT] pos=1458 op=173 @parser.c:1799
[QTS:EMIT] pos=1459 op=108 @parser.c:1799
[QTS:EMIT] pos=1460 u32=0x00000022 (34) @parser.c:1777
[QTS:EMIT] pos=1464 op=184 @parser.c:1799
[QTS:EMIT] pos=1465 u32=0x00000021 (33) @parser.c:1777
[QTS:EMIT] pos=1469 op=200 @parser.c:1786
[QTS:EMIT] pos=1470 u32=0x00009635 (38453) @parser.c:1788
[QTS:EMIT] pos=1474 op=186 @parser.c:1799
[QTS:EMIT] pos=1475 u32=0x00000328 (808) @parser.c:1777
[QTS:EMIT] pos=1479 u16=0x0004 (4) @parser.c:1772
[QTS:EMIT] pos=1474 op=189 @parser.c:1799
[QTS:EMIT] pos=1475 atom=808 @parser.c:1807
[QTS:EMIT] pos=1479 u32=0x00000023 (35) @parser.c:1777
[QTS:EMIT] pos=1483 u16=0x0004 (4) @parser.c:1772
[QTS:ASSIGN] lvalue: opcode=61 scope=4 atom=808 label=35
[QTS:EMIT] pos=1485 op=1 @parser.c:1799
[QTS:EMIT] pos=1486 u32=0x00000000 (0) @parser.c:1777
[QTS:EMIT] pos=1490 op=184 @parser.c:1799
[QTS:EMIT] pos=1491 u32=0x00000023 (35) @parser.c:1777
[QTS:EMIT] pos=1495 op=22 @parser.c:1799
[QTS:EMIT] pos=1496 op=62 @parser.c:1799
[QTS:EMIT] pos=1497 op=14 @parser.c:1799
[QTS:SCOPE] push: level=13 first_var=-1
[QTS:SCOPE] enter: idx=13 is_body=0
[QTS:EMIT] pos=1498 op=182 @parser.c:1799
[QTS:EMIT] pos=1499 u16=0x000d (13) @parser.c:1772
[QTS:EMIT] pos=1501 op=200 @parser.c:1786
[QTS:EMIT] pos=1502 u32=0x0000965c (38492) @parser.c:1788
[QTS:EMIT] pos=1506 op=186 @parser.c:1799
[QTS:EMIT] pos=1507 u32=0x0000021a (538) @parser.c:1777
[QTS:EMIT] pos=1511 u16=0x000d (13) @parser.c:1772
[QTS:EMIT] pos=1513 op=1 @parser.c:1799
[QTS:EMIT] pos=1514 u32=0x00000000 (0) @parser.c:1777
[QTS:EMIT] pos=1518 op=200 @parser.c:1786
[QTS:EMIT] pos=1519 u32=0x00009662 (38498) @parser.c:1788
[QTS:EMIT] pos=1523 op=167 @parser.c:1799
[QTS:EMIT] pos=1524 op=17 @parser.c:1799
[QTS:EMIT] pos=1525 op=108 @parser.c:1799
[QTS:EMIT] pos=1526 u32=0x00000024 (36) @parser.c:1777
[QTS:EMIT] pos=1530 op=14 @parser.c:1799
[QTS:EMIT] pos=1531 op=200 @parser.c:1786
[QTS:EMIT] pos=1532 u32=0x00009669 (38505) @parser.c:1788
[QTS:EMIT] pos=1536 op=186 @parser.c:1799
[QTS:EMIT] pos=1537 u32=0x00000249 (585) @parser.c:1777
[QTS:EMIT] pos=1541 u16=0x000d (13) @parser.c:1772
[QTS:EMIT] pos=1543 op=200 @parser.c:1786
[QTS:EMIT] pos=1544 u32=0x00009675 (38517) @parser.c:1788
[QTS:EMIT] pos=1548 op=186 @parser.c:1799
[QTS:EMIT] pos=1549 u32=0x0000032a (810) @parser.c:1777
[QTS:EMIT] pos=1553 u16=0x000d (13) @parser.c:1772
[QTS:EMIT] pos=1555 op=200 @parser.c:1786
[QTS:EMIT] pos=1556 u32=0x0000967f (38527) @parser.c:1788
[QTS:EMIT] pos=1560 op=34 @parser.c:1799
[QTS:EMIT] pos=1561 u16=0x0000 (0) @parser.c:1772
[QTS:EMIT] pos=1563 op=200 @parser.c:1786
[QTS:EMIT] pos=1564 u32=0x00009683 (38531) @parser.c:1788
[QTS:EMIT] pos=1568 op=186 @parser.c:1799
[QTS:EMIT] pos=1569 u32=0x00000238 (568) @parser.c:1777
[QTS:EMIT] pos=1573 u16=0x000d (13) @parser.c:1772
[QTS:EMIT] pos=1575 op=200 @parser.c:1786
[QTS:EMIT] pos=1576 u32=0x00009674 (38516) @parser.c:1788
[QTS:EMIT] pos=1580 op=34 @parser.c:1799
[QTS:EMIT] pos=1581 u16=0x0002 (2) @parser.c:1772
[QTS:EMIT] pos=1583 op=184 @parser.c:1799
[QTS:EMIT] pos=1584 u32=0x00000024 (36) @parser.c:1777
[QTS:EMIT] pos=1588 op=108 @parser.c:1799
[QTS:EMIT] pos=1589 u32=0x00000025 (37) @parser.c:1777
[QTS:SCOPE] push: level=14 first_var=-1
[QTS:SCOPE] enter: idx=14 is_body=0
[QTS:EMIT] pos=1593 op=182 @parser.c:1799
[QTS:EMIT] pos=1594 u16=0x000e (14) @parser.c:1772
[QTS:EMIT] pos=1596 op=200 @parser.c:1786
[QTS:EMIT] pos=1597 u32=0x000096a1 (38561) @parser.c:1788
[QTS:EMIT] pos=1601 op=186 @parser.c:1799
[QTS:EMIT] pos=1602 u32=0x0000021a (538) @parser.c:1777
[QTS:EMIT] pos=1606 u16=0x000e (14) @parser.c:1772
[QTS:EMIT] pos=1601 op=189 @parser.c:1799
[QTS:EMIT] pos=1602 atom=538 @parser.c:1807
[QTS:EMIT] pos=1606 u32=0x00000026 (38) @parser.c:1777
[QTS:EMIT] pos=1610 u16=0x000e (14) @parser.c:1772
[QTS:EMIT] pos=1612 op=61 @parser.c:1799
[QTS:EMIT] pos=1613 op=200 @parser.c:1786
[QTS:EMIT] pos=1614 u32=0x000096a6 (38566) @parser.c:1788
[QTS:EMIT] pos=1618 op=146 @parser.c:1799
[QTS:EMIT] pos=1619 op=184 @parser.c:1799
[QTS:EMIT] pos=1620 u32=0x00000026 (38) @parser.c:1777
[QTS:EMIT] pos=1624 op=25 @parser.c:1799
[QTS:EMIT] pos=1625 op=62 @parser.c:1799
[QTS:EMIT] pos=1626 op=14 @parser.c:1799
[QTS:EMIT] pos=1627 op=200 @parser.c:1786
[QTS:EMIT] pos=1628 u32=0x000096c2 (38594) @parser.c:1788
[QTS:EMIT] pos=1632 op=186 @parser.c:1799
[QTS:EMIT] pos=1633 u32=0x0000032b (811) @parser.c:1777
[QTS:EMIT] pos=1637 u16=0x000e (14) @parser.c:1772
[QTS:EMIT] pos=1639 op=200 @parser.c:1786
[QTS:EMIT] pos=1640 u32=0x000096cb (38603) @parser.c:1788
[QTS:EMIT] pos=1644 op=34 @parser.c:1799
[QTS:EMIT] pos=1645 u16=0x0000 (0) @parser.c:1772
[QTS:EMIT] pos=1647 op=14 @parser.c:1799
[QTS:EMIT] pos=1648 op=183 @parser.c:1799
[QTS:EMIT] pos=1649 u16=0x000e (14) @parser.c:1772
[QTS:EMIT] pos=1651 op=183 @parser.c:1799
[QTS:EMIT] pos=1652 u16=0x000d (13) @parser.c:1772
[QTS:EMIT] pos=1654 op=14 @parser.c:1799
[QTS:EMIT] pos=1655 op=183 @parser.c:1799
[QTS:EMIT] pos=1656 u16=0x0004 (4) @parser.c:1772
[QTS:EMIT] pos=1658 op=183 @parser.c:1799
[QTS:EMIT] pos=1659 u16=0x0003 (3) @parser.c:1772
[QTS:EMIT] pos=1661 op=110 @parser.c:1799
[QTS:EMIT] pos=1662 u32=0x00000001 (1) @parser.c:1777
[QTS:SCOPE] leave: idx=14
[QTS:SCOPE] pop: level=14
[QTS:EMIT] pos=1666 op=183 @parser.c:1799
[QTS:EMIT] pos=1667 u16=0x000e (14) @parser.c:1772
[QTS:EMIT] pos=1669 op=184 @parser.c:1799
[QTS:EMIT] pos=1670 u32=0x00000025 (37) @parser.c:1777
[QTS:SCOPE] leave: idx=13
[QTS:SCOPE] pop: level=13
[QTS:EMIT] pos=1674 op=183 @parser.c:1799
[QTS:EMIT] pos=1675 u16=0x000d (13) @parser.c:1772
[QTS:EMIT] pos=1677 op=200 @parser.c:1786
[QTS:EMIT] pos=1678 u32=0x0000971b (38683) @parser.c:1788
[QTS:EMIT] pos=1682 op=186 @parser.c:1799
[QTS:EMIT] pos=1683 u32=0x00000252 (594) @parser.c:1777
[QTS:EMIT] pos=1687 u16=0x0004 (4) @parser.c:1772
[QTS:EMIT] pos=1682 op=189 @parser.c:1799
[QTS:EMIT] pos=1683 atom=594 @parser.c:1807
[QTS:EMIT] pos=1687 u32=0x00000027 (39) @parser.c:1777
[QTS:EMIT] pos=1691 u16=0x0004 (4) @parser.c:1772
[QTS:ASSIGN] lvalue: opcode=61 scope=4 atom=594 label=39
[QTS:EMIT] pos=1693 op=4 @parser.c:1799
[QTS:EMIT] pos=1694 u32=0x00000205 (517) @parser.c:1777
[QTS:EMIT] pos=1698 op=184 @parser.c:1799
[QTS:EMIT] pos=1699 u32=0x00000027 (39) @parser.c:1777
[QTS:EMIT] pos=1703 op=22 @parser.c:1799
[QTS:EMIT] pos=1704 op=62 @parser.c:1799
[QTS:EMIT] pos=1705 op=14 @parser.c:1799
[QTS:EMIT] pos=1706 op=110 @parser.c:1799
[QTS:EMIT] pos=1707 u32=0x00000009 (9) @parser.c:1777
[QTS:EMIT] pos=1711 op=184 @parser.c:1799
[QTS:EMIT] pos=1712 u32=0x00000000 (0) @parser.c:1777
[QTS:SCOPE] push: level=15 first_var=-1
[QTS:SCOPE] enter: idx=15 is_body=0
[QTS:EMIT] pos=1716 op=182 @parser.c:1799
[QTS:EMIT] pos=1717 u16=0x000f (15) @parser.c:1772
[QTS:EMIT] pos=1719 op=200 @parser.c:1786
[QTS:EMIT] pos=1720 u32=0x00009778 (38776) @parser.c:1788
[QTS:EMIT] pos=1724 op=186 @parser.c:1799
[QTS:EMIT] pos=1725 u32=0x0000023f (575) @parser.c:1777
[QTS:EMIT] pos=1729 u16=0x000f (15) @parser.c:1772
[QTS:EMIT] pos=1731 op=200 @parser.c:1786
[QTS:EMIT] pos=1732 u32=0x00009781 (38785) @parser.c:1788
[QTS:EMIT] pos=1736 op=186 @parser.c:1799
[QTS:EMIT] pos=1737 u32=0x00000238 (568) @parser.c:1777
[QTS:EMIT] pos=1741 u16=0x000f (15) @parser.c:1772
[QTS:EMIT] pos=1743 op=200 @parser.c:1786
[QTS:EMIT] pos=1744 u32=0x00009780 (38784) @parser.c:1788
[QTS:EMIT] pos=1748 op=34 @parser.c:1799
[QTS:EMIT] pos=1749 u16=0x0001 (1) @parser.c:1772
[QTS:EMIT] pos=1751 op=108 @parser.c:1799
[QTS:EMIT] pos=1752 u32=0x00000028 (40) @parser.c:1777
[QTS:SCOPE] push: level=16 first_var=-1
[QTS:SCOPE] enter: idx=16 is_body=0
[QTS:EMIT] pos=1756 op=182 @parser.c:1799
[QTS:EMIT] pos=1757 u16=0x0010 (16) @parser.c:1772
[QTS:EMIT] pos=1759 op=200 @parser.c:1786
[QTS:EMIT] pos=1760 u32=0x0000979f (38815) @parser.c:1788
[QTS:EMIT] pos=1764 op=186 @parser.c:1799
[QTS:EMIT] pos=1765 u32=0x00000331 (817) @parser.c:1777
[QTS:EMIT] pos=1769 u16=0x0010 (16) @parser.c:1772
[QTS:EMIT] pos=1771 op=200 @parser.c:1786
[QTS:EMIT] pos=1772 u32=0x000097ab (38827) @parser.c:1788
[QTS:EMIT] pos=1776 op=34 @parser.c:1799
[QTS:EMIT] pos=1777 u16=0x0000 (0) @parser.c:1772
[QTS:EMIT] pos=1779 op=14 @parser.c:1799
[QTS:EMIT] pos=1780 op=200 @parser.c:1786
[QTS:EMIT] pos=1781 u32=0x000097c7 (38855) @parser.c:1788
[QTS:EMIT] pos=1785 op=186 @parser.c:1799
[QTS:EMIT] pos=1786 u32=0x00000328 (808) @parser.c:1777
[QTS:EMIT] pos=1790 u16=0x0010 (16) @parser.c:1772
[QTS:EMIT] pos=1785 op=189 @parser.c:1799
[QTS:EMIT] pos=1786 atom=808 @parser.c:1807
[QTS:EMIT] pos=1790 u32=0x00000029 (41) @parser.c:1777
[QTS:EMIT] pos=1794 u16=0x0010 (16) @parser.c:1772
[QTS:ASSIGN] lvalue: opcode=61 scope=16 atom=808 label=41
[QTS:EMIT] pos=1796 op=1 @parser.c:1799
[QTS:EMIT] pos=1797 u32=0x00000000 (0) @parser.c:1777
[QTS:EMIT] pos=1801 op=184 @parser.c:1799
[QTS:EMIT] pos=1802 u32=0x00000029 (41) @parser.c:1777
[QTS:EMIT] pos=1806 op=22 @parser.c:1799
[QTS:EMIT] pos=1807 op=62 @parser.c:1799
[QTS:EMIT] pos=1808 op=14 @parser.c:1799
[QTS:EMIT] pos=1809 op=183 @parser.c:1799
[QTS:EMIT] pos=1810 u16=0x0010 (16) @parser.c:1772
[QTS:EMIT] pos=1812 op=183 @parser.c:1799
[QTS:EMIT] pos=1813 u16=0x000f (15) @parser.c:1772
[QTS:EMIT] pos=1815 op=110 @parser.c:1799
[QTS:EMIT] pos=1816 u32=0x00000009 (9) @parser.c:1777
[QTS:SCOPE] leave: idx=16
[QTS:SCOPE] pop: level=16
[QTS:EMIT] pos=1820 op=183 @parser.c:1799
[QTS:EMIT] pos=1821 u16=0x0010 (16) @parser.c:1772
[QTS:EMIT] pos=1823 op=184 @parser.c:1799
[QTS:EMIT] pos=1824 u32=0x00000028 (40) @parser.c:1777
[QTS:SCOPE] leave: idx=15
[QTS:SCOPE] pop: level=15
[QTS:EMIT] pos=1828 op=183 @parser.c:1799
[QTS:EMIT] pos=1829 u16=0x000f (15) @parser.c:1772
[QTS:SCOPE] push: level=17 first_var=-1
[QTS:SCOPE] enter: idx=17 is_body=0
[QTS:EMIT] pos=1831 op=182 @parser.c:1799
[QTS:EMIT] pos=1832 u16=0x0011 (17) @parser.c:1772
[QTS:EMIT] pos=1834 op=200 @parser.c:1786
[QTS:EMIT] pos=1835 u32=0x00009823 (38947) @parser.c:1788
[QTS:EMIT] pos=1839 op=186 @parser.c:1799
[QTS:EMIT] pos=1840 u32=0x00000240 (576) @parser.c:1777
[QTS:EMIT] pos=1844 u16=0x0011 (17) @parser.c:1772
[QTS:EMIT] pos=1846 op=200 @parser.c:1786
[QTS:EMIT] pos=1847 u32=0x0000982b (38955) @parser.c:1788
[QTS:EMIT] pos=1851 op=186 @parser.c:1799
[QTS:EMIT] pos=1852 u32=0x00000238 (568) @parser.c:1777
[QTS:EMIT] pos=1856 u16=0x0011 (17) @parser.c:1772
[QTS:EMIT] pos=1858 op=200 @parser.c:1786
[QTS:EMIT] pos=1859 u32=0x0000982a (38954) @parser.c:1788
[QTS:EMIT] pos=1863 op=34 @parser.c:1799
[QTS:EMIT] pos=1864 u16=0x0001 (1) @parser.c:1772
[QTS:EMIT] pos=1866 op=17 @parser.c:1799
[QTS:EMIT] pos=1867 op=109 @parser.c:1799
[QTS:EMIT] pos=1868 u32=0x0000002a (42) @parser.c:1777
[QTS:EMIT] pos=1872 op=14 @parser.c:1799
[QTS:EMIT] pos=1873 op=200 @parser.c:1786
[QTS:EMIT] pos=1874 u32=0x00009831 (38961) @parser.c:1788
[QTS:EMIT] pos=1878 op=186 @parser.c:1799
[QTS:EMIT] pos=1879 u32=0x00000238 (568) @parser.c:1777
[QTS:EMIT] pos=1883 u16=0x0011 (17) @parser.c:1772
[QTS:EMIT] pos=1885 op=4 @parser.c:1799
[QTS:EMIT] pos=1886 u32=0x00000242 (578) @parser.c:1777
[QTS:EMIT] pos=1890 op=200 @parser.c:1786
[QTS:EMIT] pos=1891 u32=0x00009833 (38963) @parser.c:1788
[QTS:EMIT] pos=1895 op=171 @parser.c:1799
[QTS:EMIT] pos=1896 op=184 @parser.c:1799
[QTS:EMIT] pos=1897 u32=0x0000002a (42) @parser.c:1777
[QTS:EMIT] pos=1901 op=108 @parser.c:1799
[QTS:EMIT] pos=1902 u32=0x0000002b (43) @parser.c:1777
[QTS:SCOPE] push: level=18 first_var=-1
[QTS:SCOPE] enter: idx=18 is_body=0
[QTS:EMIT] pos=1906 op=182 @parser.c:1799
[QTS:EMIT] pos=1907 u16=0x0012 (18) @parser.c:1772
[QTS:EMIT] pos=1909 op=200 @parser.c:1786
[QTS:EMIT] pos=1910 u32=0x00009855 (38997) @parser.c:1788
[QTS:EMIT] pos=1914 op=186 @parser.c:1799
[QTS:EMIT] pos=1915 u32=0x00000341 (833) @parser.c:1777
[QTS:EMIT] pos=1919 u16=0x0012 (18) @parser.c:1772
[QTS:EMIT] pos=1921 op=200 @parser.c:1786
[QTS:EMIT] pos=1922 u32=0x00009865 (39013) @parser.c:1788
[QTS:EMIT] pos=1926 op=34 @parser.c:1799
[QTS:EMIT] pos=1927 u16=0x0000 (0) @parser.c:1772
[QTS:EMIT] pos=1929 op=14 @parser.c:1799
[QTS:EMIT] pos=1930 op=183 @parser.c:1799
[QTS:EMIT] pos=1931 u16=0x0012 (18) @parser.c:1772
[QTS:EMIT] pos=1933 op=183 @parser.c:1799
[QTS:EMIT] pos=1934 u16=0x0011 (17) @parser.c:1772
[QTS:EMIT] pos=1936 op=110 @parser.c:1799
[QTS:EMIT] pos=1937 u32=0x00000009 (9) @parser.c:1777
[QTS:SCOPE] leave: idx=18
[QTS:SCOPE] pop: level=18
[QTS:EMIT] pos=1941 op=183 @parser.c:1799
[QTS:EMIT] pos=1942 u16=0x0012 (18) @parser.c:1772
[QTS:EMIT] pos=1944 op=184 @parser.c:1799
[QTS:EMIT] pos=1945 u32=0x0000002b (43) @parser.c:1777
[QTS:SCOPE] leave: idx=17
[QTS:SCOPE] pop: level=17
[QTS:EMIT] pos=1949 op=183 @parser.c:1799
[QTS:EMIT] pos=1950 u16=0x0011 (17) @parser.c:1772
[QTS:EMIT] pos=1952 op=200 @parser.c:1786
[QTS:EMIT] pos=1953 u32=0x000098b2 (39090) @parser.c:1788
[QTS:EMIT] pos=1957 op=186 @parser.c:1799
[QTS:EMIT] pos=1958 u32=0x00000328 (808) @parser.c:1777
[QTS:EMIT] pos=1962 u16=0x0004 (4) @parser.c:1772
[QTS:EMIT] pos=1957 op=189 @parser.c:1799
[QTS:EMIT] pos=1958 atom=808 @parser.c:1807
[QTS:EMIT] pos=1962 u32=0x0000002c (44) @parser.c:1777
[QTS:EMIT] pos=1966 u16=0x0004 (4) @parser.c:1772
[QTS:ASSIGN] lvalue: opcode=61 scope=4 atom=808 label=44
[QTS:EMIT] pos=1968 op=1 @parser.c:1799
[QTS:EMIT] pos=1969 u32=0x00000001 (1) @parser.c:1777
[QTS:EMIT] pos=1973 op=184 @parser.c:1799
[QTS:EMIT] pos=1974 u32=0x0000002c (44) @parser.c:1777
[QTS:EMIT] pos=1978 op=22 @parser.c:1799
[QTS:EMIT] pos=1979 op=62 @parser.c:1799
[QTS:EMIT] pos=1980 op=14 @parser.c:1799
[QTS:EMIT] pos=1981 op=14 @parser.c:1799
[QTS:EMIT] pos=1982 op=183 @parser.c:1799
[QTS:EMIT] pos=1983 u16=0x0004 (4) @parser.c:1772
[QTS:EMIT] pos=1985 op=183 @parser.c:1799
[QTS:EMIT] pos=1986 u16=0x0003 (3) @parser.c:1772
[QTS:EMIT] pos=1988 op=110 @parser.c:1799
[QTS:EMIT] pos=1989 u32=0x00000001 (1) @parser.c:1777
[QTS:EMIT] pos=1993 op=184 @parser.c:1799
[QTS:EMIT] pos=1994 u32=0x00000009 (9) @parser.c:1777
[QTS:EMIT] pos=1998 op=14 @parser.c:1799
[QTS:SCOPE] leave: idx=4
[QTS:SCOPE] pop: level=4
[QTS:EMIT] pos=1999 op=183 @parser.c:1799
[QTS:EMIT] pos=2000 u16=0x0004 (4) @parser.c:1772
[QTS:SCOPE] push: level=19 first_var=-1
[QTS:SCOPE] enter: idx=19 is_body=0
[QTS:EMIT] pos=2002 op=182 @parser.c:1799
[QTS:EMIT] pos=2003 u16=0x0013 (19) @parser.c:1772
[QTS:EMIT] pos=2005 op=200 @parser.c:1786
[QTS:EMIT] pos=2006 u32=0x000098fd (39165) @parser.c:1788
[QTS:EMIT] pos=2010 op=186 @parser.c:1799
[QTS:EMIT] pos=2011 u32=0x00000252 (594) @parser.c:1777
[QTS:EMIT] pos=2015 u16=0x0013 (19) @parser.c:1772
[QTS:EMIT] pos=2017 op=108 @parser.c:1799
[QTS:EMIT] pos=2018 u32=0x0000002d (45) @parser.c:1777
[QTS:EMIT] pos=2022 op=200 @parser.c:1786
[QTS:EMIT] pos=2023 u32=0x00009914 (39188) @parser.c:1788
[QTS:EMIT] pos=2027 op=186 @parser.c:1799
[QTS:EMIT] pos=2028 u32=0x00000344 (836) @parser.c:1777
[QTS:EMIT] pos=2032 u16=0x0013 (19) @parser.c:1772
[QTS:EMIT] pos=2034 op=200 @parser.c:1786
[QTS:EMIT] pos=2035 u32=0x0000991e (39198) @parser.c:1788
[QTS:EMIT] pos=2039 op=186 @parser.c:1799
[QTS:EMIT] pos=2040 u32=0x0000024f (591) @parser.c:1777
[QTS:EMIT] pos=2044 u16=0x0013 (19) @parser.c:1772
[QTS:EMIT] pos=2046 op=200 @parser.c:1786
[QTS:EMIT] pos=2047 u32=0x00009925 (39205) @parser.c:1788
[QTS:EMIT] pos=2051 op=186 @parser.c:1799
[QTS:EMIT] pos=2052 u32=0x00000236 (566) @parser.c:1777
[QTS:EMIT] pos=2056 u16=0x0013 (19) @parser.c:1772
[QTS:EMIT] pos=2058 op=200 @parser.c:1786
[QTS:EMIT] pos=2059 u32=0x0000991d (39197) @parser.c:1788
[QTS:EMIT] pos=2063 op=34 @parser.c:1799
[QTS:EMIT] pos=2064 u16=0x0002 (2) @parser.c:1772
[QTS:EMIT] pos=2066 op=14 @parser.c:1799
[QTS:EMIT] pos=2067 op=184 @parser.c:1799
[QTS:EMIT] pos=2068 u32=0x0000002d (45) @parser.c:1777
[QTS:SCOPE] leave: idx=19
[QTS:SCOPE] pop: level=19
[QTS:EMIT] pos=2072 op=183 @parser.c:1799
[QTS:EMIT] pos=2073 u16=0x0013 (19) @parser.c:1772
[QTS:SCOPE] leave: idx=3
[QTS:SCOPE] pop: level=3
[QTS:EMIT] pos=2075 op=183 @parser.c:1799
[QTS:EMIT] pos=2076 u16=0x0003 (3) @parser.c:1772
[QTS:EMIT] pos=2078 op=183 @parser.c:1799
[QTS:EMIT] pos=2079 u16=0x0002 (2) @parser.c:1772
[QTS:EMIT] pos=2081 op=110 @parser.c:1799
[QTS:EMIT] pos=2082 u32=0x00000001 (1) @parser.c:1777
[QTS:EMIT] pos=2086 op=184 @parser.c:1799
[QTS:EMIT] pos=2087 u32=0x00000004 (4) @parser.c:1777
[QTS:SCOPE] leave: idx=2
[QTS:SCOPE] pop: level=2
[QTS:EMIT] pos=2091 op=183 @parser.c:1799
[QTS:EMIT] pos=2092 u16=0x0002 (2) @parser.c:1772
[QTS:EMIT] pos=2094 op=200 @parser.c:1786
[QTS:EMIT] pos=2095 u32=0x0000993b (39227) @parser.c:1788
[QTS:EMIT] pos=2099 op=186 @parser.c:1799
[QTS:EMIT] pos=2100 u32=0x00000344 (836) @parser.c:1777
[QTS:EMIT] pos=2104 u16=0x0001 (1) @parser.c:1772
[QTS:EMIT] pos=2106 op=200 @parser.c:1786
[QTS:EMIT] pos=2107 u32=0x00009945 (39237) @parser.c:1788
[QTS:EMIT] pos=2111 op=186 @parser.c:1799
[QTS:EMIT] pos=2112 u32=0x00000255 (597) @parser.c:1777
[QTS:EMIT] pos=2116 u16=0x0001 (1) @parser.c:1772
[QTS:EMIT] pos=2118 op=200 @parser.c:1786
[QTS:EMIT] pos=2119 u32=0x00009948 (39240) @parser.c:1788
[QTS:EMIT] pos=2123 op=186 @parser.c:1799
[QTS:EMIT] pos=2124 u32=0x00000255 (597) @parser.c:1777
[QTS:EMIT] pos=2128 u16=0x0001 (1) @parser.c:1772
[QTS:EMIT] pos=2130 op=200 @parser.c:1786
[QTS:EMIT] pos=2131 u32=0x00009944 (39236) @parser.c:1788
[QTS:EMIT] pos=2135 op=34 @parser.c:1799
[QTS:EMIT] pos=2136 u16=0x0002 (2) @parser.c:1772
[QTS:EMIT] pos=2138 op=14 @parser.c:1799
[QTS:EMIT] pos=2139 op=200 @parser.c:1786
[QTS:EMIT] pos=2140 u32=0x0000995c (39260) @parser.c:1788
[QTS:EMIT] pos=2144 op=186 @parser.c:1799
[QTS:EMIT] pos=2145 u32=0x00000326 (806) @parser.c:1777
[QTS:EMIT] pos=2149 u16=0x0001 (1) @parser.c:1772
[QTS:EMIT] pos=2151 op=200 @parser.c:1786
[QTS:EMIT] pos=2152 u32=0x00009963 (39267) @parser.c:1788
[QTS:EMIT] pos=2156 op=186 @parser.c:1799
[QTS:EMIT] pos=2157 u32=0x0000021a (538) @parser.c:1777
[QTS:EMIT] pos=2161 u16=0x0001 (1) @parser.c:1772
[QTS:EMIT] pos=2163 op=200 @parser.c:1786
[QTS:EMIT] pos=2164 u32=0x0000996a (39274) @parser.c:1788
[QTS:EMIT] pos=2168 op=186 @parser.c:1799
[QTS:EMIT] pos=2169 u32=0x000002a2 (674) @parser.c:1777
[QTS:EMIT] pos=2173 u16=0x0001 (1) @parser.c:1772
[QTS:EMIT] pos=2175 op=38 @parser.c:1799
[QTS:EMIT] pos=2176 u16=0x0003 (3) @parser.c:1772
[QTS:EMIT] pos=2178 op=200 @parser.c:1786
[QTS:EMIT] pos=2179 u32=0x00009954 (39252) @parser.c:1788
[QTS:EMIT] pos=2183 op=40 @parser.c:1799
[QTS:EMIT] pos=1660 op=200 @parser.c:1786
[QTS:EMIT] pos=1661 u32=0x00009978 (39288) @parser.c:1788
[QTS:EMIT] pos=1665 op=186 @parser.c:1799
[QTS:EMIT] pos=1666 u32=0x00000229 (553) @parser.c:1777
[QTS:EMIT] pos=1670 u16=0x0001 (1) @parser.c:1772
[QTS:EMIT] pos=1672 op=200 @parser.c:1786
[QTS:EMIT] pos=1673 u32=0x00009980 (39296) @parser.c:1788
[QTS:EMIT] pos=1677 op=34 @parser.c:1799
[QTS:EMIT] pos=1678 u16=0x0000 (0) @parser.c:1772
[QTS:EMIT] pos=1680 op=14 @parser.c:1799
[QTS:EMIT] pos=1681 op=200 @parser.c:1786
[QTS:EMIT] pos=1682 u32=0x00009988 (39304) @parser.c:1788
[QTS:EMIT] pos=1686 op=186 @parser.c:1799
[QTS:EMIT] pos=1687 u32=0x00000316 (790) @parser.c:1777
[QTS:EMIT] pos=1691 u16=0x0001 (1) @parser.c:1772
[QTS:EMIT] pos=1693 op=200 @parser.c:1786
[QTS:EMIT] pos=1694 u32=0x00009991 (39313) @parser.c:1788
[QTS:EMIT] pos=1698 op=34 @parser.c:1799
[QTS:EMIT] pos=1699 u16=0x0000 (0) @parser.c:1772
[QTS:EMIT] pos=1701 op=14 @parser.c:1799
[QTS:EMIT] pos=1702 op=41 @parser.c:1799
[QTS:EMIT] pos=8 op=3 @parser.c:1799
[QTS:EMIT] pos=9 u32=0x00000000 (0) @parser.c:1777
[QTS:EMIT] pos=13 op=79 @parser.c:1799
[QTS:EMIT] pos=14 u32=0x00000000 (0) @parser.c:1777
[QTS:EMIT] pos=18 op=200 @parser.c:1786
[QTS:EMIT] pos=19 u32=0x00009998 (39320) @parser.c:1788
[QTS:EMIT] pos=23 op=186 @parser.c:1799
[QTS:EMIT] pos=24 u32=0x0000008d (141) @parser.c:1777
[QTS:EMIT] pos=28 u16=0x0001 (1) @parser.c:1772
[QTS:EMIT] pos=30 op=200 @parser.c:1786
[QTS:EMIT] pos=31 u32=0x00009997 (39319) @parser.c:1788
[QTS:EMIT] pos=35 op=34 @parser.c:1799
[QTS:EMIT] pos=36 u16=0x0001 (1) @parser.c:1772
[QTS:EMIT] pos=38 op=14 @parser.c:1799
[QTS:EMIT] pos=39 op=6 @parser.c:1799
[QTS:EMIT] pos=40 op=47 @parser.c:1799
[QTS:VAR] hoist: eval_type=0 module=0 globals=0 closures=0
[QTS:VAR] resolve: atom=549 scope=1 op=189
[QTS:CLOSURE] capture: var_idx=36 var_name=549
[QTS:VAR]   found: idx=0 is_arg=0
[QTS:VAR] resolve: atom=472 scope=1 op=186
[QTS:VAR]   found: idx=1 is_arg=0
[QTS:VAR] resolve: atom=551 scope=1 op=189
[QTS:CLOSURE] capture: var_idx=38 var_name=551
[QTS:VAR]   found: idx=2 is_arg=0
[QTS:VAR] resolve: atom=473 scope=2 op=186
[QTS:VAR]   found: idx=3 is_arg=0
[QTS:VAR] resolve: atom=549 scope=2 op=186
[QTS:CLOSURE] capture: var_idx=36 var_name=549
[QTS:VAR]   found: idx=0 is_arg=0
[QTS:VAR] resolve: atom=473 scope=4 op=186
[QTS:VAR]   found: idx=3 is_arg=0
[QTS:VAR] resolve: atom=554 scope=5 op=189
[QTS:VAR]   emit: op=189 idx=0
[QTS:VAR] resolve: atom=473 scope=5 op=186
[QTS:VAR]   found: idx=3 is_arg=0
[QTS:VAR] resolve: atom=549 scope=5 op=186
[QTS:CLOSURE] capture: var_idx=36 var_name=549
[QTS:VAR]   found: idx=0 is_arg=0
[QTS:VAR] resolve: atom=554 scope=6 op=186
[QTS:VAR]   emit: op=186 idx=0
[QTS:VAR] resolve: atom=551 scope=6 op=189
[QTS:CLOSURE] capture: var_idx=38 var_name=551
[QTS:VAR]   found: idx=2 is_arg=0
[QTS:VAR] resolve: atom=554 scope=6 op=186
[QTS:VAR]   emit: op=186 idx=0
[QTS:VAR] resolve: atom=473 scope=7 op=186
[QTS:VAR]   found: idx=3 is_arg=0
[QTS:VAR] resolve: atom=473 scope=8 op=186
[QTS:VAR]   found: idx=3 is_arg=0
[QTS:VAR] resolve: atom=549 scope=8 op=186
[QTS:CLOSURE] capture: var_idx=36 var_name=549
[QTS:VAR]   found: idx=0 is_arg=0
[QTS:VAR] resolve: atom=473 scope=1 op=186
[QTS:VAR]   found: idx=3 is_arg=0
[QTS:VAR] resolve: atom=473 scope=1 op=186
[QTS:VAR]   found: idx=3 is_arg=0
[QTS:VAR] resolve: atom=561 scope=1 op=186
[QTS:CLOSURE] capture: var_idx=41 var_name=561
[QTS:VAR]   found: idx=4 is_arg=0
[QTS:VAR] resolve: atom=550 scope=1 op=189
[QTS:CLOSURE] capture: var_idx=37 var_name=550
[QTS:VAR]   found: idx=5 is_arg=0
[QTS:VAR] resolve: atom=176 scope=1 op=186
[QTS:VAR] resolve: atom=473 scope=1 op=186
[QTS:VAR]   found: idx=3 is_arg=0
[QTS:VAR] resolve: atom=549 scope=1 op=186
[QTS:CLOSURE] capture: var_idx=36 var_name=549
[QTS:VAR]   found: idx=0 is_arg=0
[QTS:VAR] resolve: atom=563 scope=1 op=186
[QTS:CLOSURE] capture: var_idx=42 var_name=563
[QTS:VAR]   found: idx=6 is_arg=0
[QTS:LABEL] begin: bc_len=418 label_count=9 jump_size=4 line_number_size=41 strip_debug=0
[QTS:LABEL] goto: opcode=108 label=2
[QTS:LABEL] goto: opcode=108 label=3
[QTS:LABEL] goto: opcode=108 label=5
[QTS:LABEL] emit: label=5 pos=66
[QTS:LABEL] emit: label=3 pos=66
[QTS:LABEL] goto: opcode=108 label=7
[QTS:LABEL] emit: label=7 pos=89
[QTS:LABEL] emit: label=2 pos=89
[QTS:PC2LINE] begin: slots=37 source_pos=3429 @parser.c:10908
[QTS:PC2LINE] init: line=106 col=4 @parser.c:10915
[QTS:PC2LINE] end: pc2line_len=78 @parser.c:10960
[QTS:LABEL] end: out_len=139
[QTS:STACK] result: max_stack=4 var_count=1
[QTS:VAR] hoist: eval_type=0 module=0 globals=0 closures=0
[QTS:VAR] resolve: atom=564 scope=1 op=186
[QTS:CLOSURE] capture: var_idx=43 var_name=564
[QTS:VAR]   found: idx=0 is_arg=0
[QTS:LABEL] begin: bc_len=23 label_count=0 jump_size=0 line_number_size=2 strip_debug=0
[QTS:PC2LINE] begin: slots=2 source_pos=4151 @parser.c:10908
[QTS:PC2LINE] init: line=128 col=4 @parser.c:10915
[QTS:PC2LINE] end: pc2line_len=7 @parser.c:10960
[QTS:LABEL] end: out_len=4
[QTS:STACK] result: max_stack=2 var_count=0
[QTS:VAR] hoist: eval_type=0 module=0 globals=0 closures=0
[QTS:VAR] resolve: atom=565 scope=1 op=189
[QTS:VAR]   emit: op=189 idx=0
[QTS:VAR] resolve: atom=473 scope=1 op=186
[QTS:VAR]   found: idx=0 is_arg=0
[QTS:VAR] resolve: atom=549 scope=1 op=186
[QTS:CLOSURE] capture: var_idx=36 var_name=549
[QTS:VAR]   found: idx=1 is_arg=0
[QTS:VAR] resolve: atom=550 scope=1 op=186
[QTS:CLOSURE] capture: var_idx=37 var_name=550
[QTS:VAR]   found: idx=2 is_arg=0
[QTS:VAR] resolve: atom=550 scope=1 op=186
[QTS:CLOSURE] capture: var_idx=37 var_name=550
[QTS:VAR]   found: idx=2 is_arg=0
[QTS:VAR] resolve: atom=566 scope=2 op=189
[QTS:VAR]   emit: op=189 idx=1
[QTS:VAR] resolve: atom=566 scope=2 op=186
[QTS:VAR]   emit: op=186 idx=1
[QTS:VAR] resolve: atom=565 scope=2 op=186
[QTS:VAR]   emit: op=186 idx=0
[QTS:VAR] resolve: atom=564 scope=2 op=186
[QTS:CLOSURE] capture: var_idx=43 var_name=564
[QTS:VAR]   found: idx=3 is_arg=0
[QTS:VAR] resolve: atom=550 scope=2 op=186
[QTS:CLOSURE] capture: var_idx=37 var_name=550
[QTS:VAR]   found: idx=2 is_arg=0
[QTS:VAR] resolve: atom=566 scope=2 op=186
[QTS:VAR]   emit: op=186 idx=1
[QTS:VAR] resolve: atom=566 scope=2 op=189
[QTS:VAR]   emit: op=189 idx=1
[QTS:LABEL] begin: bc_len=215 label_count=7 jump_size=3 line_number_size=20 strip_debug=0
[QTS:LABEL] emit: label=2 pos=24
[QTS:LABEL] goto: opcode=108 label=5
[QTS:LABEL] emit: label=4 pos=29
[QTS:LABEL] emit: label=3 pos=35
[QTS:LABEL] goto: opcode=110 label=2
[QTS:LABEL] resolve: label=2 addr=24
[QTS:LABEL] emit: label=5 pos=39
[QTS:PC2LINE] begin: slots=18 source_pos=4251 @parser.c:10908
[QTS:PC2LINE] init: line=132 col=4 @parser.c:10915
[QTS:PC2LINE] end: pc2line_len=39 @parser.c:10960
[QTS:LABEL] end: out_len=40
[QTS:STACK] result: max_stack=6 var_count=2
[QTS:VAR] hoist: eval_type=0 module=0 globals=0 closures=0
[QTS:VAR] resolve: atom=532 scope=2 op=186
[QTS:CLOSURE] capture: var_idx=19 var_name=532
[QTS:VAR]   found: idx=0 is_arg=0
[QTS:VAR] resolve: atom=569 scope=3 op=186
[QTS:CLOSURE] capture: var_idx=100 var_name=569
[QTS:VAR]   found: idx=1 is_arg=0
[QTS:VAR] resolve: atom=568 scope=3 op=186
[QTS:VAR]   emit: op=186 idx=536870912
[QTS:VAR] resolve: atom=547 scope=4 op=186
[QTS:CLOSURE] capture: var_idx=34 var_name=547
[QTS:VAR]   found: idx=2 is_arg=0
[QTS:VAR] resolve: atom=568 scope=4 op=186
[QTS:VAR]   emit: op=186 idx=536870912
[QTS:VAR] resolve: atom=568 scope=4 op=186
[QTS:VAR]   emit: op=186 idx=536870912
[QTS:VAR] resolve: atom=548 scope=5 op=189
[QTS:CLOSURE] capture: var_idx=35 var_name=548
[QTS:VAR]   found: idx=3 is_arg=0
[QTS:VAR] resolve: atom=548 scope=5 op=186
[QTS:CLOSURE] capture: var_idx=35 var_name=548
[QTS:VAR]   found: idx=3 is_arg=0
[QTS:VAR] resolve: atom=568 scope=5 op=186
[QTS:VAR]   emit: op=186 idx=536870912
[QTS:VAR] resolve: atom=547 scope=5 op=189
[QTS:CLOSURE] capture: var_idx=34 var_name=547
[QTS:VAR]   found: idx=2 is_arg=0
[QTS:VAR] resolve: atom=547 scope=6 op=186
[QTS:CLOSURE] capture: var_idx=34 var_name=547
[QTS:VAR]   found: idx=2 is_arg=0
[QTS:VAR] resolve: atom=569 scope=7 op=186
[QTS:CLOSURE] capture: var_idx=100 var_name=569
[QTS:VAR]   found: idx=1 is_arg=0
[QTS:VAR] resolve: atom=548 scope=7 op=186
[QTS:CLOSURE] capture: var_idx=35 var_name=548
[QTS:VAR]   found: idx=3 is_arg=0
[QTS:VAR] resolve: atom=568 scope=8 op=186
[QTS:VAR]   emit: op=186 idx=536870912
[QTS:VAR] resolve: atom=568 scope=8 op=186
[QTS:VAR]   emit: op=186 idx=536870912
[QTS:VAR] resolve: atom=547 scope=9 op=189
[QTS:CLOSURE] capture: var_idx=34 var_name=547
[QTS:VAR]   found: idx=2 is_arg=0
[QTS:VAR] resolve: atom=568 scope=9 op=186
[QTS:VAR]   emit: op=186 idx=536870912
[QTS:VAR] resolve: atom=568 scope=9 op=186
[QTS:VAR]   emit: op=186 idx=536870912
[QTS:VAR] resolve: atom=548 scope=9 op=189
[QTS:CLOSURE] capture: var_idx=35 var_name=548
[QTS:VAR]   found: idx=3 is_arg=0
[QTS:VAR] resolve: atom=568 scope=9 op=186
[QTS:VAR]   emit: op=186 idx=536870912
[QTS:VAR] resolve: atom=547 scope=9 op=186
[QTS:CLOSURE] capture: var_idx=34 var_name=547
[QTS:VAR]   found: idx=2 is_arg=0
[QTS:VAR] resolve: atom=547 scope=10 op=189
[QTS:CLOSURE] capture: var_idx=34 var_name=547
[QTS:VAR]   found: idx=2 is_arg=0
[QTS:VAR] resolve: atom=569 scope=10 op=186
[QTS:CLOSURE] capture: var_idx=100 var_name=569
[QTS:VAR]   found: idx=1 is_arg=0
[QTS:VAR] resolve: atom=568 scope=10 op=186
[QTS:VAR]   emit: op=186 idx=536870912
[QTS:LABEL] begin: bc_len=516 label_count=15 jump_size=10 line_number_size=45 strip_debug=0
[QTS:LABEL] goto: opcode=108 label=0
[QTS:LABEL] emit: label=0 pos=9
[QTS:LABEL] goto: opcode=108 label=4
[QTS:LABEL] goto: opcode=108 label=4
[QTS:LABEL] emit: label=3 pos=32
[QTS:LABEL] emit: label=2 pos=32
[QTS:LABEL] goto: opcode=108 label=4
[QTS:LABEL] goto: opcode=108 label=8
[QTS:LABEL] emit: label=7 pos=60
[QTS:LABEL] emit: label=4 pos=61
[QTS:LABEL] goto: opcode=108 label=10
[QTS:LABEL] emit: label=9 pos=76
[QTS:LABEL] goto: opcode=108 label=10
[QTS:LABEL] emit: label=10 pos=106
[QTS:LABEL] emit: label=13 pos=112
[QTS:LABEL] emit: label=8 pos=112
[QTS:LABEL] emit: label=1 pos=112
[QTS:PC2LINE] begin: slots=42 source_pos=4462 @parser.c:10908
[QTS:PC2LINE] init: line=138 col=4 @parser.c:10915
[QTS:PC2LINE] end: pc2line_len=87 @parser.c:10960
[QTS:LABEL] end: out_len=95
[QTS:STACK] result: max_stack=4 var_count=0
[QTS:VAR] hoist: eval_type=0 module=0 globals=0 closures=0
[QTS:VAR] resolve: atom=568 scope=1 op=185
[QTS:VAR]   emit: op=185 idx=536870912
[QTS:VAR] resolve: atom=568 scope=1 op=186
[QTS:VAR]   emit: op=186 idx=536870912
[QTS:VAR] resolve: atom=568 scope=1 op=186
[QTS:VAR]   emit: op=186 idx=536870912
[QTS:VAR] resolve: atom=568 scope=1 op=186
[QTS:VAR]   emit: op=186 idx=536870912
[QTS:VAR] resolve: atom=568 scope=1 op=186
[QTS:VAR]   emit: op=186 idx=536870912
[QTS:LABEL] begin: bc_len=150 label_count=4 jump_size=4 line_number_size=11 strip_debug=0
[QTS:LABEL] typeof_test: pos=8 pos_next=9 line_num:5091->5093 atom=74 cmp_op=173
[QTS:LABEL] goto: opcode=108 label=0
[QTS:LABEL] goto: opcode=108 label=1
[QTS:LABEL] emit: label=1 pos=30
[QTS:LABEL] goto: opcode=109 label=2
[QTS:LABEL] goto: opcode=108 label=3
[QTS:LABEL] emit: label=3 pos=52
[QTS:LABEL] emit: label=2 pos=52
[QTS:LABEL] emit: label=0 pos=52
[QTS:PC2LINE] begin: slots=11 source_pos=5046 @parser.c:10908
[QTS:PC2LINE] init: line=158 col=4 @parser.c:10915
[QTS:PC2LINE] end: pc2line_len=25 @parser.c:10960
[QTS:LABEL] end: out_len=53
[QTS:STACK] result: max_stack=2 var_count=0
[QTS:VAR] hoist: eval_type=0 module=0 globals=0 closures=0
[QTS:VAR] resolve: atom=568 scope=1 op=185
[QTS:VAR]   emit: op=185 idx=536870912
[QTS:VAR] resolve: atom=568 scope=1 op=186
[QTS:VAR]   emit: op=186 idx=536870912
[QTS:VAR] resolve: atom=568 scope=1 op=186
[QTS:VAR]   emit: op=186 idx=536870912
[QTS:LABEL] begin: bc_len=88 label_count=2 jump_size=2 line_number_size=7 strip_debug=0
[QTS:LABEL] typeof_test: pos=8 pos_next=9 line_num:5228->5230 atom=74 cmp_op=173
[QTS:LABEL] goto: opcode=108 label=0
[QTS:LABEL] goto: opcode=108 label=1
[QTS:LABEL] emit: label=1 pos=24
[QTS:LABEL] emit: label=0 pos=24
[QTS:PC2LINE] begin: slots=7 source_pos=5183 @parser.c:10908
[QTS:PC2LINE] init: line=162 col=4 @parser.c:10915
[QTS:PC2LINE] end: pc2line_len=17 @parser.c:10960
[QTS:LABEL] end: out_len=25
[QTS:STACK] result: max_stack=2 var_count=0
[QTS:VAR] hoist: eval_type=0 module=0 globals=0 closures=0
[QTS:VAR] resolve: atom=568 scope=1 op=185
[QTS:VAR]   emit: op=185 idx=536870912
[QTS:VAR] resolve: atom=570 scope=1 op=186
[QTS:CLOSURE] capture: var_idx=44 var_name=570
[QTS:VAR]   found: idx=0 is_arg=0
[QTS:VAR] resolve: atom=568 scope=1 op=186
[QTS:VAR]   emit: op=186 idx=536870912
[QTS:VAR] resolve: atom=575 scope=1 op=186
[QTS:CLOSURE] capture: var_idx=45 var_name=575
[QTS:VAR]   found: idx=1 is_arg=0
[QTS:VAR] resolve: atom=568 scope=1 op=186
[QTS:VAR]   emit: op=186 idx=536870912
[QTS:VAR] resolve: atom=568 scope=1 op=186
[QTS:VAR]   emit: op=186 idx=536870912
[QTS:VAR] resolve: atom=568 scope=1 op=186
[QTS:VAR]   emit: op=186 idx=536870912
[QTS:LABEL] begin: bc_len=150 label_count=2 jump_size=4 line_number_size=13 strip_debug=0
[QTS:LABEL] typeof_test: pos=8 pos_next=9 line_num:5324->5326 atom=74 cmp_op=173
[QTS:LABEL] goto: opcode=108 label=0
[QTS:LABEL] goto: opcode=109 label=1
[QTS:LABEL] goto: opcode=109 label=1
[QTS:LABEL] goto: opcode=109 label=1
[QTS:LABEL] emit: label=1 pos=44
[QTS:LABEL] emit: label=0 pos=44
[QTS:PC2LINE] begin: slots=13 source_pos=5280 @parser.c:10908
[QTS:PC2LINE] init: line=165 col=4 @parser.c:10915
[QTS:PC2LINE] end: pc2line_len=29 @parser.c:10960
[QTS:LABEL] end: out_len=45
[QTS:STACK] result: max_stack=2 var_count=0
[QTS:VAR] hoist: eval_type=0 module=0 globals=0 closures=0
[QTS:VAR] resolve: atom=580 scope=1 op=186
[QTS:VAR]   emit: op=186 idx=536870912
[QTS:VAR] resolve: atom=582 scope=1 op=187
[QTS:VAR]   emit: op=187 idx=3
[QTS:VAR] resolve: atom=581 scope=1 op=189
[QTS:VAR]   emit: op=189 idx=0
[QTS:VAR] resolve: atom=566 scope=2 op=189
[QTS:VAR]   emit: op=189 idx=2
[QTS:VAR] resolve: atom=566 scope=2 op=186
[QTS:VAR]   emit: op=186 idx=2
[QTS:VAR] resolve: atom=582 scope=2 op=186
[QTS:VAR]   emit: op=186 idx=3
[QTS:VAR] resolve: atom=568 scope=3 op=189
[QTS:VAR]   emit: op=189 idx=1
[QTS:VAR] resolve: atom=580 scope=3 op=186
[QTS:VAR]   emit: op=186 idx=536870912
[QTS:VAR] resolve: atom=566 scope=3 op=186
[QTS:VAR]   emit: op=186 idx=2
[QTS:VAR] resolve: atom=568 scope=4 op=186
[QTS:VAR]   emit: op=186 idx=1
[QTS:VAR] resolve: atom=568 scope=4 op=186
[QTS:VAR]   emit: op=186 idx=1
[QTS:VAR] resolve: atom=581 scope=4 op=189
[QTS:VAR]   emit: op=189 idx=0
[QTS:VAR] resolve: atom=566 scope=2 op=189
[QTS:VAR]   emit: op=189 idx=2
[QTS:VAR] resolve: atom=581 scope=1 op=186
[QTS:VAR]   emit: op=186 idx=0
[QTS:LABEL] begin: bc_len=262 label_count=11 jump_size=5 line_number_size=22 strip_debug=0
[QTS:LABEL] emit: label=2 pos=7
[QTS:LABEL] goto: opcode=108 label=5
[QTS:LABEL] emit: label=4 pos=15
[QTS:LABEL] goto: opcode=109 label=8
[QTS:LABEL] emit: label=8 pos=43
[QTS:LABEL] goto: opcode=108 label=9
[QTS:LABEL] emit: label=9 pos=47
[QTS:LABEL] emit: label=3 pos=47
[QTS:LABEL] goto: opcode=110 label=2
[QTS:LABEL] resolve: label=2 addr=7
[QTS:LABEL] emit: label=5 pos=51
[QTS:PC2LINE] begin: slots=19 source_pos=5418 @parser.c:10908
[QTS:PC2LINE] init: line=169 col=4 @parser.c:10915
[QTS:PC2LINE] end: pc2line_len=47 @parser.c:10960
[QTS:LABEL] end: out_len=50
[QTS:STACK] result: max_stack=3 var_count=4
[QTS:VAR] hoist: eval_type=0 module=0 globals=0 closures=0
[QTS:VAR] resolve: atom=568 scope=2 op=185
[QTS:VAR]   emit: op=185 idx=536870912
[QTS:VAR] resolve: atom=584 scope=1 op=189
[QTS:VAR]   emit: op=189 idx=0
[QTS:VAR] resolve: atom=568 scope=1 op=186
[QTS:VAR]   emit: op=186 idx=536870912
[QTS:VAR] resolve: atom=584 scope=1 op=186
[QTS:VAR]   emit: op=186 idx=0
[QTS:VAR] resolve: atom=584 scope=1 op=186
[QTS:VAR]   emit: op=186 idx=0
[QTS:LABEL] begin: bc_len=134 label_count=3 jump_size=2 line_number_size=12 strip_debug=0
[QTS:LABEL] typeof_test: pos=8 pos_next=9 line_num:5987->5989 atom=74 cmp_op=174
[QTS:LABEL] goto: opcode=108 label=0
[QTS:LABEL] emit: label=0 pos=12
[QTS:LABEL] goto: opcode=108 label=2
[QTS:LABEL] emit: label=2 pos=40
[QTS:PC2LINE] begin: slots=11 source_pos=5917 @parser.c:10908
[QTS:PC2LINE] init: line=183 col=4 @parser.c:10915
[QTS:PC2LINE] end: pc2line_len=25 @parser.c:10960
[QTS:LABEL] end: out_len=41
[QTS:STACK] result: max_stack=3 var_count=1
[QTS:VAR] hoist: eval_type=0 module=0 globals=0 closures=0
[QTS:VAR] resolve: atom=573 scope=1 op=186
[QTS:VAR]   emit: op=186 idx=536870912
[QTS:VAR] resolve: atom=586 scope=1 op=186
[QTS:VAR]   emit: op=186 idx=536870913
[QTS:LABEL] begin: bc_len=88 label_count=3 jump_size=3 line_number_size=5 strip_debug=0
[QTS:LABEL] goto: opcode=109 label=1
[QTS:LABEL] goto: opcode=109 label=1
[QTS:LABEL] goto: opcode=108 label=2
[QTS:LABEL] emit: label=1 pos=30
[QTS:LABEL] emit: label=2 pos=32
[QTS:LABEL] emit: label=0 pos=32
[QTS:PC2LINE] begin: slots=5 source_pos=6144 @parser.c:10908
[QTS:PC2LINE] init: line=190 col=4 @parser.c:10915
[QTS:PC2LINE] end: pc2line_len=15 @parser.c:10960
[QTS:LABEL] end: out_len=35
[QTS:STACK] result: max_stack=3 var_count=0
[QTS:VAR] hoist: eval_type=0 module=0 globals=0 closures=0
[QTS:VAR] resolve: atom=593 scope=2 op=189
[QTS:VAR]   emit: op=189 idx=1
[QTS:VAR] resolve: atom=591 scope=2 op=186
[QTS:VAR]   emit: op=186 idx=536870913
[QTS:VAR] resolve: atom=593 scope=2 op=186
[QTS:VAR]   emit: op=186 idx=1
[QTS:VAR] resolve: atom=580 scope=2 op=186
[QTS:VAR]   emit: op=186 idx=536870912
[QTS:VAR] resolve: atom=592 scope=3 op=186
[QTS:VAR]   emit: op=186 idx=536870914
[QTS:VAR] resolve: atom=566 scope=3 op=189
[QTS:VAR]   emit: op=189 idx=0
[QTS:VAR] resolve: atom=593 scope=3 op=186
[QTS:VAR]   emit: op=186 idx=1
[QTS:VAR] resolve: atom=594 scope=3 op=187
[QTS:VAR]   emit: op=187 idx=2
[QTS:VAR] resolve: atom=593 scope=3 op=189
[QTS:VAR]   emit: op=189 idx=1
[QTS:VAR] resolve: atom=580 scope=3 op=186
[QTS:VAR]   emit: op=186 idx=536870912
[QTS:VAR] resolve: atom=592 scope=3 op=186
[QTS:VAR]   emit: op=186 idx=536870914
[QTS:VAR] resolve: atom=593 scope=3 op=186
[QTS:VAR]   emit: op=186 idx=1
[QTS:VAR] resolve: atom=594 scope=3 op=186
[QTS:VAR]   emit: op=186 idx=2
[QTS:VAR] resolve: atom=472 scope=3 op=186
[QTS:VAR]   found: idx=0 is_arg=0
[QTS:VAR] resolve: atom=475 scope=3 op=186
[QTS:CLOSURE] capture: var_idx=7 var_name=475
[QTS:VAR]   found: idx=1 is_arg=0
[QTS:VAR] resolve: atom=511 scope=3 op=186
[QTS:CLOSURE] capture: var_idx=8 var_name=511
[QTS:VAR]   found: idx=2 is_arg=0
[QTS:VAR] resolve: atom=594 scope=3 op=186
[QTS:VAR]   emit: op=186 idx=2
[QTS:VAR] resolve: atom=472 scope=3 op=186
[QTS:VAR]   found: idx=0 is_arg=0
[QTS:VAR] resolve: atom=580 scope=3 op=186
[QTS:VAR]   emit: op=186 idx=536870912
[QTS:VAR] resolve: atom=566 scope=3 op=186
[QTS:VAR]   emit: op=186 idx=0
[QTS:VAR] resolve: atom=593 scope=3 op=186
[QTS:VAR]   emit: op=186 idx=1
[QTS:VAR] resolve: atom=472 scope=3 op=186
[QTS:VAR]   found: idx=0 is_arg=0
[QTS:VAR] resolve: atom=475 scope=3 op=186
[QTS:CLOSURE] capture: var_idx=7 var_name=475
[QTS:VAR]   found: idx=1 is_arg=0
[QTS:LABEL] begin: bc_len=413 label_count=11 jump_size=6 line_number_size=41 strip_debug=0
[QTS:LABEL] emit: label=1 pos=2
[QTS:LABEL] goto: opcode=108 label=4
[QTS:LABEL] emit: label=3 pos=11
[QTS:LABEL] emit: label=6 pos=16
[QTS:LABEL] goto: opcode=108 label=7
[QTS:LABEL] emit: label=9 pos=29
[QTS:LABEL] goto: opcode=109 label=6
[QTS:LABEL] resolve: label=6 addr=16
[QTS:LABEL] emit: label=7 pos=31
[QTS:LABEL] goto: opcode=109 label=10
[QTS:LABEL] emit: label=10 pos=52
[QTS:LABEL] goto: opcode=110 label=1
[QTS:LABEL] resolve: label=1 addr=2
[QTS:LABEL] emit: label=4 pos=101
[QTS:PC2LINE] begin: slots=39 source_pos=6338 @parser.c:10908
[QTS:PC2LINE] init: line=199 col=4 @parser.c:10915
[QTS:PC2LINE] end: pc2line_len=81 @parser.c:10960
[QTS:LABEL] end: out_len=99
[QTS:STACK] result: max_stack=6 var_count=3
[QTS:VAR] hoist: eval_type=0 module=0 globals=0 closures=0
[QTS:VAR] resolve: atom=472 scope=1 op=186
[QTS:VAR]   found: idx=0 is_arg=0
[QTS:VAR] resolve: atom=597 scope=1 op=186
[QTS:VAR]   emit: op=186 idx=536870912
[QTS:VAR] resolve: atom=597 scope=1 op=186
[QTS:VAR]   emit: op=186 idx=536870912
[QTS:VAR] resolve: atom=598 scope=1 op=186
[QTS:VAR]   emit: op=186 idx=536870913
[QTS:LABEL] begin: bc_len=105 label_count=2 jump_size=2 line_number_size=9 strip_debug=0
[QTS:LABEL] goto: opcode=108 label=0
[QTS:LABEL] goto: opcode=110 label=1
[QTS:LABEL] emit: label=0 pos=21
[QTS:LABEL] emit: label=1 pos=22
[QTS:PC2LINE] begin: slots=9 source_pos=6745 @parser.c:10908
[QTS:PC2LINE] init: line=210 col=4 @parser.c:10915
[QTS:PC2LINE] end: pc2line_len=21 @parser.c:10960
[QTS:LABEL] end: out_len=29
[QTS:STACK] result: max_stack=5 var_count=0
[QTS:VAR] hoist: eval_type=0 module=0 globals=0 closures=0
[QTS:VAR] resolve: atom=601 scope=2 op=186
[QTS:VAR]   emit: op=186 idx=536870912
[QTS:VAR] resolve: atom=601 scope=3 op=186
[QTS:VAR]   emit: op=186 idx=536870912
[QTS:VAR] resolve: atom=552 scope=5 op=186
[QTS:CLOSURE] capture: var_idx=39 var_name=552
[QTS:VAR]   found: idx=0 is_arg=0
[QTS:VAR] resolve: atom=551 scope=5 op=186
[QTS:CLOSURE] capture: var_idx=38 var_name=551
[QTS:VAR]   found: idx=1 is_arg=0
[QTS:VAR] resolve: atom=472 scope=6 op=186
[QTS:VAR]   found: idx=2 is_arg=0
[QTS:VAR] resolve: atom=552 scope=6 op=189
[QTS:CLOSURE] capture: var_idx=39 var_name=552
[QTS:VAR]   found: idx=0 is_arg=0
[QTS:VAR] resolve: atom=601 scope=6 op=189
[QTS:VAR]   emit: op=189 idx=536870912
[QTS:VAR] resolve: atom=565 scope=7 op=189
[QTS:VAR]   emit: op=189 idx=1
[QTS:VAR] resolve: atom=165 scope=7 op=186
[QTS:CLOSURE] capture: var_idx=4 var_name=165
[QTS:VAR]   found: idx=3 is_arg=0
[QTS:VAR] resolve: atom=551 scope=7 op=186
[QTS:CLOSURE] capture: var_idx=38 var_name=551
[QTS:VAR]   found: idx=1 is_arg=0
[QTS:VAR] resolve: atom=552 scope=7 op=186
[QTS:CLOSURE] capture: var_idx=39 var_name=552
[QTS:VAR]   found: idx=0 is_arg=0
[QTS:VAR] resolve: atom=601 scope=7 op=186
[QTS:VAR]   emit: op=186 idx=536870912
[QTS:VAR] resolve: atom=596 scope=7 op=186
[QTS:CLOSURE] capture: var_idx=51 var_name=596
[QTS:VAR]   found: idx=4 is_arg=0
[QTS:VAR] resolve: atom=565 scope=7 op=186
[QTS:VAR]   emit: op=186 idx=1
[QTS:VAR] resolve: atom=601 scope=7 op=189
[QTS:VAR]   emit: op=189 idx=536870912
[QTS:VAR] resolve: atom=565 scope=7 op=186
[QTS:VAR]   emit: op=186 idx=1
[QTS:VAR] resolve: atom=552 scope=7 op=189
[QTS:CLOSURE] capture: var_idx=39 var_name=552
[QTS:VAR]   found: idx=0 is_arg=0
[QTS:VAR] resolve: atom=565 scope=7 op=186
[QTS:VAR]   emit: op=186 idx=1
[QTS:VAR] resolve: atom=601 scope=8 op=189
[QTS:VAR]   emit: op=189 idx=536870912
[QTS:VAR] resolve: atom=601 scope=8 op=186
[QTS:VAR]   emit: op=186 idx=536870912
[QTS:VAR] resolve: atom=601 scope=8 op=186
[QTS:VAR]   emit: op=186 idx=536870912
[QTS:VAR] resolve: atom=552 scope=10 op=186
[QTS:CLOSURE] capture: var_idx=39 var_name=552
[QTS:VAR]   found: idx=0 is_arg=0
[QTS:VAR] resolve: atom=596 scope=11 op=186
[QTS:CLOSURE] capture: var_idx=51 var_name=596
[QTS:VAR]   found: idx=4 is_arg=0
[QTS:VAR] resolve: atom=596 scope=11 op=186
[QTS:CLOSURE] capture: var_idx=51 var_name=596
[QTS:VAR]   found: idx=4 is_arg=0
[QTS:VAR] resolve: atom=551 scope=11 op=186
[QTS:CLOSURE] capture: var_idx=38 var_name=551
[QTS:VAR]   found: idx=1 is_arg=0
[QTS:VAR] resolve: atom=601 scope=11 op=189
[QTS:VAR]   emit: op=189 idx=536870912
[QTS:VAR] resolve: atom=552 scope=11 op=189
[QTS:CLOSURE] capture: var_idx=39 var_name=552
[QTS:VAR]   found: idx=0 is_arg=0
[QTS:VAR] resolve: atom=551 scope=11 op=186
[QTS:CLOSURE] capture: var_idx=38 var_name=551
[QTS:VAR]   found: idx=1 is_arg=0
[QTS:VAR] resolve: atom=565 scope=12 op=189
[QTS:VAR]   emit: op=189 idx=1
[QTS:VAR] resolve: atom=165 scope=12 op=186
[QTS:CLOSURE] capture: var_idx=4 var_name=165
[QTS:VAR]   found: idx=3 is_arg=0
[QTS:VAR] resolve: atom=601 scope=12 op=186
[QTS:VAR]   emit: op=186 idx=536870912
[QTS:VAR] resolve: atom=552 scope=12 op=186
[QTS:CLOSURE] capture: var_idx=39 var_name=552
[QTS:VAR]   found: idx=0 is_arg=0
[QTS:VAR] resolve: atom=596 scope=12 op=186
[QTS:CLOSURE] capture: var_idx=51 var_name=596
[QTS:VAR]   found: idx=4 is_arg=0
[QTS:VAR] resolve: atom=565 scope=12 op=186
[QTS:VAR]   emit: op=186 idx=1
[QTS:VAR] resolve: atom=601 scope=12 op=189
[QTS:VAR]   emit: op=189 idx=536870912
[QTS:VAR] resolve: atom=565 scope=12 op=186
[QTS:VAR]   emit: op=186 idx=1
[QTS:VAR] resolve: atom=552 scope=12 op=189
[QTS:CLOSURE] capture: var_idx=39 var_name=552
[QTS:VAR]   found: idx=0 is_arg=0
[QTS:VAR] resolve: atom=565 scope=12 op=186
[QTS:VAR]   emit: op=186 idx=1
[QTS:LABEL] begin: bc_len=711 label_count=21 jump_size=10 line_number_size=65 strip_debug=0
[QTS:LABEL] goto: opcode=108 label=0
[QTS:LABEL] emit: label=1 pos=8
[QTS:LABEL] goto: opcode=108 label=10
[QTS:LABEL] goto: opcode=108 label=3
[QTS:LABEL] goto: opcode=110 label=1
[QTS:LABEL] resolve: label=1 addr=8
[QTS:LABEL] emit: label=3 pos=47
[QTS:LABEL] emit: label=6 pos=82
[QTS:LABEL] goto: opcode=110 label=1
[QTS:LABEL] resolve: label=1 addr=8
[QTS:LABEL] emit: label=0 pos=84
[QTS:LABEL] emit: label=12 pos=87
[QTS:LABEL] goto: opcode=108 label=13
[QTS:LABEL] goto: opcode=108 label=14
[QTS:LABEL] goto: opcode=110 label=12
[QTS:LABEL] resolve: label=12 addr=87
[QTS:LABEL] emit: label=14 pos=136
[QTS:LABEL] emit: label=17 pos=167
[QTS:LABEL] goto: opcode=110 label=12
[QTS:LABEL] resolve: label=12 addr=87
[QTS:LABEL] emit: label=13 pos=169
[QTS:LABEL] emit: label=10 pos=169
[QTS:PC2LINE] begin: slots=61 source_pos=6887 @parser.c:10908
[QTS:PC2LINE] init: line=214 col=4 @parser.c:10915
[QTS:PC2LINE] end: pc2line_len=127 @parser.c:10960
[QTS:LABEL] end: out_len=161
[QTS:STACK] result: max_stack=4 var_count=2
[QTS:VAR] hoist: eval_type=0 module=0 globals=0 closures=0
[QTS:VAR] resolve: atom=539 scope=2 op=186
[QTS:CLOSURE] capture: var_idx=26 var_name=539
[QTS:VAR]   found: idx=0 is_arg=0
[QTS:VAR] resolve: atom=541 scope=2 op=186
[QTS:CLOSURE] capture: var_idx=28 var_name=541
[QTS:VAR]   found: idx=1 is_arg=0
[QTS:VAR] resolve: atom=534 scope=4 op=186
[QTS:CLOSURE] capture: var_idx=21 var_name=534
[QTS:VAR]   found: idx=2 is_arg=0
[QTS:VAR] resolve: atom=541 scope=4 op=186
[QTS:CLOSURE] capture: var_idx=28 var_name=541
[QTS:VAR]   found: idx=1 is_arg=0
[QTS:VAR] resolve: atom=542 scope=4 op=186
[QTS:CLOSURE] capture: var_idx=29 var_name=542
[QTS:VAR]   found: idx=3 is_arg=0
[QTS:VAR] resolve: atom=539 scope=4 op=186
[QTS:CLOSURE] capture: var_idx=26 var_name=539
[QTS:VAR]   found: idx=0 is_arg=0
[QTS:VAR] resolve: atom=542 scope=4 op=186
[QTS:CLOSURE] capture: var_idx=29 var_name=542
[QTS:VAR]   found: idx=3 is_arg=0
[QTS:VAR] resolve: atom=472 scope=5 op=186
[QTS:VAR]   found: idx=4 is_arg=0
[QTS:VAR] resolve: atom=539 scope=5 op=186
[QTS:CLOSURE] capture: var_idx=26 var_name=539
[QTS:VAR]   found: idx=0 is_arg=0
[QTS:VAR] resolve: atom=542 scope=5 op=186
[QTS:CLOSURE] capture: var_idx=29 var_name=542
[QTS:VAR]   found: idx=3 is_arg=0
[QTS:VAR] resolve: atom=600 scope=6 op=186
[QTS:CLOSURE] capture: var_idx=52 var_name=600
[QTS:VAR]   found: idx=5 is_arg=0
[QTS:VAR] resolve: atom=579 scope=6 op=186
[QTS:CLOSURE] capture: var_idx=47 var_name=579
[QTS:VAR]   found: idx=6 is_arg=0
[QTS:VAR] resolve: atom=541 scope=6 op=186
[QTS:CLOSURE] capture: var_idx=28 var_name=541
[QTS:VAR]   found: idx=1 is_arg=0
[QTS:VAR] resolve: atom=542 scope=6 op=186
[QTS:CLOSURE] capture: var_idx=29 var_name=542
[QTS:VAR]   found: idx=3 is_arg=0
[QTS:VAR] resolve: atom=534 scope=7 op=186
[QTS:CLOSURE] capture: var_idx=21 var_name=534
[QTS:VAR]   found: idx=2 is_arg=0
[QTS:VAR] resolve: atom=537 scope=8 op=186
[QTS:CLOSURE] capture: var_idx=24 var_name=537
[QTS:VAR]   found: idx=7 is_arg=0
[QTS:VAR] resolve: atom=537 scope=8 op=186
[QTS:CLOSURE] capture: var_idx=24 var_name=537
[QTS:VAR]   found: idx=7 is_arg=0
[QTS:VAR] resolve: atom=539 scope=8 op=186
[QTS:CLOSURE] capture: var_idx=26 var_name=539
[QTS:VAR]   found: idx=0 is_arg=0
[QTS:VAR] resolve: atom=539 scope=8 op=186
[QTS:CLOSURE] capture: var_idx=26 var_name=539
[QTS:VAR]   found: idx=0 is_arg=0
[QTS:VAR] resolve: atom=580 scope=8 op=187
[QTS:VAR]   emit: op=187 idx=2
[QTS:VAR] resolve: atom=580 scope=8 op=186
[QTS:VAR]   emit: op=186 idx=2
[QTS:VAR] resolve: atom=539 scope=8 op=186
[QTS:CLOSURE] capture: var_idx=26 var_name=539
[QTS:VAR]   found: idx=0 is_arg=0
[QTS:VAR] resolve: atom=591 scope=8 op=187
[QTS:VAR]   emit: op=187 idx=3
[QTS:VAR] resolve: atom=609 scope=8 op=186
[QTS:CLOSURE] capture: var_idx=115 var_name=609
[QTS:VAR]   found: idx=8 is_arg=0
[QTS:VAR] resolve: atom=580 scope=8 op=186
[QTS:VAR]   emit: op=186 idx=2
[QTS:VAR] resolve: atom=608 scope=8 op=187
[QTS:VAR]   emit: op=187 idx=4
[QTS:VAR] resolve: atom=590 scope=8 op=186
[QTS:CLOSURE] capture: var_idx=50 var_name=590
[QTS:VAR]   found: idx=9 is_arg=0
[QTS:VAR] resolve: atom=580 scope=8 op=186
[QTS:VAR]   emit: op=186 idx=2
[QTS:VAR] resolve: atom=591 scope=8 op=186
[QTS:VAR]   emit: op=186 idx=3
[QTS:VAR] resolve: atom=608 scope=8 op=186
[QTS:VAR]   emit: op=186 idx=4
[QTS:VAR] resolve: atom=472 scope=9 op=186
[QTS:VAR]   found: idx=4 is_arg=0
[QTS:VAR] resolve: atom=539 scope=9 op=186
[QTS:CLOSURE] capture: var_idx=26 var_name=539
[QTS:VAR]   found: idx=0 is_arg=0
[QTS:VAR] resolve: atom=552 scope=3 op=189
[QTS:CLOSURE] capture: var_idx=39 var_name=552
[QTS:VAR]   found: idx=10 is_arg=0
[QTS:VAR] resolve: atom=552 scope=3 op=186
[QTS:CLOSURE] capture: var_idx=39 var_name=552
[QTS:VAR]   found: idx=10 is_arg=0
[QTS:VAR] resolve: atom=579 scope=3 op=186
[QTS:CLOSURE] capture: var_idx=47 var_name=579
[QTS:VAR]   found: idx=6 is_arg=0
[QTS:VAR] resolve: atom=539 scope=3 op=186
[QTS:CLOSURE] capture: var_idx=26 var_name=539
[QTS:VAR]   found: idx=0 is_arg=0
[QTS:VAR] resolve: atom=551 scope=3 op=186
[QTS:CLOSURE] capture: var_idx=38 var_name=551
[QTS:VAR]   found: idx=11 is_arg=0
[QTS:VAR] resolve: atom=552 scope=10 op=186
[QTS:CLOSURE] capture: var_idx=39 var_name=552
[QTS:VAR]   found: idx=10 is_arg=0
[QTS:VAR] resolve: atom=472 scope=11 op=186
[QTS:VAR]   found: idx=4 is_arg=0
[QTS:VAR] resolve: atom=472 scope=3 op=186
[QTS:VAR]   found: idx=4 is_arg=0
[QTS:VAR] resolve: atom=541 scope=3 op=189
[QTS:CLOSURE] capture: var_idx=28 var_name=541
[QTS:VAR]   found: idx=1 is_arg=0
[QTS:VAR] resolve: atom=539 scope=3 op=186
[QTS:CLOSURE] capture: var_idx=26 var_name=539
[QTS:VAR]   found: idx=0 is_arg=0
[QTS:VAR] resolve: atom=542 scope=3 op=189
[QTS:CLOSURE] capture: var_idx=29 var_name=542
[QTS:VAR]   found: idx=3 is_arg=0
[QTS:VAR] resolve: atom=539 scope=3 op=186
[QTS:CLOSURE] capture: var_idx=26 var_name=539
[QTS:VAR]   found: idx=0 is_arg=0
[QTS:VAR] resolve: atom=540 scope=12 op=186
[QTS:CLOSURE] capture: var_idx=27 var_name=540
[QTS:VAR]   found: idx=12 is_arg=0
[QTS:VAR] resolve: atom=542 scope=12 op=186
[QTS:CLOSURE] capture: var_idx=29 var_name=542
[QTS:VAR]   found: idx=3 is_arg=0
[QTS:VAR] resolve: atom=600 scope=13 op=186
[QTS:CLOSURE] capture: var_idx=52 var_name=600
[QTS:VAR]   found: idx=5 is_arg=0
[QTS:VAR] resolve: atom=579 scope=13 op=186
[QTS:CLOSURE] capture: var_idx=47 var_name=579
[QTS:VAR]   found: idx=6 is_arg=0
[QTS:VAR] resolve: atom=539 scope=13 op=186
[QTS:CLOSURE] capture: var_idx=26 var_name=539
[QTS:VAR]   found: idx=0 is_arg=0
[QTS:VAR] resolve: atom=542 scope=13 op=186
[QTS:CLOSURE] capture: var_idx=29 var_name=542
[QTS:VAR]   found: idx=3 is_arg=0
[QTS:VAR] resolve: atom=540 scope=13 op=186
[QTS:CLOSURE] capture: var_idx=27 var_name=540
[QTS:VAR]   found: idx=12 is_arg=0
[QTS:VAR] resolve: atom=540 scope=14 op=186
[QTS:CLOSURE] capture: var_idx=27 var_name=540
[QTS:VAR]   found: idx=12 is_arg=0
[QTS:VAR] resolve: atom=542 scope=14 op=186
[QTS:CLOSURE] capture: var_idx=29 var_name=542
[QTS:VAR]   found: idx=3 is_arg=0
[QTS:VAR] resolve: atom=600 scope=15 op=186
[QTS:CLOSURE] capture: var_idx=52 var_name=600
[QTS:VAR]   found: idx=5 is_arg=0
[QTS:VAR] resolve: atom=579 scope=15 op=186
[QTS:CLOSURE] capture: var_idx=47 var_name=579
[QTS:VAR]   found: idx=6 is_arg=0
[QTS:VAR] resolve: atom=539 scope=15 op=186
[QTS:CLOSURE] capture: var_idx=26 var_name=539
[QTS:VAR]   found: idx=0 is_arg=0
[QTS:VAR] resolve: atom=540 scope=15 op=186
[QTS:CLOSURE] capture: var_idx=27 var_name=540
[QTS:VAR]   found: idx=12 is_arg=0
[QTS:VAR] resolve: atom=542 scope=15 op=186
[QTS:CLOSURE] capture: var_idx=29 var_name=542
[QTS:VAR]   found: idx=3 is_arg=0
[QTS:VAR] resolve: atom=542 scope=1 op=189
[QTS:CLOSURE] capture: var_idx=29 var_name=542
[QTS:VAR]   found: idx=3 is_arg=0
[QTS:VAR] resolve: atom=540 scope=1 op=186
[QTS:CLOSURE] capture: var_idx=27 var_name=540
[QTS:VAR]   found: idx=12 is_arg=0
[QTS:VAR] resolve: atom=472 scope=1 op=186
[QTS:VAR]   found: idx=4 is_arg=0
[QTS:LABEL] begin: bc_len=1040 label_count=16 jump_size=12 line_number_size=106 strip_debug=0
[QTS:LABEL] goto: opcode=108 label=0
[QTS:LABEL] goto: opcode=108 label=2
[QTS:LABEL] emit: label=1 pos=38
[QTS:LABEL] goto: opcode=108 label=2
[QTS:LABEL] goto: opcode=110 label=3
[QTS:LABEL] emit: label=2 pos=65
[QTS:LABEL] goto: opcode=108 label=4
[QTS:LABEL] goto: opcode=108 label=5
[QTS:LABEL] goto: opcode=110 label=6
[QTS:LABEL] emit: label=5 pos=110
[QTS:LABEL] emit: label=6 pos=111
[QTS:LABEL] goto: opcode=110 label=7
[QTS:LABEL] emit: label=4 pos=137
[QTS:LABEL] emit: label=7 pos=150
[QTS:LABEL] emit: label=3 pos=150
[QTS:LABEL] goto: opcode=108 label=9
[QTS:LABEL] emit: label=9 pos=187
[QTS:LABEL] emit: label=0 pos=209
[QTS:LABEL] goto: opcode=108 label=12
[QTS:LABEL] goto: opcode=110 label=13
[QTS:LABEL] emit: label=12 pos=240
[QTS:LABEL] goto: opcode=108 label=14
[QTS:LABEL] emit: label=14 pos=270
[QTS:LABEL] emit: label=13 pos=270
[QTS:PC2LINE] begin: slots=102 source_pos=8040 @parser.c:10908
[QTS:PC2LINE] init: line=249 col=4 @parser.c:10915
[QTS:PC2LINE] end: pc2line_len=211 @parser.c:10960
[QTS:LABEL] end: out_len=284
[QTS:STACK] result: max_stack=6 var_count=5
[QTS:VAR] hoist: eval_type=0 module=0 globals=0 closures=0
[QTS:VAR] resolve: atom=580 scope=2 op=186
[QTS:VAR]   emit: op=186 idx=536870912
[QTS:VAR] resolve: atom=539 scope=3 op=189
[QTS:CLOSURE] capture: var_idx=26 var_name=539
[QTS:VAR]   found: idx=0 is_arg=0
[QTS:VAR] resolve: atom=539 scope=3 op=186
[QTS:CLOSURE] capture: var_idx=26 var_name=539
[QTS:VAR]   found: idx=0 is_arg=0
[QTS:VAR] resolve: atom=540 scope=3 op=186
[QTS:CLOSURE] capture: var_idx=27 var_name=540
[QTS:VAR]   found: idx=1 is_arg=0
[QTS:VAR] resolve: atom=580 scope=3 op=186
[QTS:VAR]   emit: op=186 idx=536870912
[QTS:VAR] resolve: atom=539 scope=3 op=186
[QTS:CLOSURE] capture: var_idx=26 var_name=539
[QTS:VAR]   found: idx=0 is_arg=0
[QTS:VAR] resolve: atom=540 scope=3 op=186
[QTS:CLOSURE] capture: var_idx=27 var_name=540
[QTS:VAR]   found: idx=1 is_arg=0
[QTS:VAR] resolve: atom=540 scope=3 op=189
[QTS:CLOSURE] capture: var_idx=27 var_name=540
[QTS:VAR]   found: idx=1 is_arg=0
[QTS:VAR] resolve: atom=580 scope=3 op=186
[QTS:VAR]   emit: op=186 idx=536870912
[QTS:LABEL] begin: bc_len=159 label_count=3 jump_size=1 line_number_size=17 strip_debug=0
[QTS:LABEL] goto: opcode=108 label=0
[QTS:LABEL] emit: label=0 pos=36
[QTS:PC2LINE] begin: slots=16 source_pos=9734 @parser.c:10908
[QTS:PC2LINE] init: line=291 col=4 @parser.c:10915
[QTS:PC2LINE] end: pc2line_len=35 @parser.c:10960
[QTS:LABEL] end: out_len=34
[QTS:STACK] result: max_stack=4 var_count=0
[QTS:VAR] hoist: eval_type=0 module=0 globals=0 closures=0
[QTS:VAR] resolve: atom=546 scope=1 op=189
[QTS:CLOSURE] capture: var_idx=33 var_name=546
[QTS:VAR]   found: idx=0 is_arg=0
[QTS:LABEL] begin: bc_len=12 label_count=1 jump_size=0 line_number_size=1 strip_debug=0
[QTS:PC2LINE] begin: slots=1 source_pos=9916 @parser.c:10908
[QTS:PC2LINE] init: line=297 col=4 @parser.c:10915
[QTS:PC2LINE] end: pc2line_len=5 @parser.c:10960
[QTS:LABEL] end: out_len=3
[QTS:STACK] result: max_stack=1 var_count=0
[QTS:VAR] hoist: eval_type=0 module=0 globals=0 closures=0
[QTS:VAR] resolve: atom=539 scope=1 op=189
[QTS:CLOSURE] capture: var_idx=26 var_name=539
[QTS:VAR]   found: idx=0 is_arg=0
[QTS:VAR] resolve: atom=540 scope=1 op=189
[QTS:CLOSURE] capture: var_idx=27 var_name=540
[QTS:VAR]   found: idx=1 is_arg=0
[QTS:LABEL] begin: bc_len=47 label_count=2 jump_size=0 line_number_size=4 strip_debug=0
[QTS:PC2LINE] begin: slots=4 source_pos=9980 @parser.c:10908
[QTS:PC2LINE] init: line=300 col=4 @parser.c:10915
[QTS:PC2LINE] end: pc2line_len=11 @parser.c:10960
[QTS:LABEL] end: out_len=7
[QTS:STACK] result: max_stack=1 var_count=0
[QTS:VAR] hoist: eval_type=0 module=0 globals=0 closures=0
[QTS:LABEL] begin: bc_len=1 label_count=0 jump_size=0 line_number_size=0 strip_debug=0
[QTS:PC2LINE] begin: slots=0 source_pos=10070 @parser.c:10908
[QTS:PC2LINE] init: line=305 col=4 @parser.c:10915
[QTS:PC2LINE] end: pc2line_len=3 @parser.c:10960
[QTS:LABEL] end: out_len=1
[QTS:STACK] result: max_stack=0 var_count=0
[QTS:VAR] hoist: eval_type=0 module=0 globals=0 closures=0
[QTS:VAR] resolve: atom=540 scope=1 op=189
[QTS:CLOSURE] capture: var_idx=27 var_name=540
[QTS:VAR]   found: idx=0 is_arg=0
[QTS:LABEL] begin: bc_len=16 label_count=1 jump_size=0 line_number_size=1 strip_debug=0
[QTS:PC2LINE] begin: slots=1 source_pos=10099 @parser.c:10908
[QTS:PC2LINE] init: line=307 col=4 @parser.c:10915
[QTS:PC2LINE] end: pc2line_len=5 @parser.c:10960
[QTS:LABEL] end: out_len=3
[QTS:STACK] result: max_stack=1 var_count=0
[QTS:VAR] hoist: eval_type=0 module=0 globals=0 closures=0
[QTS:VAR] resolve: atom=540 scope=1 op=189
[QTS:CLOSURE] capture: var_idx=27 var_name=540
[QTS:VAR]   found: idx=0 is_arg=0
[QTS:VAR] resolve: atom=539 scope=1 op=186
[QTS:CLOSURE] capture: var_idx=26 var_name=539
[QTS:VAR]   found: idx=1 is_arg=0
[QTS:LABEL] begin: bc_len=29 label_count=1 jump_size=0 line_number_size=3 strip_debug=0
[QTS:PC2LINE] begin: slots=2 source_pos=10164 @parser.c:10908
[QTS:PC2LINE] init: line=310 col=4 @parser.c:10915
[QTS:PC2LINE] end: pc2line_len=7 @parser.c:10960
[QTS:LABEL] end: out_len=4
[QTS:STACK] result: max_stack=1 var_count=0
[QTS:VAR] hoist: eval_type=0 module=0 globals=0 closures=0
[QTS:VAR] resolve: atom=540 scope=2 op=186
[QTS:CLOSURE] capture: var_idx=27 var_name=540
[QTS:VAR]   found: idx=0 is_arg=0
[QTS:VAR] resolve: atom=539 scope=2 op=186
[QTS:CLOSURE] capture: var_idx=26 var_name=539
[QTS:VAR]   found: idx=1 is_arg=0
[QTS:VAR] resolve: atom=540 scope=3 op=189
[QTS:CLOSURE] capture: var_idx=27 var_name=540
[QTS:VAR]   found: idx=0 is_arg=0
[QTS:VAR] resolve: atom=583 scope=3 op=186
[QTS:CLOSURE] capture: var_idx=48 var_name=583
[QTS:VAR]   found: idx=2 is_arg=0
[QTS:VAR] resolve: atom=539 scope=3 op=186
[QTS:CLOSURE] capture: var_idx=26 var_name=539
[QTS:VAR]   found: idx=1 is_arg=0
[QTS:VAR] resolve: atom=540 scope=3 op=186
[QTS:CLOSURE] capture: var_idx=27 var_name=540
[QTS:VAR]   found: idx=0 is_arg=0
[QTS:VAR] resolve: atom=540 scope=3 op=189
[QTS:CLOSURE] capture: var_idx=27 var_name=540
[QTS:VAR]   found: idx=0 is_arg=0
[QTS:LABEL] begin: bc_len=149 label_count=5 jump_size=3 line_number_size=14 strip_debug=0
[QTS:LABEL] goto: opcode=108 label=0
[QTS:LABEL] emit: label=2 pos=9
[QTS:LABEL] goto: opcode=108 label=3
[QTS:LABEL] goto: opcode=110 label=2
[QTS:LABEL] resolve: label=2 addr=9
[QTS:LABEL] emit: label=3 pos=28
[QTS:LABEL] emit: label=0 pos=28
[QTS:PC2LINE] begin: slots=14 source_pos=10232 @parser.c:10908
[QTS:PC2LINE] init: line=313 col=4 @parser.c:10915
[QTS:PC2LINE] end: pc2line_len=31 @parser.c:10960
[QTS:LABEL] end: out_len=29
[QTS:STACK] result: max_stack=4 var_count=0
[QTS:VAR] hoist: eval_type=0 module=0 globals=0 closures=0
[QTS:VAR] resolve: atom=540 scope=2 op=186
[QTS:CLOSURE] capture: var_idx=27 var_name=540
[QTS:VAR]   found: idx=0 is_arg=0
[QTS:VAR] resolve: atom=540 scope=3 op=189
[QTS:CLOSURE] capture: var_idx=27 var_name=540
[QTS:VAR]   found: idx=0 is_arg=0
[QTS:VAR] resolve: atom=583 scope=3 op=186
[QTS:CLOSURE] capture: var_idx=48 var_name=583
[QTS:VAR]   found: idx=1 is_arg=0
[QTS:VAR] resolve: atom=539 scope=3 op=186
[QTS:CLOSURE] capture: var_idx=26 var_name=539
[QTS:VAR]   found: idx=2 is_arg=0
[QTS:VAR] resolve: atom=540 scope=3 op=186
[QTS:CLOSURE] capture: var_idx=27 var_name=540
[QTS:VAR]   found: idx=0 is_arg=0
[QTS:VAR] resolve: atom=540 scope=3 op=189
[QTS:CLOSURE] capture: var_idx=27 var_name=540
[QTS:VAR]   found: idx=0 is_arg=0
[QTS:LABEL] begin: bc_len=136 label_count=5 jump_size=3 line_number_size=12 strip_debug=0
[QTS:LABEL] goto: opcode=108 label=0
[QTS:LABEL] emit: label=2 pos=8
[QTS:LABEL] goto: opcode=108 label=3
[QTS:LABEL] goto: opcode=110 label=2
[QTS:LABEL] resolve: label=2 addr=8
[QTS:LABEL] emit: label=3 pos=27
[QTS:LABEL] emit: label=0 pos=27
[QTS:PC2LINE] begin: slots=12 source_pos=10439 @parser.c:10908
[QTS:PC2LINE] init: line=320 col=4 @parser.c:10915
[QTS:PC2LINE] end: pc2line_len=27 @parser.c:10960
[QTS:LABEL] end: out_len=28
[QTS:STACK] result: max_stack=4 var_count=0
[QTS:VAR] hoist: eval_type=0 module=0 globals=0 closures=0
[QTS:VAR] resolve: atom=623 scope=1 op=186
[QTS:VAR]   emit: op=186 idx=536870912
[QTS:VAR] resolve: atom=539 scope=1 op=186
[QTS:CLOSURE] capture: var_idx=26 var_name=539
[QTS:VAR]   found: idx=0 is_arg=0
[QTS:VAR] resolve: atom=576 scope=1 op=186
[QTS:CLOSURE] capture: var_idx=46 var_name=576
[QTS:VAR]   found: idx=1 is_arg=0
[QTS:VAR] resolve: atom=539 scope=1 op=186
[QTS:CLOSURE] capture: var_idx=26 var_name=539
[QTS:VAR]   found: idx=0 is_arg=0
[QTS:VAR] resolve: atom=623 scope=1 op=186
[QTS:VAR]   emit: op=186 idx=536870912
[QTS:VAR] resolve: atom=623 scope=1 op=189
[QTS:VAR]   emit: op=189 idx=536870912
[QTS:VAR] resolve: atom=623 scope=1 op=186
[QTS:VAR]   emit: op=186 idx=536870912
[QTS:VAR] resolve: atom=539 scope=1 op=186
[QTS:CLOSURE] capture: var_idx=26 var_name=539
[QTS:VAR]   found: idx=0 is_arg=0
[QTS:VAR] resolve: atom=576 scope=1 op=186
[QTS:CLOSURE] capture: var_idx=46 var_name=576
[QTS:VAR]   found: idx=1 is_arg=0
[QTS:VAR] resolve: atom=539 scope=1 op=186
[QTS:CLOSURE] capture: var_idx=26 var_name=539
[QTS:VAR]   found: idx=0 is_arg=0
[QTS:VAR] resolve: atom=623 scope=1 op=186
[QTS:VAR]   emit: op=186 idx=536870912
[QTS:VAR] resolve: atom=623 scope=1 op=189
[QTS:VAR]   emit: op=189 idx=536870912
[QTS:VAR] resolve: atom=623 scope=1 op=186
[QTS:VAR]   emit: op=186 idx=536870912
[QTS:LABEL] begin: bc_len=275 label_count=8 jump_size=6 line_number_size=26 strip_debug=0
[QTS:LABEL] emit: label=0 pos=0
[QTS:LABEL] goto: opcode=108 label=1
[QTS:LABEL] emit: label=2 pos=19
[QTS:LABEL] goto: opcode=108 label=1
[QTS:LABEL] goto: opcode=110 label=0
[QTS:LABEL] resolve: label=0 addr=0
[QTS:LABEL] emit: label=1 pos=26
[QTS:LABEL] emit: label=4 pos=26
[QTS:LABEL] goto: opcode=108 label=5
[QTS:LABEL] emit: label=6 pos=44
[QTS:LABEL] goto: opcode=108 label=5
[QTS:LABEL] goto: opcode=110 label=4
[QTS:LABEL] resolve: label=4 addr=26
[QTS:LABEL] emit: label=5 pos=51
[QTS:PC2LINE] begin: slots=26 source_pos=10638 @parser.c:10908
[QTS:PC2LINE] init: line=327 col=4 @parser.c:10915
[QTS:PC2LINE] end: pc2line_len=55 @parser.c:10960
[QTS:LABEL] end: out_len=53
[QTS:STACK] result: max_stack=4 var_count=0
[QTS:VAR] hoist: eval_type=0 module=0 globals=0 closures=0
[QTS:VAR] resolve: atom=623 scope=1 op=186
[QTS:VAR]   emit: op=186 idx=536870912
[QTS:VAR] resolve: atom=576 scope=1 op=186
[QTS:CLOSURE] capture: var_idx=46 var_name=576
[QTS:VAR]   found: idx=0 is_arg=0
[QTS:VAR] resolve: atom=539 scope=1 op=186
[QTS:CLOSURE] capture: var_idx=26 var_name=539
[QTS:VAR]   found: idx=1 is_arg=0
[QTS:VAR] resolve: atom=623 scope=1 op=186
[QTS:VAR]   emit: op=186 idx=536870912
[QTS:VAR] resolve: atom=623 scope=1 op=189
[QTS:VAR]   emit: op=189 idx=536870912
[QTS:VAR] resolve: atom=623 scope=1 op=186
[QTS:VAR]   emit: op=186 idx=536870912
[QTS:VAR] resolve: atom=576 scope=1 op=186
[QTS:CLOSURE] capture: var_idx=46 var_name=576
[QTS:VAR]   found: idx=0 is_arg=0
[QTS:VAR] resolve: atom=539 scope=1 op=186
[QTS:CLOSURE] capture: var_idx=26 var_name=539
[QTS:VAR]   found: idx=1 is_arg=0
[QTS:VAR] resolve: atom=623 scope=1 op=186
[QTS:VAR]   emit: op=186 idx=536870912
[QTS:VAR] resolve: atom=623 scope=1 op=189
[QTS:VAR]   emit: op=189 idx=536870912
[QTS:VAR] resolve: atom=623 scope=1 op=186
[QTS:VAR]   emit: op=186 idx=536870912
[QTS:LABEL] begin: bc_len=271 label_count=8 jump_size=6 line_number_size=24 strip_debug=0
[QTS:LABEL] emit: label=0 pos=0
[QTS:LABEL] goto: opcode=108 label=1
[QTS:LABEL] emit: label=2 pos=20
[QTS:LABEL] goto: opcode=108 label=1
[QTS:LABEL] goto: opcode=110 label=0
[QTS:LABEL] resolve: label=0 addr=0
[QTS:LABEL] emit: label=1 pos=27
[QTS:LABEL] emit: label=4 pos=27
[QTS:LABEL] goto: opcode=108 label=5
[QTS:LABEL] emit: label=6 pos=46
[QTS:LABEL] goto: opcode=108 label=5
[QTS:LABEL] goto: opcode=110 label=4
[QTS:LABEL] resolve: label=4 addr=27
[QTS:LABEL] emit: label=5 pos=53
[QTS:PC2LINE] begin: slots=24 source_pos=10863 @parser.c:10908
[QTS:PC2LINE] init: line=334 col=4 @parser.c:10915
[QTS:PC2LINE] end: pc2line_len=51 @parser.c:10960
[QTS:LABEL] end: out_len=55
[QTS:STACK] result: max_stack=5 var_count=0
[QTS:VAR] hoist: eval_type=0 module=0 globals=0 closures=0
[QTS:VAR] resolve: atom=540 scope=1 op=189
[QTS:CLOSURE] capture: var_idx=27 var_name=540
[QTS:VAR]   found: idx=0 is_arg=0
[QTS:VAR] resolve: atom=622 scope=1 op=186
[QTS:CLOSURE] capture: var_idx=62 var_name=622
[QTS:VAR]   found: idx=1 is_arg=0
[QTS:VAR] resolve: atom=540 scope=1 op=186
[QTS:CLOSURE] capture: var_idx=27 var_name=540
[QTS:VAR]   found: idx=0 is_arg=0
[QTS:LABEL] begin: bc_len=35 label_count=1 jump_size=0 line_number_size=4 strip_debug=0
[QTS:PC2LINE] begin: slots=3 source_pos=11079 @parser.c:10908
[QTS:PC2LINE] init: line=341 col=4 @parser.c:10915
[QTS:PC2LINE] end: pc2line_len=9 @parser.c:10960
[QTS:LABEL] end: out_len=5
[QTS:STACK] result: max_stack=2 var_count=0
[QTS:VAR] hoist: eval_type=0 module=0 globals=0 closures=0
[QTS:VAR] resolve: atom=540 scope=1 op=189
[QTS:CLOSURE] capture: var_idx=27 var_name=540
[QTS:VAR]   found: idx=0 is_arg=0
[QTS:VAR] resolve: atom=624 scope=1 op=186
[QTS:CLOSURE] capture: var_idx=63 var_name=624
[QTS:VAR]   found: idx=1 is_arg=0
[QTS:VAR] resolve: atom=540 scope=1 op=186
[QTS:CLOSURE] capture: var_idx=27 var_name=540
[QTS:VAR]   found: idx=0 is_arg=0
[QTS:LABEL] begin: bc_len=35 label_count=1 jump_size=0 line_number_size=4 strip_debug=0
[QTS:PC2LINE] begin: slots=3 source_pos=11167 @parser.c:10908
[QTS:PC2LINE] init: line=344 col=4 @parser.c:10915
[QTS:PC2LINE] end: pc2line_len=9 @parser.c:10960
[QTS:LABEL] end: out_len=5
[QTS:STACK] result: max_stack=2 var_count=0
[QTS:VAR] hoist: eval_type=0 module=0 globals=0 closures=0
[QTS:VAR] resolve: atom=472 scope=1 op=186
[QTS:VAR]   found: idx=0 is_arg=0
[QTS:VAR] resolve: atom=628 scope=1 op=186
[QTS:CLOSURE] capture: var_idx=67 var_name=628
[QTS:VAR]   found: idx=1 is_arg=0
[QTS:VAR] resolve: atom=539 scope=1 op=186
[QTS:CLOSURE] capture: var_idx=26 var_name=539
[QTS:VAR]   found: idx=2 is_arg=0
[QTS:LABEL] begin: bc_len=74 label_count=0 jump_size=0 line_number_size=8 strip_debug=0
[QTS:PC2LINE] begin: slots=8 source_pos=11257 @parser.c:10908
[QTS:PC2LINE] init: line=347 col=4 @parser.c:10915
[QTS:PC2LINE] end: pc2line_len=19 @parser.c:10960
[QTS:LABEL] end: out_len=23
[QTS:STACK] result: max_stack=3 var_count=0
[QTS:VAR] hoist: eval_type=0 module=0 globals=0 closures=0
[QTS:VAR] resolve: atom=580 scope=2 op=186
[QTS:VAR]   emit: op=186 idx=536870912
[QTS:VAR] resolve: atom=520 scope=3 op=186
[QTS:CLOSURE] capture: var_idx=9 var_name=520
[QTS:VAR]   found: idx=0 is_arg=0
[QTS:VAR] resolve: atom=580 scope=3 op=186
[QTS:VAR]   emit: op=186 idx=536870912
[QTS:VAR] resolve: atom=543 scope=1 op=189
[QTS:CLOSURE] capture: var_idx=30 var_name=543
[QTS:VAR]   found: idx=1 is_arg=0
[QTS:VAR] resolve: atom=520 scope=1 op=186
[QTS:CLOSURE] capture: var_idx=9 var_name=520
[QTS:VAR]   found: idx=0 is_arg=0
[QTS:LABEL] begin: bc_len=82 label_count=2 jump_size=1 line_number_size=8 strip_debug=0
[QTS:LABEL] goto: opcode=108 label=0
[QTS:LABEL] emit: label=0 pos=14
[QTS:PC2LINE] begin: slots=7 source_pos=11361 @parser.c:10908
[QTS:PC2LINE] init: line=352 col=4 @parser.c:10915
[QTS:PC2LINE] end: pc2line_len=17 @parser.c:10960
[QTS:LABEL] end: out_len=18
[QTS:STACK] result: max_stack=3 var_count=0
[QTS:VAR] hoist: eval_type=0 module=0 globals=0 closures=0
[QTS:VAR] resolve: atom=543 scope=2 op=186
[QTS:CLOSURE] capture: var_idx=30 var_name=543
[QTS:VAR]   found: idx=0 is_arg=0
[QTS:VAR] resolve: atom=543 scope=4 op=186
[QTS:CLOSURE] capture: var_idx=30 var_name=543
[QTS:VAR]   found: idx=0 is_arg=0
[QTS:VAR] resolve: atom=520 scope=4 op=186
[QTS:CLOSURE] capture: var_idx=9 var_name=520
[QTS:VAR]   found: idx=1 is_arg=0
[QTS:VAR] resolve: atom=520 scope=5 op=186
[QTS:CLOSURE] capture: var_idx=9 var_name=520
[QTS:VAR]   found: idx=1 is_arg=0
[QTS:VAR] resolve: atom=539 scope=5 op=186
[QTS:CLOSURE] capture: var_idx=26 var_name=539
[QTS:VAR]   found: idx=2 is_arg=0
[QTS:VAR] resolve: atom=543 scope=3 op=189
[QTS:CLOSURE] capture: var_idx=30 var_name=543
[QTS:VAR]   found: idx=0 is_arg=0
[QTS:VAR] resolve: atom=539 scope=3 op=189
[QTS:CLOSURE] capture: var_idx=26 var_name=539
[QTS:VAR]   found: idx=2 is_arg=0
[QTS:VAR] resolve: atom=520 scope=3 op=186
[QTS:CLOSURE] capture: var_idx=9 var_name=520
[QTS:VAR]   found: idx=1 is_arg=0
[QTS:VAR] resolve: atom=543 scope=3 op=186
[QTS:CLOSURE] capture: var_idx=30 var_name=543
[QTS:VAR]   found: idx=0 is_arg=0
[QTS:VAR] resolve: atom=540 scope=3 op=189
[QTS:CLOSURE] capture: var_idx=27 var_name=540
[QTS:VAR]   found: idx=3 is_arg=0
[QTS:VAR] resolve: atom=539 scope=3 op=186
[QTS:CLOSURE] capture: var_idx=26 var_name=539
[QTS:VAR]   found: idx=2 is_arg=0
[QTS:LABEL] begin: bc_len=185 label_count=5 jump_size=2 line_number_size=19 strip_debug=0
[QTS:LABEL] goto: opcode=108 label=0
[QTS:LABEL] goto: opcode=108 label=1
[QTS:LABEL] emit: label=1 pos=25
[QTS:LABEL] emit: label=0 pos=34
[QTS:PC2LINE] begin: slots=16 source_pos=11499 @parser.c:10908
[QTS:PC2LINE] init: line=358 col=4 @parser.c:10915
[QTS:PC2LINE] end: pc2line_len=35 @parser.c:10960
[QTS:LABEL] end: out_len=32
[QTS:STACK] result: max_stack=3 var_count=0
[QTS:VAR] hoist: eval_type=0 module=0 globals=0 closures=0
[QTS:VAR] resolve: atom=543 scope=2 op=186
[QTS:CLOSURE] capture: var_idx=30 var_name=543
[QTS:VAR]   found: idx=0 is_arg=0
[QTS:VAR] resolve: atom=520 scope=2 op=186
[QTS:CLOSURE] capture: var_idx=9 var_name=520
[QTS:VAR]   found: idx=1 is_arg=0
[QTS:VAR] resolve: atom=543 scope=3 op=189
[QTS:CLOSURE] capture: var_idx=30 var_name=543
[QTS:VAR]   found: idx=0 is_arg=0
[QTS:VAR] resolve: atom=539 scope=3 op=189
[QTS:CLOSURE] capture: var_idx=26 var_name=539
[QTS:VAR]   found: idx=2 is_arg=0
[QTS:VAR] resolve: atom=520 scope=3 op=186
[QTS:CLOSURE] capture: var_idx=9 var_name=520
[QTS:VAR]   found: idx=1 is_arg=0
[QTS:VAR] resolve: atom=543 scope=3 op=186
[QTS:CLOSURE] capture: var_idx=30 var_name=543
[QTS:VAR]   found: idx=0 is_arg=0
[QTS:VAR] resolve: atom=540 scope=3 op=189
[QTS:CLOSURE] capture: var_idx=27 var_name=540
[QTS:VAR]   found: idx=3 is_arg=0
[QTS:VAR] resolve: atom=539 scope=3 op=186
[QTS:CLOSURE] capture: var_idx=26 var_name=539
[QTS:VAR]   found: idx=2 is_arg=0
[QTS:LABEL] begin: bc_len=132 label_count=4 jump_size=1 line_number_size=14 strip_debug=0
[QTS:LABEL] goto: opcode=108 label=0
[QTS:LABEL] emit: label=0 pos=17
[QTS:PC2LINE] begin: slots=11 source_pos=11790 @parser.c:10908
[QTS:PC2LINE] init: line=368 col=4 @parser.c:10915
[QTS:PC2LINE] end: pc2line_len=25 @parser.c:10960
[QTS:LABEL] end: out_len=18
[QTS:STACK] result: max_stack=3 var_count=0
[QTS:VAR] hoist: eval_type=0 module=0 globals=0 closures=0
[QTS:VAR] resolve: atom=540 scope=1 op=186
[QTS:CLOSURE] capture: var_idx=27 var_name=540
[QTS:VAR]   found: idx=0 is_arg=0
[QTS:VAR] resolve: atom=623 scope=1 op=187
[QTS:VAR]   emit: op=187 idx=0
[QTS:VAR] resolve: atom=566 scope=2 op=187
[QTS:VAR]   emit: op=187 idx=1
[QTS:VAR] resolve: atom=566 scope=2 op=186
[QTS:VAR]   emit: op=186 idx=1
[QTS:VAR] resolve: atom=520 scope=2 op=186
[QTS:CLOSURE] capture: var_idx=9 var_name=520
[QTS:VAR]   found: idx=1 is_arg=0
[QTS:VAR] resolve: atom=520 scope=3 op=186
[QTS:CLOSURE] capture: var_idx=9 var_name=520
[QTS:VAR]   found: idx=1 is_arg=0
[QTS:VAR] resolve: atom=566 scope=3 op=186
[QTS:VAR]   emit: op=186 idx=1
[QTS:VAR] resolve: atom=632 scope=3 op=186
[QTS:VAR]   emit: op=186 idx=536870912
[QTS:VAR] resolve: atom=543 scope=3 op=186
[QTS:CLOSURE] capture: var_idx=30 var_name=543
[QTS:VAR]   found: idx=2 is_arg=0
[QTS:VAR] resolve: atom=520 scope=3 op=186
[QTS:CLOSURE] capture: var_idx=9 var_name=520
[QTS:VAR]   found: idx=1 is_arg=0
[QTS:VAR] resolve: atom=89 scope=3 op=187
[QTS:VAR]   emit: op=187 idx=2
[QTS:VAR] resolve: atom=520 scope=4 op=186
[QTS:CLOSURE] capture: var_idx=9 var_name=520
[QTS:VAR]   found: idx=1 is_arg=0
[QTS:VAR] resolve: atom=89 scope=4 op=186
[QTS:VAR]   emit: op=186 idx=2
[QTS:VAR] resolve: atom=623 scope=4 op=186
[QTS:VAR]   emit: op=186 idx=0
[QTS:VAR] resolve: atom=539 scope=4 op=186
[QTS:CLOSURE] capture: var_idx=26 var_name=539
[QTS:VAR]   found: idx=3 is_arg=0
[QTS:VAR] resolve: atom=623 scope=4 op=186
[QTS:VAR]   emit: op=186 idx=0
[QTS:VAR] resolve: atom=543 scope=5 op=189
[QTS:CLOSURE] capture: var_idx=30 var_name=543
[QTS:VAR]   found: idx=2 is_arg=0
[QTS:VAR] resolve: atom=89 scope=5 op=186
[QTS:VAR]   emit: op=186 idx=2
[QTS:VAR] resolve: atom=539 scope=5 op=189
[QTS:CLOSURE] capture: var_idx=26 var_name=539
[QTS:VAR]   found: idx=3 is_arg=0
[QTS:VAR] resolve: atom=520 scope=5 op=186
[QTS:CLOSURE] capture: var_idx=9 var_name=520
[QTS:VAR]   found: idx=1 is_arg=0
[QTS:VAR] resolve: atom=89 scope=5 op=186
[QTS:VAR]   emit: op=186 idx=2
[QTS:VAR] resolve: atom=566 scope=2 op=189
[QTS:VAR]   emit: op=189 idx=1
[QTS:LABEL] begin: bc_len=356 label_count=8 jump_size=4 line_number_size=36 strip_debug=0
[QTS:LABEL] emit: label=0 pos=4
[QTS:LABEL] goto: opcode=108 label=3
[QTS:LABEL] emit: label=2 pos=13
[QTS:LABEL] goto: opcode=108 label=5
[QTS:LABEL] emit: label=5 pos=59
[QTS:LABEL] emit: label=1 pos=59
[QTS:LABEL] goto: opcode=110 label=0
[QTS:LABEL] resolve: label=0 addr=4
[QTS:LABEL] emit: label=3 pos=63
[QTS:PC2LINE] begin: slots=33 source_pos=11994 @parser.c:10908
[QTS:PC2LINE] init: line=375 col=4 @parser.c:10915
[QTS:PC2LINE] end: pc2line_len=71 @parser.c:10960
[QTS:LABEL] end: out_len=61
[QTS:STACK] result: max_stack=5 var_count=3
[QTS:VAR] hoist: eval_type=0 module=0 globals=0 closures=0
[QTS:VAR] resolve: atom=631 scope=1 op=186
[QTS:CLOSURE] capture: var_idx=70 var_name=631
[QTS:VAR]   found: idx=0 is_arg=0
[QTS:LABEL] begin: bc_len=33 label_count=0 jump_size=0 line_number_size=4 strip_debug=0
[QTS:PC2LINE] begin: slots=3 source_pos=12404 @parser.c:10908
[QTS:PC2LINE] init: line=386 col=4 @parser.c:10915
[QTS:PC2LINE] end: pc2line_len=9 @parser.c:10960
[QTS:LABEL] end: out_len=5
[QTS:STACK] result: max_stack=2 var_count=0
[QTS:VAR] hoist: eval_type=0 module=0 globals=0 closures=0
[QTS:VAR] resolve: atom=631 scope=1 op=186
[QTS:CLOSURE] capture: var_idx=70 var_name=631
[QTS:VAR]   found: idx=0 is_arg=0
[QTS:LABEL] begin: bc_len=27 label_count=0 jump_size=0 line_number_size=3 strip_debug=0
[QTS:PC2LINE] begin: slots=2 source_pos=12486 @parser.c:10908
[QTS:PC2LINE] init: line=389 col=4 @parser.c:10915
[QTS:PC2LINE] end: pc2line_len=7 @parser.c:10960
[QTS:LABEL] end: out_len=5
[QTS:STACK] result: max_stack=2 var_count=0
[QTS:VAR] hoist: eval_type=0 module=0 globals=0 closures=0
[QTS:VAR] resolve: atom=591 scope=1 op=189
[QTS:VAR]   emit: op=189 idx=0
[QTS:VAR] resolve: atom=540 scope=1 op=186
[QTS:CLOSURE] capture: var_idx=27 var_name=540
[QTS:VAR]   found: idx=0 is_arg=0
[QTS:VAR] resolve: atom=632 scope=2 op=186
[QTS:VAR]   emit: op=186 idx=536870912
[QTS:VAR] resolve: atom=591 scope=3 op=189
[QTS:VAR]   emit: op=189 idx=0
[QTS:VAR] resolve: atom=583 scope=3 op=186
[QTS:CLOSURE] capture: var_idx=48 var_name=583
[QTS:VAR]   found: idx=1 is_arg=0
[QTS:VAR] resolve: atom=539 scope=3 op=186
[QTS:CLOSURE] capture: var_idx=26 var_name=539
[QTS:VAR]   found: idx=2 is_arg=0
[QTS:VAR] resolve: atom=591 scope=3 op=186
[QTS:VAR]   emit: op=186 idx=0
[QTS:VAR] resolve: atom=591 scope=3 op=189
[QTS:VAR]   emit: op=189 idx=0
[QTS:VAR] resolve: atom=636 scope=1 op=189
[QTS:VAR]   emit: op=189 idx=1
[QTS:VAR] resolve: atom=591 scope=1 op=186
[QTS:VAR]   emit: op=186 idx=0
[QTS:VAR] resolve: atom=583 scope=1 op=186
[QTS:CLOSURE] capture: var_idx=48 var_name=583
[QTS:VAR]   found: idx=1 is_arg=0
[QTS:VAR] resolve: atom=539 scope=1 op=186
[QTS:CLOSURE] capture: var_idx=26 var_name=539
[QTS:VAR]   found: idx=2 is_arg=0
[QTS:VAR] resolve: atom=636 scope=1 op=186
[QTS:VAR]   emit: op=186 idx=1
[QTS:VAR] resolve: atom=636 scope=1 op=189
[QTS:VAR]   emit: op=189 idx=1
[QTS:VAR] resolve: atom=591 scope=4 op=186
[QTS:VAR]   emit: op=186 idx=0
[QTS:VAR] resolve: atom=591 scope=4 op=186
[QTS:VAR]   emit: op=186 idx=0
[QTS:VAR] resolve: atom=539 scope=4 op=186
[QTS:CLOSURE] capture: var_idx=26 var_name=539
[QTS:VAR]   found: idx=2 is_arg=0
[QTS:VAR] resolve: atom=545 scope=6 op=186
[QTS:CLOSURE] capture: var_idx=32 var_name=545
[QTS:VAR]   found: idx=3 is_arg=0
[QTS:VAR] resolve: atom=637 scope=6 op=186
[QTS:CLOSURE] capture: var_idx=81 var_name=637
[QTS:VAR]   found: idx=4 is_arg=0
[QTS:VAR] resolve: atom=637 scope=7 op=186
[QTS:CLOSURE] capture: var_idx=81 var_name=637
[QTS:VAR]   found: idx=4 is_arg=0
[QTS:VAR] resolve: atom=591 scope=7 op=186
[QTS:VAR]   emit: op=186 idx=0
[QTS:VAR] resolve: atom=636 scope=7 op=186
[QTS:VAR]   emit: op=186 idx=1
[QTS:VAR] resolve: atom=632 scope=7 op=186
[QTS:VAR]   emit: op=186 idx=536870912
[QTS:VAR] resolve: atom=539 scope=8 op=189
[QTS:CLOSURE] capture: var_idx=26 var_name=539
[QTS:VAR]   found: idx=2 is_arg=0
[QTS:VAR] resolve: atom=539 scope=8 op=186
[QTS:CLOSURE] capture: var_idx=26 var_name=539
[QTS:VAR]   found: idx=2 is_arg=0
[QTS:VAR] resolve: atom=591 scope=8 op=186
[QTS:VAR]   emit: op=186 idx=0
[QTS:VAR] resolve: atom=539 scope=8 op=186
[QTS:CLOSURE] capture: var_idx=26 var_name=539
[QTS:VAR]   found: idx=2 is_arg=0
[QTS:VAR] resolve: atom=636 scope=8 op=186
[QTS:VAR]   emit: op=186 idx=1
[QTS:VAR] resolve: atom=540 scope=8 op=189
[QTS:CLOSURE] capture: var_idx=27 var_name=540
[QTS:VAR]   found: idx=0 is_arg=0
[QTS:VAR] resolve: atom=591 scope=8 op=186
[QTS:VAR]   emit: op=186 idx=0
[QTS:LABEL] begin: bc_len=532 label_count=16 jump_size=9 line_number_size=51 strip_debug=0
[QTS:LABEL] goto: opcode=108 label=1
[QTS:LABEL] emit: label=3 pos=9
[QTS:LABEL] goto: opcode=108 label=4
[QTS:LABEL] goto: opcode=110 label=3
[QTS:LABEL] resolve: label=3 addr=9
[QTS:LABEL] emit: label=4 pos=27
[QTS:LABEL] emit: label=1 pos=27
[QTS:LABEL] emit: label=7 pos=31
[QTS:LABEL] goto: opcode=108 label=8
[QTS:LABEL] goto: opcode=110 label=7
[QTS:LABEL] resolve: label=7 addr=31
[QTS:LABEL] emit: label=8 pos=49
[QTS:LABEL] goto: opcode=108 label=11
[QTS:LABEL] emit: label=10 pos=61
[QTS:LABEL] goto: opcode=108 label=11
[QTS:LABEL] goto: opcode=108 label=12
[QTS:LABEL] emit: label=12 pos=82
[QTS:LABEL] emit: label=13 pos=107
[QTS:LABEL] emit: label=11 pos=107
[QTS:PC2LINE] begin: slots=44 source_pos=12566 @parser.c:10908
[QTS:PC2LINE] init: line=392 col=4 @parser.c:10915
[QTS:PC2LINE] end: pc2line_len=91 @parser.c:10960
[QTS:LABEL] end: out_len=102
[QTS:STACK] result: max_stack=4 var_count=2
[QTS:VAR] hoist: eval_type=0 module=0 globals=0 closures=0
[QTS:VAR] resolve: atom=635 scope=1 op=186
[QTS:CLOSURE] capture: var_idx=73 var_name=635
[QTS:VAR]   found: idx=0 is_arg=0
[QTS:LABEL] begin: bc_len=23 label_count=0 jump_size=0 line_number_size=2 strip_debug=0
[QTS:PC2LINE] begin: slots=2 source_pos=13198 @parser.c:10908
[QTS:PC2LINE] init: line=413 col=4 @parser.c:10915
[QTS:PC2LINE] end: pc2line_len=7 @parser.c:10960
[QTS:LABEL] end: out_len=4
[QTS:STACK] result: max_stack=2 var_count=0
[QTS:VAR] hoist: eval_type=0 module=0 globals=0 closures=0
[QTS:VAR] resolve: atom=539 scope=2 op=186
[QTS:CLOSURE] capture: var_idx=26 var_name=539
[QTS:VAR]   found: idx=0 is_arg=0
[QTS:VAR] resolve: atom=472 scope=3 op=186
[QTS:VAR]   found: idx=1 is_arg=0
[QTS:VAR] resolve: atom=635 scope=4 op=186
[QTS:CLOSURE] capture: var_idx=73 var_name=635
[QTS:VAR]   found: idx=2 is_arg=0
[QTS:LABEL] begin: bc_len=116 label_count=2 jump_size=1 line_number_size=10 strip_debug=0
[QTS:LABEL] goto: opcode=108 label=0
[QTS:LABEL] emit: label=0 pos=26
[QTS:LABEL] emit: label=1 pos=30
[QTS:PC2LINE] begin: slots=10 source_pos=13261 @parser.c:10908
[QTS:PC2LINE] init: line=416 col=4 @parser.c:10915
[QTS:PC2LINE] end: pc2line_len=23 @parser.c:10960
[QTS:LABEL] end: out_len=31
[QTS:STACK] result: max_stack=3 var_count=0
[QTS:VAR] hoist: eval_type=0 module=0 globals=0 closures=0
[QTS:VAR] resolve: atom=635 scope=1 op=186
[QTS:CLOSURE] capture: var_idx=73 var_name=635
[QTS:VAR]   found: idx=0 is_arg=0
[QTS:LABEL] begin: bc_len=29 label_count=0 jump_size=0 line_number_size=3 strip_debug=0
[QTS:PC2LINE] begin: slots=3 source_pos=13475 @parser.c:10908
[QTS:PC2LINE] init: line=425 col=4 @parser.c:10915
[QTS:PC2LINE] end: pc2line_len=9 @parser.c:10960
[QTS:LABEL] end: out_len=4
[QTS:STACK] result: max_stack=2 var_count=0
[QTS:VAR] hoist: eval_type=0 module=0 globals=0 closures=0
[QTS:VAR] resolve: atom=540 scope=1 op=186
[QTS:CLOSURE] capture: var_idx=27 var_name=540
[QTS:VAR]   found: idx=0 is_arg=0
[QTS:VAR] resolve: atom=623 scope=1 op=187
[QTS:VAR]   emit: op=187 idx=0
[QTS:VAR] resolve: atom=539 scope=2 op=186
[QTS:CLOSURE] capture: var_idx=26 var_name=539
[QTS:VAR]   found: idx=1 is_arg=0
[QTS:VAR] resolve: atom=623 scope=2 op=186
[QTS:VAR]   emit: op=186 idx=0
[QTS:VAR] resolve: atom=623 scope=4 op=186
[QTS:VAR]   emit: op=186 idx=0
[QTS:VAR] resolve: atom=539 scope=4 op=186
[QTS:CLOSURE] capture: var_idx=26 var_name=539
[QTS:VAR]   found: idx=1 is_arg=0
[QTS:VAR] resolve: atom=623 scope=4 op=189
[QTS:VAR]   emit: op=189 idx=0
[QTS:VAR] resolve: atom=539 scope=3 op=189
[QTS:CLOSURE] capture: var_idx=26 var_name=539
[QTS:VAR]   found: idx=1 is_arg=0
[QTS:VAR] resolve: atom=539 scope=3 op=186
[QTS:CLOSURE] capture: var_idx=26 var_name=539
[QTS:VAR]   found: idx=1 is_arg=0
[QTS:VAR] resolve: atom=623 scope=3 op=186
[QTS:VAR]   emit: op=186 idx=0
[QTS:VAR] resolve: atom=539 scope=3 op=186
[QTS:CLOSURE] capture: var_idx=26 var_name=539
[QTS:VAR]   found: idx=1 is_arg=0
[QTS:VAR] resolve: atom=623 scope=3 op=186
[QTS:VAR]   emit: op=186 idx=0
[QTS:VAR] resolve: atom=623 scope=3 op=186
[QTS:VAR]   emit: op=186 idx=0
[QTS:VAR] resolve: atom=539 scope=3 op=186
[QTS:CLOSURE] capture: var_idx=26 var_name=539
[QTS:VAR]   found: idx=1 is_arg=0
[QTS:VAR] resolve: atom=623 scope=3 op=186
[QTS:VAR]   emit: op=186 idx=0
[QTS:VAR] resolve: atom=623 scope=3 op=186
[QTS:VAR]   emit: op=186 idx=0
[QTS:VAR] resolve: atom=539 scope=3 op=186
[QTS:CLOSURE] capture: var_idx=26 var_name=539
[QTS:VAR]   found: idx=1 is_arg=0
[QTS:VAR] resolve: atom=623 scope=3 op=186
[QTS:VAR]   emit: op=186 idx=0
[QTS:VAR] resolve: atom=540 scope=3 op=189
[QTS:CLOSURE] capture: var_idx=27 var_name=540
[QTS:VAR]   found: idx=0 is_arg=0
[QTS:VAR] resolve: atom=623 scope=3 op=186
[QTS:VAR]   emit: op=186 idx=0
[QTS:LABEL] begin: bc_len=398 label_count=6 jump_size=3 line_number_size=41 strip_debug=0
[QTS:LABEL] goto: opcode=108 label=1
[QTS:LABEL] emit: label=0 pos=14
[QTS:LABEL] goto: opcode=108 label=1
[QTS:LABEL] goto: opcode=108 label=2
[QTS:LABEL] emit: label=2 pos=27
[QTS:LABEL] emit: label=1 pos=86
[QTS:PC2LINE] begin: slots=38 source_pos=13548 @parser.c:10908
[QTS:PC2LINE] init: line=428 col=4 @parser.c:10915
[QTS:PC2LINE] end: pc2line_len=79 @parser.c:10960
[QTS:LABEL] end: out_len=81
[QTS:STACK] result: max_stack=6 var_count=1
[QTS:VAR] hoist: eval_type=0 module=0 globals=0 closures=0
[QTS:VAR] resolve: atom=624 scope=1 op=186
[QTS:CLOSURE] capture: var_idx=63 var_name=624
[QTS:VAR]   found: idx=0 is_arg=0
[QTS:VAR] resolve: atom=540 scope=1 op=186
[QTS:CLOSURE] capture: var_idx=27 var_name=540
[QTS:VAR]   found: idx=1 is_arg=0
[QTS:VAR] resolve: atom=643 scope=1 op=187
[QTS:VAR]   emit: op=187 idx=0
[QTS:VAR] resolve: atom=622 scope=1 op=186
[QTS:CLOSURE] capture: var_idx=62 var_name=622
[QTS:VAR]   found: idx=2 is_arg=0
[QTS:VAR] resolve: atom=643 scope=1 op=186
[QTS:VAR]   emit: op=186 idx=0
[QTS:VAR] resolve: atom=644 scope=1 op=187
[QTS:VAR]   emit: op=187 idx=1
[QTS:VAR] resolve: atom=622 scope=1 op=186
[QTS:CLOSURE] capture: var_idx=62 var_name=622
[QTS:VAR]   found: idx=2 is_arg=0
[QTS:VAR] resolve: atom=540 scope=1 op=186
[QTS:CLOSURE] capture: var_idx=27 var_name=540
[QTS:VAR]   found: idx=1 is_arg=0
[QTS:VAR] resolve: atom=645 scope=1 op=187
[QTS:VAR]   emit: op=187 idx=2
[QTS:VAR] resolve: atom=624 scope=1 op=186
[QTS:CLOSURE] capture: var_idx=63 var_name=624
[QTS:VAR]   found: idx=0 is_arg=0
[QTS:VAR] resolve: atom=645 scope=1 op=186
[QTS:VAR]   emit: op=186 idx=2
[QTS:VAR] resolve: atom=646 scope=1 op=187
[QTS:VAR]   emit: op=187 idx=3
[QTS:VAR] resolve: atom=643 scope=2 op=186
[QTS:VAR]   emit: op=186 idx=0
[QTS:VAR] resolve: atom=644 scope=2 op=186
[QTS:VAR]   emit: op=186 idx=1
[QTS:VAR] resolve: atom=644 scope=2 op=186
[QTS:VAR]   emit: op=186 idx=1
[QTS:VAR] resolve: atom=540 scope=2 op=186
[QTS:CLOSURE] capture: var_idx=27 var_name=540
[QTS:VAR]   found: idx=1 is_arg=0
[QTS:VAR] resolve: atom=540 scope=2 op=186
[QTS:CLOSURE] capture: var_idx=27 var_name=540
[QTS:VAR]   found: idx=1 is_arg=0
[QTS:VAR] resolve: atom=646 scope=2 op=186
[QTS:VAR]   emit: op=186 idx=3
[QTS:VAR] resolve: atom=646 scope=2 op=186
[QTS:VAR]   emit: op=186 idx=3
[QTS:VAR] resolve: atom=645 scope=2 op=186
[QTS:VAR]   emit: op=186 idx=2
[QTS:VAR] resolve: atom=539 scope=3 op=189
[QTS:CLOSURE] capture: var_idx=26 var_name=539
[QTS:VAR]   found: idx=3 is_arg=0
[QTS:VAR] resolve: atom=539 scope=3 op=186
[QTS:CLOSURE] capture: var_idx=26 var_name=539
[QTS:VAR]   found: idx=3 is_arg=0
[QTS:VAR] resolve: atom=643 scope=3 op=186
[QTS:VAR]   emit: op=186 idx=0
[QTS:VAR] resolve: atom=539 scope=3 op=186
[QTS:CLOSURE] capture: var_idx=26 var_name=539
[QTS:VAR]   found: idx=3 is_arg=0
[QTS:VAR] resolve: atom=646 scope=3 op=186
[QTS:VAR]   emit: op=186 idx=3
[QTS:VAR] resolve: atom=645 scope=3 op=186
[QTS:VAR]   emit: op=186 idx=2
[QTS:VAR] resolve: atom=539 scope=3 op=186
[QTS:CLOSURE] capture: var_idx=26 var_name=539
[QTS:VAR]   found: idx=3 is_arg=0
[QTS:VAR] resolve: atom=644 scope=3 op=186
[QTS:VAR]   emit: op=186 idx=1
[QTS:VAR] resolve: atom=646 scope=3 op=186
[QTS:VAR]   emit: op=186 idx=3
[QTS:VAR] resolve: atom=539 scope=3 op=186
[QTS:CLOSURE] capture: var_idx=26 var_name=539
[QTS:VAR]   found: idx=3 is_arg=0
[QTS:VAR] resolve: atom=643 scope=3 op=186
[QTS:VAR]   emit: op=186 idx=0
[QTS:VAR] resolve: atom=644 scope=3 op=186
[QTS:VAR]   emit: op=186 idx=1
[QTS:VAR] resolve: atom=540 scope=3 op=189
[QTS:CLOSURE] capture: var_idx=27 var_name=540
[QTS:VAR]   found: idx=1 is_arg=0
[QTS:VAR] resolve: atom=645 scope=3 op=186
[QTS:VAR]   emit: op=186 idx=2
[QTS:LABEL] begin: bc_len=438 label_count=4 jump_size=4 line_number_size=49 strip_debug=0
[QTS:LABEL] goto: opcode=108 label=1
[QTS:LABEL] goto: opcode=108 label=1
[QTS:LABEL] goto: opcode=108 label=1
[QTS:LABEL] emit: label=0 pos=43
[QTS:LABEL] goto: opcode=108 label=1
[QTS:LABEL] emit: label=1 pos=98
[QTS:PC2LINE] begin: slots=47 source_pos=13906 @parser.c:10908
[QTS:PC2LINE] init: line=438 col=4 @parser.c:10915
[QTS:PC2LINE] end: pc2line_len=97 @parser.c:10960
[QTS:LABEL] end: out_len=87
[QTS:STACK] result: max_stack=5 var_count=4
[QTS:VAR] hoist: eval_type=0 module=0 globals=0 closures=0
[QTS:VAR] resolve: atom=622 scope=1 op=186
[QTS:CLOSURE] capture: var_idx=62 var_name=622
[QTS:VAR]   found: idx=0 is_arg=0
[QTS:VAR] resolve: atom=540 scope=1 op=186
[QTS:CLOSURE] capture: var_idx=27 var_name=540
[QTS:VAR]   found: idx=1 is_arg=0
[QTS:VAR] resolve: atom=636 scope=1 op=187
[QTS:VAR]   emit: op=187 idx=0
[QTS:VAR] resolve: atom=539 scope=1 op=189
[QTS:CLOSURE] capture: var_idx=26 var_name=539
[QTS:VAR]   found: idx=2 is_arg=0
[QTS:VAR] resolve: atom=539 scope=1 op=186
[QTS:CLOSURE] capture: var_idx=26 var_name=539
[QTS:VAR]   found: idx=2 is_arg=0
[QTS:VAR] resolve: atom=540 scope=1 op=186
[QTS:CLOSURE] capture: var_idx=27 var_name=540
[QTS:VAR]   found: idx=1 is_arg=0
[QTS:VAR] resolve: atom=539 scope=1 op=186
[QTS:CLOSURE] capture: var_idx=26 var_name=539
[QTS:VAR]   found: idx=2 is_arg=0
[QTS:VAR] resolve: atom=540 scope=1 op=186
[QTS:CLOSURE] capture: var_idx=27 var_name=540
[QTS:VAR]   found: idx=1 is_arg=0
[QTS:VAR] resolve: atom=636 scope=1 op=186
[QTS:VAR]   emit: op=186 idx=0
[QTS:VAR] resolve: atom=539 scope=1 op=186
[QTS:CLOSURE] capture: var_idx=26 var_name=539
[QTS:VAR]   found: idx=2 is_arg=0
[QTS:VAR] resolve: atom=636 scope=1 op=186
[QTS:VAR]   emit: op=186 idx=0
[QTS:LABEL] begin: bc_len=183 label_count=1 jump_size=0 line_number_size=21 strip_debug=0
[QTS:PC2LINE] begin: slots=20 source_pos=14364 @parser.c:10908
[QTS:PC2LINE] init: line=449 col=4 @parser.c:10915
[QTS:PC2LINE] end: pc2line_len=43 @parser.c:10960
[QTS:LABEL] end: out_len=48
[QTS:STACK] result: max_stack=5 var_count=1
[QTS:VAR] hoist: eval_type=0 module=0 globals=0 closures=0
[QTS:VAR] resolve: atom=622 scope=1 op=186
[QTS:CLOSURE] capture: var_idx=62 var_name=622
[QTS:VAR]   found: idx=0 is_arg=0
[QTS:VAR] resolve: atom=540 scope=1 op=186
[QTS:CLOSURE] capture: var_idx=27 var_name=540
[QTS:VAR]   found: idx=1 is_arg=0
[QTS:VAR] resolve: atom=636 scope=1 op=187
[QTS:VAR]   emit: op=187 idx=0
[QTS:VAR] resolve: atom=539 scope=1 op=189
[QTS:CLOSURE] capture: var_idx=26 var_name=539
[QTS:VAR]   found: idx=2 is_arg=0
[QTS:VAR] resolve: atom=539 scope=1 op=186
[QTS:CLOSURE] capture: var_idx=26 var_name=539
[QTS:VAR]   found: idx=2 is_arg=0
[QTS:VAR] resolve: atom=540 scope=1 op=186
[QTS:CLOSURE] capture: var_idx=27 var_name=540
[QTS:VAR]   found: idx=1 is_arg=0
[QTS:VAR] resolve: atom=539 scope=1 op=186
[QTS:CLOSURE] capture: var_idx=26 var_name=539
[QTS:VAR]   found: idx=2 is_arg=0
[QTS:VAR] resolve: atom=540 scope=1 op=186
[QTS:CLOSURE] capture: var_idx=27 var_name=540
[QTS:VAR]   found: idx=1 is_arg=0
[QTS:VAR] resolve: atom=636 scope=1 op=186
[QTS:VAR]   emit: op=186 idx=0
[QTS:VAR] resolve: atom=539 scope=1 op=186
[QTS:CLOSURE] capture: var_idx=26 var_name=539
[QTS:VAR]   found: idx=2 is_arg=0
[QTS:VAR] resolve: atom=636 scope=1 op=186
[QTS:VAR]   emit: op=186 idx=0
[QTS:LABEL] begin: bc_len=183 label_count=1 jump_size=0 line_number_size=21 strip_debug=0
[QTS:PC2LINE] begin: slots=20 source_pos=14584 @parser.c:10908
[QTS:PC2LINE] init: line=455 col=4 @parser.c:10915
[QTS:PC2LINE] end: pc2line_len=43 @parser.c:10960
[QTS:LABEL] end: out_len=48
[QTS:STACK] result: max_stack=5 var_count=1
[QTS:VAR] hoist: eval_type=0 module=0 globals=0 closures=0
[QTS:VAR] resolve: atom=539 scope=1 op=186
[QTS:CLOSURE] capture: var_idx=26 var_name=539
[QTS:VAR]   found: idx=0 is_arg=0
[QTS:VAR] resolve: atom=591 scope=1 op=186
[QTS:VAR]   emit: op=186 idx=536870912
[QTS:VAR] resolve: atom=636 scope=1 op=186
[QTS:VAR]   emit: op=186 idx=536870913
[QTS:VAR] resolve: atom=649 scope=1 op=187
[QTS:VAR]   emit: op=187 idx=0
[QTS:VAR] resolve: atom=545 scope=2 op=186
[QTS:CLOSURE] capture: var_idx=32 var_name=545
[QTS:VAR]   found: idx=1 is_arg=0
[QTS:VAR] resolve: atom=637 scope=2 op=186
[QTS:CLOSURE] capture: var_idx=81 var_name=637
[QTS:VAR]   found: idx=2 is_arg=0
[QTS:VAR] resolve: atom=521 scope=2 op=189
[QTS:CLOSURE] capture: var_idx=10 var_name=521
[QTS:VAR]   found: idx=3 is_arg=0
[QTS:VAR] resolve: atom=649 scope=2 op=186
[QTS:VAR]   emit: op=186 idx=0
[QTS:VAR] resolve: atom=632 scope=3 op=186
[QTS:VAR]   emit: op=186 idx=536870914
[QTS:VAR] resolve: atom=521 scope=3 op=189
[QTS:CLOSURE] capture: var_idx=10 var_name=521
[QTS:VAR]   found: idx=3 is_arg=0
[QTS:VAR] resolve: atom=649 scope=3 op=186
[QTS:VAR]   emit: op=186 idx=0
[QTS:VAR] resolve: atom=521 scope=3 op=186
[QTS:CLOSURE] capture: var_idx=10 var_name=521
[QTS:VAR]   found: idx=3 is_arg=0
[QTS:VAR] resolve: atom=521 scope=3 op=189
[QTS:CLOSURE] capture: var_idx=10 var_name=521
[QTS:VAR]   found: idx=3 is_arg=0
[QTS:VAR] resolve: atom=521 scope=3 op=186
[QTS:CLOSURE] capture: var_idx=10 var_name=521
[QTS:VAR]   found: idx=3 is_arg=0
[QTS:VAR] resolve: atom=649 scope=3 op=186
[QTS:VAR]   emit: op=186 idx=0
[QTS:VAR] resolve: atom=539 scope=1 op=189
[QTS:CLOSURE] capture: var_idx=26 var_name=539
[QTS:VAR]   found: idx=0 is_arg=0
[QTS:VAR] resolve: atom=539 scope=1 op=186
[QTS:CLOSURE] capture: var_idx=26 var_name=539
[QTS:VAR]   found: idx=0 is_arg=0
[QTS:VAR] resolve: atom=591 scope=1 op=186
[QTS:VAR]   emit: op=186 idx=536870912
[QTS:VAR] resolve: atom=539 scope=1 op=186
[QTS:CLOSURE] capture: var_idx=26 var_name=539
[QTS:VAR]   found: idx=0 is_arg=0
[QTS:VAR] resolve: atom=636 scope=1 op=186
[QTS:VAR]   emit: op=186 idx=536870913
[QTS:VAR] resolve: atom=540 scope=4 op=186
[QTS:CLOSURE] capture: var_idx=27 var_name=540
[QTS:VAR]   found: idx=4 is_arg=0
[QTS:VAR] resolve: atom=636 scope=4 op=186
[QTS:VAR]   emit: op=186 idx=536870913
[QTS:VAR] resolve: atom=540 scope=4 op=189
[QTS:CLOSURE] capture: var_idx=27 var_name=540
[QTS:VAR]   found: idx=4 is_arg=0
[QTS:VAR] resolve: atom=636 scope=4 op=186
[QTS:VAR]   emit: op=186 idx=536870913
[QTS:VAR] resolve: atom=591 scope=4 op=186
[QTS:VAR]   emit: op=186 idx=536870912
[QTS:VAR] resolve: atom=540 scope=5 op=186
[QTS:CLOSURE] capture: var_idx=27 var_name=540
[QTS:VAR]   found: idx=4 is_arg=0
[QTS:VAR] resolve: atom=591 scope=5 op=186
[QTS:VAR]   emit: op=186 idx=536870912
[QTS:VAR] resolve: atom=540 scope=5 op=189
[QTS:CLOSURE] capture: var_idx=27 var_name=540
[QTS:VAR]   found: idx=4 is_arg=0
[QTS:VAR] resolve: atom=591 scope=5 op=186
[QTS:VAR]   emit: op=186 idx=536870912
[QTS:VAR] resolve: atom=544 scope=1 op=189
[QTS:CLOSURE] capture: var_idx=31 var_name=544
[QTS:VAR]   found: idx=5 is_arg=0
[QTS:VAR] resolve: atom=637 scope=1 op=186
[QTS:CLOSURE] capture: var_idx=81 var_name=637
[QTS:VAR]   found: idx=2 is_arg=0
[QTS:LABEL] begin: bc_len=449 label_count=14 jump_size=7 line_number_size=45 strip_debug=0
[QTS:LABEL] goto: opcode=108 label=0
[QTS:LABEL] goto: opcode=110 label=2
[QTS:LABEL] emit: label=0 pos=21
[QTS:LABEL] goto: opcode=108 label=3
[QTS:LABEL] goto: opcode=110 label=5
[QTS:LABEL] emit: label=3 pos=32
[QTS:LABEL] emit: label=5 pos=36
[QTS:LABEL] emit: label=2 pos=36
[QTS:LABEL] goto: opcode=108 label=8
[QTS:LABEL] goto: opcode=110 label=10
[QTS:LABEL] emit: label=8 pos=78
[QTS:LABEL] goto: opcode=108 label=11
[QTS:LABEL] emit: label=11 pos=89
[QTS:LABEL] emit: label=10 pos=89
[QTS:PC2LINE] begin: slots=39 source_pos=14806 @parser.c:10908
[QTS:PC2LINE] init: line=461 col=4 @parser.c:10915
[QTS:PC2LINE] end: pc2line_len=81 @parser.c:10960
[QTS:LABEL] end: out_len=94
[QTS:STACK] result: max_stack=4 var_count=1
[QTS:VAR] hoist: eval_type=0 module=0 globals=0 closures=0
[QTS:VAR] resolve: atom=637 scope=1 op=186
[QTS:CLOSURE] capture: var_idx=81 var_name=637
[QTS:VAR]   found: idx=0 is_arg=0
[QTS:VAR] resolve: atom=540 scope=1 op=186
[QTS:CLOSURE] capture: var_idx=27 var_name=540
[QTS:VAR]   found: idx=1 is_arg=0
[QTS:VAR] resolve: atom=539 scope=1 op=186
[QTS:CLOSURE] capture: var_idx=26 var_name=539
[QTS:VAR]   found: idx=2 is_arg=0
[QTS:LABEL] begin: bc_len=49 label_count=0 jump_size=0 line_number_size=5 strip_debug=0
[QTS:PC2LINE] begin: slots=5 source_pos=15316 @parser.c:10908
[QTS:PC2LINE] init: line=476 col=4 @parser.c:10915
[QTS:PC2LINE] end: pc2line_len=13 @parser.c:10960
[QTS:LABEL] end: out_len=7
[QTS:STACK] result: max_stack=4 var_count=0
[QTS:VAR] hoist: eval_type=0 module=0 globals=0 closures=0
[QTS:VAR] resolve: atom=637 scope=1 op=186
[QTS:CLOSURE] capture: var_idx=81 var_name=637
[QTS:VAR]   found: idx=0 is_arg=0
[QTS:VAR] resolve: atom=540 scope=1 op=186
[QTS:CLOSURE] capture: var_idx=27 var_name=540
[QTS:VAR]   found: idx=1 is_arg=0
[QTS:LABEL] begin: bc_len=42 label_count=0 jump_size=0 line_number_size=4 strip_debug=0
[QTS:PC2LINE] begin: slots=4 source_pos=15397 @parser.c:10908
[QTS:PC2LINE] init: line=479 col=4 @parser.c:10915
[QTS:PC2LINE] end: pc2line_len=11 @parser.c:10960
[QTS:LABEL] end: out_len=6
[QTS:STACK] result: max_stack=4 var_count=0
[QTS:VAR] hoist: eval_type=0 module=0 globals=0 closures=0
[QTS:VAR] resolve: atom=637 scope=1 op=186
[QTS:CLOSURE] capture: var_idx=81 var_name=637
[QTS:VAR]   found: idx=0 is_arg=0
[QTS:VAR] resolve: atom=540 scope=1 op=186
[QTS:CLOSURE] capture: var_idx=27 var_name=540
[QTS:VAR]   found: idx=1 is_arg=0
[QTS:VAR] resolve: atom=622 scope=1 op=186
[QTS:CLOSURE] capture: var_idx=62 var_name=622
[QTS:VAR]   found: idx=2 is_arg=0
[QTS:VAR] resolve: atom=540 scope=1 op=186
[QTS:CLOSURE] capture: var_idx=27 var_name=540
[QTS:VAR]   found: idx=1 is_arg=0
[QTS:LABEL] begin: bc_len=55 label_count=0 jump_size=0 line_number_size=6 strip_debug=0
[QTS:PC2LINE] begin: slots=6 source_pos=15479 @parser.c:10908
[QTS:PC2LINE] init: line=482 col=4 @parser.c:10915
[QTS:PC2LINE] end: pc2line_len=15 @parser.c:10960
[QTS:LABEL] end: out_len=8
[QTS:STACK] result: max_stack=4 var_count=0
[QTS:VAR] hoist: eval_type=0 module=0 globals=0 closures=0
[QTS:VAR] resolve: atom=637 scope=1 op=186
[QTS:CLOSURE] capture: var_idx=81 var_name=637
[QTS:VAR]   found: idx=0 is_arg=0
[QTS:VAR] resolve: atom=624 scope=1 op=186
[QTS:CLOSURE] capture: var_idx=63 var_name=624
[QTS:VAR]   found: idx=1 is_arg=0
[QTS:VAR] resolve: atom=540 scope=1 op=186
[QTS:CLOSURE] capture: var_idx=27 var_name=540
[QTS:VAR]   found: idx=2 is_arg=0
[QTS:VAR] resolve: atom=540 scope=1 op=186
[QTS:CLOSURE] capture: var_idx=27 var_name=540
[QTS:VAR]   found: idx=2 is_arg=0
[QTS:LABEL] begin: bc_len=61 label_count=0 jump_size=0 line_number_size=7 strip_debug=0
[QTS:PC2LINE] begin: slots=7 source_pos=15579 @parser.c:10908
[QTS:PC2LINE] init: line=485 col=4 @parser.c:10915
[QTS:PC2LINE] end: pc2line_len=17 @parser.c:10960
[QTS:LABEL] end: out_len=8
[QTS:STACK] result: max_stack=4 var_count=0
[QTS:VAR] hoist: eval_type=0 module=0 globals=0 closures=0
[QTS:VAR] resolve: atom=614 scope=1 op=186
[QTS:CLOSURE] capture: var_idx=54 var_name=614
[QTS:VAR]   found: idx=0 is_arg=0
[QTS:VAR] resolve: atom=521 scope=1 op=186
[QTS:CLOSURE] capture: var_idx=10 var_name=521
[QTS:VAR]   found: idx=1 is_arg=0
[QTS:LABEL] begin: bc_len=26 label_count=0 jump_size=0 line_number_size=3 strip_debug=0
[QTS:PC2LINE] begin: slots=3 source_pos=15690 @parser.c:10908
[QTS:PC2LINE] init: line=488 col=4 @parser.c:10915
[QTS:PC2LINE] end: pc2line_len=9 @parser.c:10960
[QTS:LABEL] end: out_len=4
[QTS:STACK] result: max_stack=2 var_count=0
[QTS:VAR] hoist: eval_type=0 module=0 globals=0 closures=0
[QTS:VAR] resolve: atom=545 scope=2 op=186
[QTS:CLOSURE] capture: var_idx=32 var_name=545
[QTS:VAR]   found: idx=0 is_arg=0
[QTS:VAR] resolve: atom=655 scope=2 op=186
[QTS:CLOSURE] capture: var_idx=87 var_name=655
[QTS:VAR]   found: idx=1 is_arg=0
[QTS:VAR] resolve: atom=472 scope=3 op=186
[QTS:VAR]   found: idx=2 is_arg=0
[QTS:VAR] resolve: atom=472 scope=3 op=186
[QTS:VAR]   found: idx=2 is_arg=0
[QTS:VAR] resolve: atom=472 scope=4 op=186
[QTS:VAR]   found: idx=2 is_arg=0
[QTS:VAR] resolve: atom=658 scope=4 op=186
[QTS:CLOSURE] capture: var_idx=98 var_name=658
[QTS:VAR]   found: idx=3 is_arg=0
[QTS:LABEL] begin: bc_len=156 label_count=2 jump_size=2 line_number_size=14 strip_debug=0
[QTS:LABEL] goto: opcode=108 label=0
[QTS:LABEL] emit: label=0 pos=36
[QTS:LABEL] emit: label=1 pos=56
[QTS:PC2LINE] begin: slots=14 source_pos=15746 @parser.c:10908
[QTS:PC2LINE] init: line=491 col=4 @parser.c:10915
[QTS:PC2LINE] end: pc2line_len=31 @parser.c:10960
[QTS:LABEL] end: out_len=57
[QTS:STACK] result: max_stack=3 var_count=0
[QTS:VAR] hoist: eval_type=0 module=0 globals=0 closures=0
[QTS:VAR] resolve: atom=539 scope=1 op=189
[QTS:CLOSURE] capture: var_idx=26 var_name=539
[QTS:VAR]   found: idx=0 is_arg=0
[QTS:VAR] resolve: atom=540 scope=1 op=189
[QTS:CLOSURE] capture: var_idx=27 var_name=540
[QTS:VAR]   found: idx=1 is_arg=0
[QTS:LABEL] begin: bc_len=31 label_count=2 jump_size=0 line_number_size=2 strip_debug=0
[QTS:PC2LINE] begin: slots=2 source_pos=16000 @parser.c:10908
[QTS:PC2LINE] init: line=501 col=4 @parser.c:10915
[QTS:PC2LINE] end: pc2line_len=7 @parser.c:10960
[QTS:LABEL] end: out_len=5
[QTS:STACK] result: max_stack=1 var_count=0
[QTS:VAR] hoist: eval_type=0 module=0 globals=0 closures=0
[QTS:VAR] resolve: atom=649 scope=1 op=187
[QTS:VAR]   emit: op=187 idx=0
[QTS:VAR] resolve: atom=623 scope=1 op=186
[QTS:VAR]   emit: op=186 idx=536870913
[QTS:VAR] resolve: atom=576 scope=1 op=186
[QTS:CLOSURE] capture: var_idx=46 var_name=576
[QTS:VAR]   found: idx=0 is_arg=0
[QTS:VAR] resolve: atom=661 scope=1 op=186
[QTS:VAR]   emit: op=186 idx=536870912
[QTS:VAR] resolve: atom=623 scope=1 op=186
[QTS:VAR]   emit: op=186 idx=536870913
[QTS:VAR] resolve: atom=623 scope=2 op=189
[QTS:VAR]   emit: op=189 idx=536870913
[QTS:VAR] resolve: atom=649 scope=2 op=189
[QTS:VAR]   emit: op=189 idx=0
[QTS:VAR] resolve: atom=661 scope=2 op=186
[QTS:VAR]   emit: op=186 idx=536870912
[QTS:VAR] resolve: atom=623 scope=2 op=186
[QTS:VAR]   emit: op=186 idx=536870913
[QTS:VAR] resolve: atom=649 scope=2 op=186
[QTS:VAR]   emit: op=186 idx=0
[QTS:VAR] resolve: atom=649 scope=1 op=186
[QTS:VAR]   emit: op=186 idx=0
[QTS:LABEL] begin: bc_len=184 label_count=5 jump_size=3 line_number_size=18 strip_debug=0
[QTS:LABEL] emit: label=0 pos=2
[QTS:LABEL] goto: opcode=108 label=1
[QTS:LABEL] emit: label=2 pos=17
[QTS:LABEL] goto: opcode=108 label=1
[QTS:LABEL] goto: opcode=110 label=0
[QTS:LABEL] resolve: label=0 addr=2
[QTS:LABEL] emit: label=1 pos=30
[QTS:PC2LINE] begin: slots=17 source_pos=16071 @parser.c:10908
[QTS:PC2LINE] init: line=505 col=4 @parser.c:10915
[QTS:PC2LINE] end: pc2line_len=37 @parser.c:10960
[QTS:LABEL] end: out_len=29
[QTS:STACK] result: max_stack=4 var_count=1
[QTS:VAR] hoist: eval_type=0 module=0 globals=0 closures=119
[QTS:VAR] resolve: atom=623 scope=2 op=186
[QTS:VAR]   emit: op=186 idx=536870913
[QTS:VAR] resolve: atom=661 scope=2 op=186
[QTS:VAR]   emit: op=186 idx=536870912
[QTS:VAR] resolve: atom=623 scope=2 op=186
[QTS:VAR]   emit: op=186 idx=536870913
[QTS:VAR] resolve: atom=474 scope=2 op=186
[QTS:CLOSURE] capture: var_idx=0 var_name=474
[QTS:VAR]   found: idx=0 is_arg=0
[QTS:VAR] resolve: atom=623 scope=3 op=186
[QTS:VAR]   emit: op=186 idx=536870913
[QTS:VAR] resolve: atom=661 scope=3 op=186
[QTS:VAR]   emit: op=186 idx=536870912
[QTS:VAR] resolve: atom=623 scope=3 op=186
[QTS:VAR]   emit: op=186 idx=536870913
[QTS:VAR] resolve: atom=623 scope=4 op=189
[QTS:VAR]   emit: op=189 idx=536870913
[QTS:VAR] resolve: atom=663 scope=4 op=189
[QTS:VAR]   emit: op=189 idx=0
[QTS:VAR] resolve: atom=568 scope=4 op=189
[QTS:VAR]   emit: op=189 idx=2
[QTS:VAR] resolve: atom=661 scope=4 op=186
[QTS:VAR]   emit: op=186 idx=536870912
[QTS:VAR] resolve: atom=623 scope=4 op=186
[QTS:VAR]   emit: op=186 idx=536870913
[QTS:VAR] resolve: atom=576 scope=6 op=186
[QTS:CLOSURE] capture: var_idx=46 var_name=576
[QTS:VAR]   found: idx=47 is_arg=0
[QTS:VAR] resolve: atom=568 scope=6 op=186
[QTS:VAR]   emit: op=186 idx=2
[QTS:VAR] resolve: atom=664 scope=7 op=189
[QTS:VAR]   emit: op=189 idx=1
[QTS:VAR] resolve: atom=660 scope=7 op=186
[QTS:CLOSURE] capture: var_idx=89 var_name=660
[QTS:VAR]   found: idx=90 is_arg=0
[QTS:VAR] resolve: atom=661 scope=7 op=186
[QTS:VAR]   emit: op=186 idx=536870912
[QTS:VAR] resolve: atom=623 scope=7 op=186
[QTS:VAR]   emit: op=186 idx=536870913
[QTS:VAR] resolve: atom=664 scope=8 op=186
[QTS:VAR]   emit: op=186 idx=1
[QTS:VAR] resolve: atom=294 scope=8 op=186
[QTS:VAR] resolve: atom=664 scope=8 op=186
[QTS:VAR]   emit: op=186 idx=1
[QTS:VAR] resolve: atom=60 scope=8 op=186
[QTS:VAR] resolve: atom=664 scope=8 op=186
[QTS:VAR]   emit: op=186 idx=1
[QTS:VAR] resolve: atom=623 scope=9 op=186
[QTS:VAR]   emit: op=186 idx=536870913
[QTS:VAR] resolve: atom=664 scope=9 op=186
[QTS:VAR]   emit: op=186 idx=1
[QTS:VAR] resolve: atom=661 scope=9 op=186
[QTS:VAR]   emit: op=186 idx=536870912
[QTS:VAR] resolve: atom=623 scope=9 op=186
[QTS:VAR]   emit: op=186 idx=536870913
[QTS:VAR] resolve: atom=664 scope=9 op=186
[QTS:VAR]   emit: op=186 idx=1
[QTS:VAR] resolve: atom=171 scope=9 op=186
[QTS:VAR] resolve: atom=664 scope=9 op=186
[QTS:VAR]   emit: op=186 idx=1
[QTS:VAR] resolve: atom=663 scope=7 op=189
[QTS:VAR]   emit: op=189 idx=0
[QTS:VAR] resolve: atom=662 scope=7 op=186
[QTS:CLOSURE] capture: var_idx=90 var_name=662
[QTS:VAR]   found: idx=91 is_arg=0
[QTS:VAR] resolve: atom=661 scope=7 op=186
[QTS:VAR]   emit: op=186 idx=536870912
[QTS:VAR] resolve: atom=623 scope=7 op=186
[QTS:VAR]   emit: op=186 idx=536870913
[QTS:VAR] resolve: atom=664 scope=7 op=186
[QTS:VAR]   emit: op=186 idx=1
[QTS:VAR] resolve: atom=663 scope=10 op=186
[QTS:VAR]   emit: op=186 idx=0
[QTS:VAR] resolve: atom=663 scope=10 op=186
[QTS:VAR]   emit: op=186 idx=0
[QTS:VAR] resolve: atom=663 scope=10 op=186
[QTS:VAR]   emit: op=186 idx=0
[QTS:VAR] resolve: atom=663 scope=11 op=186
[QTS:VAR]   emit: op=186 idx=0
[QTS:VAR] resolve: atom=474 scope=11 op=186
[QTS:CLOSURE] capture: var_idx=0 var_name=474
[QTS:VAR]   found: idx=0 is_arg=0
[QTS:VAR] resolve: atom=663 scope=11 op=186
[QTS:VAR]   emit: op=186 idx=0
[QTS:VAR] resolve: atom=664 scope=11 op=186
[QTS:VAR]   emit: op=186 idx=1
[QTS:VAR] resolve: atom=60 scope=11 op=186
[QTS:VAR] resolve: atom=664 scope=11 op=186
[QTS:VAR]   emit: op=186 idx=1
[QTS:VAR] resolve: atom=663 scope=11 op=186
[QTS:VAR]   emit: op=186 idx=0
[QTS:VAR] resolve: atom=664 scope=11 op=186
[QTS:VAR]   emit: op=186 idx=1
[QTS:LABEL] begin: bc_len=1085 label_count=24 jump_size=18 line_number_size=97 strip_debug=0
[QTS:LABEL] goto: opcode=109 label=0
[QTS:LABEL] emit: label=0 pos=37
[QTS:LABEL] goto: opcode=108 label=1
[QTS:LABEL] emit: label=1 pos=41
[QTS:LABEL] goto: opcode=108 label=3
[QTS:LABEL] emit: label=2 pos=60
[QTS:LABEL] goto: opcode=108 label=3
[QTS:LABEL] goto: opcode=109 label=8
[QTS:LABEL] goto: opcode=108 label=9
[QTS:LABEL] emit: label=8 pos=94
[QTS:LABEL] emit: label=9 pos=100
[QTS:LABEL] goto: opcode=108 label=10
[QTS:LABEL] emit: label=10 pos=113
[QTS:LABEL] goto: opcode=108 label=11
[QTS:LABEL] emit: label=11 pos=124
[QTS:LABEL] goto: opcode=108 label=12
[QTS:LABEL] emit: label=12 pos=139
[QTS:LABEL] goto: opcode=108 label=13
[QTS:LABEL] goto: opcode=109 label=15
[QTS:LABEL] emit: label=15 pos=201
[QTS:LABEL] goto: opcode=108 label=16
[QTS:LABEL] emit: label=16 pos=215
[QTS:LABEL] goto: opcode=108 label=18
[QTS:LABEL] emit: label=17 pos=237
[QTS:LABEL] goto: opcode=108 label=18
[QTS:LABEL] emit: label=18 pos=251
[QTS:LABEL] goto: opcode=109 label=20
[QTS:LABEL] emit: label=20 pos=268
[QTS:LABEL] goto: opcode=108 label=21
[QTS:LABEL] emit: label=21 pos=272
[QTS:LABEL] goto: opcode=108 label=23
[QTS:LABEL] emit: label=22 pos=281
[QTS:LABEL] goto: opcode=108 label=23
[QTS:LABEL] emit: label=23 pos=295
[QTS:LABEL] emit: label=13 pos=299
[QTS:LABEL] emit: label=3 pos=301
[QTS:PC2LINE] begin: slots=93 source_pos=16270 @parser.c:10908
[QTS:PC2LINE] init: line=513 col=4 @parser.c:10915
[QTS:PC2LINE] end: pc2line_len=189 @parser.c:10960
[QTS:LABEL] end: out_len=302
[QTS:STACK] result: max_stack=5 var_count=6
[QTS:VAR] hoist: eval_type=0 module=0 globals=0 closures=0
[QTS:VAR] resolve: atom=573 scope=2 op=186
[QTS:VAR]   emit: op=186 idx=536870912
[QTS:VAR] resolve: atom=586 scope=2 op=186
[QTS:VAR]   emit: op=186 idx=536870913
[QTS:VAR] resolve: atom=573 scope=4 op=186
[QTS:VAR]   emit: op=186 idx=536870912
[QTS:VAR] resolve: atom=586 scope=5 op=186
[QTS:VAR]   emit: op=186 idx=536870913
[QTS:VAR] resolve: atom=573 scope=6 op=186
[QTS:VAR]   emit: op=186 idx=536870912
[QTS:VAR] resolve: atom=586 scope=6 op=186
[QTS:VAR]   emit: op=186 idx=536870913
[QTS:VAR] resolve: atom=573 scope=7 op=186
[QTS:VAR]   emit: op=186 idx=536870912
[QTS:VAR] resolve: atom=586 scope=7 op=186
[QTS:VAR]   emit: op=186 idx=536870913
[QTS:LABEL] begin: bc_len=271 label_count=5 jump_size=5 line_number_size=25 strip_debug=0
[QTS:LABEL] goto: opcode=108 label=0
[QTS:LABEL] goto: opcode=108 label=1
[QTS:LABEL] emit: label=1 pos=22
[QTS:LABEL] goto: opcode=108 label=2
[QTS:LABEL] emit: label=2 pos=35
[QTS:LABEL] emit: label=0 pos=35
[QTS:LABEL] goto: opcode=108 label=3
[QTS:LABEL] emit: label=3 pos=42
[QTS:LABEL] goto: opcode=108 label=4
[QTS:LABEL] emit: label=4 pos=50
[QTS:PC2LINE] begin: slots=25 source_pos=18712 @parser.c:10908
[QTS:PC2LINE] init: line=571 col=12 @parser.c:10915
[QTS:PC2LINE] end: pc2line_len=53 @parser.c:10960
[QTS:LABEL] end: out_len=52
[QTS:STACK] result: max_stack=3 var_count=0
[QTS:VAR] hoist: eval_type=0 module=0 globals=0 closures=0
[QTS:VAR] resolve: atom=649 scope=1 op=189
[QTS:VAR]   emit: op=189 idx=0
[QTS:VAR] resolve: atom=660 scope=1 op=186
[QTS:CLOSURE] capture: var_idx=89 var_name=660
[QTS:VAR]   found: idx=0 is_arg=0
[QTS:VAR] resolve: atom=661 scope=1 op=186
[QTS:VAR]   emit: op=186 idx=536870912
[QTS:VAR] resolve: atom=623 scope=1 op=186
[QTS:VAR]   emit: op=186 idx=536870913
[QTS:VAR] resolve: atom=673 scope=1 op=189
[QTS:VAR]   emit: op=189 idx=2
[QTS:VAR] resolve: atom=662 scope=1 op=186
[QTS:CLOSURE] capture: var_idx=90 var_name=662
[QTS:VAR]   found: idx=1 is_arg=0
[QTS:VAR] resolve: atom=661 scope=1 op=186
[QTS:VAR]   emit: op=186 idx=536870912
[QTS:VAR] resolve: atom=623 scope=1 op=186
[QTS:VAR]   emit: op=186 idx=536870913
[QTS:VAR] resolve: atom=649 scope=1 op=186
[QTS:VAR]   emit: op=186 idx=0
[QTS:VAR] resolve: atom=674 scope=1 op=189
[QTS:VAR]   emit: op=189 idx=3
[QTS:VAR] resolve: atom=566 scope=2 op=189
[QTS:VAR]   emit: op=189 idx=4
[QTS:VAR] resolve: atom=663 scope=2 op=189
[QTS:VAR]   emit: op=189 idx=1
[QTS:VAR] resolve: atom=673 scope=2 op=186
[QTS:VAR]   emit: op=186 idx=2
[QTS:VAR] resolve: atom=566 scope=2 op=186
[QTS:VAR]   emit: op=186 idx=4
[QTS:VAR] resolve: atom=663 scope=2 op=186
[QTS:VAR]   emit: op=186 idx=1
[QTS:VAR] resolve: atom=663 scope=2 op=186
[QTS:VAR]   emit: op=186 idx=1
[QTS:VAR] resolve: atom=157 scope=3 op=186
[QTS:CLOSURE] capture: var_idx=0 var_name=157
[QTS:VAR]   found: idx=2 is_arg=0
[QTS:VAR] resolve: atom=663 scope=3 op=186
[QTS:VAR]   emit: op=186 idx=1
[QTS:VAR] resolve: atom=676 scope=3 op=187
[QTS:VAR]   emit: op=187 idx=7
[QTS:VAR] resolve: atom=593 scope=4 op=189
[QTS:VAR]   emit: op=189 idx=5
[QTS:VAR] resolve: atom=593 scope=4 op=186
[QTS:VAR]   emit: op=186 idx=5
[QTS:VAR] resolve: atom=676 scope=4 op=186
[QTS:VAR]   emit: op=186 idx=7
[QTS:VAR] resolve: atom=676 scope=5 op=186
[QTS:VAR]   emit: op=186 idx=7
[QTS:VAR] resolve: atom=593 scope=5 op=186
[QTS:VAR]   emit: op=186 idx=5
[QTS:VAR] resolve: atom=677 scope=5 op=187
[QTS:VAR]   emit: op=187 idx=8
[QTS:VAR] resolve: atom=677 scope=6 op=185
[QTS:VAR]   emit: op=185 idx=8
[QTS:VAR] resolve: atom=677 scope=6 op=186
[QTS:VAR]   emit: op=186 idx=8
[QTS:VAR] resolve: atom=677 scope=6 op=186
[QTS:VAR]   emit: op=186 idx=8
[QTS:VAR] resolve: atom=677 scope=6 op=186
[QTS:VAR]   emit: op=186 idx=8
[QTS:VAR] resolve: atom=649 scope=6 op=186
[QTS:VAR]   emit: op=186 idx=0
[QTS:VAR] resolve: atom=674 scope=6 op=186
[QTS:VAR]   emit: op=186 idx=3
[QTS:VAR] resolve: atom=677 scope=6 op=186
[QTS:VAR]   emit: op=186 idx=8
[QTS:VAR] resolve: atom=593 scope=4 op=189
[QTS:VAR]   emit: op=189 idx=5
[QTS:VAR] resolve: atom=663 scope=3 op=189
[QTS:VAR]   emit: op=189 idx=1
[QTS:VAR] resolve: atom=157 scope=3 op=186
[QTS:CLOSURE] capture: var_idx=0 var_name=157
[QTS:VAR]   found: idx=2 is_arg=0
[QTS:VAR] resolve: atom=663 scope=3 op=186
[QTS:VAR]   emit: op=186 idx=1
[QTS:VAR] resolve: atom=566 scope=2 op=189
[QTS:VAR]   emit: op=189 idx=4
[QTS:VAR] resolve: atom=674 scope=7 op=186
[QTS:VAR]   emit: op=186 idx=3
[QTS:VAR] resolve: atom=674 scope=8 op=186
[QTS:VAR]   emit: op=186 idx=3
[QTS:VAR] resolve: atom=678 scope=8 op=186
[QTS:VAR]   found: idx=9 is_arg=0
[QTS:VAR]   emit: op=186 idx=9
[QTS:VAR] resolve: atom=566 scope=9 op=189
[QTS:VAR]   emit: op=189 idx=4
[QTS:VAR] resolve: atom=593 scope=9 op=189
[QTS:VAR]   emit: op=189 idx=5
[QTS:VAR] resolve: atom=566 scope=9 op=186
[QTS:VAR]   emit: op=186 idx=4
[QTS:VAR] resolve: atom=674 scope=9 op=186
[QTS:VAR]   emit: op=186 idx=3
[QTS:VAR] resolve: atom=674 scope=11 op=186
[QTS:VAR]   emit: op=186 idx=3
[QTS:VAR] resolve: atom=566 scope=11 op=186
[QTS:VAR]   emit: op=186 idx=4
[QTS:VAR] resolve: atom=674 scope=11 op=186
[QTS:VAR]   emit: op=186 idx=3
[QTS:VAR] resolve: atom=566 scope=11 op=186
[QTS:VAR]   emit: op=186 idx=4
[QTS:VAR] resolve: atom=674 scope=11 op=186
[QTS:VAR]   emit: op=186 idx=3
[QTS:VAR] resolve: atom=593 scope=11 op=189
[QTS:VAR]   emit: op=189 idx=5
[QTS:VAR] resolve: atom=674 scope=11 op=186
[QTS:VAR]   emit: op=186 idx=3
[QTS:VAR] resolve: atom=566 scope=11 op=186
[QTS:VAR]   emit: op=186 idx=4
[QTS:VAR] resolve: atom=566 scope=9 op=189
[QTS:VAR]   emit: op=189 idx=4
[QTS:VAR] resolve: atom=674 scope=8 op=186
[QTS:VAR]   emit: op=186 idx=3
[QTS:VAR] resolve: atom=593 scope=8 op=186
[QTS:VAR]   emit: op=186 idx=5
[QTS:VAR] resolve: atom=674 scope=1 op=186
[QTS:VAR]   emit: op=186 idx=3
[QTS:VAR] resolve: atom=649 scope=1 op=186
[QTS:VAR]   emit: op=186 idx=0
[QTS:VAR] resolve: atom=673 scope=1 op=186
[QTS:VAR]   emit: op=186 idx=2
[QTS:LABEL] begin: bc_len=1041 label_count=30 jump_size=16 line_number_size=97 strip_debug=0
[QTS:LABEL] emit: label=5 pos=22
[QTS:LABEL] goto: opcode=108 label=8
[QTS:LABEL] emit: label=9 pos=42
[QTS:LABEL] goto: opcode=108 label=8
[QTS:LABEL] emit: label=7 pos=47
[QTS:LABEL] emit: label=12 pos=62
[QTS:LABEL] goto: opcode=108 label=15
[QTS:LABEL] emit: label=14 pos=73
[QTS:LABEL] typeof_test: pos=381 pos_next=382 line_num:18429->18434 atom=74 cmp_op=171
[QTS:LABEL] goto: opcode=108 label=18
[QTS:LABEL] goto: opcode=108 label=18
[QTS:LABEL] emit: label=17 pos=113
[QTS:LABEL] goto: opcode=108 label=18
[QTS:LABEL] emit: label=18 pos=127
[QTS:LABEL] emit: label=13 pos=127
[QTS:LABEL] goto: opcode=110 label=12
[QTS:LABEL] resolve: label=12 addr=62
[QTS:LABEL] emit: label=15 pos=131
[QTS:LABEL] emit: label=6 pos=142
[QTS:LABEL] goto: opcode=110 label=5
[QTS:LABEL] resolve: label=5 addr=22
[QTS:LABEL] emit: label=8 pos=146
[QTS:LABEL] goto: opcode=108 label=20
[QTS:LABEL] emit: label=23 pos=180
[QTS:LABEL] goto: opcode=108 label=26
[QTS:LABEL] emit: label=25 pos=190
[QTS:LABEL] goto: opcode=108 label=28
[QTS:LABEL] emit: label=28 pos=214
[QTS:LABEL] emit: label=24 pos=214
[QTS:LABEL] goto: opcode=110 label=23
[QTS:LABEL] resolve: label=23 addr=180
[QTS:LABEL] emit: label=26 pos=218
[QTS:LABEL] emit: label=20 pos=226
[QTS:PC2LINE] begin: slots=87 source_pos=17776 @parser.c:10908
[QTS:PC2LINE] init: line=551 col=4 @parser.c:10915
[QTS:PC2LINE] end: pc2line_len=197 @parser.c:10960
[QTS:LABEL] end: out_len=226
[QTS:STACK] result: max_stack=4 var_count=10
[QTS:VAR] hoist: eval_type=0 module=0 globals=0 closures=0
[QTS:VAR] resolve: atom=681 scope=1 op=189
[QTS:VAR]   emit: op=189 idx=1
[QTS:VAR] resolve: atom=672 scope=1 op=186
[QTS:CLOSURE] capture: var_idx=91 var_name=672
[QTS:VAR]   found: idx=0 is_arg=0
[QTS:VAR] resolve: atom=539 scope=1 op=186
[QTS:CLOSURE] capture: var_idx=26 var_name=539
[QTS:VAR]   found: idx=1 is_arg=0
[QTS:VAR] resolve: atom=540 scope=1 op=186
[QTS:CLOSURE] capture: var_idx=27 var_name=540
[QTS:VAR]   found: idx=2 is_arg=0
[QTS:VAR] resolve: atom=554 scope=1 op=189
[QTS:VAR]   emit: op=189 idx=0
[QTS:VAR] resolve: atom=681 scope=1 op=186
[QTS:VAR]   emit: op=186 idx=1
[QTS:VAR] resolve: atom=554 scope=2 op=186
[QTS:VAR]   emit: op=186 idx=0
[QTS:VAR] resolve: atom=649 scope=1 op=189
[QTS:VAR]   emit: op=189 idx=2
[QTS:VAR] resolve: atom=554 scope=1 op=186
[QTS:VAR]   emit: op=186 idx=0
[QTS:VAR] resolve: atom=581 scope=1 op=189
[QTS:VAR]   emit: op=189 idx=5
[QTS:VAR] resolve: atom=649 scope=1 op=186
[QTS:VAR]   emit: op=186 idx=2
[QTS:VAR] resolve: atom=566 scope=3 op=189
[QTS:VAR]   emit: op=189 idx=3
[QTS:VAR] resolve: atom=566 scope=3 op=186
[QTS:VAR]   emit: op=186 idx=3
[QTS:VAR] resolve: atom=554 scope=3 op=186
[QTS:VAR]   emit: op=186 idx=0
[QTS:VAR] resolve: atom=682 scope=4 op=189
[QTS:VAR]   emit: op=189 idx=6
[QTS:VAR] resolve: atom=554 scope=4 op=186
[QTS:VAR]   emit: op=186 idx=0
[QTS:VAR] resolve: atom=566 scope=4 op=186
[QTS:VAR]   emit: op=186 idx=3
[QTS:VAR] resolve: atom=593 scope=5 op=189
[QTS:VAR]   emit: op=189 idx=4
[QTS:VAR] resolve: atom=593 scope=5 op=186
[QTS:VAR]   emit: op=186 idx=4
[QTS:VAR] resolve: atom=581 scope=5 op=186
[QTS:VAR]   emit: op=186 idx=5
[QTS:VAR] resolve: atom=682 scope=7 op=186
[QTS:VAR]   emit: op=186 idx=6
[QTS:VAR] resolve: atom=593 scope=7 op=186
[QTS:VAR]   emit: op=186 idx=4
[QTS:VAR] resolve: atom=649 scope=7 op=186
[QTS:VAR]   emit: op=186 idx=2
[QTS:VAR] resolve: atom=593 scope=7 op=186
[QTS:VAR]   emit: op=186 idx=4
[QTS:VAR] resolve: atom=581 scope=8 op=189
[QTS:VAR]   emit: op=189 idx=5
[QTS:VAR] resolve: atom=593 scope=8 op=186
[QTS:VAR]   emit: op=186 idx=4
[QTS:VAR] resolve: atom=593 scope=5 op=189
[QTS:VAR]   emit: op=189 idx=4
[QTS:VAR] resolve: atom=566 scope=3 op=189
[QTS:VAR]   emit: op=189 idx=3
[QTS:VAR] resolve: atom=566 scope=9 op=189
[QTS:VAR]   emit: op=189 idx=3
[QTS:VAR] resolve: atom=681 scope=9 op=186
[QTS:VAR]   emit: op=186 idx=1
[QTS:VAR] resolve: atom=566 scope=9 op=186
[QTS:VAR]   emit: op=186 idx=3
[QTS:VAR] resolve: atom=581 scope=9 op=186
[QTS:VAR]   emit: op=186 idx=5
[QTS:VAR] resolve: atom=614 scope=10 op=186
[QTS:CLOSURE] capture: var_idx=54 var_name=614
[QTS:VAR]   found: idx=3 is_arg=0
[QTS:VAR] resolve: atom=649 scope=10 op=186
[QTS:VAR]   emit: op=186 idx=2
[QTS:VAR] resolve: atom=566 scope=10 op=186
[QTS:VAR]   emit: op=186 idx=3
[QTS:VAR] resolve: atom=566 scope=9 op=189
[QTS:VAR]   emit: op=189 idx=3
[QTS:VAR] resolve: atom=545 scope=11 op=186
[QTS:CLOSURE] capture: var_idx=32 var_name=545
[QTS:VAR]   found: idx=4 is_arg=0
[QTS:VAR] resolve: atom=680 scope=11 op=186
[QTS:CLOSURE] capture: var_idx=92 var_name=680
[QTS:VAR]   found: idx=5 is_arg=0
[QTS:VAR] resolve: atom=554 scope=11 op=186
[QTS:VAR]   emit: op=186 idx=0
[QTS:VAR] resolve: atom=681 scope=12 op=186
[QTS:VAR]   emit: op=186 idx=1
[QTS:VAR] resolve: atom=554 scope=12 op=186
[QTS:VAR]   emit: op=186 idx=0
[QTS:VAR] resolve: atom=688 scope=12 op=187
[QTS:VAR]   emit: op=187 idx=12
[QTS:VAR] resolve: atom=688 scope=13 op=185
[QTS:VAR]   emit: op=185 idx=12
[QTS:VAR] resolve: atom=614 scope=14 op=186
[QTS:CLOSURE] capture: var_idx=54 var_name=614
[QTS:VAR]   found: idx=3 is_arg=0
[QTS:VAR] resolve: atom=688 scope=15 op=186
[QTS:VAR]   emit: op=186 idx=12
[QTS:VAR] resolve: atom=614 scope=15 op=186
[QTS:CLOSURE] capture: var_idx=54 var_name=614
[QTS:VAR]   found: idx=3 is_arg=0
[QTS:VAR] resolve: atom=688 scope=16 op=185
[QTS:VAR]   emit: op=185 idx=12
[QTS:VAR] resolve: atom=614 scope=17 op=186
[QTS:CLOSURE] capture: var_idx=54 var_name=614
[QTS:VAR]   found: idx=3 is_arg=0
[QTS:VAR] resolve: atom=545 scope=18 op=186
[QTS:CLOSURE] capture: var_idx=32 var_name=545
[QTS:VAR]   found: idx=4 is_arg=0
[QTS:VAR] resolve: atom=680 scope=18 op=186
[QTS:CLOSURE] capture: var_idx=92 var_name=680
[QTS:VAR]   found: idx=5 is_arg=0
[QTS:VAR] resolve: atom=554 scope=18 op=186
[QTS:VAR]   emit: op=186 idx=0
[QTS:VAR] resolve: atom=683 scope=19 op=189
[QTS:VAR]   emit: op=189 idx=7
[QTS:VAR] resolve: atom=566 scope=20 op=189
[QTS:VAR]   emit: op=189 idx=3
[QTS:VAR] resolve: atom=566 scope=20 op=186
[QTS:VAR]   emit: op=186 idx=3
[QTS:VAR] resolve: atom=554 scope=20 op=186
[QTS:VAR]   emit: op=186 idx=0
[QTS:VAR] resolve: atom=683 scope=20 op=189
[QTS:VAR]   emit: op=189 idx=7
[QTS:VAR] resolve: atom=165 scope=20 op=186
[QTS:CLOSURE] capture: var_idx=4 var_name=165
[QTS:VAR]   found: idx=6 is_arg=0
[QTS:VAR] resolve: atom=683 scope=20 op=186
[QTS:VAR]   emit: op=186 idx=7
[QTS:VAR] resolve: atom=554 scope=20 op=186
[QTS:VAR]   emit: op=186 idx=0
[QTS:VAR] resolve: atom=566 scope=20 op=186
[QTS:VAR]   emit: op=186 idx=3
[QTS:VAR] resolve: atom=566 scope=20 op=189
[QTS:VAR]   emit: op=189 idx=3
[QTS:VAR] resolve: atom=683 scope=19 op=189
[QTS:VAR]   emit: op=189 idx=7
[QTS:VAR] resolve: atom=685 scope=19 op=189
[QTS:VAR]   emit: op=189 idx=9
[QTS:VAR] resolve: atom=165 scope=19 op=186
[QTS:CLOSURE] capture: var_idx=4 var_name=165
[QTS:VAR]   found: idx=6 is_arg=0
[QTS:VAR] resolve: atom=165 scope=19 op=186
[QTS:CLOSURE] capture: var_idx=4 var_name=165
[QTS:VAR]   found: idx=6 is_arg=0
[QTS:VAR] resolve: atom=551 scope=19 op=186
[QTS:CLOSURE] capture: var_idx=38 var_name=551
[QTS:VAR]   found: idx=7 is_arg=0
[QTS:VAR] resolve: atom=683 scope=19 op=186
[QTS:VAR]   emit: op=186 idx=7
[QTS:VAR] resolve: atom=687 scope=19 op=189
[QTS:VAR]   emit: op=189 idx=11
[QTS:VAR] resolve: atom=165 scope=19 op=186
[QTS:CLOSURE] capture: var_idx=4 var_name=165
[QTS:VAR]   found: idx=6 is_arg=0
[QTS:VAR] resolve: atom=554 scope=19 op=186
[QTS:VAR]   emit: op=186 idx=0
[QTS:VAR] resolve: atom=685 scope=19 op=186
[QTS:VAR]   emit: op=186 idx=9
[QTS:VAR] resolve: atom=472 scope=19 op=186
[QTS:VAR]   found: idx=8 is_arg=0
[QTS:VAR] resolve: atom=686 scope=21 op=189
[QTS:VAR]   emit: op=189 idx=10
[QTS:VAR] resolve: atom=686 scope=21 op=186
[QTS:VAR]   emit: op=186 idx=10
[QTS:VAR] resolve: atom=687 scope=21 op=186
[QTS:VAR]   emit: op=186 idx=11
[QTS:VAR] resolve: atom=684 scope=23 op=189
[QTS:VAR]   emit: op=189 idx=8
[QTS:VAR] resolve: atom=684 scope=23 op=186
[QTS:VAR]   emit: op=186 idx=8
[QTS:VAR] resolve: atom=685 scope=23 op=186
[QTS:VAR]   emit: op=186 idx=9
[QTS:VAR] resolve: atom=566 scope=24 op=189
[QTS:VAR]   emit: op=189 idx=3
[QTS:VAR] resolve: atom=684 scope=24 op=186
[QTS:VAR]   emit: op=186 idx=8
[QTS:VAR] resolve: atom=687 scope=24 op=186
[QTS:VAR]   emit: op=186 idx=11
[QTS:VAR] resolve: atom=686 scope=24 op=186
[QTS:VAR]   emit: op=186 idx=10
[QTS:VAR] resolve: atom=566 scope=25 op=186
[QTS:VAR]   emit: op=186 idx=3
[QTS:VAR] resolve: atom=554 scope=25 op=186
[QTS:VAR]   emit: op=186 idx=0
[QTS:VAR] resolve: atom=649 scope=24 op=189
[QTS:VAR]   emit: op=189 idx=2
[QTS:VAR] resolve: atom=554 scope=24 op=186
[QTS:VAR]   emit: op=186 idx=0
[QTS:VAR] resolve: atom=566 scope=24 op=186
[QTS:VAR]   emit: op=186 idx=3
[QTS:VAR] resolve: atom=684 scope=26 op=186
[QTS:VAR]   emit: op=186 idx=8
[QTS:VAR] resolve: atom=685 scope=26 op=186
[QTS:VAR]   emit: op=186 idx=9
[QTS:VAR] resolve: atom=649 scope=26 op=189
[QTS:VAR]   emit: op=189 idx=2
[QTS:VAR] resolve: atom=649 scope=26 op=186
[QTS:VAR]   emit: op=186 idx=2
[QTS:VAR] resolve: atom=683 scope=26 op=186
[QTS:VAR]   emit: op=186 idx=7
[QTS:VAR] resolve: atom=472 scope=24 op=186
[QTS:VAR]   found: idx=8 is_arg=0
[QTS:VAR] resolve: atom=649 scope=24 op=186
[QTS:VAR]   emit: op=186 idx=2
[QTS:VAR] resolve: atom=684 scope=23 op=189
[QTS:VAR]   emit: op=189 idx=8
[QTS:VAR] resolve: atom=472 scope=22 op=186
[QTS:VAR]   found: idx=8 is_arg=0
[QTS:VAR] resolve: atom=686 scope=21 op=189
[QTS:VAR]   emit: op=189 idx=10
[QTS:VAR] resolve: atom=658 scope=19 op=186
[QTS:CLOSURE] capture: var_idx=98 var_name=658
[QTS:VAR]   found: idx=9 is_arg=0
[QTS:LABEL] begin: bc_len=1874 label_count=62 jump_size=32 line_number_size=172 strip_debug=0
[QTS:LABEL] goto: opcode=108 label=2
[QTS:LABEL] emit: label=2 pos=17
[QTS:LABEL] emit: label=6 pos=26
[QTS:LABEL] goto: opcode=108 label=9
[QTS:LABEL] emit: label=8 pos=35
[QTS:LABEL] emit: label=13 pos=43
[QTS:LABEL] goto: opcode=108 label=16
[QTS:LABEL] emit: label=15 pos=53
[QTS:LABEL] goto: opcode=108 label=18
[QTS:LABEL] goto: opcode=110 label=16
[QTS:LABEL] emit: label=18 pos=71
[QTS:LABEL] emit: label=14 pos=71
[QTS:LABEL] goto: opcode=110 label=13
[QTS:LABEL] resolve: label=13 addr=43
[QTS:LABEL] emit: label=16 pos=75
[QTS:LABEL] emit: label=7 pos=75
[QTS:LABEL] goto: opcode=110 label=6
[QTS:LABEL] resolve: label=6 addr=26
[QTS:LABEL] emit: label=9 pos=79
[QTS:LABEL] emit: label=21 pos=86
[QTS:LABEL] goto: opcode=108 label=24
[QTS:LABEL] emit: label=23 pos=92
[QTS:LABEL] emit: label=22 pos=98
[QTS:LABEL] goto: opcode=110 label=21
[QTS:LABEL] resolve: label=21 addr=86
[QTS:LABEL] emit: label=24 pos=102
[QTS:LABEL] goto: opcode=108 label=27
[QTS:LABEL] emit: label=26 pos=118
[QTS:LABEL] goto: opcode=108 label=27
[QTS:LABEL] typeof_test: pos=739 pos_next=740 line_num:20285->20287 atom=27 cmp_op=171
[QTS:LABEL] goto: opcode=108 label=28
[QTS:LABEL] goto: opcode=108 label=30
[QTS:LABEL] emit: label=29 pos=161
[QTS:LABEL] goto: opcode=110 label=30
[QTS:LABEL] emit: label=28 pos=163
[QTS:LABEL] typeof_test: pos=857 pos_next=858 line_num:20443->20445 atom=75 cmp_op=171
[QTS:LABEL] goto: opcode=108 label=31
[QTS:LABEL] emit: label=31 pos=182
[QTS:LABEL] emit: label=30 pos=182
[QTS:LABEL] emit: label=27 pos=182
[QTS:LABEL] goto: opcode=108 label=33
[QTS:LABEL] emit: label=32 pos=198
[QTS:LABEL] goto: opcode=108 label=33
[QTS:LABEL] emit: label=36 pos=208
[QTS:LABEL] goto: opcode=108 label=39
[QTS:LABEL] emit: label=38 pos=214
[QTS:LABEL] emit: label=37 pos=233
[QTS:LABEL] goto: opcode=110 label=36
[QTS:LABEL] resolve: label=36 addr=208
[QTS:LABEL] emit: label=39 pos=237
[QTS:LABEL] emit: label=46 pos=311
[QTS:LABEL] goto: opcode=108 label=49
[QTS:LABEL] emit: label=48 pos=321
[QTS:LABEL] emit: label=52 pos=324
[QTS:LABEL] goto: opcode=108 label=55
[QTS:LABEL] emit: label=54 pos=334
[QTS:LABEL] goto: opcode=109 label=55
[QTS:LABEL] emit: label=58 pos=351
[QTS:LABEL] goto: opcode=108 label=60
[QTS:LABEL] emit: label=60 pos=376
[QTS:LABEL] emit: label=53 pos=389
[QTS:LABEL] goto: opcode=110 label=52
[QTS:LABEL] resolve: label=52 addr=324
[QTS:LABEL] emit: label=55 pos=393
[QTS:LABEL] emit: label=47 pos=410
[QTS:LABEL] goto: opcode=110 label=46
[QTS:LABEL] resolve: label=46 addr=311
[QTS:LABEL] emit: label=49 pos=414
[QTS:LABEL] emit: label=33 pos=419
[QTS:PC2LINE] begin: slots=148 source_pos=19456 @parser.c:10908
[QTS:PC2LINE] init: line=595 col=4 @parser.c:10915
[QTS:PC2LINE] end: pc2line_len=315 @parser.c:10960
[QTS:LABEL] end: out_len=399
[QTS:STACK] result: max_stack=7 var_count=13
[QTS:VAR] hoist: eval_type=0 module=0 globals=0 closures=0
[QTS:VAR] resolve: atom=681 scope=1 op=187
[QTS:VAR]   emit: op=187 idx=0
[QTS:VAR] resolve: atom=743 scope=1 op=189
[QTS:VAR]   emit: op=189 idx=536870913
[QTS:VAR] resolve: atom=681 scope=1 op=189
[QTS:VAR]   emit: op=189 idx=0
[QTS:VAR] resolve: atom=580 scope=1 op=186
[QTS:VAR]   emit: op=186 idx=536870912
[QTS:VAR] resolve: atom=681 scope=1 op=186
[QTS:VAR]   emit: op=186 idx=0
[QTS:LABEL] begin: bc_len=97 label_count=4 jump_size=2 line_number_size=8 strip_debug=0
[QTS:LABEL] emit: label=0 pos=2
[QTS:LABEL] goto: opcode=108 label=1
[QTS:LABEL] goto: opcode=110 label=0
[QTS:LABEL] resolve: label=0 addr=2
[QTS:LABEL] emit: label=1 pos=14
[QTS:PC2LINE] begin: slots=6 source_pos=24119 @parser.c:10908
[QTS:PC2LINE] init: line=704 col=4 @parser.c:10915
[QTS:PC2LINE] end: pc2line_len=15 @parser.c:10960
[QTS:LABEL] end: out_len=16
[QTS:STACK] result: max_stack=2 var_count=1
[QTS:VAR] hoist: eval_type=0 module=0 globals=0 closures=0
[QTS:VAR] resolve: atom=472 scope=1 op=186
[QTS:VAR]   found: idx=0 is_arg=0
[QTS:VAR] resolve: atom=526 scope=1 op=186
[QTS:CLOSURE] capture: var_idx=15 var_name=526
[QTS:VAR]   found: idx=1 is_arg=0
[QTS:VAR] resolve: atom=552 scope=1 op=189
[QTS:CLOSURE] capture: var_idx=39 var_name=552
[QTS:VAR]   found: idx=2 is_arg=0
[QTS:VAR] resolve: atom=579 scope=1 op=186
[QTS:CLOSURE] capture: var_idx=47 var_name=579
[QTS:VAR]   found: idx=3 is_arg=0
[QTS:VAR] resolve: atom=526 scope=1 op=186
[QTS:CLOSURE] capture: var_idx=15 var_name=526
[QTS:VAR]   found: idx=1 is_arg=0
[QTS:VAR] resolve: atom=551 scope=1 op=186
[QTS:CLOSURE] capture: var_idx=38 var_name=551
[QTS:VAR]   found: idx=4 is_arg=0
[QTS:VAR] resolve: atom=541 scope=1 op=189
[QTS:CLOSURE] capture: var_idx=28 var_name=541
[QTS:VAR]   found: idx=5 is_arg=0
[QTS:VAR] resolve: atom=542 scope=1 op=189
[QTS:CLOSURE] capture: var_idx=29 var_name=542
[QTS:VAR]   found: idx=6 is_arg=0
[QTS:LABEL] begin: bc_len=114 label_count=3 jump_size=0 line_number_size=12 strip_debug=0
[QTS:PC2LINE] begin: slots=11 source_pos=24321 @parser.c:10908
[QTS:PC2LINE] init: line=713 col=4 @parser.c:10915
[QTS:PC2LINE] end: pc2line_len=25 @parser.c:10960
[QTS:LABEL] end: out_len=30
[QTS:STACK] result: max_stack=3 var_count=0
[QTS:VAR] hoist: eval_type=0 module=0 globals=0 closures=0
[QTS:VAR] resolve: atom=539 scope=1 op=189
[QTS:CLOSURE] capture: var_idx=26 var_name=539
[QTS:VAR]   found: idx=0 is_arg=0
[QTS:VAR] resolve: atom=748 scope=1 op=186
[QTS:VAR]   emit: op=186 idx=536870912
[QTS:VAR] resolve: atom=540 scope=1 op=189
[QTS:CLOSURE] capture: var_idx=27 var_name=540
[QTS:VAR]   found: idx=1 is_arg=0
[QTS:VAR] resolve: atom=539 scope=1 op=186
[QTS:CLOSURE] capture: var_idx=26 var_name=539
[QTS:VAR]   found: idx=0 is_arg=0
[QTS:VAR] resolve: atom=543 scope=1 op=189
[QTS:CLOSURE] capture: var_idx=30 var_name=543
[QTS:VAR]   found: idx=2 is_arg=0
[QTS:VAR] resolve: atom=520 scope=1 op=186
[QTS:CLOSURE] capture: var_idx=9 var_name=520
[QTS:VAR]   found: idx=3 is_arg=0
[QTS:VAR] resolve: atom=746 scope=1 op=189
[QTS:CLOSURE] capture: var_idx=97 var_name=746
[QTS:VAR]   found: idx=4 is_arg=0
[QTS:VAR] resolve: atom=749 scope=1 op=186
[QTS:VAR]   emit: op=186 idx=536870913
[QTS:VAR] resolve: atom=526 scope=1 op=189
[QTS:CLOSURE] capture: var_idx=15 var_name=526
[QTS:VAR]   found: idx=5 is_arg=0
[QTS:VAR] resolve: atom=525 scope=1 op=186
[QTS:CLOSURE] capture: var_idx=14 var_name=525
[QTS:VAR]   found: idx=6 is_arg=0
[QTS:VAR] resolve: atom=537 scope=2 op=186
[QTS:CLOSURE] capture: var_idx=24 var_name=537
[QTS:VAR]   found: idx=7 is_arg=0
[QTS:VAR] resolve: atom=526 scope=3 op=189
[QTS:CLOSURE] capture: var_idx=15 var_name=526
[QTS:VAR]   found: idx=5 is_arg=0
[QTS:VAR] resolve: atom=742 scope=3 op=186
[QTS:CLOSURE] capture: var_idx=94 var_name=742
[QTS:VAR]   found: idx=8 is_arg=0
[QTS:VAR] resolve: atom=527 scope=3 op=186
[QTS:CLOSURE] capture: var_idx=16 var_name=527
[QTS:VAR]   found: idx=9 is_arg=0
[QTS:VAR] resolve: atom=526 scope=3 op=186
[QTS:CLOSURE] capture: var_idx=15 var_name=526
[QTS:VAR]   found: idx=5 is_arg=0
[QTS:VAR] resolve: atom=526 scope=3 op=189
[QTS:CLOSURE] capture: var_idx=15 var_name=526
[QTS:VAR]   found: idx=5 is_arg=0
[QTS:VAR] resolve: atom=530 scope=3 op=186
[QTS:CLOSURE] capture: var_idx=18 var_name=530
[QTS:VAR]   found: idx=10 is_arg=0
[QTS:VAR] resolve: atom=533 scope=5 op=186
[QTS:CLOSURE] capture: var_idx=20 var_name=533
[QTS:VAR]   found: idx=11 is_arg=0
[QTS:VAR] resolve: atom=536 scope=6 op=186
[QTS:CLOSURE] capture: var_idx=23 var_name=536
[QTS:VAR]   found: idx=12 is_arg=0
[QTS:VAR] resolve: atom=682 scope=6 op=187
[QTS:VAR]   emit: op=187 idx=0
[QTS:VAR] resolve: atom=526 scope=6 op=189
[QTS:CLOSURE] capture: var_idx=15 var_name=526
[QTS:VAR]   found: idx=5 is_arg=0
[QTS:VAR] resolve: atom=682 scope=6 op=186
[QTS:VAR]   emit: op=186 idx=0
[QTS:VAR] resolve: atom=527 scope=4 op=189
[QTS:CLOSURE] capture: var_idx=16 var_name=527
[QTS:VAR]   found: idx=9 is_arg=0
[QTS:VAR] resolve: atom=526 scope=4 op=186
[QTS:CLOSURE] capture: var_idx=15 var_name=526
[QTS:VAR]   found: idx=5 is_arg=0
[QTS:VAR] resolve: atom=526 scope=4 op=189
[QTS:CLOSURE] capture: var_idx=15 var_name=526
[QTS:VAR]   found: idx=5 is_arg=0
[QTS:VAR] resolve: atom=528 scope=4 op=186
[QTS:CLOSURE] capture: var_idx=17 var_name=528
[QTS:VAR]   found: idx=13 is_arg=0
[QTS:VAR] resolve: atom=658 scope=1 op=186
[QTS:CLOSURE] capture: var_idx=98 var_name=658
[QTS:VAR]   found: idx=14 is_arg=0
[QTS:VAR] resolve: atom=606 scope=1 op=186
[QTS:CLOSURE] capture: var_idx=53 var_name=606
[QTS:VAR]   found: idx=15 is_arg=0
[QTS:VAR] resolve: atom=745 scope=1 op=189
[QTS:CLOSURE] capture: var_idx=96 var_name=745
[QTS:VAR]   found: idx=16 is_arg=0
[QTS:LABEL] begin: bc_len=460 label_count=15 jump_size=4 line_number_size=44 strip_debug=0
[QTS:LABEL] goto: opcode=109 label=1
[QTS:LABEL] emit: label=1 pos=6
[QTS:LABEL] goto: opcode=108 label=6
[QTS:LABEL] goto: opcode=110 label=9
[QTS:LABEL] emit: label=6 pos=61
[QTS:LABEL] goto: opcode=108 label=10
[QTS:LABEL] emit: label=10 pos=97
[QTS:LABEL] emit: label=9 pos=114
[QTS:PC2LINE] begin: slots=36 source_pos=24501 @parser.c:10908
[QTS:PC2LINE] init: line=719 col=4 @parser.c:10915
[QTS:PC2LINE] end: pc2line_len=75 @parser.c:10960
[QTS:LABEL] end: out_len=128
[QTS:STACK] result: max_stack=5 var_count=1
[QTS:VAR] hoist: eval_type=0 module=0 globals=0 closures=0
[QTS:VAR] resolve: atom=568 scope=1 op=189
[QTS:VAR]   emit: op=189 idx=0
[QTS:VAR] resolve: atom=161 scope=1 op=186
[QTS:CLOSURE] capture: var_idx=1 var_name=161
[QTS:VAR]   found: idx=0 is_arg=0
[QTS:VAR] resolve: atom=751 scope=1 op=186
[QTS:VAR]   emit: op=186 idx=536870912
[QTS:VAR] resolve: atom=745 scope=1 op=186
[QTS:CLOSURE] capture: var_idx=96 var_name=745
[QTS:VAR]   found: idx=1 is_arg=0
[QTS:VAR] resolve: atom=568 scope=3 op=186
[QTS:VAR]   emit: op=186 idx=0
[QTS:VAR] resolve: atom=744 scope=4 op=189
[QTS:CLOSURE] capture: var_idx=95 var_name=744
[QTS:VAR]   found: idx=2 is_arg=0
[QTS:VAR] resolve: atom=568 scope=4 op=186
[QTS:VAR]   emit: op=186 idx=0
[QTS:VAR] resolve: atom=745 scope=4 op=189
[QTS:CLOSURE] capture: var_idx=96 var_name=745
[QTS:VAR]   found: idx=1 is_arg=0
[QTS:VAR] resolve: atom=753 scope=5 op=186
[QTS:CLOSURE] capture: var_idx=101 var_name=753
[QTS:VAR]   found: idx=3 is_arg=0
[QTS:VAR] resolve: atom=568 scope=5 op=186
[QTS:VAR]   emit: op=186 idx=0
[QTS:VAR] resolve: atom=744 scope=2 op=189
[QTS:CLOSURE] capture: var_idx=95 var_name=744
[QTS:VAR]   found: idx=2 is_arg=0
[QTS:VAR] resolve: atom=568 scope=2 op=186
[QTS:VAR]   emit: op=186 idx=0
[QTS:VAR] resolve: atom=568 scope=6 op=186
[QTS:VAR]   emit: op=186 idx=0
[QTS:VAR] resolve: atom=745 scope=7 op=189
[QTS:CLOSURE] capture: var_idx=96 var_name=745
[QTS:VAR]   found: idx=1 is_arg=0
[QTS:VAR] resolve: atom=568 scope=8 op=186
[QTS:VAR]   emit: op=186 idx=0
[QTS:VAR] resolve: atom=745 scope=9 op=189
[QTS:CLOSURE] capture: var_idx=96 var_name=745
[QTS:VAR]   found: idx=1 is_arg=0
[QTS:VAR] resolve: atom=753 scope=10 op=186
[QTS:CLOSURE] capture: var_idx=101 var_name=753
[QTS:VAR]   found: idx=3 is_arg=0
[QTS:VAR] resolve: atom=744 scope=10 op=186
[QTS:CLOSURE] capture: var_idx=95 var_name=744
[QTS:VAR]   found: idx=2 is_arg=0
[QTS:VAR] resolve: atom=745 scope=10 op=189
[QTS:CLOSURE] capture: var_idx=96 var_name=745
[QTS:VAR]   found: idx=1 is_arg=0
[QTS:VAR] resolve: atom=744 scope=2 op=189
[QTS:CLOSURE] capture: var_idx=95 var_name=744
[QTS:VAR]   found: idx=2 is_arg=0
[QTS:VAR] resolve: atom=568 scope=2 op=186
[QTS:VAR]   emit: op=186 idx=0
[QTS:VAR] resolve: atom=568 scope=11 op=186
[QTS:VAR]   emit: op=186 idx=0
[QTS:VAR] resolve: atom=568 scope=11 op=186
[QTS:VAR]   emit: op=186 idx=0
[QTS:VAR] resolve: atom=568 scope=11 op=186
[QTS:VAR]   emit: op=186 idx=0
[QTS:VAR] resolve: atom=753 scope=12 op=186
[QTS:CLOSURE] capture: var_idx=101 var_name=753
[QTS:VAR]   found: idx=3 is_arg=0
[QTS:VAR] resolve: atom=744 scope=12 op=186
[QTS:CLOSURE] capture: var_idx=95 var_name=744
[QTS:VAR]   found: idx=2 is_arg=0
[QTS:VAR] resolve: atom=745 scope=12 op=189
[QTS:CLOSURE] capture: var_idx=96 var_name=745
[QTS:VAR]   found: idx=1 is_arg=0
[QTS:VAR] resolve: atom=744 scope=2 op=189
[QTS:CLOSURE] capture: var_idx=95 var_name=744
[QTS:VAR]   found: idx=2 is_arg=0
[QTS:VAR] resolve: atom=568 scope=2 op=186
[QTS:VAR]   emit: op=186 idx=0
[QTS:VAR] resolve: atom=753 scope=2 op=186
[QTS:CLOSURE] capture: var_idx=101 var_name=753
[QTS:VAR]   found: idx=3 is_arg=0
[QTS:VAR] resolve: atom=744 scope=2 op=186
[QTS:CLOSURE] capture: var_idx=95 var_name=744
[QTS:VAR]   found: idx=2 is_arg=0
[QTS:VAR] resolve: atom=745 scope=2 op=189
[QTS:CLOSURE] capture: var_idx=96 var_name=745
[QTS:VAR]   found: idx=1 is_arg=0
[QTS:LABEL] begin: bc_len=645 label_count=25 jump_size=17 line_number_size=47 strip_debug=0
[QTS:LABEL] goto: opcode=108 label=2
[QTS:LABEL] goto: opcode=108 label=3
[QTS:LABEL] emit: label=3 pos=31
[QTS:LABEL] emit: label=6 pos=35
[QTS:LABEL] emit: label=2 pos=36
[QTS:LABEL] goto: opcode=108 label=7
[QTS:LABEL] goto: opcode=108 label=9
[QTS:LABEL] emit: label=9 pos=60
[QTS:LABEL] goto: opcode=108 label=12
[QTS:LABEL] emit: label=12 pos=72
[QTS:LABEL] emit: label=14 pos=78
[QTS:LABEL] emit: label=11 pos=78
[QTS:LABEL] emit: label=7 pos=79
[QTS:LABEL] goto: opcode=108 label=16
[QTS:LABEL] goto: opcode=109 label=18
[QTS:LABEL] goto: opcode=108 label=19
[QTS:LABEL] emit: label=19 pos=114
[QTS:LABEL] emit: label=18 pos=114
[QTS:LABEL] goto: opcode=108 label=1
[QTS:LABEL] emit: label=20 pos=126
[QTS:LABEL] emit: label=16 pos=127
[QTS:LABEL] goto: opcode=108 label=22
[QTS:LABEL] emit: label=22 pos=142
[QTS:LABEL] emit: label=1 pos=142
[QTS:PC2LINE] begin: slots=45 source_pos=25112 @parser.c:10908
[QTS:PC2LINE] init: line=741 col=4 @parser.c:10915
[QTS:PC2LINE] end: pc2line_len=99 @parser.c:10960
[QTS:LABEL] end: out_len=134
[QTS:STACK] result: max_stack=3 var_count=1
[QTS:VAR] hoist: eval_type=0 module=0 globals=0 closures=0
[QTS:VAR] resolve: atom=546 scope=2 op=186
[QTS:CLOSURE] capture: var_idx=33 var_name=546
[QTS:VAR]   found: idx=0 is_arg=0
[QTS:VAR] resolve: atom=579 scope=4 op=186
[QTS:CLOSURE] capture: var_idx=47 var_name=579
[QTS:VAR]   found: idx=1 is_arg=0
[QTS:VAR] resolve: atom=233 scope=4 op=186
[QTS:VAR]   emit: op=186 idx=536870912
[QTS:VAR] resolve: atom=614 scope=4 op=186
[QTS:CLOSURE] capture: var_idx=54 var_name=614
[QTS:VAR]   found: idx=2 is_arg=0
[QTS:VAR] resolve: atom=233 scope=4 op=186
[QTS:VAR]   emit: op=186 idx=536870912
[QTS:VAR] resolve: atom=546 scope=3 op=189
[QTS:CLOSURE] capture: var_idx=33 var_name=546
[QTS:VAR]   found: idx=0 is_arg=0
[QTS:VAR] resolve: atom=757 scope=5 op=189
[QTS:VAR]   emit: op=189 idx=0
[QTS:VAR] resolve: atom=694 scope=5 op=186
[QTS:CLOSURE] capture: var_idx=93 var_name=694
[QTS:VAR]   found: idx=3 is_arg=0
[QTS:VAR] resolve: atom=233 scope=5 op=186
[QTS:VAR]   emit: op=186 idx=536870912
[QTS:VAR] resolve: atom=544 scope=6 op=189
[QTS:CLOSURE] capture: var_idx=31 var_name=544
[QTS:VAR]   found: idx=4 is_arg=0
[QTS:VAR] resolve: atom=757 scope=6 op=186
[QTS:VAR]   emit: op=186 idx=0
[QTS:VAR] resolve: atom=757 scope=6 op=186
[QTS:VAR]   emit: op=186 idx=0
[QTS:VAR] resolve: atom=233 scope=6 op=186
[QTS:VAR]   emit: op=186 idx=536870912
[QTS:VAR] resolve: atom=746 scope=7 op=186
[QTS:CLOSURE] capture: var_idx=97 var_name=746
[QTS:VAR]   found: idx=5 is_arg=0
[QTS:VAR] resolve: atom=539 scope=7 op=186
[QTS:CLOSURE] capture: var_idx=26 var_name=539
[QTS:VAR]   found: idx=6 is_arg=0
[QTS:VAR] resolve: atom=746 scope=7 op=186
[QTS:CLOSURE] capture: var_idx=97 var_name=746
[QTS:VAR]   found: idx=5 is_arg=0
[QTS:VAR] resolve: atom=473 scope=7 op=186
[QTS:VAR]   found: idx=7 is_arg=0
[QTS:VAR] resolve: atom=473 scope=7 op=186
[QTS:VAR]   found: idx=7 is_arg=0
[QTS:VAR] resolve: atom=473 scope=7 op=186
[QTS:VAR]   found: idx=7 is_arg=0
[QTS:VAR] resolve: atom=549 scope=7 op=186
[QTS:CLOSURE] capture: var_idx=36 var_name=549
[QTS:VAR]   found: idx=8 is_arg=0
[QTS:VAR] resolve: atom=545 scope=6 op=189
[QTS:CLOSURE] capture: var_idx=32 var_name=545
[QTS:VAR]   found: idx=9 is_arg=0
[QTS:VAR] resolve: atom=544 scope=6 op=186
[QTS:CLOSURE] capture: var_idx=31 var_name=544
[QTS:VAR]   found: idx=4 is_arg=0
[QTS:VAR] resolve: atom=579 scope=8 op=186
[QTS:CLOSURE] capture: var_idx=47 var_name=579
[QTS:VAR]   found: idx=1 is_arg=0
[QTS:VAR] resolve: atom=233 scope=8 op=186
[QTS:VAR]   emit: op=186 idx=536870912
[QTS:VAR] resolve: atom=233 scope=8 op=186
[QTS:VAR]   emit: op=186 idx=536870912
[QTS:VAR] resolve: atom=614 scope=9 op=186
[QTS:CLOSURE] capture: var_idx=54 var_name=614
[QTS:VAR]   found: idx=2 is_arg=0
[QTS:VAR] resolve: atom=233 scope=9 op=186
[QTS:VAR]   emit: op=186 idx=536870912
[QTS:VAR] resolve: atom=545 scope=9 op=189
[QTS:CLOSURE] capture: var_idx=32 var_name=545
[QTS:VAR]   found: idx=9 is_arg=0
[QTS:VAR] resolve: atom=614 scope=9 op=186
[QTS:CLOSURE] capture: var_idx=54 var_name=614
[QTS:VAR]   found: idx=2 is_arg=0
[QTS:VAR] resolve: atom=617 scope=10 op=186
[QTS:CLOSURE] capture: var_idx=57 var_name=617
[QTS:VAR]   found: idx=10 is_arg=0
[QTS:VAR] resolve: atom=540 scope=1 op=189
[QTS:CLOSURE] capture: var_idx=27 var_name=540
[QTS:VAR]   found: idx=11 is_arg=0
[QTS:VAR] resolve: atom=540 scope=1 op=186
[QTS:CLOSURE] capture: var_idx=27 var_name=540
[QTS:VAR]   found: idx=11 is_arg=0
[QTS:VAR] resolve: atom=540 scope=1 op=186
[QTS:CLOSURE] capture: var_idx=27 var_name=540
[QTS:VAR]   found: idx=11 is_arg=0
[QTS:VAR] resolve: atom=539 scope=1 op=186
[QTS:CLOSURE] capture: var_idx=26 var_name=539
[QTS:VAR]   found: idx=6 is_arg=0
[QTS:VAR] resolve: atom=539 scope=1 op=186
[QTS:CLOSURE] capture: var_idx=26 var_name=539
[QTS:VAR]   found: idx=6 is_arg=0
[QTS:VAR] resolve: atom=540 scope=1 op=186
[QTS:CLOSURE] capture: var_idx=27 var_name=540
[QTS:VAR]   found: idx=11 is_arg=0
[QTS:VAR] resolve: atom=606 scope=1 op=186
[QTS:CLOSURE] capture: var_idx=53 var_name=606
[QTS:VAR]   found: idx=12 is_arg=0
[QTS:LABEL] begin: bc_len=732 label_count=22 jump_size=15 line_number_size=65 strip_debug=0
[QTS:LABEL] goto: opcode=108 label=0
[QTS:LABEL] goto: opcode=108 label=1
[QTS:LABEL] emit: label=1 pos=14
[QTS:LABEL] goto: opcode=110 label=3
[QTS:LABEL] emit: label=0 pos=19
[QTS:LABEL] goto: opcode=108 label=5
[QTS:LABEL] goto: opcode=108 label=8
[QTS:LABEL] emit: label=8 pos=48
[QTS:LABEL] goto: opcode=108 label=9
[QTS:LABEL] emit: label=9 pos=60
[QTS:LABEL] goto: opcode=108 label=10
[QTS:LABEL] emit: label=10 pos=103
[QTS:LABEL] emit: label=7 pos=103
[QTS:LABEL] goto: opcode=110 label=12
[QTS:LABEL] emit: label=5 pos=113
[QTS:LABEL] goto: opcode=108 label=14
[QTS:LABEL] emit: label=13 pos=127
[QTS:LABEL] goto: opcode=108 label=14
[QTS:LABEL] goto: opcode=110 label=16
[QTS:LABEL] emit: label=14 pos=139
[QTS:LABEL] emit: label=16 pos=144
[QTS:LABEL] emit: label=12 pos=144
[QTS:LABEL] emit: label=3 pos=144
[QTS:LABEL] goto: opcode=108 label=18
[QTS:LABEL] goto: opcode=110 label=19
[QTS:LABEL] emit: label=18 pos=154
[QTS:LABEL] goto: opcode=108 label=20
[QTS:LABEL] goto: opcode=110 label=21
[QTS:LABEL] emit: label=20 pos=170
[QTS:LABEL] emit: label=21 pos=173
[QTS:LABEL] emit: label=19 pos=173
[QTS:PC2LINE] begin: slots=60 source_pos=26356 @parser.c:10908
[QTS:PC2LINE] init: line=781 col=4 @parser.c:10915
[QTS:PC2LINE] end: pc2line_len=123 @parser.c:10960
[QTS:LABEL] end: out_len=176
[QTS:STACK] result: max_stack=5 var_count=1
[QTS:VAR] hoist: eval_type=0 module=0 globals=0 closures=0
[QTS:VAR] resolve: atom=573 scope=2 op=186
[QTS:VAR]   emit: op=186 idx=536870912
[QTS:VAR] resolve: atom=573 scope=3 op=189
[QTS:VAR]   emit: op=189 idx=536870912
[QTS:VAR] resolve: atom=573 scope=3 op=186
[QTS:VAR]   emit: op=186 idx=536870912
[QTS:VAR] resolve: atom=649 scope=3 op=189
[QTS:VAR]   emit: op=189 idx=0
[QTS:VAR] resolve: atom=649 scope=4 op=189
[QTS:VAR]   emit: op=189 idx=0
[QTS:VAR] resolve: atom=649 scope=1 op=189
[QTS:VAR]   emit: op=189 idx=0
[QTS:VAR] resolve: atom=573 scope=1 op=186
[QTS:VAR]   emit: op=186 idx=536870912
[QTS:VAR] resolve: atom=649 scope=1 op=186
[QTS:VAR]   emit: op=186 idx=0
[QTS:LABEL] begin: bc_len=168 label_count=6 jump_size=2 line_number_size=15 strip_debug=0
[QTS:LABEL] goto: opcode=108 label=0
[QTS:LABEL] goto: opcode=110 label=3
[QTS:LABEL] emit: label=0 pos=16
[QTS:LABEL] emit: label=3 pos=18
[QTS:PC2LINE] begin: slots=13 source_pos=27501 @parser.c:10908
[QTS:PC2LINE] init: line=818 col=4 @parser.c:10915
[QTS:PC2LINE] end: pc2line_len=29 @parser.c:10960
[QTS:LABEL] end: out_len=39
[QTS:STACK] result: max_stack=5 var_count=1
[QTS:VAR] hoist: eval_type=0 module=0 globals=0 closures=0
[QTS:VAR] resolve: atom=573 scope=2 op=186
[QTS:VAR]   emit: op=186 idx=536870912
[QTS:VAR] resolve: atom=623 scope=3 op=189
[QTS:VAR]   emit: op=189 idx=0
[QTS:VAR] resolve: atom=623 scope=3 op=186
[QTS:VAR]   emit: op=186 idx=0
[QTS:VAR] resolve: atom=573 scope=3 op=186
[QTS:VAR]   emit: op=186 idx=536870912
[QTS:VAR] resolve: atom=570 scope=5 op=186
[QTS:CLOSURE] capture: var_idx=44 var_name=570
[QTS:VAR]   found: idx=0 is_arg=0
[QTS:VAR] resolve: atom=573 scope=5 op=186
[QTS:VAR]   emit: op=186 idx=536870912
[QTS:VAR] resolve: atom=623 scope=5 op=186
[QTS:VAR]   emit: op=186 idx=0
[QTS:VAR] resolve: atom=623 scope=3 op=189
[QTS:VAR]   emit: op=189 idx=0
[QTS:VAR] resolve: atom=573 scope=1 op=186
[QTS:VAR]   emit: op=186 idx=536870912
[QTS:VAR] resolve: atom=623 scope=1 op=186
[QTS:VAR]   emit: op=186 idx=0
[QTS:LABEL] begin: bc_len=250 label_count=8 jump_size=6 line_number_size=21 strip_debug=0
[QTS:LABEL] goto: opcode=108 label=0
[QTS:LABEL] emit: label=0 pos=13
[QTS:LABEL] emit: label=2 pos=15
[QTS:LABEL] goto: opcode=108 label=5
[QTS:LABEL] emit: label=4 pos=21
[QTS:LABEL] goto: opcode=109 label=5
[QTS:LABEL] emit: label=7 pos=29
[QTS:LABEL] emit: label=3 pos=29
[QTS:LABEL] goto: opcode=110 label=2
[QTS:LABEL] resolve: label=2 addr=15
[QTS:LABEL] emit: label=5 pos=33
[QTS:PC2LINE] begin: slots=19 source_pos=27732 @parser.c:10908
[QTS:PC2LINE] init: line=830 col=4 @parser.c:10915
[QTS:PC2LINE] end: pc2line_len=43 @parser.c:10960
[QTS:LABEL] end: out_len=44
[QTS:STACK] result: max_stack=4 var_count=1
[QTS:VAR] hoist: eval_type=0 module=0 globals=0 closures=0
[QTS:VAR] resolve: atom=539 scope=2 op=186
[QTS:VAR]   emit: op=186 idx=536870912
[QTS:VAR] resolve: atom=539 scope=2 op=186
[QTS:VAR]   emit: op=186 idx=536870912
[QTS:VAR] resolve: atom=539 scope=2 op=186
[QTS:VAR]   emit: op=186 idx=536870912
[QTS:VAR] resolve: atom=771 scope=3 op=186
[QTS:CLOSURE] capture: var_idx=106 var_name=771
[QTS:VAR]   found: idx=0 is_arg=0
[QTS:VAR] resolve: atom=539 scope=4 op=186
[QTS:VAR]   emit: op=186 idx=536870912
[QTS:VAR] resolve: atom=765 scope=5 op=186
[QTS:VAR]   emit: op=186 idx=536870913
[QTS:VAR] resolve: atom=539 scope=5 op=186
[QTS:VAR]   emit: op=186 idx=536870912
[QTS:VAR] resolve: atom=773 scope=5 op=187
[QTS:VAR]   emit: op=187 idx=3
[QTS:VAR] resolve: atom=773 scope=6 op=186
[QTS:VAR]   emit: op=186 idx=3
[QTS:VAR] resolve: atom=773 scope=6 op=186
[QTS:VAR]   emit: op=186 idx=3
[QTS:VAR] resolve: atom=773 scope=6 op=189
[QTS:VAR]   emit: op=189 idx=3
[QTS:VAR] resolve: atom=472 scope=5 op=186
[QTS:VAR]   found: idx=1 is_arg=0
[QTS:VAR] resolve: atom=773 scope=5 op=186
[QTS:VAR]   emit: op=186 idx=3
[QTS:VAR] resolve: atom=539 scope=7 op=186
[QTS:VAR]   emit: op=186 idx=536870912
[QTS:VAR] resolve: atom=758 scope=8 op=189
[QTS:CLOSURE] capture: var_idx=102 var_name=758
[QTS:VAR]   found: idx=2 is_arg=0
[QTS:VAR] resolve: atom=539 scope=9 op=186
[QTS:VAR]   emit: op=186 idx=536870912
[QTS:VAR] resolve: atom=758 scope=10 op=189
[QTS:CLOSURE] capture: var_idx=102 var_name=758
[QTS:VAR]   found: idx=2 is_arg=0
[QTS:VAR] resolve: atom=539 scope=11 op=186
[QTS:VAR]   emit: op=186 idx=536870912
[QTS:VAR] resolve: atom=533 scope=12 op=189
[QTS:CLOSURE] capture: var_idx=20 var_name=533
[QTS:VAR]   found: idx=3 is_arg=0
[QTS:VAR] resolve: atom=533 scope=12 op=186
[QTS:CLOSURE] capture: var_idx=20 var_name=533
[QTS:VAR]   found: idx=3 is_arg=0
[QTS:VAR] resolve: atom=539 scope=13 op=186
[QTS:VAR]   emit: op=186 idx=536870912
[QTS:VAR] resolve: atom=472 scope=14 op=186
[QTS:VAR]   found: idx=1 is_arg=0
[QTS:VAR] resolve: atom=539 scope=15 op=186
[QTS:VAR]   emit: op=186 idx=536870912
[QTS:VAR] resolve: atom=472 scope=16 op=186
[QTS:VAR]   found: idx=1 is_arg=0
[QTS:VAR] resolve: atom=472 scope=17 op=186
[QTS:VAR]   found: idx=1 is_arg=0
[QTS:VAR] resolve: atom=539 scope=17 op=186
[QTS:VAR]   emit: op=186 idx=536870912
[QTS:LABEL] begin: bc_len=738 label_count=20 jump_size=16 line_number_size=60 strip_debug=0
[QTS:LABEL] goto: opcode=109 label=0
[QTS:LABEL] goto: opcode=109 label=0
[QTS:LABEL] emit: label=0 pos=29
[QTS:LABEL] goto: opcode=108 label=1
[QTS:LABEL] goto: opcode=110 label=2
[QTS:LABEL] emit: label=1 pos=37
[QTS:LABEL] goto: opcode=108 label=3
[QTS:LABEL] goto: opcode=108 label=4
[QTS:LABEL] emit: label=4 pos=108
[QTS:LABEL] emit: label=3 pos=123
[QTS:LABEL] goto: opcode=108 label=7
[QTS:LABEL] goto: opcode=110 label=9
[QTS:LABEL] emit: label=7 pos=137
[QTS:LABEL] goto: opcode=108 label=10
[QTS:LABEL] goto: opcode=110 label=12
[QTS:LABEL] emit: label=10 pos=151
[QTS:LABEL] goto: opcode=108 label=13
[QTS:LABEL] goto: opcode=110 label=15
[QTS:LABEL] emit: label=13 pos=166
[QTS:LABEL] goto: opcode=108 label=16
[QTS:LABEL] goto: opcode=110 label=17
[QTS:LABEL] emit: label=16 pos=195
[QTS:LABEL] goto: opcode=108 label=18
[QTS:LABEL] goto: opcode=110 label=19
[QTS:LABEL] emit: label=18 pos=219
[QTS:LABEL] emit: label=19 pos=246
[QTS:LABEL] emit: label=17 pos=246
[QTS:LABEL] emit: label=15 pos=246
[QTS:LABEL] emit: label=12 pos=246
[QTS:LABEL] emit: label=9 pos=246
[QTS:LABEL] emit: label=6 pos=246
[QTS:LABEL] emit: label=2 pos=246
[QTS:PC2LINE] begin: slots=58 source_pos=28060 @parser.c:10908
[QTS:PC2LINE] init: line=841 col=4 @parser.c:10915
[QTS:PC2LINE] end: pc2line_len=119 @parser.c:10960
[QTS:LABEL] end: out_len=241
[QTS:STACK] result: max_stack=4 var_count=4
[QTS:VAR] hoist: eval_type=0 module=0 globals=0 closures=0
[QTS:VAR] resolve: atom=597 scope=1 op=186
[QTS:VAR]   emit: op=186 idx=536870912
[QTS:LABEL] begin: bc_len=44 label_count=2 jump_size=2 line_number_size=2 strip_debug=0
[QTS:LABEL] goto: opcode=108 label=0
[QTS:LABEL] emit: label=0 pos=9
[QTS:LABEL] emit: label=1 pos=14
[QTS:PC2LINE] begin: slots=2 source_pos=29044 @parser.c:10908
[QTS:PC2LINE] init: line=875 col=8 @parser.c:10915
[QTS:PC2LINE] end: pc2line_len=7 @parser.c:10960
[QTS:LABEL] end: out_len=15
[QTS:STACK] result: max_stack=1 var_count=0
[QTS:VAR] hoist: eval_type=0 module=0 globals=0 closures=0
[QTS:VAR] resolve: atom=472 scope=1 op=186
[QTS:VAR]   found: idx=0 is_arg=0
[QTS:VAR] resolve: atom=780 scope=1 op=186
[QTS:VAR]   emit: op=186 idx=0
[QTS:VAR] resolve: atom=758 scope=1 op=186
[QTS:CLOSURE] capture: var_idx=102 var_name=758
[QTS:VAR]   found: idx=1 is_arg=0
[QTS:VAR] resolve: atom=780 scope=1 op=186
[QTS:VAR]   emit: op=186 idx=0
[QTS:VAR] resolve: atom=758 scope=1 op=186
[QTS:CLOSURE] capture: var_idx=102 var_name=758
[QTS:VAR]   found: idx=1 is_arg=0
[QTS:VAR] resolve: atom=780 scope=1 op=186
[QTS:VAR]   emit: op=186 idx=0
[QTS:VAR] resolve: atom=533 scope=1 op=186
[QTS:CLOSURE] capture: var_idx=20 var_name=533
[QTS:VAR]   found: idx=2 is_arg=0
[QTS:LABEL] begin: bc_len=220 label_count=0 jump_size=0 line_number_size=23 strip_debug=0
[QTS:PC2LINE] begin: slots=23 source_pos=29018 @parser.c:10908
[QTS:PC2LINE] init: line=874 col=4 @parser.c:10915
[QTS:PC2LINE] end: pc2line_len=53 @parser.c:10960
[QTS:LABEL] end: out_len=81
[QTS:STACK] result: max_stack=5 var_count=1
[QTS:VAR] hoist: eval_type=0 module=0 globals=0 closures=0
[QTS:VAR] resolve: atom=472 scope=1 op=186
[QTS:VAR]   found: idx=0 is_arg=0
[QTS:VAR] resolve: atom=792 scope=1 op=186
[QTS:CLOSURE] capture: var_idx=108 var_name=792
[QTS:VAR]   found: idx=1 is_arg=0
[QTS:LABEL] begin: bc_len=50 label_count=0 jump_size=0 line_number_size=5 strip_debug=0
[QTS:PC2LINE] begin: slots=5 source_pos=29475 @parser.c:10908
[QTS:PC2LINE] init: line=885 col=4 @parser.c:10915
[QTS:PC2LINE] end: pc2line_len=13 @parser.c:10960
[QTS:LABEL] end: out_len=20
[QTS:STACK] result: max_stack=3 var_count=0
[QTS:VAR] hoist: eval_type=0 module=0 globals=0 closures=0
[QTS:VAR] resolve: atom=747 scope=1 op=186
[QTS:CLOSURE] capture: var_idx=99 var_name=747
[QTS:VAR]   found: idx=0 is_arg=0
[QTS:VAR] resolve: atom=742 scope=1 op=186
[QTS:CLOSURE] capture: var_idx=94 var_name=742
[QTS:VAR]   found: idx=1 is_arg=0
[QTS:VAR] resolve: atom=538 scope=1 op=186
[QTS:CLOSURE] capture: var_idx=25 var_name=538
[QTS:VAR]   found: idx=2 is_arg=0
[QTS:VAR] resolve: atom=794 scope=1 op=186
[QTS:CLOSURE] capture: var_idx=109 var_name=794
[QTS:VAR]   found: idx=3 is_arg=0
[QTS:LABEL] begin: bc_len=55 label_count=0 jump_size=0 line_number_size=6 strip_debug=0
[QTS:PC2LINE] begin: slots=6 source_pos=29591 @parser.c:10908
[QTS:PC2LINE] init: line=889 col=4 @parser.c:10915
[QTS:PC2LINE] end: pc2line_len=15 @parser.c:10960
[QTS:LABEL] end: out_len=12
[QTS:STACK] result: max_stack=4 var_count=0
[QTS:VAR] hoist: eval_type=0 module=0 globals=0 closures=0
[QTS:VAR] resolve: atom=795 scope=2 op=186
[QTS:CLOSURE] capture: var_idx=110 var_name=795
[QTS:VAR]   found: idx=0 is_arg=0
[QTS:VAR] resolve: atom=765 scope=2 op=186
[QTS:VAR]   emit: op=186 idx=536870912
[QTS:VAR] resolve: atom=792 scope=3 op=186
[QTS:CLOSURE] capture: var_idx=108 var_name=792
[QTS:VAR]   found: idx=1 is_arg=0
[QTS:LABEL] begin: bc_len=53 label_count=1 jump_size=1 line_number_size=5 strip_debug=0
[QTS:LABEL] goto: opcode=108 label=0
[QTS:LABEL] emit: label=0 pos=9
[QTS:PC2LINE] begin: slots=5 source_pos=29701 @parser.c:10908
[QTS:PC2LINE] init: line=892 col=4 @parser.c:10915
[QTS:PC2LINE] end: pc2line_len=13 @parser.c:10960
[QTS:LABEL] end: out_len=10
[QTS:STACK] result: max_stack=2 var_count=0
[QTS:VAR] hoist: eval_type=0 module=0 globals=0 closures=0
[QTS:VAR] resolve: atom=765 scope=2 op=186
[QTS:VAR]   emit: op=186 idx=536870912
[QTS:VAR] resolve: atom=765 scope=3 op=189
[QTS:VAR]   emit: op=189 idx=536870912
[QTS:VAR] resolve: atom=765 scope=4 op=186
[QTS:VAR]   emit: op=186 idx=536870912
[QTS:VAR] resolve: atom=771 scope=5 op=186
[QTS:CLOSURE] capture: var_idx=106 var_name=771
[QTS:VAR]   found: idx=0 is_arg=0
[QTS:VAR] resolve: atom=539 scope=1 op=189
[QTS:VAR]   emit: op=189 idx=1
[QTS:VAR] resolve: atom=762 scope=1 op=186
[QTS:CLOSURE] capture: var_idx=104 var_name=762
[QTS:VAR]   found: idx=1 is_arg=0
[QTS:VAR] resolve: atom=765 scope=1 op=186
[QTS:VAR]   emit: op=186 idx=536870912
[QTS:VAR] resolve: atom=539 scope=6 op=186
[QTS:VAR]   emit: op=186 idx=1
[QTS:VAR] resolve: atom=764 scope=8 op=186
[QTS:CLOSURE] capture: var_idx=105 var_name=764
[QTS:VAR]   found: idx=2 is_arg=0
[QTS:VAR] resolve: atom=539 scope=8 op=186
[QTS:VAR]   emit: op=186 idx=1
[QTS:VAR] resolve: atom=765 scope=8 op=186
[QTS:VAR]   emit: op=186 idx=536870912
[QTS:VAR] resolve: atom=765 scope=7 op=189
[QTS:VAR]   emit: op=189 idx=536870912
[QTS:VAR] resolve: atom=765 scope=7 op=186
[QTS:VAR]   emit: op=186 idx=536870912
[QTS:VAR] resolve: atom=539 scope=7 op=186
[QTS:VAR]   emit: op=186 idx=1
[QTS:VAR] resolve: atom=765 scope=10 op=186
[QTS:VAR]   emit: op=186 idx=536870912
[QTS:VAR] resolve: atom=537 scope=11 op=186
[QTS:CLOSURE] capture: var_idx=24 var_name=537
[QTS:VAR]   found: idx=3 is_arg=0
[QTS:VAR] resolve: atom=765 scope=11 op=189
[QTS:VAR]   emit: op=189 idx=536870912
[QTS:VAR] resolve: atom=537 scope=11 op=186
[QTS:CLOSURE] capture: var_idx=24 var_name=537
[QTS:VAR]   found: idx=3 is_arg=0
[QTS:VAR] resolve: atom=765 scope=11 op=186
[QTS:VAR]   emit: op=186 idx=536870912
[QTS:VAR] resolve: atom=608 scope=1 op=189
[QTS:VAR]   emit: op=189 idx=0
[QTS:VAR] resolve: atom=609 scope=1 op=186
[QTS:CLOSURE] capture: var_idx=115 var_name=609
[QTS:VAR]   found: idx=4 is_arg=0
[QTS:VAR] resolve: atom=765 scope=1 op=186
[QTS:VAR]   emit: op=186 idx=536870912
[QTS:VAR] resolve: atom=525 scope=1 op=189
[QTS:CLOSURE] capture: var_idx=14 var_name=525
[QTS:VAR]   found: idx=5 is_arg=0
[QTS:VAR] resolve: atom=608 scope=1 op=186
[QTS:VAR]   emit: op=186 idx=0
[QTS:VAR] resolve: atom=538 scope=1 op=189
[QTS:CLOSURE] capture: var_idx=25 var_name=538
[QTS:VAR]   found: idx=6 is_arg=0
[QTS:VAR] resolve: atom=608 scope=1 op=186
[QTS:VAR]   emit: op=186 idx=0
[QTS:VAR] resolve: atom=525 scope=12 op=186
[QTS:CLOSURE] capture: var_idx=14 var_name=525
[QTS:VAR]   found: idx=5 is_arg=0
[QTS:VAR] resolve: atom=537 scope=13 op=189
[QTS:CLOSURE] capture: var_idx=24 var_name=537
[QTS:VAR]   found: idx=3 is_arg=0
[QTS:VAR] resolve: atom=765 scope=13 op=186
[QTS:VAR]   emit: op=186 idx=536870912
[QTS:VAR] resolve: atom=537 scope=1 op=189
[QTS:CLOSURE] capture: var_idx=24 var_name=537
[QTS:VAR]   found: idx=3 is_arg=0
[QTS:VAR] resolve: atom=796 scope=1 op=186
[QTS:CLOSURE] capture: var_idx=111 var_name=796
[QTS:VAR]   found: idx=7 is_arg=0
[QTS:VAR] resolve: atom=765 scope=1 op=186
[QTS:VAR]   emit: op=186 idx=536870912
[QTS:LABEL] begin: bc_len=567 label_count=16 jump_size=7 line_number_size=56 strip_debug=0
[QTS:LABEL] goto: opcode=108 label=0
[QTS:LABEL] emit: label=0 pos=8
[QTS:LABEL] goto: opcode=108 label=2
[QTS:LABEL] emit: label=2 pos=22
[QTS:LABEL] goto: opcode=108 label=4
[QTS:LABEL] goto: opcode=108 label=5
[QTS:LABEL] emit: label=5 pos=40
[QTS:LABEL] emit: label=4 pos=54
[QTS:LABEL] goto: opcode=108 label=7
[QTS:LABEL] emit: label=7 pos=61
[QTS:LABEL] goto: opcode=108 label=8
[QTS:LABEL] emit: label=8 pos=74
[QTS:LABEL] goto: opcode=108 label=13
[QTS:LABEL] emit: label=13 pos=100
[QTS:PC2LINE] begin: slots=48 source_pos=29868 @parser.c:10908
[QTS:PC2LINE] init: line=898 col=4 @parser.c:10915
[QTS:PC2LINE] end: pc2line_len=99 @parser.c:10960
[QTS:LABEL] end: out_len=110
[QTS:STACK] result: max_stack=4 var_count=2
[QTS:VAR] hoist: eval_type=0 module=0 globals=0 closures=0
[QTS:VAR] resolve: atom=535 scope=2 op=189
[QTS:CLOSURE] capture: var_idx=22 var_name=535
[QTS:VAR]   found: idx=0 is_arg=0
[QTS:VAR] resolve: atom=473 scope=2 op=186
[QTS:VAR]   found: idx=1 is_arg=0
[QTS:VAR] resolve: atom=518 scope=2 op=189
[QTS:VAR]   emit: op=189 idx=0
[QTS:VAR] resolve: atom=472 scope=2 op=186
[QTS:VAR]   found: idx=2 is_arg=0
[QTS:VAR] resolve: atom=765 scope=2 op=186
[QTS:VAR]   emit: op=186 idx=536870912
[QTS:VAR] resolve: atom=518 scope=2 op=186
[QTS:VAR]   emit: op=186 idx=0
[QTS:VAR] resolve: atom=799 scope=2 op=186
[QTS:CLOSURE] capture: var_idx=112 var_name=799
[QTS:VAR]   found: idx=3 is_arg=0
[QTS:VAR] resolve: atom=800 scope=2 op=186
[QTS:CLOSURE] capture: var_idx=113 var_name=800
[QTS:VAR]   found: idx=4 is_arg=0
[QTS:VAR] resolve: atom=517 scope=3 op=187
[QTS:VAR]   found: idx=1 is_arg=0
[QTS:VAR]   emit: op=187 idx=1
[QTS:VAR] resolve: atom=800 scope=5 op=186
[QTS:CLOSURE] capture: var_idx=113 var_name=800
[QTS:VAR]   found: idx=4 is_arg=0
[QTS:VAR] resolve: atom=517 scope=5 op=186
[QTS:VAR]   found: idx=1 is_arg=0
[QTS:VAR]   emit: op=186 idx=1
[QTS:LABEL] begin: bc_len=207 label_count=6 jump_size=7 line_number_size=17 strip_debug=0
[QTS:LABEL] goto: opcode=111 label=0
[QTS:LABEL] emit: label=0 pos=58
[QTS:LABEL] goto: opcode=111 label=1
[QTS:LABEL] emit: label=1 pos=72
[QTS:PC2LINE] begin: slots=14 source_pos=30703 @parser.c:10908
[QTS:PC2LINE] init: line=930 col=4 @parser.c:10915
[QTS:PC2LINE] end: pc2line_len=31 @parser.c:10960
[QTS:LABEL] end: out_len=73
[QTS:STACK] result: max_stack=6 var_count=2
[QTS:VAR] hoist: eval_type=0 module=0 globals=0 closures=0
[QTS:VAR] resolve: atom=801 scope=1 op=187
[QTS:VAR]   emit: op=187 idx=0
[QTS:VAR] resolve: atom=518 scope=1 op=189
[QTS:VAR]   emit: op=189 idx=536870912
[QTS:VAR] resolve: atom=518 scope=1 op=186
[QTS:VAR]   emit: op=186 idx=536870912
[QTS:VAR] resolve: atom=536 scope=1 op=189
[QTS:CLOSURE] capture: var_idx=23 var_name=536
[QTS:VAR]   found: idx=0 is_arg=0
[QTS:VAR] resolve: atom=473 scope=1 op=186
[QTS:VAR]   found: idx=1 is_arg=0
[QTS:VAR] resolve: atom=535 scope=1 op=186
[QTS:CLOSURE] capture: var_idx=22 var_name=535
[QTS:VAR]   found: idx=2 is_arg=0
[QTS:VAR] resolve: atom=472 scope=1 op=186
[QTS:VAR]   found: idx=3 is_arg=0
[QTS:VAR] resolve: atom=475 scope=1 op=186
[QTS:CLOSURE] capture: var_idx=7 var_name=475
[QTS:VAR]   found: idx=4 is_arg=0
[QTS:VAR] resolve: atom=511 scope=1 op=186
[QTS:CLOSURE] capture: var_idx=8 var_name=511
[QTS:VAR]   found: idx=5 is_arg=0
[QTS:VAR] resolve: atom=758 scope=2 op=186
[QTS:CLOSURE] capture: var_idx=102 var_name=758
[QTS:VAR]   found: idx=6 is_arg=0
[QTS:VAR] resolve: atom=518 scope=4 op=185
[QTS:VAR]   emit: op=185 idx=536870912
[QTS:VAR] resolve: atom=518 scope=4 op=186
[QTS:VAR]   emit: op=186 idx=536870912
[QTS:VAR] resolve: atom=165 scope=4 op=186
[QTS:CLOSURE] capture: var_idx=4 var_name=165
[QTS:VAR]   found: idx=7 is_arg=0
[QTS:VAR] resolve: atom=518 scope=4 op=186
[QTS:VAR]   emit: op=186 idx=536870912
[QTS:VAR] resolve: atom=472 scope=5 op=186
[QTS:VAR]   found: idx=3 is_arg=0
[QTS:VAR] resolve: atom=759 scope=5 op=186
[QTS:CLOSURE] capture: var_idx=103 var_name=759
[QTS:VAR]   found: idx=8 is_arg=0
[QTS:VAR] resolve: atom=518 scope=5 op=186
[QTS:VAR]   emit: op=186 idx=536870912
[QTS:VAR] resolve: atom=801 scope=5 op=189
[QTS:VAR]   emit: op=189 idx=0
[QTS:VAR] resolve: atom=518 scope=6 op=185
[QTS:VAR]   emit: op=185 idx=536870912
[QTS:VAR] resolve: atom=472 scope=7 op=186
[QTS:VAR]   found: idx=3 is_arg=0
[QTS:VAR] resolve: atom=759 scope=7 op=186
[QTS:CLOSURE] capture: var_idx=103 var_name=759
[QTS:VAR]   found: idx=8 is_arg=0
[QTS:VAR] resolve: atom=518 scope=7 op=186
[QTS:VAR]   emit: op=186 idx=536870912
[QTS:VAR] resolve: atom=472 scope=7 op=186
[QTS:VAR]   found: idx=3 is_arg=0
[QTS:VAR] resolve: atom=801 scope=7 op=189
[QTS:VAR]   emit: op=189 idx=0
[QTS:VAR] resolve: atom=801 scope=8 op=186
[QTS:VAR]   emit: op=186 idx=0
[QTS:VAR] resolve: atom=472 scope=9 op=186
[QTS:VAR]   found: idx=3 is_arg=0
[QTS:VAR] resolve: atom=518 scope=9 op=186
[QTS:VAR]   emit: op=186 idx=536870912
[QTS:VAR] resolve: atom=472 scope=1 op=186
[QTS:VAR]   found: idx=3 is_arg=0
[QTS:VAR] resolve: atom=472 scope=1 op=186
[QTS:VAR]   found: idx=3 is_arg=0
[QTS:VAR] resolve: atom=475 scope=1 op=186
[QTS:CLOSURE] capture: var_idx=7 var_name=475
[QTS:VAR]   found: idx=4 is_arg=0
[QTS:VAR] resolve: atom=474 scope=1 op=186
[QTS:CLOSURE] capture: var_idx=0 var_name=474
[QTS:VAR]   found: idx=9 is_arg=0
[QTS:VAR] resolve: atom=518 scope=1 op=186
[QTS:VAR]   emit: op=186 idx=536870912
[QTS:VAR] resolve: atom=803 scope=1 op=186
[QTS:CLOSURE] capture: var_idx=114 var_name=803
[QTS:VAR]   found: idx=10 is_arg=0
[QTS:LABEL] begin: bc_len=619 label_count=10 jump_size=6 line_number_size=62 strip_debug=0
[QTS:LABEL] goto: opcode=108 label=2
[QTS:LABEL] typeof_test: pos=162 pos_next=163 line_num:31364->31371 atom=72 cmp_op=171
[QTS:LABEL] goto: opcode=108 label=4
[QTS:LABEL] emit: label=3 pos=82
[QTS:LABEL] goto: opcode=108 label=4
[QTS:LABEL] goto: opcode=110 label=6
[QTS:LABEL] emit: label=4 pos=106
[QTS:LABEL] typeof_test: pos=317 pos_next=318 line_num:31572->31579 atom=142 cmp_op=171
[QTS:LABEL] goto: opcode=108 label=7
[QTS:LABEL] emit: label=7 pos=152
[QTS:LABEL] emit: label=6 pos=152
[QTS:LABEL] emit: label=2 pos=152
[QTS:LABEL] goto: opcode=108 label=9
[QTS:LABEL] emit: label=9 pos=168
[QTS:PC2LINE] begin: slots=59 source_pos=31126 @parser.c:10908
[QTS:PC2LINE] init: line=943 col=4 @parser.c:10915
[QTS:PC2LINE] end: pc2line_len=121 @parser.c:10960
[QTS:LABEL] end: out_len=212
[QTS:STACK] result: max_stack=4 var_count=1
[QTS:VAR] hoist: eval_type=0 module=0 globals=0 closures=0
[QTS:VAR] resolve: atom=472 scope=1 op=186
[QTS:VAR]   found: idx=0 is_arg=0
[QTS:VAR] resolve: atom=475 scope=1 op=186
[QTS:CLOSURE] capture: var_idx=7 var_name=475
[QTS:VAR]   found: idx=1 is_arg=0
[QTS:VAR] resolve: atom=511 scope=1 op=186
[QTS:CLOSURE] capture: var_idx=8 var_name=511
[QTS:VAR]   found: idx=2 is_arg=0
[QTS:VAR] resolve: atom=517 scope=2 op=186
[QTS:VAR]   emit: op=186 idx=536870912
[QTS:VAR] resolve: atom=159 scope=2 op=186
[QTS:VAR] resolve: atom=472 scope=2 op=186
[QTS:VAR]   found: idx=0 is_arg=0
[QTS:VAR] resolve: atom=472 scope=1 op=186
[QTS:VAR]   found: idx=0 is_arg=0
[QTS:VAR] resolve: atom=517 scope=1 op=186
[QTS:VAR]   emit: op=186 idx=536870912
[QTS:VAR] resolve: atom=472 scope=1 op=186
[QTS:VAR]   found: idx=0 is_arg=0
[QTS:VAR] resolve: atom=472 scope=1 op=186
[QTS:VAR]   found: idx=0 is_arg=0
[QTS:VAR] resolve: atom=475 scope=1 op=186
[QTS:CLOSURE] capture: var_idx=7 var_name=475
[QTS:VAR]   found: idx=1 is_arg=0
[QTS:VAR] resolve: atom=803 scope=1 op=186
[QTS:CLOSURE] capture: var_idx=114 var_name=803
[QTS:VAR]   found: idx=3 is_arg=0
[QTS:LABEL] begin: bc_len=256 label_count=1 jump_size=1 line_number_size=27 strip_debug=0
[QTS:LABEL] goto: opcode=108 label=0
[QTS:LABEL] emit: label=0 pos=47
[QTS:PC2LINE] begin: slots=27 source_pos=31969 @parser.c:10908
[QTS:PC2LINE] init: line=969 col=4 @parser.c:10915
[QTS:PC2LINE] end: pc2line_len=57 @parser.c:10960
[QTS:LABEL] end: out_len=98
[QTS:STACK] result: max_stack=4 var_count=0
[QTS:VAR] hoist: eval_type=0 module=0 globals=0 closures=0
[QTS:VAR] resolve: atom=538 scope=1 op=189
[QTS:CLOSURE] capture: var_idx=25 var_name=538
[QTS:VAR]   found: idx=0 is_arg=0
[QTS:VAR] resolve: atom=472 scope=1 op=186
[QTS:VAR]   found: idx=1 is_arg=0
[QTS:VAR] resolve: atom=792 scope=1 op=186
[QTS:CLOSURE] capture: var_idx=108 var_name=792
[QTS:VAR]   found: idx=2 is_arg=0
[QTS:LABEL] begin: bc_len=60 label_count=1 jump_size=0 line_number_size=6 strip_debug=0
[QTS:PC2LINE] begin: slots=6 source_pos=32245 @parser.c:10908
[QTS:PC2LINE] init: line=978 col=4 @parser.c:10915
[QTS:PC2LINE] end: pc2line_len=15 @parser.c:10960
[QTS:LABEL] end: out_len=17
[QTS:STACK] result: max_stack=2 var_count=0
[QTS:VAR] hoist: eval_type=0 module=0 globals=0 closures=0
[QTS:VAR] resolve: atom=806 scope=1 op=189
[QTS:CLOSURE] capture: var_idx=5 var_name=806
[QTS:VAR]   found: idx=0 is_arg=0
[QTS:VAR] resolve: atom=568 scope=1 op=186
[QTS:VAR]   emit: op=186 idx=536870912
[QTS:LABEL] begin: bc_len=28 label_count=1 jump_size=0 line_number_size=3 strip_debug=0
[QTS:PC2LINE] begin: slots=3 source_pos=32584 @parser.c:10908
[QTS:PC2LINE] init: line=989 col=8 @parser.c:10915
[QTS:PC2LINE] end: pc2line_len=9 @parser.c:10960
[QTS:LABEL] end: out_len=5
[QTS:STACK] result: max_stack=2 var_count=0
[QTS:VAR] hoist: eval_type=0 module=0 globals=0 closures=0
[QTS:VAR] resolve: atom=806 scope=1 op=186
[QTS:CLOSURE] capture: var_idx=5 var_name=806
[QTS:VAR]   found: idx=0 is_arg=0
[QTS:VAR] resolve: atom=806 scope=1 op=186
[QTS:CLOSURE] capture: var_idx=5 var_name=806
[QTS:VAR]   found: idx=0 is_arg=0
[QTS:LABEL] begin: bc_len=61 label_count=0 jump_size=0 line_number_size=7 strip_debug=0
[QTS:PC2LINE] begin: slots=6 source_pos=32631 @parser.c:10908
[QTS:PC2LINE] init: line=990 col=8 @parser.c:10915
[QTS:PC2LINE] end: pc2line_len=15 @parser.c:10960
[QTS:LABEL] end: out_len=13
[QTS:STACK] result: max_stack=4 var_count=0
[QTS:VAR] hoist: eval_type=0 module=0 globals=0 closures=0
[QTS:VAR] resolve: atom=810 scope=1 op=186
[QTS:CLOSURE] capture: var_idx=11 var_name=810
[QTS:VAR]   found: idx=0 is_arg=0
[QTS:VAR] resolve: atom=568 scope=1 op=187
[QTS:VAR]   emit: op=187 idx=536870912
[QTS:VAR] resolve: atom=806 scope=1 op=189
[QTS:CLOSURE] capture: var_idx=5 var_name=806
[QTS:VAR]   found: idx=1 is_arg=0
[QTS:VAR] resolve: atom=806 scope=1 op=186
[QTS:CLOSURE] capture: var_idx=5 var_name=806
[QTS:VAR]   found: idx=1 is_arg=0
[QTS:VAR] resolve: atom=806 scope=1 op=186
[QTS:CLOSURE] capture: var_idx=5 var_name=806
[QTS:VAR]   found: idx=1 is_arg=0
[QTS:VAR] resolve: atom=568 scope=1 op=186
[QTS:VAR]   emit: op=186 idx=536870912
[QTS:LABEL] begin: bc_len=103 label_count=1 jump_size=0 line_number_size=11 strip_debug=0
[QTS:PC2LINE] begin: slots=10 source_pos=32708 @parser.c:10908
[QTS:PC2LINE] init: line=991 col=8 @parser.c:10915
[QTS:PC2LINE] end: pc2line_len=23 @parser.c:10960
[QTS:LABEL] end: out_len=20
[QTS:STACK] result: max_stack=5 var_count=0
[QTS:VAR] hoist: eval_type=0 module=0 globals=0 closures=0
[QTS:VAR] resolve: atom=594 scope=1 op=189
[QTS:CLOSURE] capture: var_idx=4 var_name=594
[QTS:VAR]   found: idx=0 is_arg=0
[QTS:VAR] resolve: atom=809 scope=1 op=186
[QTS:CLOSURE] capture: var_idx=10 var_name=809
[QTS:VAR]   found: idx=1 is_arg=0
[QTS:VAR] resolve: atom=566 scope=2 op=189
[QTS:CLOSURE] capture: var_idx=0 var_name=566
[QTS:VAR]   found: idx=2 is_arg=0
[QTS:VAR] resolve: atom=566 scope=2 op=186
[QTS:CLOSURE] capture: var_idx=0 var_name=566
[QTS:VAR]   found: idx=2 is_arg=0
[QTS:VAR] resolve: atom=597 scope=2 op=186
[QTS:CLOSURE] capture: var_idx=3 var_name=597
[QTS:VAR]   found: idx=3 is_arg=0
[QTS:VAR] resolve: atom=580 scope=4 op=186
[QTS:CLOSURE] capture: var_idx=0 var_name=580
[QTS:VAR]   found: idx=4 is_arg=0
[QTS:VAR] resolve: atom=566 scope=4 op=186
[QTS:CLOSURE] capture: var_idx=0 var_name=566
[QTS:VAR]   found: idx=2 is_arg=0
[QTS:VAR] resolve: atom=580 scope=4 op=186
[QTS:CLOSURE] capture: var_idx=0 var_name=580
[QTS:VAR]   found: idx=4 is_arg=0
[QTS:VAR] resolve: atom=566 scope=4 op=186
[QTS:CLOSURE] capture: var_idx=0 var_name=566
[QTS:VAR]   found: idx=2 is_arg=0
[QTS:VAR] resolve: atom=566 scope=5 op=189
[QTS:CLOSURE] capture: var_idx=0 var_name=566
[QTS:VAR]   found: idx=2 is_arg=0
[QTS:VAR] resolve: atom=811 scope=5 op=186
[QTS:CLOSURE] capture: var_idx=12 var_name=811
[QTS:VAR]   found: idx=5 is_arg=0
[QTS:VAR] resolve: atom=566 scope=2 op=189
[QTS:CLOSURE] capture: var_idx=0 var_name=566
[QTS:VAR]   found: idx=2 is_arg=0
[QTS:LABEL] begin: bc_len=290 label_count=10 jump_size=6 line_number_size=24 strip_debug=0
[QTS:LABEL] emit: label=2 pos=17
[QTS:LABEL] goto: opcode=108 label=5
[QTS:LABEL] emit: label=4 pos=27
[QTS:LABEL] goto: opcode=108 label=8
[QTS:LABEL] emit: label=7 pos=53
[QTS:LABEL] goto: opcode=108 label=8
[QTS:LABEL] emit: label=8 pos=70
[QTS:LABEL] emit: label=3 pos=70
[QTS:LABEL] goto: opcode=110 label=2
[QTS:LABEL] resolve: label=2 addr=17
[QTS:LABEL] emit: label=5 pos=75
[QTS:PC2LINE] begin: slots=24 source_pos=32864 @parser.c:10908
[QTS:PC2LINE] init: line=996 col=8 @parser.c:10915
[QTS:PC2LINE] end: pc2line_len=53 @parser.c:10960
[QTS:LABEL] end: out_len=73
[QTS:STACK] result: max_stack=3 var_count=0
[QTS:VAR] hoist: eval_type=0 module=0 globals=0 closures=0
[QTS:VAR] resolve: atom=594 scope=1 op=189
[QTS:CLOSURE] capture: var_idx=4 var_name=594
[QTS:VAR]   found: idx=0 is_arg=0
[QTS:VAR] resolve: atom=566 scope=2 op=189
[QTS:CLOSURE] capture: var_idx=0 var_name=566
[QTS:VAR]   found: idx=1 is_arg=0
[QTS:VAR] resolve: atom=566 scope=2 op=186
[QTS:CLOSURE] capture: var_idx=0 var_name=566
[QTS:VAR]   found: idx=1 is_arg=0
[QTS:VAR] resolve: atom=597 scope=2 op=186
[QTS:CLOSURE] capture: var_idx=3 var_name=597
[QTS:VAR]   found: idx=2 is_arg=0
[QTS:VAR] resolve: atom=580 scope=4 op=186
[QTS:CLOSURE] capture: var_idx=0 var_name=580
[QTS:VAR]   found: idx=3 is_arg=0
[QTS:VAR] resolve: atom=566 scope=4 op=186
[QTS:CLOSURE] capture: var_idx=0 var_name=566
[QTS:VAR]   found: idx=1 is_arg=0
[QTS:VAR] resolve: atom=566 scope=2 op=189
[QTS:CLOSURE] capture: var_idx=0 var_name=566
[QTS:VAR]   found: idx=1 is_arg=0
[QTS:LABEL] begin: bc_len=157 label_count=8 jump_size=5 line_number_size=12 strip_debug=0
[QTS:LABEL] emit: label=2 pos=9
[QTS:LABEL] goto: opcode=108 label=5
[QTS:LABEL] emit: label=4 pos=14
[QTS:LABEL] goto: opcode=109 label=5
[QTS:LABEL] emit: label=7 pos=25
[QTS:LABEL] emit: label=3 pos=25
[QTS:LABEL] goto: opcode=110 label=2
[QTS:LABEL] resolve: label=2 addr=9
[QTS:LABEL] emit: label=5 pos=30
[QTS:PC2LINE] begin: slots=12 source_pos=33196 @parser.c:10908
[QTS:PC2LINE] init: line=1007 col=8 @parser.c:10915
[QTS:PC2LINE] end: pc2line_len=27 @parser.c:10960
[QTS:LABEL] end: out_len=31
[QTS:STACK] result: max_stack=2 var_count=0
[QTS:VAR] hoist: eval_type=0 module=0 globals=0 closures=0
[QTS:VAR] resolve: atom=594 scope=1 op=189
[QTS:CLOSURE] capture: var_idx=4 var_name=594
[QTS:VAR]   found: idx=0 is_arg=0
[QTS:VAR] resolve: atom=809 scope=1 op=186
[QTS:CLOSURE] capture: var_idx=10 var_name=809
[QTS:VAR]   found: idx=1 is_arg=0
[QTS:VAR] resolve: atom=815 scope=1 op=186
[QTS:VAR]   emit: op=186 idx=536870912
[QTS:VAR] resolve: atom=566 scope=1 op=186
[QTS:CLOSURE] capture: var_idx=0 var_name=566
[QTS:VAR]   found: idx=2 is_arg=0
[QTS:VAR] resolve: atom=597 scope=1 op=186
[QTS:CLOSURE] capture: var_idx=3 var_name=597
[QTS:VAR]   found: idx=3 is_arg=0
[QTS:VAR] resolve: atom=568 scope=2 op=189
[QTS:CLOSURE] capture: var_idx=1 var_name=568
[QTS:VAR]   found: idx=4 is_arg=0
[QTS:VAR] resolve: atom=580 scope=2 op=186
[QTS:CLOSURE] capture: var_idx=0 var_name=580
[QTS:VAR]   found: idx=5 is_arg=0
[QTS:VAR] resolve: atom=566 scope=2 op=189
[QTS:CLOSURE] capture: var_idx=0 var_name=566
[QTS:VAR]   found: idx=2 is_arg=0
[QTS:VAR] resolve: atom=568 scope=3 op=186
[QTS:CLOSURE] capture: var_idx=1 var_name=568
[QTS:VAR]   found: idx=4 is_arg=0
[QTS:VAR] resolve: atom=594 scope=4 op=189
[QTS:CLOSURE] capture: var_idx=4 var_name=594
[QTS:VAR]   found: idx=0 is_arg=0
[QTS:VAR] resolve: atom=568 scope=5 op=186
[QTS:CLOSURE] capture: var_idx=1 var_name=568
[QTS:VAR]   found: idx=4 is_arg=0
[QTS:VAR] resolve: atom=566 scope=7 op=186
[QTS:CLOSURE] capture: var_idx=0 var_name=566
[QTS:VAR]   found: idx=2 is_arg=0
[QTS:VAR] resolve: atom=597 scope=7 op=186
[QTS:CLOSURE] capture: var_idx=3 var_name=597
[QTS:VAR]   found: idx=3 is_arg=0
[QTS:VAR] resolve: atom=566 scope=6 op=189
[QTS:CLOSURE] capture: var_idx=0 var_name=566
[QTS:VAR]   found: idx=2 is_arg=0
[QTS:VAR] resolve: atom=568 scope=8 op=186
[QTS:CLOSURE] capture: var_idx=1 var_name=568
[QTS:VAR]   found: idx=4 is_arg=0
[QTS:VAR] resolve: atom=815 scope=8 op=186
[QTS:VAR]   emit: op=186 idx=536870912
[QTS:VAR] resolve: atom=811 scope=9 op=186
[QTS:CLOSURE] capture: var_idx=12 var_name=811
[QTS:VAR]   found: idx=6 is_arg=0
[QTS:LABEL] begin: bc_len=321 label_count=12 jump_size=10 line_number_size=27 strip_debug=0
[QTS:LABEL] emit: label=1 pos=10
[QTS:LABEL] goto: opcode=108 label=2
[QTS:LABEL] goto: opcode=108 label=5
[QTS:LABEL] goto: opcode=110 label=1
[QTS:LABEL] resolve: label=1 addr=10
[QTS:LABEL] emit: label=5 pos=44
[QTS:LABEL] goto: opcode=108 label=7
[QTS:LABEL] goto: opcode=109 label=2
[QTS:LABEL] emit: label=8 pos=60
[QTS:LABEL] goto: opcode=110 label=1
[QTS:LABEL] resolve: label=1 addr=10
[QTS:LABEL] emit: label=7 pos=65
[QTS:LABEL] goto: opcode=108 label=1
[QTS:LABEL] resolve: label=1 addr=10
[QTS:LABEL] emit: label=2 pos=78
[QTS:PC2LINE] begin: slots=26 source_pos=33410 @parser.c:10908
[QTS:PC2LINE] init: line=1015 col=8 @parser.c:10915
[QTS:PC2LINE] end: pc2line_len=55 @parser.c:10960
[QTS:LABEL] end: out_len=76
[QTS:STACK] result: max_stack=3 var_count=0
[QTS:VAR] hoist: eval_type=0 module=0 globals=0 closures=0
[QTS:VAR] resolve: atom=594 scope=1 op=189
[QTS:CLOSURE] capture: var_idx=4 var_name=594
[QTS:VAR]   found: idx=0 is_arg=0
[QTS:VAR] resolve: atom=809 scope=1 op=186
[QTS:CLOSURE] capture: var_idx=10 var_name=809
[QTS:VAR]   found: idx=1 is_arg=0
[QTS:VAR] resolve: atom=566 scope=1 op=186
[QTS:CLOSURE] capture: var_idx=0 var_name=566
[QTS:VAR]   found: idx=2 is_arg=0
[QTS:VAR] resolve: atom=597 scope=1 op=186
[QTS:CLOSURE] capture: var_idx=3 var_name=597
[QTS:VAR]   found: idx=3 is_arg=0
[QTS:VAR] resolve: atom=568 scope=2 op=189
[QTS:CLOSURE] capture: var_idx=1 var_name=568
[QTS:VAR]   found: idx=4 is_arg=0
[QTS:VAR] resolve: atom=580 scope=2 op=186
[QTS:CLOSURE] capture: var_idx=0 var_name=580
[QTS:VAR]   found: idx=5 is_arg=0
[QTS:VAR] resolve: atom=566 scope=2 op=189
[QTS:CLOSURE] capture: var_idx=0 var_name=566
[QTS:VAR]   found: idx=2 is_arg=0
[QTS:VAR] resolve: atom=568 scope=3 op=186
[QTS:CLOSURE] capture: var_idx=1 var_name=568
[QTS:VAR]   found: idx=4 is_arg=0
[QTS:VAR] resolve: atom=594 scope=4 op=189
[QTS:CLOSURE] capture: var_idx=4 var_name=594
[QTS:VAR]   found: idx=0 is_arg=0
[QTS:VAR] resolve: atom=568 scope=5 op=186
[QTS:CLOSURE] capture: var_idx=1 var_name=568
[QTS:VAR]   found: idx=4 is_arg=0
[QTS:VAR] resolve: atom=566 scope=7 op=186
[QTS:CLOSURE] capture: var_idx=0 var_name=566
[QTS:VAR]   found: idx=2 is_arg=0
[QTS:VAR] resolve: atom=597 scope=7 op=186
[QTS:CLOSURE] capture: var_idx=3 var_name=597
[QTS:VAR]   found: idx=3 is_arg=0
[QTS:VAR] resolve: atom=566 scope=8 op=189
[QTS:CLOSURE] capture: var_idx=0 var_name=566
[QTS:VAR]   found: idx=2 is_arg=0
[QTS:VAR] resolve: atom=810 scope=9 op=186
[QTS:CLOSURE] capture: var_idx=11 var_name=810
[QTS:VAR]   found: idx=6 is_arg=0
[QTS:VAR] resolve: atom=568 scope=11 op=186
[QTS:CLOSURE] capture: var_idx=1 var_name=568
[QTS:VAR]   found: idx=4 is_arg=0
[QTS:VAR] resolve: atom=811 scope=12 op=186
[QTS:CLOSURE] capture: var_idx=12 var_name=811
[QTS:VAR]   found: idx=7 is_arg=0
[QTS:VAR] resolve: atom=568 scope=13 op=186
[QTS:CLOSURE] capture: var_idx=1 var_name=568
[QTS:VAR]   found: idx=4 is_arg=0
[QTS:VAR] resolve: atom=809 scope=14 op=186
[QTS:CLOSURE] capture: var_idx=10 var_name=809
[QTS:VAR]   found: idx=1 is_arg=0
[QTS:VAR] resolve: atom=580 scope=15 op=186
[QTS:CLOSURE] capture: var_idx=0 var_name=580
[QTS:VAR]   found: idx=5 is_arg=0
[QTS:VAR] resolve: atom=566 scope=15 op=186
[QTS:CLOSURE] capture: var_idx=0 var_name=566
[QTS:VAR]   found: idx=2 is_arg=0
[QTS:VAR] resolve: atom=580 scope=15 op=186
[QTS:CLOSURE] capture: var_idx=0 var_name=580
[QTS:VAR]   found: idx=5 is_arg=0
[QTS:VAR] resolve: atom=566 scope=15 op=186
[QTS:CLOSURE] capture: var_idx=0 var_name=566
[QTS:VAR]   found: idx=2 is_arg=0
[QTS:VAR] resolve: atom=566 scope=15 op=189
[QTS:CLOSURE] capture: var_idx=0 var_name=566
[QTS:VAR]   found: idx=2 is_arg=0
[QTS:VAR] resolve: atom=568 scope=16 op=186
[QTS:CLOSURE] capture: var_idx=1 var_name=568
[QTS:VAR]   found: idx=4 is_arg=0
[QTS:VAR] resolve: atom=811 scope=17 op=186
[QTS:CLOSURE] capture: var_idx=12 var_name=811
[QTS:VAR]   found: idx=7 is_arg=0
[QTS:VAR] resolve: atom=566 scope=17 op=186
[QTS:CLOSURE] capture: var_idx=0 var_name=566
[QTS:VAR]   found: idx=2 is_arg=0
[QTS:VAR] resolve: atom=597 scope=17 op=186
[QTS:CLOSURE] capture: var_idx=3 var_name=597
[QTS:VAR]   found: idx=3 is_arg=0
[QTS:VAR] resolve: atom=576 scope=17 op=186
[QTS:CLOSURE] capture: var_idx=46 var_name=576
[QTS:VAR]   found: idx=8 is_arg=0
[QTS:VAR] resolve: atom=580 scope=17 op=186
[QTS:CLOSURE] capture: var_idx=0 var_name=580
[QTS:VAR]   found: idx=5 is_arg=0
[QTS:VAR] resolve: atom=566 scope=17 op=186
[QTS:CLOSURE] capture: var_idx=0 var_name=566
[QTS:VAR]   found: idx=2 is_arg=0
[QTS:VAR] resolve: atom=566 scope=17 op=189
[QTS:CLOSURE] capture: var_idx=0 var_name=566
[QTS:VAR]   found: idx=2 is_arg=0
[QTS:LABEL] begin: bc_len=663 label_count=21 jump_size=19 line_number_size=56 strip_debug=0
[QTS:LABEL] emit: label=1 pos=14
[QTS:LABEL] goto: opcode=108 label=2
[QTS:LABEL] goto: opcode=108 label=5
[QTS:LABEL] goto: opcode=110 label=1
[QTS:LABEL] resolve: label=1 addr=14
[QTS:LABEL] emit: label=5 pos=48
[QTS:LABEL] goto: opcode=108 label=7
[QTS:LABEL] goto: opcode=108 label=1
[QTS:LABEL] resolve: label=1 addr=14
[QTS:LABEL] emit: label=8 pos=67
[QTS:LABEL] goto: opcode=110 label=1
[QTS:LABEL] resolve: label=1 addr=14
[QTS:LABEL] emit: label=7 pos=69
[QTS:LABEL] goto: opcode=108 label=10
[QTS:LABEL] goto: opcode=108 label=1
[QTS:LABEL] resolve: label=1 addr=14
[QTS:LABEL] emit: label=11 pos=97
[QTS:LABEL] goto: opcode=110 label=1
[QTS:LABEL] resolve: label=1 addr=14
[QTS:LABEL] emit: label=10 pos=99
[QTS:LABEL] goto: opcode=108 label=12
[QTS:LABEL] goto: opcode=109 label=13
[QTS:LABEL] emit: label=13 pos=147
[QTS:LABEL] goto: opcode=108 label=1
[QTS:LABEL] resolve: label=1 addr=14
[QTS:LABEL] emit: label=14 pos=155
[QTS:LABEL] goto: opcode=110 label=1
[QTS:LABEL] resolve: label=1 addr=14
[QTS:LABEL] emit: label=12 pos=158
[QTS:LABEL] goto: opcode=108 label=1
[QTS:LABEL] resolve: label=1 addr=14
[QTS:LABEL] emit: label=17 pos=177
[QTS:LABEL] goto: opcode=108 label=2
[QTS:LABEL] emit: label=19 pos=191
[QTS:LABEL] goto: opcode=108 label=2
[QTS:LABEL] goto: opcode=110 label=17
[QTS:LABEL] resolve: label=17 addr=177
[QTS:LABEL] emit: label=2 pos=198
[QTS:PC2LINE] begin: slots=55 source_pos=33966 @parser.c:10908
[QTS:PC2LINE] init: line=1035 col=8 @parser.c:10915
[QTS:PC2LINE] end: pc2line_len=117 @parser.c:10960
[QTS:LABEL] end: out_len=196
[QTS:STACK] result: max_stack=3 var_count=0
[QTS:VAR] hoist: eval_type=0 module=0 globals=0 closures=0
[QTS:VAR] resolve: atom=594 scope=1 op=189
[QTS:CLOSURE] capture: var_idx=4 var_name=594
[QTS:VAR]   found: idx=0 is_arg=0
[QTS:VAR] resolve: atom=566 scope=1 op=186
[QTS:CLOSURE] capture: var_idx=0 var_name=566
[QTS:VAR]   found: idx=1 is_arg=0
[QTS:VAR] resolve: atom=597 scope=1 op=186
[QTS:CLOSURE] capture: var_idx=3 var_name=597
[QTS:VAR]   found: idx=2 is_arg=0
[QTS:VAR] resolve: atom=576 scope=1 op=186
[QTS:CLOSURE] capture: var_idx=46 var_name=576
[QTS:VAR]   found: idx=3 is_arg=0
[QTS:VAR] resolve: atom=580 scope=1 op=186
[QTS:CLOSURE] capture: var_idx=0 var_name=580
[QTS:VAR]   found: idx=4 is_arg=0
[QTS:VAR] resolve: atom=566 scope=1 op=186
[QTS:CLOSURE] capture: var_idx=0 var_name=566
[QTS:VAR]   found: idx=1 is_arg=0
[QTS:VAR] resolve: atom=580 scope=1 op=186
[QTS:CLOSURE] capture: var_idx=0 var_name=580
[QTS:VAR]   found: idx=4 is_arg=0
[QTS:VAR] resolve: atom=566 scope=1 op=186
[QTS:CLOSURE] capture: var_idx=0 var_name=566
[QTS:VAR]   found: idx=1 is_arg=0
[QTS:VAR] resolve: atom=566 scope=1 op=186
[QTS:CLOSURE] capture: var_idx=0 var_name=566
[QTS:VAR]   found: idx=1 is_arg=0
[QTS:VAR] resolve: atom=597 scope=1 op=186
[QTS:CLOSURE] capture: var_idx=3 var_name=597
[QTS:VAR]   found: idx=2 is_arg=0
[QTS:VAR] resolve: atom=580 scope=1 op=186
[QTS:CLOSURE] capture: var_idx=0 var_name=580
[QTS:VAR]   found: idx=4 is_arg=0
[QTS:VAR] resolve: atom=566 scope=1 op=186
[QTS:CLOSURE] capture: var_idx=0 var_name=566
[QTS:VAR]   found: idx=1 is_arg=0
[QTS:VAR] resolve: atom=566 scope=2 op=189
[QTS:CLOSURE] capture: var_idx=0 var_name=566
[QTS:VAR]   found: idx=1 is_arg=0
[QTS:LABEL] begin: bc_len=268 label_count=8 jump_size=6 line_number_size=24 strip_debug=0
[QTS:LABEL] emit: label=1 pos=6
[QTS:LABEL] goto: opcode=108 label=2
[QTS:LABEL] goto: opcode=109 label=4
[QTS:LABEL] goto: opcode=108 label=2
[QTS:LABEL] goto: opcode=109 label=6
[QTS:LABEL] emit: label=6 pos=66
[QTS:LABEL] emit: label=5 pos=66
[QTS:LABEL] emit: label=4 pos=66
[QTS:LABEL] emit: label=3 pos=66
[QTS:LABEL] goto: opcode=108 label=2
[QTS:LABEL] goto: opcode=110 label=1
[QTS:LABEL] resolve: label=1 addr=6
[QTS:LABEL] emit: label=2 pos=73
[QTS:PC2LINE] begin: slots=24 source_pos=35064 @parser.c:10908
[QTS:PC2LINE] init: line=1071 col=8 @parser.c:10915
[QTS:PC2LINE] end: pc2line_len=52 @parser.c:10960
[QTS:LABEL] end: out_len=65
[QTS:STACK] result: max_stack=3 var_count=0
[QTS:VAR] hoist: eval_type=0 module=0 globals=0 closures=0
[QTS:VAR] resolve: atom=808 scope=1 op=189
[QTS:CLOSURE] capture: var_idx=8 var_name=808
[QTS:VAR]   found: idx=0 is_arg=0
[QTS:VAR] resolve: atom=566 scope=1 op=186
[QTS:CLOSURE] capture: var_idx=0 var_name=566
[QTS:VAR]   found: idx=1 is_arg=0
[QTS:VAR] resolve: atom=597 scope=1 op=186
[QTS:CLOSURE] capture: var_idx=3 var_name=597
[QTS:VAR]   found: idx=2 is_arg=0
[QTS:VAR] resolve: atom=576 scope=1 op=186
[QTS:CLOSURE] capture: var_idx=46 var_name=576
[QTS:VAR]   found: idx=3 is_arg=0
[QTS:VAR] resolve: atom=580 scope=1 op=186
[QTS:CLOSURE] capture: var_idx=0 var_name=580
[QTS:VAR]   found: idx=4 is_arg=0
[QTS:VAR] resolve: atom=566 scope=1 op=186
[QTS:CLOSURE] capture: var_idx=0 var_name=566
[QTS:VAR]   found: idx=1 is_arg=0
[QTS:VAR] resolve: atom=566 scope=1 op=189
[QTS:CLOSURE] capture: var_idx=0 var_name=566
[QTS:VAR]   found: idx=1 is_arg=0
[QTS:VAR] resolve: atom=580 scope=1 op=186
[QTS:CLOSURE] capture: var_idx=0 var_name=580
[QTS:VAR]   found: idx=4 is_arg=0
[QTS:VAR] resolve: atom=591 scope=1 op=186
[QTS:CLOSURE] capture: var_idx=2 var_name=591
[QTS:VAR]   found: idx=5 is_arg=0
[QTS:VAR] resolve: atom=566 scope=1 op=186
[QTS:CLOSURE] capture: var_idx=0 var_name=566
[QTS:VAR]   found: idx=1 is_arg=0
[QTS:VAR] resolve: atom=834 scope=1 op=187
[QTS:VAR]   emit: op=187 idx=0
[QTS:VAR] resolve: atom=818 scope=2 op=186
[QTS:CLOSURE] capture: var_idx=18 var_name=818
[QTS:VAR]   found: idx=6 is_arg=0
[QTS:VAR] resolve: atom=834 scope=2 op=186
[QTS:VAR]   emit: op=186 idx=0
[QTS:VAR] resolve: atom=594 scope=3 op=189
[QTS:CLOSURE] capture: var_idx=4 var_name=594
[QTS:VAR]   found: idx=7 is_arg=0
[QTS:VAR] resolve: atom=829 scope=4 op=186
[QTS:CLOSURE] capture: var_idx=19 var_name=829
[QTS:VAR]   found: idx=8 is_arg=0
[QTS:VAR] resolve: atom=834 scope=4 op=186
[QTS:VAR]   emit: op=186 idx=0
[QTS:VAR] resolve: atom=808 scope=4 op=189
[QTS:CLOSURE] capture: var_idx=8 var_name=808
[QTS:VAR]   found: idx=0 is_arg=0
[QTS:VAR] resolve: atom=566 scope=1 op=186
[QTS:CLOSURE] capture: var_idx=0 var_name=566
[QTS:VAR]   found: idx=1 is_arg=0
[QTS:VAR] resolve: atom=835 scope=1 op=187
[QTS:VAR]   emit: op=187 idx=1
[QTS:VAR] resolve: atom=835 scope=1 op=186
[QTS:VAR]   emit: op=186 idx=1
[QTS:VAR] resolve: atom=597 scope=1 op=186
[QTS:CLOSURE] capture: var_idx=3 var_name=597
[QTS:VAR]   found: idx=2 is_arg=0
[QTS:VAR] resolve: atom=580 scope=1 op=186
[QTS:CLOSURE] capture: var_idx=0 var_name=580
[QTS:VAR]   found: idx=4 is_arg=0
[QTS:VAR] resolve: atom=835 scope=1 op=186
[QTS:VAR]   emit: op=186 idx=1
[QTS:VAR] resolve: atom=835 scope=1 op=189
[QTS:VAR]   emit: op=189 idx=1
[QTS:VAR] resolve: atom=835 scope=5 op=186
[QTS:VAR]   emit: op=186 idx=1
[QTS:VAR] resolve: atom=597 scope=5 op=186
[QTS:CLOSURE] capture: var_idx=3 var_name=597
[QTS:VAR]   found: idx=2 is_arg=0
[QTS:VAR] resolve: atom=580 scope=5 op=186
[QTS:CLOSURE] capture: var_idx=0 var_name=580
[QTS:VAR]   found: idx=4 is_arg=0
[QTS:VAR] resolve: atom=835 scope=5 op=186
[QTS:VAR]   emit: op=186 idx=1
[QTS:VAR] resolve: atom=594 scope=6 op=189
[QTS:CLOSURE] capture: var_idx=4 var_name=594
[QTS:VAR]   found: idx=7 is_arg=0
[QTS:VAR] resolve: atom=831 scope=7 op=186
[QTS:CLOSURE] capture: var_idx=20 var_name=831
[QTS:VAR]   found: idx=9 is_arg=0
[QTS:VAR] resolve: atom=834 scope=7 op=186
[QTS:VAR]   emit: op=186 idx=0
[QTS:VAR] resolve: atom=594 scope=8 op=189
[QTS:CLOSURE] capture: var_idx=4 var_name=594
[QTS:VAR]   found: idx=7 is_arg=0
[QTS:VAR] resolve: atom=594 scope=1 op=189
[QTS:CLOSURE] capture: var_idx=4 var_name=594
[QTS:VAR]   found: idx=7 is_arg=0
[QTS:VAR] resolve: atom=808 scope=1 op=189
[QTS:CLOSURE] capture: var_idx=8 var_name=808
[QTS:VAR]   found: idx=0 is_arg=0
[QTS:LABEL] begin: bc_len=653 label_count=20 jump_size=11 line_number_size=59 strip_debug=0
[QTS:LABEL] emit: label=1 pos=2
[QTS:LABEL] goto: opcode=108 label=2
[QTS:LABEL] emit: label=3 pos=14
[QTS:LABEL] goto: opcode=108 label=2
[QTS:LABEL] goto: opcode=110 label=1
[QTS:LABEL] resolve: label=1 addr=2
[QTS:LABEL] emit: label=2 pos=21
[QTS:LABEL] goto: opcode=108 label=5
[QTS:LABEL] goto: opcode=108 label=7
[QTS:LABEL] emit: label=7 pos=91
[QTS:LABEL] emit: label=5 pos=92
[QTS:LABEL] emit: label=9 pos=94
[QTS:LABEL] goto: opcode=108 label=10
[QTS:LABEL] emit: label=11 pos=110
[QTS:LABEL] goto: opcode=108 label=10
[QTS:LABEL] goto: opcode=110 label=9
[QTS:LABEL] resolve: label=9 addr=94
[QTS:LABEL] emit: label=10 pos=116
[QTS:LABEL] goto: opcode=108 label=14
[QTS:LABEL] emit: label=13 pos=132
[QTS:LABEL] goto: opcode=108 label=14
[QTS:LABEL] emit: label=14 pos=143
[QTS:LABEL] goto: opcode=108 label=16
[QTS:LABEL] emit: label=16 pos=168
[QTS:PC2LINE] begin: slots=58 source_pos=35913 @parser.c:10908
[QTS:PC2LINE] init: line=1089 col=8 @parser.c:10915
[QTS:PC2LINE] end: pc2line_len=119 @parser.c:10960
[QTS:LABEL] end: out_len=179
[QTS:STACK] result: max_stack=5 var_count=2
[QTS:VAR] hoist: eval_type=0 module=0 globals=0 closures=0
[QTS:VAR] resolve: atom=674 scope=1 op=186
[QTS:CLOSURE] capture: var_idx=9 var_name=674
[QTS:VAR]   found: idx=0 is_arg=0
[QTS:VAR] resolve: atom=124 scope=1 op=186
[QTS:VAR]   emit: op=186 idx=536870912
[QTS:VAR] resolve: atom=674 scope=1 op=186
[QTS:CLOSURE] capture: var_idx=9 var_name=674
[QTS:VAR]   found: idx=0 is_arg=0
[QTS:VAR] resolve: atom=674 scope=1 op=186
[QTS:CLOSURE] capture: var_idx=9 var_name=674
[QTS:VAR]   found: idx=0 is_arg=0
[QTS:VAR] resolve: atom=837 scope=1 op=186
[QTS:VAR]   emit: op=186 idx=536870913
[QTS:VAR] resolve: atom=674 scope=1 op=186
[QTS:CLOSURE] capture: var_idx=9 var_name=674
[QTS:VAR]   found: idx=0 is_arg=0
[QTS:VAR] resolve: atom=594 scope=1 op=186
[QTS:CLOSURE] capture: var_idx=4 var_name=594
[QTS:VAR]   found: idx=1 is_arg=0
[QTS:LABEL] begin: bc_len=172 label_count=4 jump_size=4 line_number_size=15 strip_debug=0
[QTS:LABEL] emit: label=0 pos=0
[QTS:LABEL] goto: opcode=108 label=1
[QTS:LABEL] goto: opcode=110 label=0
[QTS:LABEL] resolve: label=0 addr=0
[QTS:LABEL] emit: label=1 pos=23
[QTS:LABEL] emit: label=2 pos=23
[QTS:LABEL] goto: opcode=108 label=3
[QTS:LABEL] goto: opcode=110 label=2
[QTS:LABEL] resolve: label=2 addr=23
[QTS:LABEL] emit: label=3 pos=42
[QTS:PC2LINE] begin: slots=15 source_pos=36699 @parser.c:10908
[QTS:PC2LINE] init: line=1114 col=8 @parser.c:10915
[QTS:PC2LINE] end: pc2line_len=33 @parser.c:10960
[QTS:LABEL] end: out_len=43
[QTS:STACK] result: max_stack=3 var_count=0
[QTS:VAR] hoist: eval_type=0 module=0 globals=0 closures=1
[QTS:VAR] resolve: atom=580 scope=1 op=186
[QTS:VAR]   emit: op=186 idx=536870912
[QTS:VAR] resolve: atom=597 scope=1 op=187
[QTS:VAR]   emit: op=187 idx=3
[QTS:VAR] resolve: atom=806 scope=1 op=187
[QTS:VAR]   emit: op=187 idx=5
[QTS:VAR] resolve: atom=538 scope=1 op=187
[QTS:VAR]   emit: op=187 idx=6
[QTS:VAR] resolve: atom=808 scope=1 op=187
[QTS:VAR]   emit: op=187 idx=8
[QTS:VAR] resolve: atom=674 scope=1 op=187
[QTS:VAR]   emit: op=187 idx=9
[QTS:VAR] resolve: atom=818 scope=1 op=187
[QTS:VAR]   emit: op=187 idx=18
[QTS:VAR] resolve: atom=829 scope=1 op=187
[QTS:VAR]   emit: op=187 idx=19
[QTS:VAR] resolve: atom=831 scope=1 op=187
[QTS:VAR]   emit: op=187 idx=20
[QTS:VAR] resolve: atom=566 scope=2 op=189
[QTS:VAR]   emit: op=189 idx=0
[QTS:VAR] resolve: atom=566 scope=2 op=186
[QTS:VAR]   emit: op=186 idx=0
[QTS:VAR] resolve: atom=597 scope=2 op=186
[QTS:VAR]   emit: op=186 idx=3
[QTS:VAR] resolve: atom=594 scope=3 op=189
[QTS:VAR]   emit: op=189 idx=4
[QTS:VAR] resolve: atom=591 scope=3 op=189
[QTS:VAR]   emit: op=189 idx=2
[QTS:VAR] resolve: atom=566 scope=3 op=186
[QTS:VAR]   emit: op=186 idx=0
[QTS:VAR] resolve: atom=568 scope=3 op=189
[QTS:VAR]   emit: op=189 idx=1
[QTS:VAR] resolve: atom=580 scope=3 op=186
[QTS:VAR]   emit: op=186 idx=536870912
[QTS:VAR] resolve: atom=566 scope=3 op=189
[QTS:VAR]   emit: op=189 idx=0
[QTS:VAR] resolve: atom=566 scope=5 op=186
[QTS:VAR]   emit: op=186 idx=0
[QTS:VAR] resolve: atom=597 scope=5 op=186
[QTS:VAR]   emit: op=186 idx=3
[QTS:VAR] resolve: atom=580 scope=5 op=186
[QTS:VAR]   emit: op=186 idx=536870912
[QTS:VAR] resolve: atom=566 scope=5 op=186
[QTS:VAR]   emit: op=186 idx=0
[QTS:VAR] resolve: atom=568 scope=5 op=186
[QTS:VAR]   emit: op=186 idx=1
[QTS:VAR] resolve: atom=566 scope=6 op=189
[QTS:VAR]   emit: op=189 idx=0
[QTS:VAR] resolve: atom=808 scope=4 op=189
[QTS:VAR]   emit: op=189 idx=8
[QTS:VAR] resolve: atom=566 scope=7 op=186
[QTS:VAR]   emit: op=186 idx=0
[QTS:VAR] resolve: atom=597 scope=7 op=186
[QTS:VAR]   emit: op=186 idx=3
[QTS:VAR] resolve: atom=580 scope=7 op=186
[QTS:VAR]   emit: op=186 idx=536870912
[QTS:VAR] resolve: atom=566 scope=7 op=186
[QTS:VAR]   emit: op=186 idx=0
[QTS:VAR] resolve: atom=812 scope=8 op=186
[QTS:VAR]   emit: op=186 idx=13
[QTS:VAR] resolve: atom=566 scope=9 op=186
[QTS:VAR]   emit: op=186 idx=0
[QTS:VAR] resolve: atom=597 scope=9 op=186
[QTS:VAR]   emit: op=186 idx=3
[QTS:VAR] resolve: atom=580 scope=9 op=186
[QTS:VAR]   emit: op=186 idx=536870912
[QTS:VAR] resolve: atom=566 scope=9 op=186
[QTS:VAR]   emit: op=186 idx=0
[QTS:VAR] resolve: atom=813 scope=10 op=186
[QTS:VAR]   emit: op=186 idx=14
[QTS:VAR] resolve: atom=808 scope=11 op=186
[QTS:VAR]   emit: op=186 idx=8
[QTS:VAR] resolve: atom=816 scope=12 op=186
[QTS:VAR]   emit: op=186 idx=16
[QTS:VAR] resolve: atom=808 scope=12 op=189
[QTS:VAR]   emit: op=189 idx=8
[QTS:VAR] resolve: atom=808 scope=4 op=189
[QTS:VAR]   emit: op=189 idx=8
[QTS:VAR] resolve: atom=814 scope=4 op=186
[QTS:VAR]   emit: op=186 idx=15
[QTS:VAR] resolve: atom=568 scope=4 op=186
[QTS:VAR]   emit: op=186 idx=1
[QTS:VAR] resolve: atom=808 scope=4 op=189
[QTS:VAR]   emit: op=189 idx=8
[QTS:VAR] resolve: atom=808 scope=4 op=189
[QTS:VAR]   emit: op=189 idx=8
[QTS:VAR] resolve: atom=538 scope=4 op=189
[QTS:VAR]   emit: op=189 idx=6
[QTS:VAR] resolve: atom=809 scope=4 op=186
[QTS:VAR]   emit: op=186 idx=10
[QTS:VAR] resolve: atom=568 scope=4 op=186
[QTS:VAR]   emit: op=186 idx=1
[QTS:VAR] resolve: atom=808 scope=4 op=189
[QTS:VAR]   emit: op=189 idx=8
[QTS:VAR] resolve: atom=538 scope=13 op=186
[QTS:VAR]   emit: op=186 idx=6
[QTS:VAR] resolve: atom=585 scope=13 op=186
[QTS:CLOSURE] capture: var_idx=49 var_name=585
[QTS:VAR]   found: idx=1 is_arg=0
[QTS:VAR] resolve: atom=810 scope=13 op=186
[QTS:VAR]   emit: op=186 idx=11
[QTS:VAR] resolve: atom=568 scope=13 op=186
[QTS:VAR]   emit: op=186 idx=1
[QTS:VAR] resolve: atom=538 scope=14 op=189
[QTS:VAR]   emit: op=189 idx=6
[QTS:VAR] resolve: atom=811 scope=14 op=186
[QTS:VAR]   emit: op=186 idx=12
[QTS:VAR] resolve: atom=594 scope=4 op=189
[QTS:VAR]   emit: op=189 idx=4
[QTS:VAR] resolve: atom=575 scope=15 op=186
[QTS:CLOSURE] capture: var_idx=45 var_name=575
[QTS:VAR]   found: idx=2 is_arg=0
[QTS:VAR] resolve: atom=568 scope=15 op=186
[QTS:VAR]   emit: op=186 idx=1
[QTS:VAR] resolve: atom=817 scope=16 op=186
[QTS:VAR]   emit: op=186 idx=17
[QTS:VAR] resolve: atom=808 scope=16 op=189
[QTS:VAR]   emit: op=189 idx=8
[QTS:VAR] resolve: atom=576 scope=17 op=186
[QTS:CLOSURE] capture: var_idx=46 var_name=576
[QTS:VAR]   found: idx=0 is_arg=0
[QTS:VAR] resolve: atom=568 scope=17 op=186
[QTS:VAR]   emit: op=186 idx=1
[QTS:VAR] resolve: atom=568 scope=17 op=186
[QTS:VAR]   emit: op=186 idx=1
[QTS:VAR] resolve: atom=833 scope=18 op=186
[QTS:VAR]   emit: op=186 idx=21
[QTS:VAR] resolve: atom=808 scope=4 op=189
[QTS:VAR]   emit: op=189 idx=8
[QTS:VAR] resolve: atom=594 scope=19 op=186
[QTS:VAR]   emit: op=186 idx=4
[QTS:VAR] resolve: atom=836 scope=19 op=186
[QTS:VAR]   emit: op=186 idx=22
[QTS:VAR] resolve: atom=591 scope=19 op=186
[QTS:VAR]   emit: op=186 idx=2
[QTS:VAR] resolve: atom=566 scope=19 op=186
[QTS:VAR]   emit: op=186 idx=0
[QTS:VAR] resolve: atom=836 scope=1 op=186
[QTS:VAR]   emit: op=186 idx=22
[QTS:VAR] resolve: atom=597 scope=1 op=186
[QTS:VAR]   emit: op=186 idx=3
[QTS:VAR] resolve: atom=597 scope=1 op=186
[QTS:VAR]   emit: op=186 idx=3
[QTS:VAR] resolve: atom=806 scope=1 op=186
[QTS:VAR]   emit: op=186 idx=5
[QTS:VAR] resolve: atom=538 scope=1 op=186
[QTS:VAR]   emit: op=186 idx=6
[QTS:VAR] resolve: atom=674 scope=1 op=186
[QTS:VAR]   emit: op=186 idx=9
[QTS:LABEL] begin: bc_len=1597 label_count=46 jump_size=45 line_number_size=107 strip_debug=0
[QTS:LABEL] emit: label=1 pos=134
[QTS:LABEL] goto: opcode=108 label=4
[QTS:LABEL] emit: label=3 pos=142
[QTS:LABEL] goto: opcode=109 label=10
[QTS:LABEL] goto: opcode=109 label=10
[QTS:LABEL] goto: opcode=109 label=10
[QTS:LABEL] goto: opcode=108 label=11
[QTS:LABEL] emit: label=10 pos=189
[QTS:LABEL] goto: opcode=110 label=1
[QTS:LABEL] resolve: label=1 addr=134
[QTS:LABEL] emit: label=11 pos=192
[QTS:LABEL] goto: opcode=109 label=12
[QTS:LABEL] goto: opcode=108 label=13
[QTS:LABEL] emit: label=12 pos=213
[QTS:LABEL] goto: opcode=108 label=15
[QTS:LABEL] emit: label=14 pos=223
[QTS:LABEL] goto: opcode=108 label=15
[QTS:LABEL] goto: opcode=110 label=1
[QTS:LABEL] resolve: label=1 addr=134
[QTS:LABEL] emit: label=15 pos=230
[QTS:LABEL] goto: opcode=110 label=1
[QTS:LABEL] resolve: label=1 addr=134
[QTS:LABEL] emit: label=13 pos=236
[QTS:LABEL] goto: opcode=108 label=18
[QTS:LABEL] goto: opcode=108 label=20
[QTS:LABEL] emit: label=19 pos=262
[QTS:LABEL] goto: opcode=108 label=20
[QTS:LABEL] goto: opcode=110 label=9
[QTS:LABEL] emit: label=20 pos=271
[QTS:LABEL] goto: opcode=108 label=22
[QTS:LABEL] emit: label=21 pos=285
[QTS:LABEL] goto: opcode=108 label=22
[QTS:LABEL] goto: opcode=110 label=9
[QTS:LABEL] emit: label=22 pos=294
[QTS:LABEL] goto: opcode=108 label=23
[QTS:LABEL] goto: opcode=110 label=9
[QTS:LABEL] emit: label=23 pos=308
[QTS:LABEL] goto: opcode=110 label=1
[QTS:LABEL] resolve: label=1 addr=134
[QTS:LABEL] emit: label=18 pos=315
[QTS:LABEL] goto: opcode=109 label=26
[QTS:LABEL] goto: opcode=109 label=26
[QTS:LABEL] goto: opcode=108 label=27
[QTS:LABEL] emit: label=26 pos=342
[QTS:LABEL] goto: opcode=110 label=9
[QTS:LABEL] emit: label=27 pos=353
[QTS:LABEL] goto: opcode=109 label=29
[QTS:LABEL] goto: opcode=109 label=29
[QTS:LABEL] goto: opcode=108 label=30
[QTS:LABEL] emit: label=29 pos=380
[QTS:LABEL] goto: opcode=110 label=1
[QTS:LABEL] resolve: label=1 addr=134
[QTS:LABEL] emit: label=30 pos=394
[QTS:LABEL] goto: opcode=109 label=33
[QTS:LABEL] goto: opcode=109 label=33
[QTS:LABEL] goto: opcode=108 label=34
[QTS:LABEL] emit: label=33 pos=424
[QTS:LABEL] goto: opcode=108 label=37
[QTS:LABEL] emit: label=36 pos=439
[QTS:LABEL] goto: opcode=108 label=37
[QTS:LABEL] goto: opcode=110 label=1
[QTS:LABEL] resolve: label=1 addr=134
[QTS:LABEL] emit: label=37 pos=451
[QTS:LABEL] goto: opcode=110 label=9
[QTS:LABEL] emit: label=34 pos=461
[QTS:LABEL] goto: opcode=108 label=40
[QTS:LABEL] goto: opcode=110 label=9
[QTS:LABEL] emit: label=40 pos=475
[QTS:LABEL] goto: opcode=109 label=42
[QTS:LABEL] emit: label=42 pos=489
[QTS:LABEL] goto: opcode=108 label=43
[QTS:LABEL] goto: opcode=110 label=9
[QTS:LABEL] emit: label=43 pos=497
[QTS:LABEL] goto: opcode=110 label=1
[QTS:LABEL] resolve: label=1 addr=134
[QTS:LABEL] emit: label=9 pos=504
[QTS:LABEL] goto: opcode=108 label=1
[QTS:LABEL] resolve: label=1 addr=134
[QTS:LABEL] emit: label=45 pos=518
[QTS:LABEL] goto: opcode=110 label=1
[QTS:LABEL] resolve: label=1 addr=134
[QTS:LABEL] emit: label=4 pos=521
[QTS:PC2LINE] begin: slots=102 source_pos=32409 @parser.c:10908
[QTS:PC2LINE] init: line=984 col=4 @parser.c:10915
[QTS:PC2LINE] end: pc2line_len=220 @parser.c:10960
[QTS:LABEL] end: out_len=527
[QTS:STACK] result: max_stack=4 var_count=23
[QTS:VAR] hoist: eval_type=0 module=0 globals=0 closures=2
[QTS:VAR] resolve: atom=474 scope=1 op=186
[QTS:VAR]   emit: op=186 idx=536870912
[QTS:VAR] resolve: atom=473 scope=1 op=186
[QTS:VAR]   found: idx=1 is_arg=0
[QTS:VAR] resolve: atom=474 scope=1 op=186
[QTS:VAR]   emit: op=186 idx=536870912
[QTS:VAR] resolve: atom=472 scope=1 op=186
[QTS:VAR]   found: idx=0 is_arg=0
[QTS:VAR] resolve: atom=474 scope=1 op=186
[QTS:VAR]   emit: op=186 idx=536870912
[QTS:VAR] resolve: atom=157 scope=1 op=187
[QTS:VAR]   emit: op=187 idx=0
[QTS:VAR] resolve: atom=474 scope=1 op=186
[QTS:VAR]   emit: op=186 idx=536870912
[QTS:VAR] resolve: atom=161 scope=1 op=187
[QTS:VAR]   emit: op=187 idx=1
[QTS:VAR] resolve: atom=474 scope=1 op=186
[QTS:VAR]   emit: op=186 idx=536870912
[QTS:VAR] resolve: atom=158 scope=1 op=187
[QTS:VAR]   emit: op=187 idx=2
[QTS:VAR] resolve: atom=474 scope=1 op=186
[QTS:VAR]   emit: op=186 idx=536870912
[QTS:VAR] resolve: atom=167 scope=1 op=187
[QTS:VAR]   emit: op=187 idx=3
[QTS:VAR] resolve: atom=474 scope=1 op=186
[QTS:VAR]   emit: op=186 idx=536870912
[QTS:VAR] resolve: atom=165 scope=1 op=187
[QTS:VAR]   emit: op=187 idx=4
[QTS:VAR] resolve: atom=474 scope=1 op=186
[QTS:VAR]   emit: op=186 idx=536870912
[QTS:VAR] resolve: atom=295 scope=1 op=187
[QTS:VAR]   emit: op=187 idx=5
[QTS:VAR] resolve: atom=474 scope=1 op=186
[QTS:VAR]   emit: op=186 idx=536870912
[QTS:VAR] resolve: atom=293 scope=1 op=187
[QTS:VAR]   emit: op=187 idx=6
[QTS:VAR] resolve: atom=475 scope=1 op=187
[QTS:VAR]   emit: op=187 idx=7
[QTS:VAR] resolve: atom=511 scope=1 op=187
[QTS:VAR]   emit: op=187 idx=8
[QTS:VAR] resolve: atom=520 scope=1 op=187
[QTS:VAR]   emit: op=187 idx=9
[QTS:VAR] resolve: atom=521 scope=1 op=187
[QTS:VAR]   emit: op=187 idx=10
[QTS:VAR] resolve: atom=525 scope=1 op=187
[QTS:VAR]   emit: op=187 idx=14
[QTS:VAR] resolve: atom=526 scope=1 op=187
[QTS:VAR]   emit: op=187 idx=15
[QTS:VAR] resolve: atom=527 scope=1 op=187
[QTS:VAR]   emit: op=187 idx=16
[QTS:VAR] resolve: atom=528 scope=1 op=187
[QTS:VAR]   emit: op=187 idx=17
[QTS:VAR] resolve: atom=530 scope=1 op=187
[QTS:VAR]   emit: op=187 idx=18
[QTS:VAR] resolve: atom=532 scope=1 op=187
[QTS:VAR]   emit: op=187 idx=19
[QTS:VAR] resolve: atom=533 scope=1 op=187
[QTS:VAR]   emit: op=187 idx=20
[QTS:VAR] resolve: atom=534 scope=1 op=187
[QTS:VAR]   emit: op=187 idx=21
[QTS:VAR] resolve: atom=536 scope=1 op=187
[QTS:VAR]   emit: op=187 idx=23
[QTS:VAR] resolve: atom=537 scope=1 op=187
[QTS:VAR]   emit: op=187 idx=24
[QTS:VAR] resolve: atom=538 scope=1 op=187
[QTS:VAR]   emit: op=187 idx=25
[QTS:VAR] resolve: atom=539 scope=1 op=187
[QTS:VAR]   emit: op=187 idx=26
[QTS:VAR] resolve: atom=540 scope=1 op=187
[QTS:VAR]   emit: op=187 idx=27
[QTS:VAR] resolve: atom=541 scope=1 op=187
[QTS:VAR]   emit: op=187 idx=28
[QTS:VAR] resolve: atom=542 scope=1 op=187
[QTS:VAR]   emit: op=187 idx=29
[QTS:VAR] resolve: atom=546 scope=1 op=187
[QTS:VAR]   emit: op=187 idx=33
[QTS:VAR] resolve: atom=547 scope=1 op=187
[QTS:VAR]   emit: op=187 idx=34
[QTS:VAR] resolve: atom=548 scope=1 op=187
[QTS:VAR]   emit: op=187 idx=35
[QTS:VAR] resolve: atom=552 scope=1 op=187
[QTS:VAR]   emit: op=187 idx=39
[QTS:VAR] resolve: atom=618 scope=1 op=186
[QTS:VAR]   emit: op=186 idx=58
[QTS:VAR] resolve: atom=621 scope=1 op=186
[QTS:VAR]   emit: op=186 idx=61
[QTS:VAR] resolve: atom=655 scope=1 op=186
[QTS:VAR]   emit: op=186 idx=87
[QTS:VAR] resolve: atom=639 scope=1 op=186
[QTS:VAR]   emit: op=186 idx=75
[QTS:VAR] resolve: atom=619 scope=1 op=186
[QTS:VAR]   emit: op=186 idx=59
[QTS:VAR] resolve: atom=620 scope=1 op=186
[QTS:VAR]   emit: op=186 idx=60
[QTS:VAR] resolve: atom=616 scope=1 op=186
[QTS:VAR]   emit: op=186 idx=56
[QTS:VAR] resolve: atom=640 scope=1 op=186
[QTS:VAR]   emit: op=186 idx=76
[QTS:VAR] resolve: atom=680 scope=1 op=186
[QTS:VAR]   emit: op=186 idx=92
[QTS:VAR] resolve: atom=627 scope=1 op=186
[QTS:VAR]   emit: op=186 idx=66
[QTS:VAR] resolve: atom=650 scope=1 op=186
[QTS:VAR]   emit: op=186 idx=82
[QTS:VAR] resolve: atom=627 scope=1 op=186
[QTS:VAR]   emit: op=186 idx=66
[QTS:VAR] resolve: atom=630 scope=1 op=186
[QTS:VAR]   emit: op=186 idx=69
[QTS:VAR] resolve: atom=629 scope=1 op=186
[QTS:VAR]   emit: op=186 idx=68
[QTS:VAR] resolve: atom=615 scope=1 op=186
[QTS:VAR]   emit: op=186 idx=55
[QTS:VAR] resolve: atom=617 scope=1 op=186
[QTS:VAR]   emit: op=186 idx=57
[QTS:VAR] resolve: atom=617 scope=1 op=186
[QTS:VAR]   emit: op=186 idx=57
[QTS:VAR] resolve: atom=641 scope=1 op=186
[QTS:VAR]   emit: op=186 idx=77
[QTS:VAR] resolve: atom=659 scope=1 op=186
[QTS:VAR]   emit: op=186 idx=88
[QTS:VAR] resolve: atom=654 scope=1 op=186
[QTS:VAR]   emit: op=186 idx=86
[QTS:VAR] resolve: atom=629 scope=1 op=186
[QTS:VAR]   emit: op=186 idx=68
[QTS:VAR] resolve: atom=630 scope=1 op=186
[QTS:VAR]   emit: op=186 idx=69
[QTS:VAR] resolve: atom=620 scope=1 op=186
[QTS:VAR]   emit: op=186 idx=60
[QTS:VAR] resolve: atom=621 scope=1 op=186
[QTS:VAR]   emit: op=186 idx=61
[QTS:VAR] resolve: atom=625 scope=1 op=186
[QTS:VAR]   emit: op=186 idx=64
[QTS:VAR] resolve: atom=626 scope=1 op=186
[QTS:VAR]   emit: op=186 idx=65
[QTS:VAR] resolve: atom=625 scope=1 op=186
[QTS:VAR]   emit: op=186 idx=64
[QTS:VAR] resolve: atom=626 scope=1 op=186
[QTS:VAR]   emit: op=186 idx=65
[QTS:VAR] resolve: atom=618 scope=1 op=186
[QTS:VAR]   emit: op=186 idx=58
[QTS:VAR] resolve: atom=638 scope=1 op=186
[QTS:VAR]   emit: op=186 idx=74
[QTS:VAR] resolve: atom=619 scope=1 op=186
[QTS:VAR]   emit: op=186 idx=59
[QTS:VAR] resolve: atom=633 scope=1 op=186
[QTS:VAR]   emit: op=186 idx=71
[QTS:VAR] resolve: atom=634 scope=1 op=186
[QTS:VAR]   emit: op=186 idx=72
[QTS:VAR] resolve: atom=629 scope=1 op=186
[QTS:VAR]   emit: op=186 idx=68
[QTS:VAR] resolve: atom=630 scope=1 op=186
[QTS:VAR]   emit: op=186 idx=69
[QTS:VAR] resolve: atom=620 scope=1 op=186
[QTS:VAR]   emit: op=186 idx=60
[QTS:VAR] resolve: atom=621 scope=1 op=186
[QTS:VAR]   emit: op=186 idx=61
[QTS:VAR] resolve: atom=619 scope=1 op=186
[QTS:VAR]   emit: op=186 idx=59
[QTS:VAR] resolve: atom=618 scope=1 op=186
[QTS:VAR]   emit: op=186 idx=58
[QTS:VAR] resolve: atom=653 scope=1 op=186
[QTS:VAR]   emit: op=186 idx=85
[QTS:VAR] resolve: atom=626 scope=1 op=186
[QTS:VAR]   emit: op=186 idx=65
[QTS:VAR] resolve: atom=652 scope=1 op=186
[QTS:VAR]   emit: op=186 idx=84
[QTS:VAR] resolve: atom=625 scope=1 op=186
[QTS:VAR]   emit: op=186 idx=64
[QTS:VAR] resolve: atom=651 scope=1 op=186
[QTS:VAR]   emit: op=186 idx=83
[QTS:VAR] resolve: atom=648 scope=1 op=186
[QTS:VAR]   emit: op=186 idx=80
[QTS:VAR] resolve: atom=642 scope=1 op=186
[QTS:VAR]   emit: op=186 idx=78
[QTS:VAR] resolve: atom=647 scope=1 op=186
[QTS:VAR]   emit: op=186 idx=79
[QTS:VAR] resolve: atom=640 scope=1 op=186
[QTS:VAR]   emit: op=186 idx=76
[QTS:VAR] resolve: atom=694 scope=1 op=187
[QTS:VAR]   emit: op=187 idx=93
[QTS:VAR] resolve: atom=758 scope=1 op=187
[QTS:VAR]   emit: op=187 idx=102
[QTS:VAR] resolve: atom=553 scope=1 op=186
[QTS:VAR]   emit: op=186 idx=40
[QTS:VAR] resolve: atom=790 scope=1 op=186
[QTS:VAR]   emit: op=186 idx=107
[QTS:LABEL] begin: bc_len=1896 label_count=0 jump_size=0 line_number_size=72 strip_debug=0
[QTS:PC2LINE] begin: slots=70 source_pos=1403 @parser.c:10908
[QTS:PC2LINE] init: line=29 col=1 @parser.c:10915
[QTS:PC2LINE] end: pc2line_len=152 @parser.c:10960
[QTS:LABEL] end: out_len=1083
[QTS:STACK] result: max_stack=2 var_count=116
[QTS:VAR] hoist: eval_type=1 module=1 globals=0 closures=2
[QTS:VAR] resolve: atom=141 scope=1 op=186
[QTS:LABEL] begin: bc_len=43 label_count=1 jump_size=1 line_number_size=3 strip_debug=0
[QTS:LABEL] goto: opcode=108 label=0
[QTS:LABEL] emit: label=0 pos=4
[QTS:PC2LINE] begin: slots=3 source_pos=0 @parser.c:10908
[QTS:PC2LINE] init: line=0 col=0 @parser.c:10915
[QTS:PC2LINE] end: pc2line_len=13 @parser.c:10960
[QTS:LABEL] end: out_len=15
[QTS:STACK] result: max_stack=2 var_count=0
