[QTS:SCOPE] push: level=1 first_var=-1
[QTS:SCOPE] enter: idx=1 is_body=0
[QTS:EMIT] pos=0 op=182 @parser.c:1799
[QTS:EMIT] pos=1 u16=0x0001 (1) @parser.c:1772
[QTS:EMIT] pos=3 op=200 @parser.c:1786
[QTS:EMIT] pos=4 u32=0x000006a2 (1698) @parser.c:1788
[QTS:EMIT] pos=8 op=186 @parser.c:1799
[QTS:EMIT] pos=9 u32=0x000001d8 (472) @parser.c:1777
[QTS:EMIT] pos=13 u16=0x0001 (1) @parser.c:1772
[QTS:EMIT] pos=15 op=17 @parser.c:1799
[QTS:EMIT] pos=16 op=109 @parser.c:1799
[QTS:EMIT] pos=17 u32=0x00000000 (0) @parser.c:1777
[QTS:EMIT] pos=21 op=14 @parser.c:1799
[QTS:EMIT] pos=22 op=11 @parser.c:1799
[QTS:EMIT] pos=23 op=184 @parser.c:1799
[QTS:EMIT] pos=24 u32=0x00000000 (0) @parser.c:1777
[QTS:EMIT] pos=28 op=187 @parser.c:1799
[QTS:EMIT] pos=29 atom=472 @parser.c:1807
[QTS:EMIT] pos=33 u16=0x0001 (1) @parser.c:1772
[QTS:EMIT] pos=35 op=200 @parser.c:1786
[QTS:EMIT] pos=36 u32=0x000006b5 (1717) @parser.c:1788
[QTS:EMIT] pos=40 op=186 @parser.c:1799
[QTS:EMIT] pos=41 u32=0x000001d8 (472) @parser.c:1777
[QTS:EMIT] pos=45 u16=0x0001 (1) @parser.c:1772
[QTS:EMIT] pos=47 op=200 @parser.c:1786
[QTS:EMIT] pos=48 u32=0x000006c0 (1728) @parser.c:1788
[QTS:EMIT] pos=52 op=66 @parser.c:1799
[QTS:EMIT] pos=53 atom=412 @parser.c:1807
[QTS:ASSIGN] lvalue: opcode=66 scope=0 atom=412 label=-1
[QTS:SCOPE] push: level=1 first_var=-1
[QTS:SCOPE] enter: idx=1 is_body=0
[QTS:EMIT] pos=0 op=182 @parser.c:1799
[QTS:EMIT] pos=1 u16=0x0001 (1) @parser.c:1772
[QTS:EMIT] pos=3 op=200 @parser.c:1786
[QTS:EMIT] pos=4 u32=0x000006e1 (1761) @parser.c:1788
[QTS:EMIT] pos=8 op=186 @parser.c:1799
[QTS:EMIT] pos=9 u32=0x000001d8 (472) @parser.c:1777
[QTS:EMIT] pos=13 u16=0x0001 (1) @parser.c:1772
[QTS:EMIT] pos=15 op=200 @parser.c:1786
[QTS:EMIT] pos=16 u32=0x000006ec (1772) @parser.c:1788
[QTS:EMIT] pos=20 op=66 @parser.c:1799
[QTS:EMIT] pos=21 atom=412 @parser.c:1807
[QTS:EMIT] pos=25 op=17 @parser.c:1799
[QTS:EMIT] pos=26 op=109 @parser.c:1799
[QTS:EMIT] pos=27 u32=0x00000000 (0) @parser.c:1777
[QTS:EMIT] pos=31 op=14 @parser.c:1799
[QTS:EMIT] pos=32 op=200 @parser.c:1786
[QTS:EMIT] pos=33 u32=0x000006fc (1788) @parser.c:1788
[QTS:EMIT] pos=37 op=186 @parser.c:1799
[QTS:EMIT] pos=38 u32=0x000001d8 (472) @parser.c:1777
[QTS:EMIT] pos=42 u16=0x0001 (1) @parser.c:1772
[QTS:EMIT] pos=44 op=200 @parser.c:1786
[QTS:EMIT] pos=45 u32=0x00000707 (1799) @parser.c:1788
[QTS:EMIT] pos=49 op=66 @parser.c:1799
[QTS:EMIT] pos=50 atom=473 @parser.c:1807
[QTS:EMIT] pos=54 op=17 @parser.c:1799
[QTS:EMIT] pos=55 op=109 @parser.c:1799
[QTS:EMIT] pos=56 u32=0x00000000 (0) @parser.c:1777
[QTS:EMIT] pos=60 op=14 @parser.c:1799
[QTS:EMIT] pos=61 op=200 @parser.c:1786
[QTS:EMIT] pos=62 u32=0x0000071a (1818) @parser.c:1788
[QTS:EMIT] pos=66 op=186 @parser.c:1799
[QTS:EMIT] pos=67 u32=0x000001d8 (472) @parser.c:1777
[QTS:EMIT] pos=71 u16=0x0001 (1) @parser.c:1772
[QTS:EMIT] pos=73 op=200 @parser.c:1786
[QTS:EMIT] pos=74 u32=0x00000725 (1829) @parser.c:1788
[QTS:EMIT] pos=78 op=66 @parser.c:1799
[QTS:EMIT] pos=79 atom=474 @parser.c:1807
[QTS:EMIT] pos=83 op=17 @parser.c:1799
[QTS:EMIT] pos=84 op=109 @parser.c:1799
[QTS:EMIT] pos=85 u32=0x00000000 (0) @parser.c:1777
[QTS:EMIT] pos=89 op=14 @parser.c:1799
[QTS:EMIT] pos=90 op=200 @parser.c:1786
[QTS:EMIT] pos=91 u32=0x00000737 (1847) @parser.c:1788
[QTS:EMIT] pos=95 op=186 @parser.c:1799
[QTS:EMIT] pos=96 u32=0x000001d8 (472) @parser.c:1777
[QTS:EMIT] pos=100 u16=0x0001 (1) @parser.c:1772
[QTS:EMIT] pos=102 op=200 @parser.c:1786
[QTS:EMIT] pos=103 u32=0x00000742 (1858) @parser.c:1788
[QTS:EMIT] pos=107 op=66 @parser.c:1799
[QTS:EMIT] pos=108 atom=475 @parser.c:1807
[QTS:EMIT] pos=112 op=17 @parser.c:1799
[QTS:EMIT] pos=113 op=109 @parser.c:1799
[QTS:EMIT] pos=114 u32=0x00000000 (0) @parser.c:1777
[QTS:EMIT] pos=118 op=14 @parser.c:1799
[QTS:EMIT] pos=119 op=200 @parser.c:1786
[QTS:EMIT] pos=120 u32=0x00000753 (1875) @parser.c:1788
[QTS:EMIT] pos=124 op=186 @parser.c:1799
[QTS:EMIT] pos=125 u32=0x000001d8 (472) @parser.c:1777
[QTS:EMIT] pos=129 u16=0x0001 (1) @parser.c:1772
[QTS:EMIT] pos=131 op=200 @parser.c:1786
[QTS:EMIT] pos=132 u32=0x0000075e (1886) @parser.c:1788
[QTS:EMIT] pos=136 op=66 @parser.c:1799
[QTS:EMIT] pos=137 atom=476 @parser.c:1807
[QTS:EMIT] pos=141 op=17 @parser.c:1799
[QTS:EMIT] pos=142 op=109 @parser.c:1799
[QTS:EMIT] pos=143 u32=0x00000000 (0) @parser.c:1777
[QTS:EMIT] pos=147 op=14 @parser.c:1799
[QTS:EMIT] pos=148 op=200 @parser.c:1786
[QTS:EMIT] pos=149 u32=0x00000774 (1908) @parser.c:1788
[QTS:EMIT] pos=153 op=186 @parser.c:1799
[QTS:EMIT] pos=154 u32=0x000000a7 (167) @parser.c:1777
[QTS:EMIT] pos=158 u16=0x0001 (1) @parser.c:1772
[QTS:EMIT] pos=160 op=200 @parser.c:1786
[QTS:EMIT] pos=161 u32=0x00000778 (1912) @parser.c:1788
[QTS:EMIT] pos=165 op=66 @parser.c:1799
[QTS:EMIT] pos=166 atom=412 @parser.c:1807
[QTS:EMIT] pos=170 op=184 @parser.c:1799
[QTS:EMIT] pos=171 u32=0x00000000 (0) @parser.c:1777
[QTS:EMIT] pos=175 op=200 @parser.c:1786
[QTS:EMIT] pos=176 u32=0x000006da (1754) @parser.c:1788
[QTS:EMIT] pos=180 op=40 @parser.c:1799
[QTS:EMIT] pos=52 op=3 @parser.c:1799
[QTS:EMIT] pos=53 u32=0x00000000 (0) @parser.c:1777
[QTS:EMIT] pos=57 op=79 @parser.c:1799
[QTS:EMIT] pos=58 u32=0x00000000 (0) @parser.c:1777
[QTS:EMIT] pos=62 op=200 @parser.c:1786
[QTS:EMIT] pos=63 u32=0x00000780 (1920) @parser.c:1788
[QTS:EMIT] pos=67 op=34 @parser.c:1799
[QTS:EMIT] pos=68 u16=0x0000 (0) @parser.c:1772
[QTS:EMIT] pos=70 op=21 @parser.c:1799
[QTS:EMIT] pos=71 op=68 @parser.c:1799
[QTS:EMIT] pos=72 u32=0x0000019c (412) @parser.c:1777
[QTS:EMIT] pos=76 op=14 @parser.c:1799
[QTS:SCOPE] push: level=1 first_var=-1
[QTS:SCOPE] enter: idx=1 is_body=0
[QTS:EMIT] pos=0 op=182 @parser.c:1799
[QTS:EMIT] pos=1 u16=0x0001 (1) @parser.c:1772
[QTS:EMIT] pos=3 op=200 @parser.c:1786
[QTS:EMIT] pos=4 u32=0x000009bf (2495) @parser.c:1788
[QTS:EMIT] pos=8 op=186 @parser.c:1799
[QTS:EMIT] pos=9 atom=8 @parser.c:1807
[QTS:EMIT] pos=13 u16=0x0000 (0) @parser.c:1772
[QTS:EMIT] pos=15 op=200 @parser.c:1786
[QTS:EMIT] pos=16 u32=0x000009c3 (2499) @parser.c:1788
[QTS:EMIT] pos=20 op=66 @parser.c:1799
[QTS:EMIT] pos=21 atom=56 @parser.c:1807
[QTS:ASSIGN] lvalue: opcode=66 scope=0 atom=56 label=-1
[QTS:EMIT] pos=20 op=200 @parser.c:1786
[QTS:EMIT] pos=21 u32=0x000009cb (2507) @parser.c:1788
[QTS:EMIT] pos=25 op=186 @parser.c:1799
[QTS:EMIT] pos=26 u32=0x00000038 (56) @parser.c:1777
[QTS:EMIT] pos=30 u16=0x0001 (1) @parser.c:1772
[QTS:EMIT] pos=32 op=21 @parser.c:1799
[QTS:EMIT] pos=33 op=68 @parser.c:1799
[QTS:EMIT] pos=34 u32=0x00000038 (56) @parser.c:1777
[QTS:EMIT] pos=38 op=14 @parser.c:1799
[QTS:EMIT] pos=39 op=200 @parser.c:1786
[QTS:EMIT] pos=40 u32=0x000009d5 (2517) @parser.c:1788
[QTS:EMIT] pos=44 op=186 @parser.c:1799
[QTS:EMIT] pos=45 atom=8 @parser.c:1807
[QTS:EMIT] pos=49 u16=0x0000 (0) @parser.c:1772
[QTS:EMIT] pos=51 op=200 @parser.c:1786
[QTS:EMIT] pos=52 u32=0x000009d9 (2521) @parser.c:1788
[QTS:EMIT] pos=56 op=66 @parser.c:1799
[QTS:EMIT] pos=57 atom=478 @parser.c:1807
[QTS:ASSIGN] lvalue: opcode=66 scope=0 atom=478 label=-1
[QTS:EMIT] pos=56 op=200 @parser.c:1786
[QTS:EMIT] pos=57 u32=0x000009e5 (2533) @parser.c:1788
[QTS:EMIT] pos=61 op=186 @parser.c:1799
[QTS:EMIT] pos=62 u32=0x000001de (478) @parser.c:1777
[QTS:EMIT] pos=66 u16=0x0001 (1) @parser.c:1772
[QTS:EMIT] pos=68 op=21 @parser.c:1799
[QTS:EMIT] pos=69 op=68 @parser.c:1799
[QTS:EMIT] pos=70 u32=0x000001de (478) @parser.c:1777
[QTS:EMIT] pos=74 op=14 @parser.c:1799
[QTS:EMIT] pos=75 op=200 @parser.c:1786
[QTS:EMIT] pos=76 u32=0x000009f3 (2547) @parser.c:1788
[QTS:EMIT] pos=80 op=186 @parser.c:1799
[QTS:EMIT] pos=81 atom=8 @parser.c:1807
[QTS:EMIT] pos=85 u16=0x0000 (0) @parser.c:1772
[QTS:EMIT] pos=87 op=200 @parser.c:1786
[QTS:EMIT] pos=88 u32=0x000009f7 (2551) @parser.c:1788
[QTS:EMIT] pos=92 op=66 @parser.c:1799
[QTS:EMIT] pos=93 atom=479 @parser.c:1807
[QTS:ASSIGN] lvalue: opcode=66 scope=0 atom=479 label=-1
[QTS:EMIT] pos=92 op=200 @parser.c:1786
[QTS:EMIT] pos=93 u32=0x00000a0a (2570) @parser.c:1788
[QTS:EMIT] pos=97 op=186 @parser.c:1799
[QTS:EMIT] pos=98 u32=0x000001df (479) @parser.c:1777
[QTS:EMIT] pos=102 u16=0x0001 (1) @parser.c:1772
[QTS:EMIT] pos=104 op=21 @parser.c:1799
[QTS:EMIT] pos=105 op=68 @parser.c:1799
[QTS:EMIT] pos=106 u32=0x000001df (479) @parser.c:1777
[QTS:EMIT] pos=110 op=14 @parser.c:1799
[QTS:EMIT] pos=111 op=200 @parser.c:1786
[QTS:EMIT] pos=112 u32=0x00000a1f (2591) @parser.c:1788
[QTS:EMIT] pos=116 op=186 @parser.c:1799
[QTS:EMIT] pos=117 atom=8 @parser.c:1807
[QTS:EMIT] pos=121 u16=0x0000 (0) @parser.c:1772
[QTS:EMIT] pos=123 op=200 @parser.c:1786
[QTS:EMIT] pos=124 u32=0x00000a23 (2595) @parser.c:1788
[QTS:EMIT] pos=128 op=66 @parser.c:1799
[QTS:EMIT] pos=129 atom=480 @parser.c:1807
[QTS:ASSIGN] lvalue: opcode=66 scope=0 atom=480 label=-1
[QTS:EMIT] pos=128 op=200 @parser.c:1786
[QTS:EMIT] pos=129 u32=0x00000a3e (2622) @parser.c:1788
[QTS:EMIT] pos=133 op=186 @parser.c:1799
[QTS:EMIT] pos=134 u32=0x000001e0 (480) @parser.c:1777
[QTS:EMIT] pos=138 u16=0x0001 (1) @parser.c:1772
[QTS:EMIT] pos=140 op=21 @parser.c:1799
[QTS:EMIT] pos=141 op=68 @parser.c:1799
[QTS:EMIT] pos=142 u32=0x000001e0 (480) @parser.c:1777
[QTS:EMIT] pos=146 op=14 @parser.c:1799
[QTS:EMIT] pos=147 op=200 @parser.c:1786
[QTS:EMIT] pos=148 u32=0x00000a5b (2651) @parser.c:1788
[QTS:EMIT] pos=152 op=186 @parser.c:1799
[QTS:EMIT] pos=153 atom=8 @parser.c:1807
[QTS:EMIT] pos=157 u16=0x0000 (0) @parser.c:1772
[QTS:EMIT] pos=159 op=200 @parser.c:1786
[QTS:EMIT] pos=160 u32=0x00000a5f (2655) @parser.c:1788
[QTS:EMIT] pos=164 op=66 @parser.c:1799
[QTS:EMIT] pos=165 atom=481 @parser.c:1807
[QTS:ASSIGN] lvalue: opcode=66 scope=0 atom=481 label=-1
[QTS:EMIT] pos=164 op=200 @parser.c:1786
[QTS:EMIT] pos=165 u32=0x00000a66 (2662) @parser.c:1788
[QTS:EMIT] pos=169 op=186 @parser.c:1799
[QTS:EMIT] pos=170 u32=0x000001e1 (481) @parser.c:1777
[QTS:EMIT] pos=174 u16=0x0001 (1) @parser.c:1772
[QTS:EMIT] pos=176 op=21 @parser.c:1799
[QTS:EMIT] pos=177 op=68 @parser.c:1799
[QTS:EMIT] pos=178 u32=0x000001e1 (481) @parser.c:1777
[QTS:EMIT] pos=182 op=14 @parser.c:1799
[QTS:EMIT] pos=183 op=200 @parser.c:1786
[QTS:EMIT] pos=184 u32=0x00000a6f (2671) @parser.c:1788
[QTS:EMIT] pos=188 op=186 @parser.c:1799
[QTS:EMIT] pos=189 atom=8 @parser.c:1807
[QTS:EMIT] pos=193 u16=0x0000 (0) @parser.c:1772
[QTS:EMIT] pos=195 op=200 @parser.c:1786
[QTS:EMIT] pos=196 u32=0x00000a73 (2675) @parser.c:1788
[QTS:EMIT] pos=200 op=66 @parser.c:1799
[QTS:EMIT] pos=201 atom=486 @parser.c:1807
[QTS:ASSIGN] lvalue: opcode=66 scope=0 atom=486 label=-1
[QTS:EMIT] pos=200 op=200 @parser.c:1786
[QTS:EMIT] pos=201 u32=0x00000a7c (2684) @parser.c:1788
[QTS:EMIT] pos=205 op=186 @parser.c:1799
[QTS:EMIT] pos=206 u32=0x000001e2 (482) @parser.c:1777
[QTS:EMIT] pos=210 u16=0x0001 (1) @parser.c:1772
[QTS:EMIT] pos=212 op=108 @parser.c:1799
[QTS:EMIT] pos=213 u32=0x00000000 (0) @parser.c:1777
[QTS:EMIT] pos=217 op=200 @parser.c:1786
[QTS:EMIT] pos=218 u32=0x00000a84 (2692) @parser.c:1788
[QTS:EMIT] pos=222 op=186 @parser.c:1799
[QTS:EMIT] pos=223 u32=0x000001e2 (482) @parser.c:1777
[QTS:EMIT] pos=227 u16=0x0001 (1) @parser.c:1772
[QTS:EMIT] pos=229 op=110 @parser.c:1799
[QTS:EMIT] pos=230 u32=0x00000001 (1) @parser.c:1777
[QTS:EMIT] pos=234 op=184 @parser.c:1799
[QTS:EMIT] pos=235 u32=0x00000000 (0) @parser.c:1777
[QTS:SCOPE] push: level=1 first_var=-1
[QTS:SCOPE] enter: idx=1 is_body=0
[QTS:EMIT] pos=0 op=182 @parser.c:1799
[QTS:EMIT] pos=1 u16=0x0001 (1) @parser.c:1772
[QTS:EMIT] pos=3 op=41 @parser.c:1799
[QTS:EMIT] pos=239 op=3 @parser.c:1799
[QTS:EMIT] pos=240 u32=0x00000000 (0) @parser.c:1777
[QTS:EMIT] pos=244 op=79 @parser.c:1799
[QTS:EMIT] pos=245 u32=0x00000000 (0) @parser.c:1777
[QTS:EMIT] pos=249 op=184 @parser.c:1799
[QTS:EMIT] pos=250 u32=0x00000001 (1) @parser.c:1777
[QTS:EMIT] pos=254 op=21 @parser.c:1799
[QTS:EMIT] pos=255 op=68 @parser.c:1799
[QTS:EMIT] pos=256 u32=0x000001e6 (486) @parser.c:1777
[QTS:EMIT] pos=260 op=14 @parser.c:1799
[QTS:EMIT] pos=261 op=200 @parser.c:1786
[QTS:EMIT] pos=262 u32=0x00000aa1 (2721) @parser.c:1788
[QTS:EMIT] pos=266 op=186 @parser.c:1799
[QTS:EMIT] pos=267 atom=8 @parser.c:1807
[QTS:EMIT] pos=271 u16=0x0000 (0) @parser.c:1772
[QTS:EMIT] pos=273 op=200 @parser.c:1786
[QTS:EMIT] pos=274 u32=0x00000aa5 (2725) @parser.c:1788
[QTS:EMIT] pos=278 op=66 @parser.c:1799
[QTS:EMIT] pos=279 atom=487 @parser.c:1807
[QTS:ASSIGN] lvalue: opcode=66 scope=0 atom=487 label=-1
[QTS:EMIT] pos=278 op=200 @parser.c:1786
[QTS:EMIT] pos=279 u32=0x00000ab1 (2737) @parser.c:1788
[QTS:EMIT] pos=283 op=186 @parser.c:1799
[QTS:EMIT] pos=284 u32=0x000001e3 (483) @parser.c:1777
[QTS:EMIT] pos=288 u16=0x0001 (1) @parser.c:1772
[QTS:EMIT] pos=290 op=108 @parser.c:1799
[QTS:EMIT] pos=291 u32=0x00000002 (2) @parser.c:1777
[QTS:EMIT] pos=295 op=200 @parser.c:1786
[QTS:EMIT] pos=296 u32=0x00000abc (2748) @parser.c:1788
[QTS:EMIT] pos=300 op=186 @parser.c:1799
[QTS:EMIT] pos=301 u32=0x000001e3 (483) @parser.c:1777
[QTS:EMIT] pos=305 u16=0x0001 (1) @parser.c:1772
[QTS:EMIT] pos=307 op=110 @parser.c:1799
[QTS:EMIT] pos=308 u32=0x00000003 (3) @parser.c:1777
[QTS:EMIT] pos=312 op=184 @parser.c:1799
[QTS:EMIT] pos=313 u32=0x00000002 (2) @parser.c:1777
[QTS:SCOPE] push: level=1 first_var=-1
[QTS:SCOPE] enter: idx=1 is_body=0
[QTS:EMIT] pos=0 op=182 @parser.c:1799
[QTS:EMIT] pos=1 u16=0x0001 (1) @parser.c:1772
[QTS:EMIT] pos=3 op=41 @parser.c:1799
[QTS:EMIT] pos=317 op=3 @parser.c:1799
[QTS:EMIT] pos=318 u32=0x00000001 (1) @parser.c:1777
[QTS:EMIT] pos=322 op=79 @parser.c:1799
[QTS:EMIT] pos=323 u32=0x00000000 (0) @parser.c:1777
[QTS:EMIT] pos=327 op=184 @parser.c:1799
[QTS:EMIT] pos=328 u32=0x00000003 (3) @parser.c:1777
[QTS:EMIT] pos=332 op=21 @parser.c:1799
[QTS:EMIT] pos=333 op=68 @parser.c:1799
[QTS:EMIT] pos=334 u32=0x000001e7 (487) @parser.c:1777
[QTS:EMIT] pos=338 op=14 @parser.c:1799
[QTS:EMIT] pos=339 op=200 @parser.c:1786
[QTS:EMIT] pos=340 u32=0x00000adc (2780) @parser.c:1788
[QTS:EMIT] pos=344 op=186 @parser.c:1799
[QTS:EMIT] pos=345 atom=8 @parser.c:1807
[QTS:EMIT] pos=349 u16=0x0000 (0) @parser.c:1772
[QTS:EMIT] pos=351 op=200 @parser.c:1786
[QTS:EMIT] pos=352 u32=0x00000ae0 (2784) @parser.c:1788
[QTS:EMIT] pos=356 op=66 @parser.c:1799
[QTS:EMIT] pos=357 atom=484 @parser.c:1807
[QTS:ASSIGN] lvalue: opcode=66 scope=0 atom=484 label=-1
[QTS:EMIT] pos=356 op=200 @parser.c:1786
[QTS:EMIT] pos=357 u32=0x00000aed (2797) @parser.c:1788
[QTS:EMIT] pos=361 op=186 @parser.c:1799
[QTS:EMIT] pos=362 u32=0x000001e4 (484) @parser.c:1777
[QTS:EMIT] pos=366 u16=0x0001 (1) @parser.c:1772
[QTS:EMIT] pos=368 op=108 @parser.c:1799
[QTS:EMIT] pos=369 u32=0x00000004 (4) @parser.c:1777
[QTS:EMIT] pos=373 op=200 @parser.c:1786
[QTS:EMIT] pos=374 u32=0x00000af9 (2809) @parser.c:1788
[QTS:EMIT] pos=378 op=186 @parser.c:1799
[QTS:EMIT] pos=379 u32=0x000001e4 (484) @parser.c:1777
[QTS:EMIT] pos=383 u16=0x0001 (1) @parser.c:1772
[QTS:EMIT] pos=385 op=110 @parser.c:1799
[QTS:EMIT] pos=386 u32=0x00000005 (5) @parser.c:1777
[QTS:EMIT] pos=390 op=184 @parser.c:1799
[QTS:EMIT] pos=391 u32=0x00000004 (4) @parser.c:1777
[QTS:EMIT] pos=395 op=7 @parser.c:1799
[QTS:EMIT] pos=396 op=184 @parser.c:1799
[QTS:EMIT] pos=397 u32=0x00000005 (5) @parser.c:1777
[QTS:EMIT] pos=401 op=21 @parser.c:1799
[QTS:EMIT] pos=402 op=68 @parser.c:1799
[QTS:EMIT] pos=403 u32=0x000001e4 (484) @parser.c:1777
[QTS:EMIT] pos=407 op=14 @parser.c:1799
[QTS:EMIT] pos=408 op=200 @parser.c:1786
[QTS:EMIT] pos=409 u32=0x00000b0f (2831) @parser.c:1788
[QTS:EMIT] pos=413 op=186 @parser.c:1799
[QTS:EMIT] pos=414 atom=8 @parser.c:1807
[QTS:EMIT] pos=418 u16=0x0000 (0) @parser.c:1772
[QTS:EMIT] pos=420 op=200 @parser.c:1786
[QTS:EMIT] pos=421 u32=0x00000b13 (2835) @parser.c:1788
[QTS:EMIT] pos=425 op=66 @parser.c:1799
[QTS:EMIT] pos=426 atom=485 @parser.c:1807
[QTS:ASSIGN] lvalue: opcode=66 scope=0 atom=485 label=-1
[QTS:EMIT] pos=425 op=200 @parser.c:1786
[QTS:EMIT] pos=426 u32=0x00000b24 (2852) @parser.c:1788
[QTS:EMIT] pos=430 op=186 @parser.c:1799
[QTS:EMIT] pos=431 u32=0x000001e5 (485) @parser.c:1777
[QTS:EMIT] pos=435 u16=0x0001 (1) @parser.c:1772
[QTS:EMIT] pos=437 op=108 @parser.c:1799
[QTS:EMIT] pos=438 u32=0x00000006 (6) @parser.c:1777
[QTS:EMIT] pos=442 op=200 @parser.c:1786
[QTS:EMIT] pos=443 u32=0x00000b34 (2868) @parser.c:1788
[QTS:EMIT] pos=447 op=186 @parser.c:1799
[QTS:EMIT] pos=448 u32=0x000001e5 (485) @parser.c:1777
[QTS:EMIT] pos=452 u16=0x0001 (1) @parser.c:1772
[QTS:EMIT] pos=454 op=110 @parser.c:1799
[QTS:EMIT] pos=455 u32=0x00000007 (7) @parser.c:1777
[QTS:EMIT] pos=459 op=184 @parser.c:1799
[QTS:EMIT] pos=460 u32=0x00000006 (6) @parser.c:1777
[QTS:EMIT] pos=464 op=1 @parser.c:1799
[QTS:EMIT] pos=465 u32=0x00000020 (32) @parser.c:1777
[QTS:EMIT] pos=469 op=184 @parser.c:1799
[QTS:EMIT] pos=470 u32=0x00000007 (7) @parser.c:1777
[QTS:EMIT] pos=474 op=21 @parser.c:1799
[QTS:EMIT] pos=475 op=68 @parser.c:1799
[QTS:EMIT] pos=476 u32=0x000001e5 (485) @parser.c:1777
[QTS:EMIT] pos=480 op=14 @parser.c:1799
[QTS:EMIT] pos=481 op=41 @parser.c:1799
[QTS:SCOPE] push: level=1 first_var=-1
[QTS:SCOPE] enter: idx=1 is_body=0
[QTS:EMIT] pos=0 op=182 @parser.c:1799
[QTS:EMIT] pos=1 u16=0x0001 (1) @parser.c:1772
[QTS:EMIT] pos=3 op=200 @parser.c:1786
[QTS:EMIT] pos=4 u32=0x00000c88 (3208) @parser.c:1788
[QTS:EMIT] pos=8 op=186 @parser.c:1799
[QTS:EMIT] pos=9 atom=8 @parser.c:1807
[QTS:EMIT] pos=13 u16=0x0000 (0) @parser.c:1772
[QTS:EMIT] pos=15 op=200 @parser.c:1786
[QTS:EMIT] pos=16 u32=0x00000c8c (3212) @parser.c:1788
[QTS:EMIT] pos=20 op=66 @parser.c:1799
[QTS:EMIT] pos=21 atom=489 @parser.c:1807
[QTS:ASSIGN] lvalue: opcode=66 scope=0 atom=489 label=-1
[QTS:EMIT] pos=20 op=200 @parser.c:1786
[QTS:EMIT] pos=21 u32=0x00000c99 (3225) @parser.c:1788
[QTS:EMIT] pos=25 op=186 @parser.c:1799
[QTS:EMIT] pos=26 u32=0x000001e9 (489) @parser.c:1777
[QTS:EMIT] pos=30 u16=0x0001 (1) @parser.c:1772
[QTS:EMIT] pos=32 op=21 @parser.c:1799
[QTS:EMIT] pos=33 op=68 @parser.c:1799
[QTS:EMIT] pos=34 u32=0x000001e9 (489) @parser.c:1777
[QTS:EMIT] pos=38 op=14 @parser.c:1799
[QTS:EMIT] pos=39 op=200 @parser.c:1786
[QTS:EMIT] pos=40 u32=0x00000ca8 (3240) @parser.c:1788
[QTS:EMIT] pos=44 op=186 @parser.c:1799
[QTS:EMIT] pos=45 atom=8 @parser.c:1807
[QTS:EMIT] pos=49 u16=0x0000 (0) @parser.c:1772
[QTS:EMIT] pos=51 op=200 @parser.c:1786
[QTS:EMIT] pos=52 u32=0x00000cac (3244) @parser.c:1788
[QTS:EMIT] pos=56 op=66 @parser.c:1799
[QTS:EMIT] pos=57 atom=490 @parser.c:1807
[QTS:ASSIGN] lvalue: opcode=66 scope=0 atom=490 label=-1
[QTS:EMIT] pos=56 op=200 @parser.c:1786
[QTS:EMIT] pos=57 u32=0x00000cb4 (3252) @parser.c:1788
[QTS:EMIT] pos=61 op=186 @parser.c:1799
[QTS:EMIT] pos=62 u32=0x000001ea (490) @parser.c:1777
[QTS:EMIT] pos=66 u16=0x0001 (1) @parser.c:1772
[QTS:EMIT] pos=68 op=21 @parser.c:1799
[QTS:EMIT] pos=69 op=68 @parser.c:1799
[QTS:EMIT] pos=70 u32=0x000001ea (490) @parser.c:1777
[QTS:EMIT] pos=74 op=14 @parser.c:1799
[QTS:EMIT] pos=75 op=200 @parser.c:1786
[QTS:EMIT] pos=76 u32=0x00000cbe (3262) @parser.c:1788
[QTS:EMIT] pos=80 op=186 @parser.c:1799
[QTS:EMIT] pos=81 atom=8 @parser.c:1807
[QTS:EMIT] pos=85 u16=0x0000 (0) @parser.c:1772
[QTS:EMIT] pos=87 op=200 @parser.c:1786
[QTS:EMIT] pos=88 u32=0x00000cc2 (3266) @parser.c:1788
[QTS:EMIT] pos=92 op=66 @parser.c:1799
[QTS:EMIT] pos=93 atom=491 @parser.c:1807
[QTS:ASSIGN] lvalue: opcode=66 scope=0 atom=491 label=-1
[QTS:EMIT] pos=92 op=200 @parser.c:1786
[QTS:EMIT] pos=93 u32=0x00000ccd (3277) @parser.c:1788
[QTS:EMIT] pos=97 op=186 @parser.c:1799
[QTS:EMIT] pos=98 u32=0x000001eb (491) @parser.c:1777
[QTS:EMIT] pos=102 u16=0x0001 (1) @parser.c:1772
[QTS:EMIT] pos=104 op=21 @parser.c:1799
[QTS:EMIT] pos=105 op=68 @parser.c:1799
[QTS:EMIT] pos=106 u32=0x000001eb (491) @parser.c:1777
[QTS:EMIT] pos=110 op=14 @parser.c:1799
[QTS:EMIT] pos=111 op=41 @parser.c:1799
[QTS:EMIT] pos=77 op=200 @parser.c:1786
[QTS:EMIT] pos=78 u32=0x00000d30 (3376) @parser.c:1788
[QTS:EMIT] pos=82 op=186 @parser.c:1799
[QTS:EMIT] pos=83 u32=0x000001e8 (488) @parser.c:1777
[QTS:EMIT] pos=87 u16=0x0001 (1) @parser.c:1772
[QTS:EMIT] pos=89 op=200 @parser.c:1786
[QTS:EMIT] pos=90 u32=0x00000d3f (3391) @parser.c:1788
[QTS:EMIT] pos=94 op=66 @parser.c:1799
[QTS:EMIT] pos=95 atom=61 @parser.c:1807
[QTS:EMIT] pos=99 op=200 @parser.c:1786
[QTS:EMIT] pos=100 u32=0x00000d49 (3401) @parser.c:1788
[QTS:EMIT] pos=104 op=66 @parser.c:1799
[QTS:EMIT] pos=105 atom=59 @parser.c:1807
[QTS:ASSIGN] lvalue: opcode=66 scope=0 atom=59 label=-1
[QTS:SCOPE] push: level=1 first_var=-1
[QTS:SCOPE] enter: idx=1 is_body=0
[QTS:EMIT] pos=0 op=182 @parser.c:1799
[QTS:EMIT] pos=1 u16=0x0001 (1) @parser.c:1772
[QTS:EMIT] pos=3 op=186 @parser.c:1799
[QTS:EMIT] pos=4 atom=8 @parser.c:1807
[QTS:EMIT] pos=8 u16=0x0000 (0) @parser.c:1772
[QTS:EMIT] pos=10 op=200 @parser.c:1786
[QTS:EMIT] pos=11 u32=0x00000d71 (3441) @parser.c:1788
[QTS:EMIT] pos=15 op=66 @parser.c:1799
[QTS:EMIT] pos=16 atom=490 @parser.c:1807
[QTS:EMIT] pos=20 op=200 @parser.c:1786
[QTS:EMIT] pos=21 u32=0x00000d66 (3430) @parser.c:1788
[QTS:EMIT] pos=25 op=40 @parser.c:1799
[QTS:EMIT] pos=104 op=3 @parser.c:1799
[QTS:EMIT] pos=105 u32=0x00000003 (3) @parser.c:1777
[QTS:EMIT] pos=109 op=79 @parser.c:1799
[QTS:EMIT] pos=110 u32=0x00000000 (0) @parser.c:1777
[QTS:EMIT] pos=114 op=21 @parser.c:1799
[QTS:EMIT] pos=115 op=68 @parser.c:1799
[QTS:EMIT] pos=116 u32=0x0000003b (59) @parser.c:1777
[QTS:EMIT] pos=120 op=14 @parser.c:1799
[QTS:SCOPE] push: level=1 first_var=-1
[QTS:SCOPE] enter: idx=1 is_body=0
[QTS:EMIT] pos=0 op=182 @parser.c:1799
[QTS:EMIT] pos=1 u16=0x0001 (1) @parser.c:1772
[QTS:EMIT] pos=3 op=200 @parser.c:1786
[QTS:EMIT] pos=4 u32=0x00000eb8 (3768) @parser.c:1788
[QTS:EMIT] pos=8 op=186 @parser.c:1799
[QTS:EMIT] pos=9 atom=8 @parser.c:1807
[QTS:EMIT] pos=13 u16=0x0000 (0) @parser.c:1772
[QTS:EMIT] pos=15 op=200 @parser.c:1786
[QTS:EMIT] pos=16 u32=0x00000ebc (3772) @parser.c:1788
[QTS:EMIT] pos=20 op=66 @parser.c:1799
[QTS:EMIT] pos=21 atom=56 @parser.c:1807
[QTS:ASSIGN] lvalue: opcode=66 scope=0 atom=56 label=-1
[QTS:EMIT] pos=20 op=200 @parser.c:1786
[QTS:EMIT] pos=21 u32=0x00000ec4 (3780) @parser.c:1788
[QTS:EMIT] pos=25 op=186 @parser.c:1799
[QTS:EMIT] pos=26 u32=0x00000038 (56) @parser.c:1777
[QTS:EMIT] pos=30 u16=0x0001 (1) @parser.c:1772
[QTS:EMIT] pos=32 op=21 @parser.c:1799
[QTS:EMIT] pos=33 op=68 @parser.c:1799
[QTS:EMIT] pos=34 u32=0x00000038 (56) @parser.c:1777
[QTS:EMIT] pos=38 op=14 @parser.c:1799
[QTS:EMIT] pos=39 op=200 @parser.c:1786
[QTS:EMIT] pos=40 u32=0x00000ece (3790) @parser.c:1788
[QTS:EMIT] pos=44 op=186 @parser.c:1799
[QTS:EMIT] pos=45 atom=8 @parser.c:1807
[QTS:EMIT] pos=49 u16=0x0000 (0) @parser.c:1772
[QTS:EMIT] pos=51 op=200 @parser.c:1786
[QTS:EMIT] pos=52 u32=0x00000ed2 (3794) @parser.c:1788
[QTS:EMIT] pos=56 op=66 @parser.c:1799
[QTS:EMIT] pos=57 atom=493 @parser.c:1807
[QTS:ASSIGN] lvalue: opcode=66 scope=0 atom=493 label=-1
[QTS:EMIT] pos=56 op=200 @parser.c:1786
[QTS:EMIT] pos=57 u32=0x00000edf (3807) @parser.c:1788
[QTS:EMIT] pos=61 op=186 @parser.c:1799
[QTS:EMIT] pos=62 u32=0x000001ed (493) @parser.c:1777
[QTS:EMIT] pos=66 u16=0x0001 (1) @parser.c:1772
[QTS:EMIT] pos=68 op=21 @parser.c:1799
[QTS:EMIT] pos=69 op=68 @parser.c:1799
[QTS:EMIT] pos=70 u32=0x000001ed (493) @parser.c:1777
[QTS:EMIT] pos=74 op=14 @parser.c:1799
[QTS:EMIT] pos=75 op=200 @parser.c:1786
[QTS:EMIT] pos=76 u32=0x00000eee (3822) @parser.c:1788
[QTS:EMIT] pos=80 op=186 @parser.c:1799
[QTS:EMIT] pos=81 atom=8 @parser.c:1807
[QTS:EMIT] pos=85 u16=0x0000 (0) @parser.c:1772
[QTS:EMIT] pos=87 op=200 @parser.c:1786
[QTS:EMIT] pos=88 u32=0x00000ef2 (3826) @parser.c:1788
[QTS:EMIT] pos=92 op=66 @parser.c:1799
[QTS:EMIT] pos=93 atom=494 @parser.c:1807
[QTS:ASSIGN] lvalue: opcode=66 scope=0 atom=494 label=-1
[QTS:EMIT] pos=92 op=200 @parser.c:1786
[QTS:EMIT] pos=93 u32=0x00000f00 (3840) @parser.c:1788
[QTS:EMIT] pos=97 op=186 @parser.c:1799
[QTS:EMIT] pos=98 u32=0x000001ee (494) @parser.c:1777
[QTS:EMIT] pos=102 u16=0x0001 (1) @parser.c:1772
[QTS:EMIT] pos=104 op=21 @parser.c:1799
[QTS:EMIT] pos=105 op=68 @parser.c:1799
[QTS:EMIT] pos=106 u32=0x000001ee (494) @parser.c:1777
[QTS:EMIT] pos=110 op=14 @parser.c:1799
[QTS:EMIT] pos=111 op=200 @parser.c:1786
[QTS:EMIT] pos=112 u32=0x00000f10 (3856) @parser.c:1788
[QTS:EMIT] pos=116 op=186 @parser.c:1799
[QTS:EMIT] pos=117 u32=0x000001ec (492) @parser.c:1777
[QTS:EMIT] pos=121 u16=0x0001 (1) @parser.c:1772
[QTS:EMIT] pos=123 op=200 @parser.c:1786
[QTS:EMIT] pos=124 u32=0x00000f1e (3870) @parser.c:1788
[QTS:EMIT] pos=128 op=66 @parser.c:1799
[QTS:EMIT] pos=129 atom=495 @parser.c:1807
[QTS:EMIT] pos=133 op=200 @parser.c:1786
[QTS:EMIT] pos=134 u32=0x00000f25 (3877) @parser.c:1788
[QTS:EMIT] pos=138 op=66 @parser.c:1799
[QTS:EMIT] pos=139 atom=277 @parser.c:1807
[QTS:EMIT] pos=143 op=186 @parser.c:1799
[QTS:EMIT] pos=144 atom=8 @parser.c:1807
[QTS:EMIT] pos=148 u16=0x0000 (0) @parser.c:1772
[QTS:EMIT] pos=150 op=200 @parser.c:1786
[QTS:EMIT] pos=151 u32=0x00000f2a (3882) @parser.c:1788
[QTS:EMIT] pos=155 op=36 @parser.c:1799
[QTS:EMIT] pos=156 u16=0x0001 (1) @parser.c:1772
[QTS:EMIT] pos=158 op=14 @parser.c:1799
[QTS:EMIT] pos=159 op=41 @parser.c:1799
[QTS:EMIT] pos=121 op=200 @parser.c:1786
[QTS:EMIT] pos=122 u32=0x00000f64 (3940) @parser.c:1788
[QTS:EMIT] pos=126 op=186 @parser.c:1799
[QTS:EMIT] pos=127 u32=0x000001ec (492) @parser.c:1777
[QTS:EMIT] pos=131 u16=0x0001 (1) @parser.c:1772
[QTS:EMIT] pos=133 op=200 @parser.c:1786
[QTS:EMIT] pos=134 u32=0x00000f72 (3954) @parser.c:1788
[QTS:EMIT] pos=138 op=66 @parser.c:1799
[QTS:EMIT] pos=139 atom=495 @parser.c:1807
[QTS:ASSIGN] lvalue: opcode=66 scope=0 atom=495 label=-1
[QTS:EMIT] pos=138 op=38 @parser.c:1799
[QTS:EMIT] pos=139 u16=0x0000 (0) @parser.c:1772
[QTS:EMIT] pos=141 op=21 @parser.c:1799
[QTS:EMIT] pos=142 op=68 @parser.c:1799
[QTS:EMIT] pos=143 u32=0x000001ef (495) @parser.c:1777
[QTS:EMIT] pos=147 op=14 @parser.c:1799
[QTS:EMIT] pos=148 op=200 @parser.c:1786
[QTS:EMIT] pos=149 u32=0x00001037 (4151) @parser.c:1788
[QTS:EMIT] pos=153 op=186 @parser.c:1799
[QTS:EMIT] pos=154 u32=0x000001ec (492) @parser.c:1777
[QTS:EMIT] pos=158 u16=0x0001 (1) @parser.c:1772
[QTS:EMIT] pos=160 op=200 @parser.c:1786
[QTS:EMIT] pos=161 u32=0x00001045 (4165) @parser.c:1788
[QTS:EMIT] pos=165 op=66 @parser.c:1799
[QTS:EMIT] pos=166 atom=496 @parser.c:1807
[QTS:ASSIGN] lvalue: opcode=66 scope=0 atom=496 label=-1
[QTS:EMIT] pos=165 op=2 @parser.c:1799
[QTS:EMIT] pos=166 u32=0x00000005 (5) @parser.c:1777
[QTS:EMIT] pos=170 op=21 @parser.c:1799
[QTS:EMIT] pos=171 op=68 @parser.c:1799
[QTS:EMIT] pos=172 u32=0x000001f0 (496) @parser.c:1777
[QTS:EMIT] pos=176 op=14 @parser.c:1799
[QTS:EMIT] pos=177 op=200 @parser.c:1786
[QTS:EMIT] pos=178 u32=0x0000111e (4382) @parser.c:1788
[QTS:EMIT] pos=182 op=186 @parser.c:1799
[QTS:EMIT] pos=183 u32=0x000001ec (492) @parser.c:1777
[QTS:EMIT] pos=187 u16=0x0001 (1) @parser.c:1772
[QTS:EMIT] pos=189 op=200 @parser.c:1786
[QTS:EMIT] pos=190 u32=0x0000112c (4396) @parser.c:1788
[QTS:EMIT] pos=194 op=66 @parser.c:1799
[QTS:EMIT] pos=195 atom=497 @parser.c:1807
[QTS:ASSIGN] lvalue: opcode=66 scope=0 atom=497 label=-1
[QTS:EMIT] pos=194 op=11 @parser.c:1799
[QTS:EMIT] pos=195 op=200 @parser.c:1786
[QTS:EMIT] pos=196 u32=0x00001146 (4422) @parser.c:1788
[QTS:EMIT] pos=200 op=186 @parser.c:1799
[QTS:EMIT] pos=201 u32=0x00000047 (71) @parser.c:1777
[QTS:EMIT] pos=205 u16=0x0001 (1) @parser.c:1772
[QTS:EMIT] pos=207 op=78 @parser.c:1799
[QTS:EMIT] pos=208 atom=478 @parser.c:1807
[QTS:EMIT] pos=212 op=200 @parser.c:1786
[QTS:EMIT] pos=213 u32=0x00001166 (4454) @parser.c:1788
[QTS:EMIT] pos=217 op=186 @parser.c:1799
[QTS:EMIT] pos=218 u32=0x00000047 (71) @parser.c:1777
[QTS:EMIT] pos=222 u16=0x0001 (1) @parser.c:1772
[QTS:EMIT] pos=224 op=78 @parser.c:1799
[QTS:EMIT] pos=225 atom=479 @parser.c:1807
[QTS:EMIT] pos=229 op=21 @parser.c:1799
[QTS:EMIT] pos=230 op=68 @parser.c:1799
[QTS:EMIT] pos=231 u32=0x000001f1 (497) @parser.c:1777
[QTS:EMIT] pos=235 op=14 @parser.c:1799
[QTS:SCOPE] push: level=1 first_var=-1
[QTS:SCOPE] enter: idx=1 is_body=0
[QTS:EMIT] pos=0 op=182 @parser.c:1799
[QTS:EMIT] pos=1 u16=0x0001 (1) @parser.c:1772
[QTS:EMIT] pos=3 op=4 @parser.c:1799
[QTS:EMIT] pos=4 u32=0x000001f4 (500) @parser.c:1777
[QTS:EMIT] pos=8 op=200 @parser.c:1786
[QTS:EMIT] pos=9 u32=0x000011f7 (4599) @parser.c:1788
[QTS:EMIT] pos=13 op=186 @parser.c:1799
[QTS:EMIT] pos=14 u32=0x000001f3 (499) @parser.c:1777
[QTS:EMIT] pos=18 u16=0x0001 (1) @parser.c:1772
[QTS:EMIT] pos=20 op=200 @parser.c:1786
[QTS:EMIT] pos=21 u32=0x000011f5 (4597) @parser.c:1788
[QTS:EMIT] pos=25 op=159 @parser.c:1799
[QTS:EMIT] pos=26 op=200 @parser.c:1786
[QTS:EMIT] pos=27 u32=0x000011d0 (4560) @parser.c:1788
[QTS:EMIT] pos=31 op=48 @parser.c:1799
[QTS:EMIT] pos=236 op=3 @parser.c:1799
[QTS:EMIT] pos=237 u32=0x00000006 (6) @parser.c:1777
[QTS:EMIT] pos=241 op=79 @parser.c:1799
[QTS:EMIT] pos=242 u32=0x00000000 (0) @parser.c:1777
[QTS:EMIT] pos=241 op=79 @parser.c:1799
[QTS:EMIT] pos=242 atom=498 @parser.c:1807
[QTS:EMIT] pos=246 op=187 @parser.c:1799
[QTS:EMIT] pos=247 atom=498 @parser.c:1807
[QTS:EMIT] pos=251 u16=0x0001 (1) @parser.c:1772
[QTS:EMIT] pos=253 op=200 @parser.c:1786
[QTS:EMIT] pos=254 u32=0x0000126c (4716) @parser.c:1788
[QTS:EMIT] pos=258 op=186 @parser.c:1799
[QTS:EMIT] pos=259 u32=0x000001ec (492) @parser.c:1777
[QTS:EMIT] pos=263 u16=0x0001 (1) @parser.c:1772
[QTS:EMIT] pos=265 op=200 @parser.c:1786
[QTS:EMIT] pos=266 u32=0x0000127a (4730) @parser.c:1788
[QTS:EMIT] pos=270 op=66 @parser.c:1799
[QTS:EMIT] pos=271 atom=501 @parser.c:1807
[QTS:ASSIGN] lvalue: opcode=66 scope=0 atom=501 label=-1
[QTS:SCOPE] push: level=1 first_var=-1
[QTS:SCOPE] enter: idx=1 is_body=0
[QTS:EMIT] pos=0 op=182 @parser.c:1799
[QTS:EMIT] pos=1 u16=0x0001 (1) @parser.c:1772
[QTS:EMIT] pos=3 op=200 @parser.c:1786
[QTS:EMIT] pos=4 u32=0x00001298 (4760) @parser.c:1788
[QTS:EMIT] pos=8 op=186 @parser.c:1799
[QTS:EMIT] pos=9 u32=0x000000a5 (165) @parser.c:1777
[QTS:EMIT] pos=13 u16=0x0001 (1) @parser.c:1772
[QTS:EMIT] pos=15 op=200 @parser.c:1786
[QTS:EMIT] pos=16 u32=0x0000129c (4764) @parser.c:1788
[QTS:EMIT] pos=20 op=66 @parser.c:1799
[QTS:EMIT] pos=21 atom=502 @parser.c:1807
[QTS:ASSIGN] lvalue: opcode=66 scope=0 atom=502 label=-1
[QTS:SCOPE] push: level=1 first_var=-1
[QTS:SCOPE] enter: idx=1 is_body=0
[QTS:EMIT] pos=0 op=182 @parser.c:1799
[QTS:EMIT] pos=1 u16=0x0001 (1) @parser.c:1772
[QTS:EMIT] pos=3 op=1 @parser.c:1799
[QTS:EMIT] pos=4 u32=0x02f6e2b1 (49734321) @parser.c:1777
[QTS:EMIT] pos=8 op=187 @parser.c:1799
[QTS:EMIT] pos=9 atom=503 @parser.c:1807
[QTS:EMIT] pos=13 u16=0x0001 (1) @parser.c:1772
[QTS:SCOPE] push: level=1 first_var=-1
[QTS:SCOPE] enter: idx=1 is_body=0
[QTS:EMIT] pos=0 op=182 @parser.c:1799
[QTS:EMIT] pos=1 u16=0x0001 (1) @parser.c:1772
[QTS:EMIT] pos=3 op=200 @parser.c:1786
[QTS:EMIT] pos=4 u32=0x00001338 (4920) @parser.c:1788
[QTS:EMIT] pos=8 op=186 @parser.c:1799
[QTS:EMIT] pos=9 u32=0x000001f7 (503) @parser.c:1777
[QTS:EMIT] pos=13 u16=0x0001 (1) @parser.c:1772
[QTS:EMIT] pos=8 op=189 @parser.c:1799
[QTS:EMIT] pos=9 atom=503 @parser.c:1807
[QTS:EMIT] pos=13 u32=0x00000000 (0) @parser.c:1777
[QTS:EMIT] pos=17 u16=0x0001 (1) @parser.c:1772
[QTS:ASSIGN] lvalue: opcode=61 scope=1 atom=503 label=0
[QTS:EMIT] pos=19 op=200 @parser.c:1786
[QTS:EMIT] pos=20 u32=0x00001341 (4929) @parser.c:1788
[QTS:EMIT] pos=24 op=186 @parser.c:1799
[QTS:EMIT] pos=25 u32=0x000001f7 (503) @parser.c:1777
[QTS:EMIT] pos=29 u16=0x0001 (1) @parser.c:1772
[QTS:EMIT] pos=31 op=1 @parser.c:1799
[QTS:EMIT] pos=32 u32=0x7ed55d16 (2127912214) @parser.c:1777
[QTS:EMIT] pos=36 op=200 @parser.c:1786
[QTS:EMIT] pos=37 u32=0x00001346 (4934) @parser.c:1788
[QTS:EMIT] pos=41 op=159 @parser.c:1799
[QTS:EMIT] pos=42 op=200 @parser.c:1786
[QTS:EMIT] pos=43 u32=0x00001357 (4951) @parser.c:1788
[QTS:EMIT] pos=47 op=186 @parser.c:1799
[QTS:EMIT] pos=48 u32=0x000001f7 (503) @parser.c:1777
[QTS:EMIT] pos=52 u16=0x0001 (1) @parser.c:1772
[QTS:EMIT] pos=54 op=1 @parser.c:1799
[QTS:EMIT] pos=55 u32=0x0000000c (12) @parser.c:1777
[QTS:EMIT] pos=59 op=200 @parser.c:1786
[QTS:EMIT] pos=60 u32=0x0000135c (4956) @parser.c:1788
[QTS:EMIT] pos=64 op=162 @parser.c:1799
[QTS:EMIT] pos=65 op=200 @parser.c:1786
[QTS:EMIT] pos=66 u32=0x00001354 (4948) @parser.c:1788
[QTS:EMIT] pos=70 op=159 @parser.c:1799
[QTS:EMIT] pos=71 op=2 @parser.c:1799
[QTS:EMIT] pos=72 u32=0x00000000 (0) @parser.c:1777
[QTS:EMIT] pos=76 op=200 @parser.c:1786
[QTS:EMIT] pos=77 u32=0x00001364 (4964) @parser.c:1788
[QTS:EMIT] pos=81 op=175 @parser.c:1799
[QTS:EMIT] pos=82 op=184 @parser.c:1799
[QTS:EMIT] pos=83 u32=0x00000000 (0) @parser.c:1777
[QTS:EMIT] pos=87 op=22 @parser.c:1799
[QTS:EMIT] pos=88 op=62 @parser.c:1799
[QTS:EMIT] pos=89 op=14 @parser.c:1799
[QTS:EMIT] pos=90 op=200 @parser.c:1786
[QTS:EMIT] pos=91 u32=0x0000137e (4990) @parser.c:1788
[QTS:EMIT] pos=95 op=186 @parser.c:1799
[QTS:EMIT] pos=96 u32=0x000001f7 (503) @parser.c:1777
[QTS:EMIT] pos=100 u16=0x0001 (1) @parser.c:1772
[QTS:EMIT] pos=95 op=189 @parser.c:1799
[QTS:EMIT] pos=96 atom=503 @parser.c:1807
[QTS:EMIT] pos=100 u32=0x00000001 (1) @parser.c:1777
[QTS:EMIT] pos=104 u16=0x0001 (1) @parser.c:1772
[QTS:ASSIGN] lvalue: opcode=61 scope=1 atom=503 label=1
[QTS:EMIT] pos=106 op=200 @parser.c:1786
[QTS:EMIT] pos=107 u32=0x00001387 (4999) @parser.c:1788
[QTS:EMIT] pos=111 op=186 @parser.c:1799
[QTS:EMIT] pos=112 u32=0x000001f7 (503) @parser.c:1777
[QTS:EMIT] pos=116 u16=0x0001 (1) @parser.c:1772
[QTS:EMIT] pos=118 op=2 @parser.c:1799
[QTS:EMIT] pos=119 u32=0x00000001 (1) @parser.c:1777
[QTS:EMIT] pos=123 op=200 @parser.c:1786
[QTS:EMIT] pos=124 u32=0x0000138c (5004) @parser.c:1788
[QTS:EMIT] pos=128 op=176 @parser.c:1799
[QTS:EMIT] pos=129 op=200 @parser.c:1786
[QTS:EMIT] pos=130 u32=0x0000139d (5021) @parser.c:1788
[QTS:EMIT] pos=134 op=186 @parser.c:1799
[QTS:EMIT] pos=135 u32=0x000001f7 (503) @parser.c:1777
[QTS:EMIT] pos=139 u16=0x0001 (1) @parser.c:1772
[QTS:EMIT] pos=141 op=1 @parser.c:1799
[QTS:EMIT] pos=142 u32=0x00000013 (19) @parser.c:1777
[QTS:EMIT] pos=146 op=200 @parser.c:1786
[QTS:EMIT] pos=147 u32=0x000013a2 (5026) @parser.c:1788
[QTS:EMIT] pos=151 op=164 @parser.c:1799
[QTS:EMIT] pos=152 op=200 @parser.c:1786
[QTS:EMIT] pos=153 u32=0x0000139a (5018) @parser.c:1788
[QTS:EMIT] pos=157 op=176 @parser.c:1799
[QTS:EMIT] pos=158 op=2 @parser.c:1799
[QTS:EMIT] pos=159 u32=0x00000002 (2) @parser.c:1777
[QTS:EMIT] pos=163 op=200 @parser.c:1786
[QTS:EMIT] pos=164 u32=0x000013ab (5035) @parser.c:1788
[QTS:EMIT] pos=168 op=175 @parser.c:1799
[QTS:EMIT] pos=169 op=184 @parser.c:1799
[QTS:EMIT] pos=170 u32=0x00000001 (1) @parser.c:1777
[QTS:EMIT] pos=174 op=22 @parser.c:1799
[QTS:EMIT] pos=175 op=62 @parser.c:1799
[QTS:EMIT] pos=176 op=14 @parser.c:1799
[QTS:EMIT] pos=177 op=200 @parser.c:1786
[QTS:EMIT] pos=178 u32=0x000013c5 (5061) @parser.c:1788
[QTS:EMIT] pos=182 op=186 @parser.c:1799
[QTS:EMIT] pos=183 u32=0x000001f7 (503) @parser.c:1777
[QTS:EMIT] pos=187 u16=0x0001 (1) @parser.c:1772
[QTS:EMIT] pos=182 op=189 @parser.c:1799
[QTS:EMIT] pos=183 atom=503 @parser.c:1807
[QTS:EMIT] pos=187 u32=0x00000002 (2) @parser.c:1777
[QTS:EMIT] pos=191 u16=0x0001 (1) @parser.c:1772
[QTS:ASSIGN] lvalue: opcode=61 scope=1 atom=503 label=2
[QTS:EMIT] pos=193 op=200 @parser.c:1786
[QTS:EMIT] pos=194 u32=0x000013ce (5070) @parser.c:1788
[QTS:EMIT] pos=198 op=186 @parser.c:1799
[QTS:EMIT] pos=199 u32=0x000001f7 (503) @parser.c:1777
[QTS:EMIT] pos=203 u16=0x0001 (1) @parser.c:1772
[QTS:EMIT] pos=205 op=1 @parser.c:1799
[QTS:EMIT] pos=206 u32=0x165667b1 (374761393) @parser.c:1777
[QTS:EMIT] pos=210 op=200 @parser.c:1786
[QTS:EMIT] pos=211 u32=0x000013d3 (5075) @parser.c:1788
[QTS:EMIT] pos=215 op=159 @parser.c:1799
[QTS:EMIT] pos=216 op=200 @parser.c:1786
[QTS:EMIT] pos=217 u32=0x000013e4 (5092) @parser.c:1788
[QTS:EMIT] pos=221 op=186 @parser.c:1799
[QTS:EMIT] pos=222 u32=0x000001f7 (503) @parser.c:1777
[QTS:EMIT] pos=226 u16=0x0001 (1) @parser.c:1772
[QTS:EMIT] pos=228 op=1 @parser.c:1799
[QTS:EMIT] pos=229 u32=0x00000005 (5) @parser.c:1777
[QTS:EMIT] pos=233 op=200 @parser.c:1786
[QTS:EMIT] pos=234 u32=0x000013e9 (5097) @parser.c:1788
[QTS:EMIT] pos=238 op=162 @parser.c:1799
[QTS:EMIT] pos=239 op=200 @parser.c:1786
[QTS:EMIT] pos=240 u32=0x000013e1 (5089) @parser.c:1788
[QTS:EMIT] pos=244 op=159 @parser.c:1799
[QTS:EMIT] pos=245 op=2 @parser.c:1799
[QTS:EMIT] pos=246 u32=0x00000003 (3) @parser.c:1777
[QTS:EMIT] pos=250 op=200 @parser.c:1786
[QTS:EMIT] pos=251 u32=0x000013f0 (5104) @parser.c:1788
[QTS:EMIT] pos=255 op=175 @parser.c:1799
[QTS:EMIT] pos=256 op=184 @parser.c:1799
[QTS:EMIT] pos=257 u32=0x00000002 (2) @parser.c:1777
[QTS:EMIT] pos=261 op=22 @parser.c:1799
[QTS:EMIT] pos=262 op=62 @parser.c:1799
[QTS:EMIT] pos=263 op=14 @parser.c:1799
[QTS:EMIT] pos=264 op=200 @parser.c:1786
[QTS:EMIT] pos=265 u32=0x0000140a (5130) @parser.c:1788
[QTS:EMIT] pos=269 op=186 @parser.c:1799
[QTS:EMIT] pos=270 u32=0x000001f7 (503) @parser.c:1777
[QTS:EMIT] pos=274 u16=0x0001 (1) @parser.c:1772
[QTS:EMIT] pos=269 op=189 @parser.c:1799
[QTS:EMIT] pos=270 atom=503 @parser.c:1807
[QTS:EMIT] pos=274 u32=0x00000003 (3) @parser.c:1777
[QTS:EMIT] pos=278 u16=0x0001 (1) @parser.c:1772
[QTS:ASSIGN] lvalue: opcode=61 scope=1 atom=503 label=3
[QTS:EMIT] pos=280 op=200 @parser.c:1786
[QTS:EMIT] pos=281 u32=0x00001413 (5139) @parser.c:1788
[QTS:EMIT] pos=285 op=186 @parser.c:1799
[QTS:EMIT] pos=286 u32=0x000001f7 (503) @parser.c:1777
[QTS:EMIT] pos=290 u16=0x0001 (1) @parser.c:1772
[QTS:EMIT] pos=292 op=2 @parser.c:1799
[QTS:EMIT] pos=293 u32=0x00000004 (4) @parser.c:1777
[QTS:EMIT] pos=297 op=200 @parser.c:1786
[QTS:EMIT] pos=298 u32=0x00001418 (5144) @parser.c:1788
[QTS:EMIT] pos=302 op=159 @parser.c:1799
[QTS:EMIT] pos=303 op=200 @parser.c:1786
[QTS:EMIT] pos=304 u32=0x00001429 (5161) @parser.c:1788
[QTS:EMIT] pos=308 op=186 @parser.c:1799
[QTS:EMIT] pos=309 u32=0x000001f7 (503) @parser.c:1777
[QTS:EMIT] pos=313 u16=0x0001 (1) @parser.c:1772
[QTS:EMIT] pos=315 op=1 @parser.c:1799
[QTS:EMIT] pos=316 u32=0x00000009 (9) @parser.c:1777
[QTS:EMIT] pos=320 op=200 @parser.c:1786
[QTS:EMIT] pos=321 u32=0x0000142e (5166) @parser.c:1788
[QTS:EMIT] pos=325 op=162 @parser.c:1799
[QTS:EMIT] pos=326 op=200 @parser.c:1786
[QTS:EMIT] pos=327 u32=0x00001426 (5158) @parser.c:1788
[QTS:EMIT] pos=331 op=176 @parser.c:1799
[QTS:EMIT] pos=332 op=2 @parser.c:1799
[QTS:EMIT] pos=333 u32=0x00000005 (5) @parser.c:1777
[QTS:EMIT] pos=337 op=200 @parser.c:1786
[QTS:EMIT] pos=338 u32=0x00001435 (5173) @parser.c:1788
[QTS:EMIT] pos=342 op=175 @parser.c:1799
[QTS:EMIT] pos=343 op=184 @parser.c:1799
[QTS:EMIT] pos=344 u32=0x00000003 (3) @parser.c:1777
[QTS:EMIT] pos=348 op=22 @parser.c:1799
[QTS:EMIT] pos=349 op=62 @parser.c:1799
[QTS:EMIT] pos=350 op=14 @parser.c:1799
[QTS:EMIT] pos=351 op=200 @parser.c:1786
[QTS:EMIT] pos=352 u32=0x0000144f (5199) @parser.c:1788
[QTS:EMIT] pos=356 op=186 @parser.c:1799
[QTS:EMIT] pos=357 u32=0x000001f7 (503) @parser.c:1777
[QTS:EMIT] pos=361 u16=0x0001 (1) @parser.c:1772
[QTS:EMIT] pos=356 op=189 @parser.c:1799
[QTS:EMIT] pos=357 atom=503 @parser.c:1807
[QTS:EMIT] pos=361 u32=0x00000004 (4) @parser.c:1777
[QTS:EMIT] pos=365 u16=0x0001 (1) @parser.c:1772
[QTS:ASSIGN] lvalue: opcode=61 scope=1 atom=503 label=4
[QTS:EMIT] pos=367 op=200 @parser.c:1786
[QTS:EMIT] pos=368 u32=0x00001458 (5208) @parser.c:1788
[QTS:EMIT] pos=372 op=186 @parser.c:1799
[QTS:EMIT] pos=373 u32=0x000001f7 (503) @parser.c:1777
[QTS:EMIT] pos=377 u16=0x0001 (1) @parser.c:1772
[QTS:EMIT] pos=379 op=2 @parser.c:1799
[QTS:EMIT] pos=380 u32=0x00000006 (6) @parser.c:1777
[QTS:EMIT] pos=384 op=200 @parser.c:1786
[QTS:EMIT] pos=385 u32=0x0000145d (5213) @parser.c:1788
[QTS:EMIT] pos=389 op=159 @parser.c:1799
[QTS:EMIT] pos=390 op=200 @parser.c:1786
[QTS:EMIT] pos=391 u32=0x0000146e (5230) @parser.c:1788
[QTS:EMIT] pos=395 op=186 @parser.c:1799
[QTS:EMIT] pos=396 u32=0x000001f7 (503) @parser.c:1777
[QTS:EMIT] pos=400 u16=0x0001 (1) @parser.c:1772
[QTS:EMIT] pos=402 op=1 @parser.c:1799
[QTS:EMIT] pos=403 u32=0x00000003 (3) @parser.c:1777
[QTS:EMIT] pos=407 op=200 @parser.c:1786
[QTS:EMIT] pos=408 u32=0x00001473 (5235) @parser.c:1788
[QTS:EMIT] pos=412 op=162 @parser.c:1799
[QTS:EMIT] pos=413 op=200 @parser.c:1786
[QTS:EMIT] pos=414 u32=0x0000146b (5227) @parser.c:1788
[QTS:EMIT] pos=418 op=159 @parser.c:1799
[QTS:EMIT] pos=419 op=2 @parser.c:1799
[QTS:EMIT] pos=420 u32=0x00000007 (7) @parser.c:1777
[QTS:EMIT] pos=424 op=200 @parser.c:1786
[QTS:EMIT] pos=425 u32=0x0000147a (5242) @parser.c:1788
[QTS:EMIT] pos=429 op=175 @parser.c:1799
[QTS:EMIT] pos=430 op=184 @parser.c:1799
[QTS:EMIT] pos=431 u32=0x00000004 (4) @parser.c:1777
[QTS:EMIT] pos=435 op=22 @parser.c:1799
[QTS:EMIT] pos=436 op=62 @parser.c:1799
[QTS:EMIT] pos=437 op=14 @parser.c:1799
[QTS:EMIT] pos=438 op=200 @parser.c:1786
[QTS:EMIT] pos=439 u32=0x00001494 (5268) @parser.c:1788
[QTS:EMIT] pos=443 op=186 @parser.c:1799
[QTS:EMIT] pos=444 u32=0x000001f7 (503) @parser.c:1777
[QTS:EMIT] pos=448 u16=0x0001 (1) @parser.c:1772
[QTS:EMIT] pos=443 op=189 @parser.c:1799
[QTS:EMIT] pos=444 atom=503 @parser.c:1807
[QTS:EMIT] pos=448 u32=0x00000005 (5) @parser.c:1777
[QTS:EMIT] pos=452 u16=0x0001 (1) @parser.c:1772
[QTS:ASSIGN] lvalue: opcode=61 scope=1 atom=503 label=5
[QTS:EMIT] pos=454 op=200 @parser.c:1786
[QTS:EMIT] pos=455 u32=0x0000149d (5277) @parser.c:1788
[QTS:EMIT] pos=459 op=186 @parser.c:1799
[QTS:EMIT] pos=460 u32=0x000001f7 (503) @parser.c:1777
[QTS:EMIT] pos=464 u16=0x0001 (1) @parser.c:1772
[QTS:EMIT] pos=466 op=2 @parser.c:1799
[QTS:EMIT] pos=467 u32=0x00000008 (8) @parser.c:1777
[QTS:EMIT] pos=471 op=200 @parser.c:1786
[QTS:EMIT] pos=472 u32=0x000014a2 (5282) @parser.c:1788
[QTS:EMIT] pos=476 op=176 @parser.c:1799
[QTS:EMIT] pos=477 op=200 @parser.c:1786
[QTS:EMIT] pos=478 u32=0x000014b3 (5299) @parser.c:1788
[QTS:EMIT] pos=482 op=186 @parser.c:1799
[QTS:EMIT] pos=483 u32=0x000001f7 (503) @parser.c:1777
[QTS:EMIT] pos=487 u16=0x0001 (1) @parser.c:1772
[QTS:EMIT] pos=489 op=1 @parser.c:1799
[QTS:EMIT] pos=490 u32=0x00000010 (16) @parser.c:1777
[QTS:EMIT] pos=494 op=200 @parser.c:1786
[QTS:EMIT] pos=495 u32=0x000014b8 (5304) @parser.c:1788
[QTS:EMIT] pos=499 op=164 @parser.c:1799
[QTS:EMIT] pos=500 op=200 @parser.c:1786
[QTS:EMIT] pos=501 u32=0x000014b0 (5296) @parser.c:1788
[QTS:EMIT] pos=505 op=176 @parser.c:1799
[QTS:EMIT] pos=506 op=2 @parser.c:1799
[QTS:EMIT] pos=507 u32=0x00000009 (9) @parser.c:1777
[QTS:EMIT] pos=511 op=200 @parser.c:1786
[QTS:EMIT] pos=512 u32=0x000014c1 (5313) @parser.c:1788
[QTS:EMIT] pos=516 op=175 @parser.c:1799
[QTS:EMIT] pos=517 op=184 @parser.c:1799
[QTS:EMIT] pos=518 u32=0x00000005 (5) @parser.c:1777
[QTS:EMIT] pos=522 op=22 @parser.c:1799
[QTS:EMIT] pos=523 op=62 @parser.c:1799
[QTS:EMIT] pos=524 op=14 @parser.c:1799
[QTS:EMIT] pos=525 op=200 @parser.c:1786
[QTS:EMIT] pos=526 u32=0x000014e3 (5347) @parser.c:1788
[QTS:EMIT] pos=530 op=186 @parser.c:1799
[QTS:EMIT] pos=531 u32=0x000001f7 (503) @parser.c:1777
[QTS:EMIT] pos=535 u16=0x0001 (1) @parser.c:1772
[QTS:EMIT] pos=537 op=1 @parser.c:1799
[QTS:EMIT] pos=538 u32=0x0fffffff (268435455) @parser.c:1777
[QTS:EMIT] pos=542 op=200 @parser.c:1786
[QTS:EMIT] pos=543 u32=0x000014e8 (5352) @parser.c:1788
[QTS:EMIT] pos=547 op=175 @parser.c:1799
[QTS:EMIT] pos=548 op=1 @parser.c:1799
[QTS:EMIT] pos=549 u32=0x10000000 (268435456) @parser.c:1777
[QTS:EMIT] pos=553 op=200 @parser.c:1786
[QTS:EMIT] pos=554 u32=0x000014f5 (5365) @parser.c:1788
[QTS:EMIT] pos=558 op=157 @parser.c:1799
[QTS:EMIT] pos=559 op=200 @parser.c:1786
[QTS:EMIT] pos=560 u32=0x000014db (5339) @parser.c:1788
[QTS:EMIT] pos=564 op=40 @parser.c:1799
[QTS:EMIT] pos=15 op=3 @parser.c:1799
[QTS:EMIT] pos=16 u32=0x00000000 (0) @parser.c:1777
[QTS:EMIT] pos=20 op=79 @parser.c:1799
[QTS:EMIT] pos=21 u32=0x00000000 (0) @parser.c:1777
[QTS:EMIT] pos=25 op=200 @parser.c:1786
[QTS:EMIT] pos=26 u32=0x000012da (4826) @parser.c:1788
[QTS:EMIT] pos=30 op=40 @parser.c:1799
[QTS:EMIT] pos=20 op=3 @parser.c:1799
[QTS:EMIT] pos=21 u32=0x00000000 (0) @parser.c:1777
[QTS:EMIT] pos=25 op=79 @parser.c:1799
[QTS:EMIT] pos=26 u32=0x00000000 (0) @parser.c:1777
[QTS:EMIT] pos=30 op=200 @parser.c:1786
[QTS:EMIT] pos=31 u32=0x00001514 (5396) @parser.c:1788
[QTS:EMIT] pos=35 op=34 @parser.c:1799
[QTS:EMIT] pos=36 u16=0x0000 (0) @parser.c:1772
[QTS:EMIT] pos=38 op=21 @parser.c:1799
[QTS:EMIT] pos=39 op=68 @parser.c:1799
[QTS:EMIT] pos=40 u32=0x000001f6 (502) @parser.c:1777
[QTS:EMIT] pos=44 op=14 @parser.c:1799
[QTS:EMIT] pos=45 op=41 @parser.c:1799
[QTS:EMIT] pos=270 op=3 @parser.c:1799
[QTS:EMIT] pos=271 u32=0x00000007 (7) @parser.c:1777
[QTS:EMIT] pos=275 op=79 @parser.c:1799
[QTS:EMIT] pos=276 u32=0x00000000 (0) @parser.c:1777
[QTS:EMIT] pos=280 op=21 @parser.c:1799
[QTS:EMIT] pos=281 op=68 @parser.c:1799
[QTS:EMIT] pos=282 u32=0x000001f5 (501) @parser.c:1777
[QTS:EMIT] pos=286 op=14 @parser.c:1799
[QTS:EMIT] pos=287 op=200 @parser.c:1786
[QTS:EMIT] pos=288 u32=0x000015f4 (5620) @parser.c:1788
[QTS:EMIT] pos=292 op=186 @parser.c:1799
[QTS:EMIT] pos=293 u32=0x000001ec (492) @parser.c:1777
[QTS:EMIT] pos=297 u16=0x0001 (1) @parser.c:1772
[QTS:EMIT] pos=299 op=200 @parser.c:1786
[QTS:EMIT] pos=300 u32=0x00001602 (5634) @parser.c:1788
[QTS:EMIT] pos=304 op=66 @parser.c:1799
[QTS:EMIT] pos=305 atom=504 @parser.c:1807
[QTS:ASSIGN] lvalue: opcode=66 scope=0 atom=504 label=-1
[QTS:SCOPE] push: level=1 first_var=-1
[QTS:SCOPE] enter: idx=1 is_body=0
[QTS:EMIT] pos=0 op=182 @parser.c:1799
[QTS:EMIT] pos=1 u16=0x0001 (1) @parser.c:1772
[QTS:EMIT] pos=3 op=200 @parser.c:1786
[QTS:EMIT] pos=4 u32=0x00001637 (5687) @parser.c:1788
[QTS:EMIT] pos=8 op=186 @parser.c:1799
[QTS:EMIT] pos=9 u32=0x000001ec (492) @parser.c:1777
[QTS:EMIT] pos=13 u16=0x0001 (1) @parser.c:1772
[QTS:EMIT] pos=15 op=200 @parser.c:1786
[QTS:EMIT] pos=16 u32=0x00001645 (5701) @parser.c:1788
[QTS:EMIT] pos=20 op=66 @parser.c:1799
[QTS:EMIT] pos=21 atom=507 @parser.c:1807
[QTS:ASSIGN] lvalue: opcode=66 scope=0 atom=507 label=-1
[QTS:EMIT] pos=20 op=38 @parser.c:1799
[QTS:EMIT] pos=21 u16=0x0000 (0) @parser.c:1772
[QTS:EMIT] pos=23 op=21 @parser.c:1799
[QTS:EMIT] pos=24 op=68 @parser.c:1799
[QTS:EMIT] pos=25 u32=0x000001fb (507) @parser.c:1777
[QTS:EMIT] pos=29 op=14 @parser.c:1799
[QTS:EMIT] pos=30 op=200 @parser.c:1786
[QTS:EMIT] pos=31 u32=0x00001656 (5718) @parser.c:1788
[QTS:EMIT] pos=35 op=186 @parser.c:1799
[QTS:EMIT] pos=36 u32=0x000001fa (506) @parser.c:1777
[QTS:EMIT] pos=40 u16=0x0001 (1) @parser.c:1772
[QTS:EMIT] pos=35 op=189 @parser.c:1799
[QTS:EMIT] pos=36 atom=506 @parser.c:1807
[QTS:EMIT] pos=40 u32=0x00000000 (0) @parser.c:1777
[QTS:EMIT] pos=44 u16=0x0001 (1) @parser.c:1772
[QTS:ASSIGN] lvalue: opcode=61 scope=1 atom=506 label=0
[QTS:EMIT] pos=46 op=200 @parser.c:1786
[QTS:EMIT] pos=47 u32=0x0000166e (5742) @parser.c:1788
[QTS:EMIT] pos=51 op=186 @parser.c:1799
[QTS:EMIT] pos=52 u32=0x000001fa (506) @parser.c:1777
[QTS:EMIT] pos=56 u16=0x0001 (1) @parser.c:1772
[QTS:EMIT] pos=58 op=153 @parser.c:1799
[QTS:EMIT] pos=59 op=4 @parser.c:1799
[QTS:EMIT] pos=60 u32=0x00000047 (71) @parser.c:1777
[QTS:EMIT] pos=64 op=200 @parser.c:1786
[QTS:EMIT] pos=65 u32=0x0000167d (5757) @parser.c:1788
[QTS:EMIT] pos=69 op=173 @parser.c:1799
[QTS:EMIT] pos=70 op=108 @parser.c:1799
[QTS:EMIT] pos=71 u32=0x00000001 (1) @parser.c:1777
[QTS:EMIT] pos=75 op=38 @parser.c:1799
[QTS:EMIT] pos=76 u16=0x0000 (0) @parser.c:1772
[QTS:EMIT] pos=78 op=110 @parser.c:1799
[QTS:EMIT] pos=79 u32=0x00000002 (2) @parser.c:1777
[QTS:EMIT] pos=83 op=184 @parser.c:1799
[QTS:EMIT] pos=84 u32=0x00000001 (1) @parser.c:1777
[QTS:EMIT] pos=88 op=200 @parser.c:1786
[QTS:EMIT] pos=89 u32=0x00001694 (5780) @parser.c:1788
[QTS:EMIT] pos=93 op=186 @parser.c:1799
[QTS:EMIT] pos=94 u32=0x000001fa (506) @parser.c:1777
[QTS:EMIT] pos=98 u16=0x0001 (1) @parser.c:1772
[QTS:EMIT] pos=100 op=184 @parser.c:1799
[QTS:EMIT] pos=101 u32=0x00000002 (2) @parser.c:1777
[QTS:EMIT] pos=105 op=184 @parser.c:1799
[QTS:EMIT] pos=106 u32=0x00000000 (0) @parser.c:1777
[QTS:EMIT] pos=110 op=22 @parser.c:1799
[QTS:EMIT] pos=111 op=62 @parser.c:1799
[QTS:EMIT] pos=112 op=14 @parser.c:1799
[QTS:EMIT] pos=113 op=7 @parser.c:1799
[QTS:EMIT] pos=114 op=187 @parser.c:1799
[QTS:EMIT] pos=115 atom=508 @parser.c:1807
[QTS:EMIT] pos=119 u16=0x0001 (1) @parser.c:1772
[QTS:EMIT] pos=121 op=200 @parser.c:1786
[QTS:EMIT] pos=122 u32=0x000016d2 (5842) @parser.c:1788
[QTS:EMIT] pos=126 op=186 @parser.c:1799
[QTS:EMIT] pos=127 u32=0x000001ec (492) @parser.c:1777
[QTS:EMIT] pos=131 u16=0x0001 (1) @parser.c:1772
[QTS:EMIT] pos=133 op=200 @parser.c:1786
[QTS:EMIT] pos=134 u32=0x000016e0 (5856) @parser.c:1788
[QTS:EMIT] pos=138 op=66 @parser.c:1799
[QTS:EMIT] pos=139 atom=495 @parser.c:1807
[QTS:EMIT] pos=143 op=187 @parser.c:1799
[QTS:EMIT] pos=144 atom=495 @parser.c:1807
[QTS:EMIT] pos=148 u16=0x0001 (1) @parser.c:1772
[QTS:EMIT] pos=150 op=200 @parser.c:1786
[QTS:EMIT] pos=151 u32=0x000016fa (5882) @parser.c:1788
[QTS:EMIT] pos=155 op=186 @parser.c:1799
[QTS:EMIT] pos=156 u32=0x000001ef (495) @parser.c:1777
[QTS:EMIT] pos=160 u16=0x0001 (1) @parser.c:1772
[QTS:EMIT] pos=162 op=200 @parser.c:1786
[QTS:EMIT] pos=163 u32=0x00001700 (5888) @parser.c:1788
[QTS:EMIT] pos=167 op=66 @parser.c:1799
[QTS:EMIT] pos=168 atom=48 @parser.c:1807
[QTS:EMIT] pos=172 op=187 @parser.c:1799
[QTS:EMIT] pos=173 atom=48 @parser.c:1807
[QTS:EMIT] pos=177 u16=0x0001 (1) @parser.c:1772
[QTS:EMIT] pos=179 op=200 @parser.c:1786
[QTS:EMIT] pos=180 u32=0x0000170d (5901) @parser.c:1788
[QTS:EMIT] pos=184 op=186 @parser.c:1799
[QTS:EMIT] pos=185 u32=0x000001ec (492) @parser.c:1777
[QTS:EMIT] pos=189 u16=0x0001 (1) @parser.c:1772
[QTS:EMIT] pos=191 op=200 @parser.c:1786
[QTS:EMIT] pos=192 u32=0x0000171b (5915) @parser.c:1788
[QTS:EMIT] pos=196 op=66 @parser.c:1799
[QTS:EMIT] pos=197 atom=509 @parser.c:1807
[QTS:ASSIGN] lvalue: opcode=66 scope=0 atom=509 label=-1
[QTS:EMIT] pos=196 op=38 @parser.c:1799
[QTS:EMIT] pos=197 u16=0x0000 (0) @parser.c:1772
[QTS:EMIT] pos=199 op=21 @parser.c:1799
[QTS:EMIT] pos=200 op=68 @parser.c:1799
[QTS:EMIT] pos=201 u32=0x000001fd (509) @parser.c:1777
[QTS:EMIT] pos=205 op=14 @parser.c:1799
[QTS:EMIT] pos=206 op=1 @parser.c:1799
[QTS:EMIT] pos=207 u32=0x00000000 (0) @parser.c:1777
[QTS:EMIT] pos=211 op=187 @parser.c:1799
[QTS:EMIT] pos=212 atom=89 @parser.c:1807
[QTS:EMIT] pos=216 u16=0x0001 (1) @parser.c:1772
[QTS:SCOPE] push: level=1 first_var=-1
[QTS:SCOPE] enter: idx=1 is_body=0
[QTS:EMIT] pos=0 op=182 @parser.c:1799
[QTS:EMIT] pos=1 u16=0x0001 (1) @parser.c:1772
[QTS:EMIT] pos=3 op=184 @parser.c:1799
[QTS:EMIT] pos=4 u32=0x00000000 (0) @parser.c:1777
[QTS:EMIT] pos=8 op=200 @parser.c:1786
[QTS:EMIT] pos=9 u32=0x00001764 (5988) @parser.c:1788
[QTS:EMIT] pos=13 op=186 @parser.c:1799
[QTS:EMIT] pos=14 u32=0x000001fc (508) @parser.c:1777
[QTS:EMIT] pos=18 u16=0x0001 (1) @parser.c:1772
[QTS:EMIT] pos=20 op=17 @parser.c:1799
[QTS:EMIT] pos=21 op=109 @parser.c:1799
[QTS:EMIT] pos=22 u32=0x00000002 (2) @parser.c:1777
[QTS:EMIT] pos=26 op=14 @parser.c:1799
[QTS:EMIT] pos=27 op=200 @parser.c:1786
[QTS:EMIT] pos=28 u32=0x00001774 (6004) @parser.c:1788
[QTS:EMIT] pos=32 op=186 @parser.c:1799
[QTS:EMIT] pos=33 u32=0x00000059 (89) @parser.c:1777
[QTS:EMIT] pos=37 u16=0x0001 (1) @parser.c:1772
[QTS:EMIT] pos=39 op=200 @parser.c:1786
[QTS:EMIT] pos=40 u32=0x0000177c (6012) @parser.c:1788
[QTS:EMIT] pos=44 op=186 @parser.c:1799
[QTS:EMIT] pos=45 u32=0x00000030 (48) @parser.c:1777
[QTS:EMIT] pos=49 u16=0x0001 (1) @parser.c:1772
[QTS:EMIT] pos=51 op=200 @parser.c:1786
[QTS:EMIT] pos=52 u32=0x0000177a (6010) @parser.c:1788
[QTS:EMIT] pos=56 op=165 @parser.c:1799
[QTS:EMIT] pos=57 op=184 @parser.c:1799
[QTS:EMIT] pos=58 u32=0x00000002 (2) @parser.c:1777
[QTS:EMIT] pos=62 op=108 @parser.c:1799
[QTS:EMIT] pos=63 u32=0x00000001 (1) @parser.c:1777
[QTS:SCOPE] push: level=2 first_var=-1
[QTS:SCOPE] enter: idx=2 is_body=0
[QTS:EMIT] pos=67 op=182 @parser.c:1799
[QTS:EMIT] pos=68 u16=0x0002 (2) @parser.c:1772
[QTS:SCOPE] push: level=3 first_var=-1
[QTS:SCOPE] enter: idx=3 is_body=0
[QTS:EMIT] pos=70 op=182 @parser.c:1799
[QTS:EMIT] pos=71 u16=0x0003 (3) @parser.c:1772
[QTS:EMIT] pos=73 op=200 @parser.c:1786
[QTS:EMIT] pos=74 u32=0x00001796 (6038) @parser.c:1788
[QTS:EMIT] pos=78 op=186 @parser.c:1799
[QTS:EMIT] pos=79 u32=0x000001fc (508) @parser.c:1777
[QTS:EMIT] pos=83 u16=0x0003 (3) @parser.c:1772
[QTS:EMIT] pos=85 op=108 @parser.c:1799
[QTS:EMIT] pos=86 u32=0x00000003 (3) @parser.c:1777
[QTS:SCOPE] push: level=4 first_var=-1
[QTS:SCOPE] enter: idx=4 is_body=0
[QTS:EMIT] pos=90 op=182 @parser.c:1799
[QTS:EMIT] pos=91 u16=0x0004 (4) @parser.c:1772
[QTS:EMIT] pos=93 op=200 @parser.c:1786
[QTS:EMIT] pos=94 u32=0x000017b6 (6070) @parser.c:1788
[QTS:EMIT] pos=98 op=186 @parser.c:1799
[QTS:EMIT] pos=99 u32=0x000001fc (508) @parser.c:1777
[QTS:EMIT] pos=103 u16=0x0004 (4) @parser.c:1772
[QTS:EMIT] pos=98 op=189 @parser.c:1799
[QTS:EMIT] pos=99 atom=508 @parser.c:1807
[QTS:EMIT] pos=103 u32=0x00000004 (4) @parser.c:1777
[QTS:EMIT] pos=107 u16=0x0004 (4) @parser.c:1772
[QTS:ASSIGN] lvalue: opcode=61 scope=4 atom=508 label=4
[QTS:EMIT] pos=109 op=200 @parser.c:1786
[QTS:EMIT] pos=110 u32=0x000017c5 (6085) @parser.c:1788
[QTS:EMIT] pos=114 op=186 @parser.c:1799
[QTS:EMIT] pos=115 u32=0x000001fc (508) @parser.c:1777
[QTS:EMIT] pos=119 u16=0x0004 (4) @parser.c:1772
[QTS:EMIT] pos=121 op=200 @parser.c:1786
[QTS:EMIT] pos=122 u32=0x000017d1 (6097) @parser.c:1788
[QTS:EMIT] pos=126 op=34 @parser.c:1799
[QTS:EMIT] pos=127 u16=0x0000 (0) @parser.c:1772
[QTS:EMIT] pos=129 op=184 @parser.c:1799
[QTS:EMIT] pos=130 u32=0x00000004 (4) @parser.c:1777
[QTS:EMIT] pos=134 op=22 @parser.c:1799
[QTS:EMIT] pos=135 op=62 @parser.c:1799
[QTS:EMIT] pos=136 op=14 @parser.c:1799
[QTS:SCOPE] leave: idx=4
[QTS:SCOPE] pop: level=4
[QTS:EMIT] pos=137 op=183 @parser.c:1799
[QTS:EMIT] pos=138 u16=0x0004 (4) @parser.c:1772
[QTS:EMIT] pos=140 op=110 @parser.c:1799
[QTS:EMIT] pos=141 u32=0x00000005 (5) @parser.c:1777
[QTS:EMIT] pos=145 op=184 @parser.c:1799
[QTS:EMIT] pos=146 u32=0x00000003 (3) @parser.c:1777
[QTS:SCOPE] push: level=5 first_var=-1
[QTS:SCOPE] enter: idx=5 is_body=0
[QTS:EMIT] pos=150 op=182 @parser.c:1799
[QTS:EMIT] pos=151 u16=0x0005 (5) @parser.c:1772
[QTS:EMIT] pos=153 op=200 @parser.c:1786
[QTS:EMIT] pos=154 u32=0x00001812 (6162) @parser.c:1788
[QTS:EMIT] pos=158 op=186 @parser.c:1799
[QTS:EMIT] pos=159 u32=0x000001ef (495) @parser.c:1777
[QTS:EMIT] pos=163 u16=0x0005 (5) @parser.c:1772
[QTS:EMIT] pos=165 op=200 @parser.c:1786
[QTS:EMIT] pos=166 u32=0x00001819 (6169) @parser.c:1788
[QTS:EMIT] pos=170 op=186 @parser.c:1799
[QTS:EMIT] pos=171 u32=0x00000059 (89) @parser.c:1777
[QTS:EMIT] pos=175 u16=0x0005 (5) @parser.c:1772
[QTS:EMIT] pos=170 op=189 @parser.c:1799
[QTS:EMIT] pos=171 atom=89 @parser.c:1807
[QTS:EMIT] pos=175 u32=0x00000006 (6) @parser.c:1777
[QTS:EMIT] pos=179 u16=0x0005 (5) @parser.c:1772
[QTS:EMIT] pos=181 op=61 @parser.c:1799
[QTS:EMIT] pos=182 op=200 @parser.c:1786
[QTS:EMIT] pos=183 u32=0x0000181e (6174) @parser.c:1788
[QTS:EMIT] pos=187 op=147 @parser.c:1799
[QTS:EMIT] pos=188 op=184 @parser.c:1799
[QTS:EMIT] pos=189 u32=0x00000006 (6) @parser.c:1777
[QTS:EMIT] pos=193 op=25 @parser.c:1799
[QTS:EMIT] pos=194 op=62 @parser.c:1799
[QTS:EMIT] pos=195 op=200 @parser.c:1786
[QTS:EMIT] pos=196 u32=0x00001818 (6168) @parser.c:1788
[QTS:EMIT] pos=200 op=72 @parser.c:1799
[QTS:EMIT] pos=201 op=187 @parser.c:1799
[QTS:EMIT] pos=202 atom=511 @parser.c:1807
[QTS:EMIT] pos=206 u16=0x0005 (5) @parser.c:1772
[QTS:SCOPE] push: level=6 first_var=-1
[QTS:SCOPE] enter: idx=6 is_body=0
[QTS:EMIT] pos=208 op=182 @parser.c:1799
[QTS:EMIT] pos=209 u16=0x0006 (6) @parser.c:1772
[QTS:EMIT] pos=211 op=200 @parser.c:1786
[QTS:EMIT] pos=212 u32=0x00001837 (6199) @parser.c:1788
[QTS:EMIT] pos=216 op=186 @parser.c:1799
[QTS:EMIT] pos=217 u32=0x000001f9 (505) @parser.c:1777
[QTS:EMIT] pos=221 u16=0x0006 (6) @parser.c:1772
[QTS:EMIT] pos=223 op=200 @parser.c:1786
[QTS:EMIT] pos=224 u32=0x0000183d (6205) @parser.c:1788
[QTS:EMIT] pos=228 op=66 @parser.c:1799
[QTS:EMIT] pos=229 atom=512 @parser.c:1807
[QTS:EMIT] pos=233 op=108 @parser.c:1799
[QTS:EMIT] pos=234 u32=0x00000007 (7) @parser.c:1777
[QTS:EMIT] pos=238 op=200 @parser.c:1786
[QTS:EMIT] pos=239 u32=0x0000185f (6239) @parser.c:1788
[QTS:EMIT] pos=243 op=186 @parser.c:1799
[QTS:EMIT] pos=244 u32=0x000001f9 (505) @parser.c:1777
[QTS:EMIT] pos=248 u16=0x0006 (6) @parser.c:1772
[QTS:EMIT] pos=250 op=200 @parser.c:1786
[QTS:EMIT] pos=251 u32=0x00001865 (6245) @parser.c:1788
[QTS:EMIT] pos=255 op=66 @parser.c:1799
[QTS:EMIT] pos=256 atom=512 @parser.c:1807
[QTS:EMIT] pos=260 op=200 @parser.c:1786
[QTS:EMIT] pos=261 u32=0x00001872 (6258) @parser.c:1788
[QTS:EMIT] pos=265 op=186 @parser.c:1799
[QTS:EMIT] pos=266 u32=0x000001ff (511) @parser.c:1777
[QTS:EMIT] pos=270 u16=0x0006 (6) @parser.c:1772
[QTS:EMIT] pos=272 op=200 @parser.c:1786
[QTS:EMIT] pos=273 u32=0x00001877 (6263) @parser.c:1788
[QTS:EMIT] pos=277 op=66 @parser.c:1799
[QTS:EMIT] pos=278 atom=56 @parser.c:1807
[QTS:EMIT] pos=282 op=200 @parser.c:1786
[QTS:EMIT] pos=283 u32=0x00001871 (6257) @parser.c:1788
[QTS:EMIT] pos=287 op=36 @parser.c:1799
[QTS:EMIT] pos=288 u16=0x0001 (1) @parser.c:1772
[QTS:EMIT] pos=290 op=14 @parser.c:1799
[QTS:EMIT] pos=291 op=184 @parser.c:1799
[QTS:EMIT] pos=292 u32=0x00000007 (7) @parser.c:1777
[QTS:SCOPE] leave: idx=6
[QTS:SCOPE] pop: level=6
[QTS:EMIT] pos=296 op=183 @parser.c:1799
[QTS:EMIT] pos=297 u16=0x0006 (6) @parser.c:1772
[QTS:SCOPE] push: level=7 first_var=-1
[QTS:SCOPE] enter: idx=7 is_body=0
[QTS:EMIT] pos=299 op=182 @parser.c:1799
[QTS:EMIT] pos=300 u16=0x0007 (7) @parser.c:1772
[QTS:EMIT] pos=302 op=200 @parser.c:1786
[QTS:EMIT] pos=303 u32=0x00001893 (6291) @parser.c:1788
[QTS:EMIT] pos=307 op=186 @parser.c:1799
[QTS:EMIT] pos=308 u32=0x000001fa (506) @parser.c:1777
[QTS:EMIT] pos=312 u16=0x0007 (7) @parser.c:1772
[QTS:EMIT] pos=314 op=200 @parser.c:1786
[QTS:EMIT] pos=315 u32=0x000018a1 (6305) @parser.c:1788
[QTS:EMIT] pos=319 op=66 @parser.c:1799
[QTS:EMIT] pos=320 atom=273 @parser.c:1807
[QTS:EMIT] pos=324 op=200 @parser.c:1786
[QTS:EMIT] pos=325 u32=0x000018aa (6314) @parser.c:1788
[QTS:EMIT] pos=329 op=186 @parser.c:1799
[QTS:EMIT] pos=330 u32=0x000001ff (511) @parser.c:1777
[QTS:EMIT] pos=334 u16=0x0007 (7) @parser.c:1772
[QTS:EMIT] pos=336 op=200 @parser.c:1786
[QTS:EMIT] pos=337 u32=0x000018af (6319) @parser.c:1788
[QTS:EMIT] pos=341 op=66 @parser.c:1799
[QTS:EMIT] pos=342 atom=56 @parser.c:1807
[QTS:EMIT] pos=346 op=200 @parser.c:1786
[QTS:EMIT] pos=347 u32=0x000018a9 (6313) @parser.c:1788
[QTS:EMIT] pos=351 op=36 @parser.c:1799
[QTS:EMIT] pos=352 u16=0x0001 (1) @parser.c:1772
[QTS:EMIT] pos=354 op=1 @parser.c:1799
[QTS:EMIT] pos=355 u32=0x00000001 (1) @parser.c:1777
[QTS:EMIT] pos=359 op=200 @parser.c:1786
[QTS:EMIT] pos=360 u32=0x000018b8 (6328) @parser.c:1788
[QTS:EMIT] pos=364 op=142 @parser.c:1799
[QTS:EMIT] pos=365 op=200 @parser.c:1786
[QTS:EMIT] pos=366 u32=0x000018b6 (6326) @parser.c:1788
[QTS:EMIT] pos=370 op=167 @parser.c:1799
[QTS:EMIT] pos=371 op=108 @parser.c:1799
[QTS:EMIT] pos=372 u32=0x00000008 (8) @parser.c:1777
[QTS:SCOPE] push: level=8 first_var=-1
[QTS:SCOPE] enter: idx=8 is_body=0
[QTS:EMIT] pos=376 op=182 @parser.c:1799
[QTS:EMIT] pos=377 u16=0x0008 (8) @parser.c:1772
[QTS:EMIT] pos=379 op=200 @parser.c:1786
[QTS:EMIT] pos=380 u32=0x000018d2 (6354) @parser.c:1788
[QTS:EMIT] pos=384 op=186 @parser.c:1799
[QTS:EMIT] pos=385 u32=0x000001ff (511) @parser.c:1777
[QTS:EMIT] pos=389 u16=0x0008 (8) @parser.c:1772
[QTS:EMIT] pos=391 op=200 @parser.c:1786
[QTS:EMIT] pos=392 u32=0x000018d7 (6359) @parser.c:1788
[QTS:EMIT] pos=396 op=66 @parser.c:1799
[QTS:EMIT] pos=397 atom=513 @parser.c:1807
[QTS:EMIT] pos=401 op=200 @parser.c:1786
[QTS:EMIT] pos=402 u32=0x000018e6 (6374) @parser.c:1788
[QTS:EMIT] pos=406 op=186 @parser.c:1799
[QTS:EMIT] pos=407 u32=0x000001f9 (505) @parser.c:1777
[QTS:EMIT] pos=411 u16=0x0008 (8) @parser.c:1772
[QTS:EMIT] pos=413 op=200 @parser.c:1786
[QTS:EMIT] pos=414 u32=0x000018e5 (6373) @parser.c:1788
[QTS:EMIT] pos=418 op=36 @parser.c:1799
[QTS:EMIT] pos=419 u16=0x0001 (1) @parser.c:1772
[QTS:EMIT] pos=421 op=14 @parser.c:1799
[QTS:SCOPE] leave: idx=8
[QTS:SCOPE] pop: level=8
[QTS:EMIT] pos=422 op=183 @parser.c:1799
[QTS:EMIT] pos=423 u16=0x0008 (8) @parser.c:1772
[QTS:EMIT] pos=425 op=110 @parser.c:1799
[QTS:EMIT] pos=426 u32=0x00000009 (9) @parser.c:1777
[QTS:EMIT] pos=430 op=184 @parser.c:1799
[QTS:EMIT] pos=431 u32=0x00000008 (8) @parser.c:1777
[QTS:SCOPE] push: level=9 first_var=-1
[QTS:SCOPE] enter: idx=9 is_body=0
[QTS:EMIT] pos=435 op=182 @parser.c:1799
[QTS:EMIT] pos=436 u16=0x0009 (9) @parser.c:1772
[QTS:EMIT] pos=438 op=200 @parser.c:1786
[QTS:EMIT] pos=439 u32=0x0000192c (6444) @parser.c:1788
[QTS:EMIT] pos=443 op=186 @parser.c:1799
[QTS:EMIT] pos=444 u32=0x000001fc (508) @parser.c:1777
[QTS:EMIT] pos=448 u16=0x0009 (9) @parser.c:1772
[QTS:EMIT] pos=443 op=189 @parser.c:1799
[QTS:EMIT] pos=444 atom=508 @parser.c:1807
[QTS:EMIT] pos=448 u32=0x0000000a (10) @parser.c:1777
[QTS:EMIT] pos=452 u16=0x0009 (9) @parser.c:1772
[QTS:ASSIGN] lvalue: opcode=61 scope=9 atom=508 label=10
[QTS:EMIT] pos=454 op=200 @parser.c:1786
[QTS:EMIT] pos=455 u32=0x0000193b (6459) @parser.c:1788
[QTS:EMIT] pos=459 op=186 @parser.c:1799
[QTS:EMIT] pos=460 u32=0x000001ff (511) @parser.c:1777
[QTS:EMIT] pos=464 u16=0x0009 (9) @parser.c:1772
[QTS:EMIT] pos=466 op=200 @parser.c:1786
[QTS:EMIT] pos=467 u32=0x00001940 (6464) @parser.c:1788
[QTS:EMIT] pos=471 op=66 @parser.c:1799
[QTS:EMIT] pos=472 atom=510 @parser.c:1807
[QTS:EMIT] pos=476 op=200 @parser.c:1786
[QTS:EMIT] pos=477 u32=0x00001949 (6473) @parser.c:1788
[QTS:EMIT] pos=481 op=186 @parser.c:1799
[QTS:EMIT] pos=482 u32=0x000001f9 (505) @parser.c:1777
[QTS:EMIT] pos=486 u16=0x0009 (9) @parser.c:1772
[QTS:EMIT] pos=488 op=200 @parser.c:1786
[QTS:EMIT] pos=489 u32=0x00001948 (6472) @parser.c:1788
[QTS:EMIT] pos=493 op=36 @parser.c:1799
[QTS:EMIT] pos=494 u16=0x0001 (1) @parser.c:1772
[QTS:EMIT] pos=496 op=184 @parser.c:1799
[QTS:EMIT] pos=497 u32=0x0000000a (10) @parser.c:1777
[QTS:EMIT] pos=501 op=22 @parser.c:1799
[QTS:EMIT] pos=502 op=62 @parser.c:1799
[QTS:EMIT] pos=503 op=14 @parser.c:1799
[QTS:SCOPE] leave: idx=9
[QTS:SCOPE] pop: level=9
[QTS:EMIT] pos=504 op=183 @parser.c:1799
[QTS:EMIT] pos=505 u16=0x0009 (9) @parser.c:1772
[QTS:EMIT] pos=507 op=184 @parser.c:1799
[QTS:EMIT] pos=508 u32=0x00000009 (9) @parser.c:1777
[QTS:SCOPE] leave: idx=7
[QTS:SCOPE] pop: level=7
[QTS:EMIT] pos=512 op=183 @parser.c:1799
[QTS:EMIT] pos=513 u16=0x0007 (7) @parser.c:1772
[QTS:SCOPE] leave: idx=5
[QTS:SCOPE] pop: level=5
[QTS:EMIT] pos=515 op=183 @parser.c:1799
[QTS:EMIT] pos=516 u16=0x0005 (5) @parser.c:1772
[QTS:EMIT] pos=518 op=184 @parser.c:1799
[QTS:EMIT] pos=519 u32=0x00000005 (5) @parser.c:1777
[QTS:SCOPE] leave: idx=3
[QTS:SCOPE] pop: level=3
[QTS:EMIT] pos=523 op=183 @parser.c:1799
[QTS:EMIT] pos=524 u16=0x0003 (3) @parser.c:1772
[QTS:SCOPE] push: level=10 first_var=-1
[QTS:SCOPE] enter: idx=10 is_body=0
[QTS:EMIT] pos=526 op=182 @parser.c:1799
[QTS:EMIT] pos=527 u16=0x000a (10) @parser.c:1772
[QTS:EMIT] pos=529 op=200 @parser.c:1786
[QTS:EMIT] pos=530 u32=0x00001982 (6530) @parser.c:1788
[QTS:EMIT] pos=534 op=186 @parser.c:1799
[QTS:EMIT] pos=535 u32=0x000001fc (508) @parser.c:1777
[QTS:EMIT] pos=539 u16=0x000a (10) @parser.c:1772
[QTS:EMIT] pos=541 op=17 @parser.c:1799
[QTS:EMIT] pos=542 op=108 @parser.c:1799
[QTS:EMIT] pos=543 u32=0x0000000b (11) @parser.c:1777
[QTS:EMIT] pos=547 op=14 @parser.c:1799
[QTS:EMIT] pos=548 op=200 @parser.c:1786
[QTS:EMIT] pos=549 u32=0x00001999 (6553) @parser.c:1788
[QTS:EMIT] pos=553 op=186 @parser.c:1799
[QTS:EMIT] pos=554 u32=0x00000202 (514) @parser.c:1777
[QTS:EMIT] pos=558 u16=0x000a (10) @parser.c:1772
[QTS:EMIT] pos=560 op=153 @parser.c:1799
[QTS:EMIT] pos=561 op=4 @parser.c:1799
[QTS:EMIT] pos=562 u32=0x00000047 (71) @parser.c:1777
[QTS:EMIT] pos=566 op=200 @parser.c:1786
[QTS:EMIT] pos=567 u32=0x000019a0 (6560) @parser.c:1788
[QTS:EMIT] pos=571 op=172 @parser.c:1799
[QTS:EMIT] pos=572 op=17 @parser.c:1799
[QTS:EMIT] pos=573 op=108 @parser.c:1799
[QTS:EMIT] pos=574 u32=0x0000000b (11) @parser.c:1777
[QTS:EMIT] pos=578 op=14 @parser.c:1799
[QTS:EMIT] pos=579 op=200 @parser.c:1786
[QTS:EMIT] pos=580 u32=0x000019b2 (6578) @parser.c:1788
[QTS:EMIT] pos=584 op=186 @parser.c:1799
[QTS:EMIT] pos=585 u32=0x00000202 (514) @parser.c:1777
[QTS:EMIT] pos=589 u16=0x000a (10) @parser.c:1772
[QTS:EMIT] pos=591 op=200 @parser.c:1786
[QTS:EMIT] pos=592 u32=0x000019b8 (6584) @parser.c:1788
[QTS:EMIT] pos=596 op=66 @parser.c:1799
[QTS:EMIT] pos=597 atom=515 @parser.c:1807
[QTS:EMIT] pos=601 op=184 @parser.c:1799
[QTS:EMIT] pos=602 u32=0x0000000b (11) @parser.c:1777
[QTS:EMIT] pos=606 op=108 @parser.c:1799
[QTS:EMIT] pos=607 u32=0x0000000c (12) @parser.c:1777
[QTS:SCOPE] push: level=11 first_var=-1
[QTS:SCOPE] enter: idx=11 is_body=0
[QTS:EMIT] pos=611 op=182 @parser.c:1799
[QTS:EMIT] pos=612 u16=0x000b (11) @parser.c:1772
[QTS:EMIT] pos=614 op=200 @parser.c:1786
[QTS:EMIT] pos=615 u32=0x000019d7 (6615) @parser.c:1788
[QTS:EMIT] pos=619 op=186 @parser.c:1799
[QTS:EMIT] pos=620 u32=0x00000202 (514) @parser.c:1777
[QTS:EMIT] pos=624 u16=0x000b (11) @parser.c:1772
[QTS:EMIT] pos=626 op=200 @parser.c:1786
[QTS:EMIT] pos=627 u32=0x000019dd (6621) @parser.c:1788
[QTS:EMIT] pos=631 op=66 @parser.c:1799
[QTS:EMIT] pos=632 atom=515 @parser.c:1807
[QTS:EMIT] pos=636 op=200 @parser.c:1786
[QTS:EMIT] pos=637 u32=0x000019e9 (6633) @parser.c:1788
[QTS:EMIT] pos=641 op=186 @parser.c:1799
[QTS:EMIT] pos=642 u32=0x000001fe (510) @parser.c:1777
[QTS:EMIT] pos=646 u16=0x000b (11) @parser.c:1772
[QTS:EMIT] pos=648 op=1 @parser.c:1799
[QTS:EMIT] pos=649 u32=0x00000019 (25) @parser.c:1777
[QTS:EMIT] pos=653 op=200 @parser.c:1786
[QTS:EMIT] pos=654 u32=0x000019e8 (6632) @parser.c:1788
[QTS:EMIT] pos=658 op=36 @parser.c:1799
[QTS:EMIT] pos=659 u16=0x0002 (2) @parser.c:1772
[QTS:EMIT] pos=661 op=14 @parser.c:1799
[QTS:EMIT] pos=662 op=200 @parser.c:1786
[QTS:EMIT] pos=663 u32=0x00001a07 (6663) @parser.c:1788
[QTS:EMIT] pos=667 op=41 @parser.c:1799
[QTS:SCOPE] leave: idx=11
[QTS:SCOPE] pop: level=11
[QTS:EMIT] pos=668 op=183 @parser.c:1799
[QTS:EMIT] pos=669 u16=0x000b (11) @parser.c:1772
[QTS:EMIT] pos=671 op=184 @parser.c:1799
[QTS:EMIT] pos=672 u32=0x0000000c (12) @parser.c:1777
[QTS:SCOPE] leave: idx=10
[QTS:SCOPE] pop: level=10
[QTS:EMIT] pos=676 op=183 @parser.c:1799
[QTS:EMIT] pos=677 u16=0x000a (10) @parser.c:1772
[QTS:SCOPE] leave: idx=2
[QTS:SCOPE] pop: level=2
[QTS:EMIT] pos=679 op=183 @parser.c:1799
[QTS:EMIT] pos=680 u16=0x0002 (2) @parser.c:1772
[QTS:EMIT] pos=682 op=110 @parser.c:1799
[QTS:EMIT] pos=683 u32=0x00000000 (0) @parser.c:1777
[QTS:EMIT] pos=687 op=184 @parser.c:1799
[QTS:EMIT] pos=688 u32=0x00000001 (1) @parser.c:1777
[QTS:SCOPE] push: level=12 first_var=-1
[QTS:SCOPE] enter: idx=12 is_body=0
[QTS:EMIT] pos=692 op=182 @parser.c:1799
[QTS:EMIT] pos=693 u16=0x000c (12) @parser.c:1772
[QTS:EMIT] pos=695 op=200 @parser.c:1786
[QTS:EMIT] pos=696 u32=0x00001a50 (6736) @parser.c:1788
[QTS:EMIT] pos=700 op=186 @parser.c:1799
[QTS:EMIT] pos=701 u32=0x000001f9 (505) @parser.c:1777
[QTS:EMIT] pos=705 u16=0x000c (12) @parser.c:1772
[QTS:EMIT] pos=707 op=200 @parser.c:1786
[QTS:EMIT] pos=708 u32=0x00001a56 (6742) @parser.c:1788
[QTS:EMIT] pos=712 op=66 @parser.c:1799
[QTS:EMIT] pos=713 atom=516 @parser.c:1807
[QTS:EMIT] pos=717 op=108 @parser.c:1799
[QTS:EMIT] pos=718 u32=0x0000000d (13) @parser.c:1777
[QTS:SCOPE] push: level=13 first_var=-1
[QTS:SCOPE] enter: idx=13 is_body=0
[QTS:EMIT] pos=722 op=182 @parser.c:1799
[QTS:EMIT] pos=723 u16=0x000d (13) @parser.c:1772
[QTS:EMIT] pos=725 op=200 @parser.c:1786
[QTS:EMIT] pos=726 u32=0x00001a7e (6782) @parser.c:1788
[QTS:EMIT] pos=730 op=186 @parser.c:1799
[QTS:EMIT] pos=731 u32=0x000001ec (492) @parser.c:1777
[QTS:EMIT] pos=735 u16=0x000d (13) @parser.c:1772
[QTS:EMIT] pos=737 op=200 @parser.c:1786
[QTS:EMIT] pos=738 u32=0x00001a8c (6796) @parser.c:1788
[QTS:EMIT] pos=742 op=66 @parser.c:1799
[QTS:EMIT] pos=743 atom=518 @parser.c:1807
[QTS:EMIT] pos=747 op=200 @parser.c:1786
[QTS:EMIT] pos=748 u32=0x00001a9b (6811) @parser.c:1788
[QTS:EMIT] pos=752 op=186 @parser.c:1799
[QTS:EMIT] pos=753 u32=0x000001ec (492) @parser.c:1777
[QTS:EMIT] pos=757 u16=0x000d (13) @parser.c:1772
[QTS:EMIT] pos=759 op=200 @parser.c:1786
[QTS:EMIT] pos=760 u32=0x00001aa9 (6825) @parser.c:1788
[QTS:EMIT] pos=764 op=66 @parser.c:1799
[QTS:EMIT] pos=765 atom=509 @parser.c:1807
[QTS:EMIT] pos=769 op=200 @parser.c:1786
[QTS:EMIT] pos=770 u32=0x00001a9a (6810) @parser.c:1788
[QTS:EMIT] pos=774 op=36 @parser.c:1799
[QTS:EMIT] pos=775 u16=0x0001 (1) @parser.c:1772
[QTS:EMIT] pos=777 op=187 @parser.c:1799
[QTS:EMIT] pos=778 atom=517 @parser.c:1807
[QTS:EMIT] pos=782 u16=0x000d (13) @parser.c:1772
[QTS:EMIT] pos=784 op=200 @parser.c:1786
[QTS:EMIT] pos=785 u32=0x00001acf (6863) @parser.c:1788
[QTS:EMIT] pos=789 op=186 @parser.c:1799
[QTS:EMIT] pos=790 u32=0x000001ec (492) @parser.c:1777
[QTS:EMIT] pos=794 u16=0x000d (13) @parser.c:1772
[QTS:EMIT] pos=796 op=200 @parser.c:1786
[QTS:EMIT] pos=797 u32=0x00001add (6877) @parser.c:1788
[QTS:EMIT] pos=801 op=66 @parser.c:1799
[QTS:EMIT] pos=802 atom=520 @parser.c:1807
[QTS:EMIT] pos=806 op=1 @parser.c:1799
[QTS:EMIT] pos=807 u32=0x00000064 (100) @parser.c:1777
[QTS:EMIT] pos=811 op=200 @parser.c:1786
[QTS:EMIT] pos=812 u32=0x00001af0 (6896) @parser.c:1788
[QTS:EMIT] pos=816 op=186 @parser.c:1799
[QTS:EMIT] pos=817 u32=0x00000205 (517) @parser.c:1777
[QTS:EMIT] pos=821 u16=0x000d (13) @parser.c:1772
[QTS:EMIT] pos=823 op=200 @parser.c:1786
[QTS:EMIT] pos=824 u32=0x00001aee (6894) @parser.c:1788
[QTS:EMIT] pos=828 op=156 @parser.c:1799
[QTS:EMIT] pos=829 op=200 @parser.c:1786
[QTS:EMIT] pos=830 u32=0x00001ae9 (6889) @parser.c:1788
[QTS:EMIT] pos=834 op=36 @parser.c:1799
[QTS:EMIT] pos=835 u16=0x0001 (1) @parser.c:1772
[QTS:EMIT] pos=837 op=187 @parser.c:1799
[QTS:EMIT] pos=838 atom=519 @parser.c:1807
[QTS:EMIT] pos=842 u16=0x000d (13) @parser.c:1772
[QTS:EMIT] pos=844 op=200 @parser.c:1786
[QTS:EMIT] pos=845 u32=0x00001b04 (6916) @parser.c:1788
[QTS:EMIT] pos=849 op=186 @parser.c:1799
[QTS:EMIT] pos=850 u32=0x000001f9 (505) @parser.c:1777
[QTS:EMIT] pos=854 u16=0x000d (13) @parser.c:1772
[QTS:EMIT] pos=856 op=200 @parser.c:1786
[QTS:EMIT] pos=857 u32=0x00001b0a (6922) @parser.c:1788
[QTS:EMIT] pos=861 op=66 @parser.c:1799
[QTS:EMIT] pos=862 atom=516 @parser.c:1807
[QTS:EMIT] pos=866 op=200 @parser.c:1786
[QTS:EMIT] pos=867 u32=0x00001b17 (6935) @parser.c:1788
[QTS:EMIT] pos=871 op=186 @parser.c:1799
[QTS:EMIT] pos=872 u32=0x00000207 (519) @parser.c:1777
[QTS:EMIT] pos=876 u16=0x000d (13) @parser.c:1772
[QTS:EMIT] pos=878 op=200 @parser.c:1786
[QTS:EMIT] pos=879 u32=0x00001b16 (6934) @parser.c:1788
[QTS:EMIT] pos=883 op=36 @parser.c:1799
[QTS:EMIT] pos=884 u16=0x0001 (1) @parser.c:1772
[QTS:EMIT] pos=886 op=14 @parser.c:1799
[QTS:SCOPE] leave: idx=13
[QTS:SCOPE] pop: level=13
[QTS:EMIT] pos=887 op=183 @parser.c:1799
[QTS:EMIT] pos=888 u16=0x000d (13) @parser.c:1772
[QTS:EMIT] pos=890 op=184 @parser.c:1799
[QTS:EMIT] pos=891 u32=0x0000000d (13) @parser.c:1777
[QTS:SCOPE] leave: idx=12
[QTS:SCOPE] pop: level=12
[QTS:EMIT] pos=895 op=183 @parser.c:1799
[QTS:EMIT] pos=896 u16=0x000c (12) @parser.c:1772
[QTS:EMIT] pos=898 op=41 @parser.c:1799
[QTS:EMIT] pos=218 op=200 @parser.c:1786
[QTS:EMIT] pos=219 u32=0x00001b37 (6967) @parser.c:1788
[QTS:EMIT] pos=223 op=186 @parser.c:1799
[QTS:EMIT] pos=224 u32=0x000001fe (510) @parser.c:1777
[QTS:EMIT] pos=228 u16=0x0001 (1) @parser.c:1772
[QTS:EMIT] pos=230 op=200 @parser.c:1786
[QTS:EMIT] pos=231 u32=0x00001b3e (6974) @parser.c:1788
[QTS:EMIT] pos=235 op=34 @parser.c:1799
[QTS:EMIT] pos=236 u16=0x0000 (0) @parser.c:1772
[QTS:EMIT] pos=238 op=14 @parser.c:1799
[QTS:EMIT] pos=239 op=41 @parser.c:1799
[QTS:EMIT] pos=304 op=3 @parser.c:1799
[QTS:EMIT] pos=305 u32=0x00000008 (8) @parser.c:1777
[QTS:EMIT] pos=309 op=79 @parser.c:1799
[QTS:EMIT] pos=310 u32=0x00000000 (0) @parser.c:1777
[QTS:EMIT] pos=314 op=21 @parser.c:1799
[QTS:EMIT] pos=315 op=68 @parser.c:1799
[QTS:EMIT] pos=316 u32=0x000001f8 (504) @parser.c:1777
[QTS:EMIT] pos=320 op=14 @parser.c:1799
[QTS:EMIT] pos=321 op=200 @parser.c:1786
[QTS:EMIT] pos=322 u32=0x00001baa (7082) @parser.c:1788
[QTS:EMIT] pos=326 op=186 @parser.c:1799
[QTS:EMIT] pos=327 u32=0x000001ec (492) @parser.c:1777
[QTS:EMIT] pos=331 u16=0x0001 (1) @parser.c:1772
[QTS:EMIT] pos=333 op=200 @parser.c:1786
[QTS:EMIT] pos=334 u32=0x00001bb8 (7096) @parser.c:1788
[QTS:EMIT] pos=338 op=66 @parser.c:1799
[QTS:EMIT] pos=339 atom=521 @parser.c:1807
[QTS:ASSIGN] lvalue: opcode=66 scope=0 atom=521 label=-1
[QTS:SCOPE] push: level=1 first_var=-1
[QTS:SCOPE] enter: idx=1 is_body=0
[QTS:EMIT] pos=0 op=182 @parser.c:1799
[QTS:EMIT] pos=1 u16=0x0001 (1) @parser.c:1772
[QTS:EMIT] pos=3 op=1 @parser.c:1799
[QTS:EMIT] pos=4 u32=0x00000000 (0) @parser.c:1777
[QTS:EMIT] pos=8 op=187 @parser.c:1799
[QTS:EMIT] pos=9 atom=522 @parser.c:1807
[QTS:EMIT] pos=13 u16=0x0001 (1) @parser.c:1772
[QTS:EMIT] pos=15 op=200 @parser.c:1786
[QTS:EMIT] pos=16 u32=0x00001bfe (7166) @parser.c:1788
[QTS:EMIT] pos=20 op=186 @parser.c:1799
[QTS:EMIT] pos=21 u32=0x000001ec (492) @parser.c:1777
[QTS:EMIT] pos=25 u16=0x0001 (1) @parser.c:1772
[QTS:EMIT] pos=27 op=200 @parser.c:1786
[QTS:EMIT] pos=28 u32=0x00001c0c (7180) @parser.c:1788
[QTS:EMIT] pos=32 op=66 @parser.c:1799
[QTS:EMIT] pos=33 atom=495 @parser.c:1807
[QTS:EMIT] pos=37 op=187 @parser.c:1799
[QTS:EMIT] pos=38 atom=495 @parser.c:1807
[QTS:EMIT] pos=42 u16=0x0001 (1) @parser.c:1772
[QTS:SCOPE] push: level=2 first_var=-1
[QTS:SCOPE] enter: idx=2 is_body=0
[QTS:EMIT] pos=44 op=182 @parser.c:1799
[QTS:EMIT] pos=45 u16=0x0002 (2) @parser.c:1772
[QTS:EMIT] pos=47 op=1 @parser.c:1799
[QTS:EMIT] pos=48 u32=0x00000000 (0) @parser.c:1777
[QTS:EMIT] pos=52 op=187 @parser.c:1799
[QTS:EMIT] pos=53 atom=523 @parser.c:1807
[QTS:EMIT] pos=57 u16=0x0002 (2) @parser.c:1772
[QTS:EMIT] pos=59 op=183 @parser.c:1799
[QTS:EMIT] pos=60 u16=0x0002 (2) @parser.c:1772
[QTS:EMIT] pos=62 op=184 @parser.c:1799
[QTS:EMIT] pos=63 u32=0x00000000 (0) @parser.c:1777
[QTS:EMIT] pos=67 op=200 @parser.c:1786
[QTS:EMIT] pos=68 u32=0x00001c29 (7209) @parser.c:1788
[QTS:EMIT] pos=72 op=186 @parser.c:1799
[QTS:EMIT] pos=73 u32=0x0000020b (523) @parser.c:1777
[QTS:EMIT] pos=77 u16=0x0002 (2) @parser.c:1772
[QTS:EMIT] pos=79 op=200 @parser.c:1786
[QTS:EMIT] pos=80 u32=0x00001c2d (7213) @parser.c:1788
[QTS:EMIT] pos=84 op=186 @parser.c:1799
[QTS:EMIT] pos=85 u32=0x000001ef (495) @parser.c:1777
[QTS:EMIT] pos=89 u16=0x0002 (2) @parser.c:1772
[QTS:EMIT] pos=91 op=200 @parser.c:1786
[QTS:EMIT] pos=92 u32=0x00001c33 (7219) @parser.c:1788
[QTS:EMIT] pos=96 op=66 @parser.c:1799
[QTS:EMIT] pos=97 atom=48 @parser.c:1807
[QTS:EMIT] pos=101 op=200 @parser.c:1786
[QTS:EMIT] pos=102 u32=0x00001c2b (7211) @parser.c:1788
[QTS:EMIT] pos=106 op=165 @parser.c:1799
[QTS:EMIT] pos=107 op=108 @parser.c:1799
[QTS:EMIT] pos=108 u32=0x00000003 (3) @parser.c:1777
[QTS:EMIT] pos=112 op=110 @parser.c:1799
[QTS:EMIT] pos=113 u32=0x00000002 (2) @parser.c:1777
[QTS:EMIT] pos=117 op=184 @parser.c:1799
[QTS:EMIT] pos=118 u32=0x00000001 (1) @parser.c:1777
[QTS:EMIT] pos=122 op=200 @parser.c:1786
[QTS:EMIT] pos=123 u32=0x00001c3c (7228) @parser.c:1788
[QTS:EMIT] pos=127 op=186 @parser.c:1799
[QTS:EMIT] pos=128 u32=0x0000020b (523) @parser.c:1777
[QTS:EMIT] pos=132 u16=0x0002 (2) @parser.c:1772
[QTS:EMIT] pos=127 op=189 @parser.c:1799
[QTS:EMIT] pos=128 atom=523 @parser.c:1807
[QTS:EMIT] pos=132 u32=0x00000004 (4) @parser.c:1777
[QTS:EMIT] pos=136 u16=0x0002 (2) @parser.c:1772
[QTS:EMIT] pos=138 op=61 @parser.c:1799
[QTS:EMIT] pos=139 op=200 @parser.c:1786
[QTS:EMIT] pos=140 u32=0x00001c3d (7229) @parser.c:1788
[QTS:EMIT] pos=144 op=147 @parser.c:1799
[QTS:EMIT] pos=145 op=184 @parser.c:1799
[QTS:EMIT] pos=146 u32=0x00000004 (4) @parser.c:1777
[QTS:EMIT] pos=150 op=25 @parser.c:1799
[QTS:EMIT] pos=151 op=62 @parser.c:1799
[QTS:EMIT] pos=152 op=14 @parser.c:1799
[QTS:EMIT] pos=153 op=110 @parser.c:1799
[QTS:EMIT] pos=154 u32=0x00000000 (0) @parser.c:1777
[QTS:EMIT] pos=158 op=184 @parser.c:1799
[QTS:EMIT] pos=159 u32=0x00000002 (2) @parser.c:1777
[QTS:SCOPE] push: level=3 first_var=-1
[QTS:SCOPE] enter: idx=3 is_body=0
[QTS:EMIT] pos=163 op=182 @parser.c:1799
[QTS:EMIT] pos=164 u16=0x0003 (3) @parser.c:1772
[QTS:EMIT] pos=166 op=200 @parser.c:1786
[QTS:EMIT] pos=167 u32=0x00001c4b (7243) @parser.c:1788
[QTS:EMIT] pos=171 op=186 @parser.c:1799
[QTS:EMIT] pos=172 u32=0x0000020a (522) @parser.c:1777
[QTS:EMIT] pos=176 u16=0x0003 (3) @parser.c:1772
[QTS:EMIT] pos=171 op=189 @parser.c:1799
[QTS:EMIT] pos=172 atom=522 @parser.c:1807
[QTS:EMIT] pos=176 u32=0x00000005 (5) @parser.c:1777
[QTS:EMIT] pos=180 u16=0x0003 (3) @parser.c:1772
[QTS:EMIT] pos=182 op=61 @parser.c:1799
[QTS:ASSIGN] lvalue: opcode=61 scope=3 atom=522 label=5
[QTS:EMIT] pos=183 op=200 @parser.c:1786
[QTS:EMIT] pos=184 u32=0x00001c55 (7253) @parser.c:1788
[QTS:EMIT] pos=188 op=186 @parser.c:1799
[QTS:EMIT] pos=189 u32=0x000001ef (495) @parser.c:1777
[QTS:EMIT] pos=193 u16=0x0003 (3) @parser.c:1772
[QTS:EMIT] pos=195 op=200 @parser.c:1786
[QTS:EMIT] pos=196 u32=0x00001c5c (7260) @parser.c:1788
[QTS:EMIT] pos=200 op=186 @parser.c:1799
[QTS:EMIT] pos=201 u32=0x0000020b (523) @parser.c:1777
[QTS:EMIT] pos=205 u16=0x0003 (3) @parser.c:1772
[QTS:EMIT] pos=207 op=200 @parser.c:1786
[QTS:EMIT] pos=208 u32=0x00001c5b (7259) @parser.c:1788
[QTS:EMIT] pos=212 op=72 @parser.c:1799
[QTS:EMIT] pos=213 op=200 @parser.c:1786
[QTS:EMIT] pos=214 u32=0x00001c5e (7262) @parser.c:1788
[QTS:EMIT] pos=218 op=66 @parser.c:1799
[QTS:EMIT] pos=219 atom=494 @parser.c:1807
[QTS:EMIT] pos=223 op=200 @parser.c:1786
[QTS:EMIT] pos=224 u32=0x00001c69 (7273) @parser.c:1788
[QTS:EMIT] pos=228 op=66 @parser.c:1799
[QTS:EMIT] pos=229 atom=48 @parser.c:1807
[QTS:ASSIGN] compound: tok=59 op=159
[QTS:EMIT] pos=233 op=200 @parser.c:1786
[QTS:EMIT] pos=234 u32=0x00001c52 (7250) @parser.c:1788
[QTS:EMIT] pos=238 op=159 @parser.c:1799
[QTS:EMIT] pos=239 op=184 @parser.c:1799
[QTS:EMIT] pos=240 u32=0x00000005 (5) @parser.c:1777
[QTS:EMIT] pos=244 op=22 @parser.c:1799
[QTS:EMIT] pos=245 op=62 @parser.c:1799
[QTS:EMIT] pos=246 op=14 @parser.c:1799
[QTS:SCOPE] leave: idx=3
[QTS:SCOPE] pop: level=3
[QTS:EMIT] pos=247 op=183 @parser.c:1799
[QTS:EMIT] pos=248 u16=0x0003 (3) @parser.c:1772
[QTS:EMIT] pos=250 op=183 @parser.c:1799
[QTS:EMIT] pos=251 u16=0x0002 (2) @parser.c:1772
[QTS:EMIT] pos=294 op=184 @parser.c:1799
[QTS:EMIT] pos=295 u32=0x00000003 (3) @parser.c:1777
[QTS:SCOPE] leave: idx=2
[QTS:SCOPE] pop: level=2
[QTS:EMIT] pos=299 op=183 @parser.c:1799
[QTS:EMIT] pos=300 u16=0x0002 (2) @parser.c:1772
[QTS:EMIT] pos=302 op=200 @parser.c:1786
[QTS:EMIT] pos=303 u32=0x00001c83 (7299) @parser.c:1788
[QTS:EMIT] pos=307 op=186 @parser.c:1799
[QTS:EMIT] pos=308 u32=0x0000020a (522) @parser.c:1777
[QTS:EMIT] pos=312 u16=0x0001 (1) @parser.c:1772
[QTS:EMIT] pos=314 op=200 @parser.c:1786
[QTS:EMIT] pos=315 u32=0x00001c7c (7292) @parser.c:1788
[QTS:EMIT] pos=319 op=40 @parser.c:1799
[QTS:EMIT] pos=338 op=3 @parser.c:1799
[QTS:EMIT] pos=339 u32=0x00000009 (9) @parser.c:1777
[QTS:EMIT] pos=343 op=79 @parser.c:1799
[QTS:EMIT] pos=344 u32=0x00000000 (0) @parser.c:1777
[QTS:EMIT] pos=348 op=21 @parser.c:1799
[QTS:EMIT] pos=349 op=68 @parser.c:1799
[QTS:EMIT] pos=350 u32=0x00000209 (521) @parser.c:1777
[QTS:EMIT] pos=354 op=14 @parser.c:1799
[QTS:EMIT] pos=355 op=200 @parser.c:1786
[QTS:EMIT] pos=356 u32=0x00001cc2 (7362) @parser.c:1788
[QTS:EMIT] pos=360 op=186 @parser.c:1799
[QTS:EMIT] pos=361 u32=0x000001ec (492) @parser.c:1777
[QTS:EMIT] pos=365 u16=0x0001 (1) @parser.c:1772
[QTS:EMIT] pos=367 op=200 @parser.c:1786
[QTS:EMIT] pos=368 u32=0x00001cd0 (7376) @parser.c:1788
[QTS:EMIT] pos=372 op=66 @parser.c:1799
[QTS:EMIT] pos=373 atom=518 @parser.c:1807
[QTS:ASSIGN] lvalue: opcode=66 scope=0 atom=518 label=-1
[QTS:SCOPE] push: level=1 first_var=-1
[QTS:SCOPE] enter: idx=1 is_body=0
[QTS:EMIT] pos=0 op=182 @parser.c:1799
[QTS:EMIT] pos=1 u16=0x0001 (1) @parser.c:1772
[QTS:EMIT] pos=3 op=1 @parser.c:1799
[QTS:EMIT] pos=4 u32=0x00000000 (0) @parser.c:1777
[QTS:EMIT] pos=8 op=187 @parser.c:1799
[QTS:EMIT] pos=9 atom=525 @parser.c:1807
[QTS:EMIT] pos=13 u16=0x0001 (1) @parser.c:1772
[QTS:SCOPE] push: level=2 first_var=-1
[QTS:SCOPE] enter: idx=2 is_body=0
[QTS:EMIT] pos=15 op=182 @parser.c:1799
[QTS:EMIT] pos=16 u16=0x0002 (2) @parser.c:1772
[QTS:EMIT] pos=18 op=1 @parser.c:1799
[QTS:EMIT] pos=19 u32=0x00000000 (0) @parser.c:1777
[QTS:EMIT] pos=23 op=187 @parser.c:1799
[QTS:EMIT] pos=24 atom=523 @parser.c:1807
[QTS:EMIT] pos=28 u16=0x0002 (2) @parser.c:1772
[QTS:EMIT] pos=30 op=183 @parser.c:1799
[QTS:EMIT] pos=31 u16=0x0002 (2) @parser.c:1772
[QTS:EMIT] pos=33 op=184 @parser.c:1799
[QTS:EMIT] pos=34 u32=0x00000000 (0) @parser.c:1777
[QTS:EMIT] pos=38 op=200 @parser.c:1786
[QTS:EMIT] pos=39 u32=0x00001d1b (7451) @parser.c:1788
[QTS:EMIT] pos=43 op=186 @parser.c:1799
[QTS:EMIT] pos=44 u32=0x0000020b (523) @parser.c:1777
[QTS:EMIT] pos=48 u16=0x0002 (2) @parser.c:1772
[QTS:EMIT] pos=50 op=200 @parser.c:1786
[QTS:EMIT] pos=51 u32=0x00001d1f (7455) @parser.c:1788
[QTS:EMIT] pos=55 op=186 @parser.c:1799
[QTS:EMIT] pos=56 u32=0x0000020c (524) @parser.c:1777
[QTS:EMIT] pos=60 u16=0x0002 (2) @parser.c:1772
[QTS:EMIT] pos=62 op=200 @parser.c:1786
[QTS:EMIT] pos=63 u32=0x00001d26 (7462) @parser.c:1788
[QTS:EMIT] pos=67 op=66 @parser.c:1799
[QTS:EMIT] pos=68 atom=48 @parser.c:1807
[QTS:EMIT] pos=72 op=200 @parser.c:1786
[QTS:EMIT] pos=73 u32=0x00001d1d (7453) @parser.c:1788
[QTS:EMIT] pos=77 op=165 @parser.c:1799
[QTS:EMIT] pos=78 op=108 @parser.c:1799
[QTS:EMIT] pos=79 u32=0x00000003 (3) @parser.c:1777
[QTS:EMIT] pos=83 op=110 @parser.c:1799
[QTS:EMIT] pos=84 u32=0x00000002 (2) @parser.c:1777
[QTS:EMIT] pos=88 op=184 @parser.c:1799
[QTS:EMIT] pos=89 u32=0x00000001 (1) @parser.c:1777
[QTS:EMIT] pos=93 op=200 @parser.c:1786
[QTS:EMIT] pos=94 u32=0x00001d2f (7471) @parser.c:1788
[QTS:EMIT] pos=98 op=186 @parser.c:1799
[QTS:EMIT] pos=99 u32=0x0000020b (523) @parser.c:1777
[QTS:EMIT] pos=103 u16=0x0002 (2) @parser.c:1772
[QTS:EMIT] pos=98 op=189 @parser.c:1799
[QTS:EMIT] pos=99 atom=523 @parser.c:1807
[QTS:EMIT] pos=103 u32=0x00000004 (4) @parser.c:1777
[QTS:EMIT] pos=107 u16=0x0002 (2) @parser.c:1772
[QTS:EMIT] pos=109 op=61 @parser.c:1799
[QTS:EMIT] pos=110 op=200 @parser.c:1786
[QTS:EMIT] pos=111 u32=0x00001d30 (7472) @parser.c:1788
[QTS:EMIT] pos=115 op=147 @parser.c:1799
[QTS:EMIT] pos=116 op=184 @parser.c:1799
[QTS:EMIT] pos=117 u32=0x00000004 (4) @parser.c:1777
[QTS:EMIT] pos=121 op=25 @parser.c:1799
[QTS:EMIT] pos=122 op=62 @parser.c:1799
[QTS:EMIT] pos=123 op=14 @parser.c:1799
[QTS:EMIT] pos=124 op=110 @parser.c:1799
[QTS:EMIT] pos=125 u32=0x00000000 (0) @parser.c:1777
[QTS:EMIT] pos=129 op=184 @parser.c:1799
[QTS:EMIT] pos=130 u32=0x00000002 (2) @parser.c:1777
[QTS:SCOPE] push: level=3 first_var=-1
[QTS:SCOPE] enter: idx=3 is_body=0
[QTS:EMIT] pos=134 op=182 @parser.c:1799
[QTS:EMIT] pos=135 u16=0x0003 (3) @parser.c:1772
[QTS:EMIT] pos=137 op=200 @parser.c:1786
[QTS:EMIT] pos=138 u32=0x00001d3e (7486) @parser.c:1788
[QTS:EMIT] pos=142 op=186 @parser.c:1799
[QTS:EMIT] pos=143 u32=0x0000020d (525) @parser.c:1777
[QTS:EMIT] pos=147 u16=0x0003 (3) @parser.c:1772
[QTS:EMIT] pos=142 op=189 @parser.c:1799
[QTS:EMIT] pos=143 atom=525 @parser.c:1807
[QTS:EMIT] pos=147 u32=0x00000005 (5) @parser.c:1777
[QTS:EMIT] pos=151 u16=0x0003 (3) @parser.c:1772
[QTS:EMIT] pos=153 op=61 @parser.c:1799
[QTS:ASSIGN] lvalue: opcode=61 scope=3 atom=525 label=5
[QTS:EMIT] pos=154 op=200 @parser.c:1786
[QTS:EMIT] pos=155 u32=0x00001d45 (7493) @parser.c:1788
[QTS:EMIT] pos=159 op=186 @parser.c:1799
[QTS:EMIT] pos=160 u32=0x000000a5 (165) @parser.c:1777
[QTS:EMIT] pos=164 u16=0x0003 (3) @parser.c:1772
[QTS:EMIT] pos=166 op=200 @parser.c:1786
[QTS:EMIT] pos=167 u32=0x00001d49 (7497) @parser.c:1788
[QTS:EMIT] pos=171 op=66 @parser.c:1799
[QTS:EMIT] pos=172 atom=525 @parser.c:1807
[QTS:EMIT] pos=176 op=200 @parser.c:1786
[QTS:EMIT] pos=177 u32=0x00001d4e (7502) @parser.c:1788
[QTS:EMIT] pos=181 op=186 @parser.c:1799
[QTS:EMIT] pos=182 u32=0x0000020c (524) @parser.c:1777
[QTS:EMIT] pos=186 u16=0x0003 (3) @parser.c:1772
[QTS:EMIT] pos=188 op=200 @parser.c:1786
[QTS:EMIT] pos=189 u32=0x00001d56 (7510) @parser.c:1788
[QTS:EMIT] pos=193 op=186 @parser.c:1799
[QTS:EMIT] pos=194 u32=0x0000020b (523) @parser.c:1777
[QTS:EMIT] pos=198 u16=0x0003 (3) @parser.c:1772
[QTS:EMIT] pos=200 op=200 @parser.c:1786
[QTS:EMIT] pos=201 u32=0x00001d55 (7509) @parser.c:1788
[QTS:EMIT] pos=205 op=72 @parser.c:1799
[QTS:EMIT] pos=206 op=200 @parser.c:1786
[QTS:EMIT] pos=207 u32=0x00001d4d (7501) @parser.c:1788
[QTS:EMIT] pos=211 op=36 @parser.c:1799
[QTS:EMIT] pos=212 u16=0x0001 (1) @parser.c:1772
[QTS:ASSIGN] compound: tok=59 op=159
[QTS:EMIT] pos=214 op=200 @parser.c:1786
[QTS:EMIT] pos=215 u32=0x00001d42 (7490) @parser.c:1788
[QTS:EMIT] pos=219 op=159 @parser.c:1799
[QTS:EMIT] pos=220 op=184 @parser.c:1799
[QTS:EMIT] pos=221 u32=0x00000005 (5) @parser.c:1777
[QTS:EMIT] pos=225 op=22 @parser.c:1799
[QTS:EMIT] pos=226 op=62 @parser.c:1799
[QTS:EMIT] pos=227 op=14 @parser.c:1799
[QTS:SCOPE] leave: idx=3
[QTS:SCOPE] pop: level=3
[QTS:EMIT] pos=228 op=183 @parser.c:1799
[QTS:EMIT] pos=229 u16=0x0003 (3) @parser.c:1772
[QTS:EMIT] pos=231 op=183 @parser.c:1799
[QTS:EMIT] pos=232 u16=0x0002 (2) @parser.c:1772
[QTS:EMIT] pos=275 op=184 @parser.c:1799
[QTS:EMIT] pos=276 u32=0x00000003 (3) @parser.c:1777
[QTS:SCOPE] leave: idx=2
[QTS:SCOPE] pop: level=2
[QTS:EMIT] pos=280 op=183 @parser.c:1799
[QTS:EMIT] pos=281 u16=0x0002 (2) @parser.c:1772
[QTS:EMIT] pos=283 op=200 @parser.c:1786
[QTS:EMIT] pos=284 u32=0x00001d6c (7532) @parser.c:1788
[QTS:EMIT] pos=288 op=186 @parser.c:1799
[QTS:EMIT] pos=289 u32=0x000000a5 (165) @parser.c:1777
[QTS:EMIT] pos=293 u16=0x0001 (1) @parser.c:1772
[QTS:EMIT] pos=295 op=200 @parser.c:1786
[QTS:EMIT] pos=296 u32=0x00001d70 (7536) @parser.c:1788
[QTS:EMIT] pos=300 op=66 @parser.c:1799
[QTS:EMIT] pos=301 atom=526 @parser.c:1807
[QTS:EMIT] pos=305 op=200 @parser.c:1786
[QTS:EMIT] pos=306 u32=0x00001d75 (7541) @parser.c:1788
[QTS:EMIT] pos=310 op=186 @parser.c:1799
[QTS:EMIT] pos=311 u32=0x000000a5 (165) @parser.c:1777
[QTS:EMIT] pos=315 u16=0x0001 (1) @parser.c:1772
[QTS:EMIT] pos=317 op=200 @parser.c:1786
[QTS:EMIT] pos=318 u32=0x00001d79 (7545) @parser.c:1788
[QTS:EMIT] pos=322 op=66 @parser.c:1799
[QTS:EMIT] pos=323 atom=527 @parser.c:1807
[QTS:EMIT] pos=327 op=200 @parser.c:1786
[QTS:EMIT] pos=328 u32=0x00001d7d (7549) @parser.c:1788
[QTS:EMIT] pos=332 op=186 @parser.c:1799
[QTS:EMIT] pos=333 u32=0x0000020d (525) @parser.c:1777
[QTS:EMIT] pos=337 u16=0x0001 (1) @parser.c:1772
[QTS:EMIT] pos=339 op=200 @parser.c:1786
[QTS:EMIT] pos=340 u32=0x00001d83 (7555) @parser.c:1788
[QTS:EMIT] pos=344 op=186 @parser.c:1799
[QTS:EMIT] pos=345 u32=0x0000020c (524) @parser.c:1777
[QTS:EMIT] pos=349 u16=0x0001 (1) @parser.c:1772
[QTS:EMIT] pos=351 op=200 @parser.c:1786
[QTS:EMIT] pos=352 u32=0x00001d8a (7562) @parser.c:1788
[QTS:EMIT] pos=356 op=66 @parser.c:1799
[QTS:EMIT] pos=357 atom=48 @parser.c:1807
[QTS:EMIT] pos=361 op=200 @parser.c:1786
[QTS:EMIT] pos=362 u32=0x00001d81 (7553) @parser.c:1788
[QTS:EMIT] pos=366 op=157 @parser.c:1799
[QTS:EMIT] pos=367 op=200 @parser.c:1786
[QTS:EMIT] pos=368 u32=0x00001d74 (7540) @parser.c:1788
[QTS:EMIT] pos=372 op=36 @parser.c:1799
[QTS:EMIT] pos=373 u16=0x0002 (2) @parser.c:1772
[QTS:EMIT] pos=375 op=200 @parser.c:1786
[QTS:EMIT] pos=376 u32=0x00001d65 (7525) @parser.c:1788
[QTS:EMIT] pos=380 op=40 @parser.c:1799
[QTS:EMIT] pos=372 op=3 @parser.c:1799
[QTS:EMIT] pos=373 u32=0x0000000a (10) @parser.c:1777
[QTS:EMIT] pos=377 op=79 @parser.c:1799
[QTS:EMIT] pos=378 u32=0x00000000 (0) @parser.c:1777
[QTS:EMIT] pos=382 op=21 @parser.c:1799
[QTS:EMIT] pos=383 op=68 @parser.c:1799
[QTS:EMIT] pos=384 u32=0x00000206 (518) @parser.c:1777
[QTS:EMIT] pos=388 op=14 @parser.c:1799
[QTS:EMIT] pos=389 op=200 @parser.c:1786
[QTS:EMIT] pos=390 u32=0x00001de0 (7648) @parser.c:1788
[QTS:EMIT] pos=394 op=186 @parser.c:1799
[QTS:EMIT] pos=395 u32=0x000001ec (492) @parser.c:1777
[QTS:EMIT] pos=399 u16=0x0001 (1) @parser.c:1772
[QTS:EMIT] pos=401 op=200 @parser.c:1786
[QTS:EMIT] pos=402 u32=0x00001dee (7662) @parser.c:1788
[QTS:EMIT] pos=406 op=66 @parser.c:1799
[QTS:EMIT] pos=407 atom=528 @parser.c:1807
[QTS:ASSIGN] lvalue: opcode=66 scope=0 atom=528 label=-1
[QTS:SCOPE] push: level=1 first_var=-1
[QTS:SCOPE] enter: idx=1 is_body=0
[QTS:EMIT] pos=0 op=182 @parser.c:1799
[QTS:EMIT] pos=1 u16=0x0001 (1) @parser.c:1772
[QTS:EMIT] pos=3 op=1 @parser.c:1799
[QTS:EMIT] pos=4 u32=0x00000000 (0) @parser.c:1777
[QTS:EMIT] pos=8 op=187 @parser.c:1799
[QTS:EMIT] pos=9 atom=525 @parser.c:1807
[QTS:EMIT] pos=13 u16=0x0001 (1) @parser.c:1772
[QTS:SCOPE] push: level=2 first_var=-1
[QTS:SCOPE] enter: idx=2 is_body=0
[QTS:EMIT] pos=15 op=182 @parser.c:1799
[QTS:EMIT] pos=16 u16=0x0002 (2) @parser.c:1772
[QTS:EMIT] pos=18 op=1 @parser.c:1799
[QTS:EMIT] pos=19 u32=0x00000000 (0) @parser.c:1777
[QTS:EMIT] pos=23 op=187 @parser.c:1799
[QTS:EMIT] pos=24 atom=523 @parser.c:1807
[QTS:EMIT] pos=28 u16=0x0002 (2) @parser.c:1772
[QTS:EMIT] pos=30 op=183 @parser.c:1799
[QTS:EMIT] pos=31 u16=0x0002 (2) @parser.c:1772
[QTS:EMIT] pos=33 op=184 @parser.c:1799
[QTS:EMIT] pos=34 u32=0x00000000 (0) @parser.c:1777
[QTS:EMIT] pos=38 op=200 @parser.c:1786
[QTS:EMIT] pos=39 u32=0x00001e42 (7746) @parser.c:1788
[QTS:EMIT] pos=43 op=186 @parser.c:1799
[QTS:EMIT] pos=44 u32=0x0000020b (523) @parser.c:1777
[QTS:EMIT] pos=48 u16=0x0002 (2) @parser.c:1772
[QTS:EMIT] pos=50 op=200 @parser.c:1786
[QTS:EMIT] pos=51 u32=0x00001e46 (7750) @parser.c:1788
[QTS:EMIT] pos=55 op=186 @parser.c:1799
[QTS:EMIT] pos=56 u32=0x00000211 (529) @parser.c:1777
[QTS:EMIT] pos=60 u16=0x0002 (2) @parser.c:1772
[QTS:EMIT] pos=62 op=200 @parser.c:1786
[QTS:EMIT] pos=63 u32=0x00001e52 (7762) @parser.c:1788
[QTS:EMIT] pos=67 op=66 @parser.c:1799
[QTS:EMIT] pos=68 atom=48 @parser.c:1807
[QTS:EMIT] pos=72 op=200 @parser.c:1786
[QTS:EMIT] pos=73 u32=0x00001e44 (7748) @parser.c:1788
[QTS:EMIT] pos=77 op=165 @parser.c:1799
[QTS:EMIT] pos=78 op=108 @parser.c:1799
[QTS:EMIT] pos=79 u32=0x00000003 (3) @parser.c:1777
[QTS:EMIT] pos=83 op=110 @parser.c:1799
[QTS:EMIT] pos=84 u32=0x00000002 (2) @parser.c:1777
[QTS:EMIT] pos=88 op=184 @parser.c:1799
[QTS:EMIT] pos=89 u32=0x00000001 (1) @parser.c:1777
[QTS:EMIT] pos=93 op=200 @parser.c:1786
[QTS:EMIT] pos=94 u32=0x00001e5b (7771) @parser.c:1788
[QTS:EMIT] pos=98 op=186 @parser.c:1799
[QTS:EMIT] pos=99 u32=0x0000020b (523) @parser.c:1777
[QTS:EMIT] pos=103 u16=0x0002 (2) @parser.c:1772
[QTS:EMIT] pos=98 op=189 @parser.c:1799
[QTS:EMIT] pos=99 atom=523 @parser.c:1807
[QTS:EMIT] pos=103 u32=0x00000004 (4) @parser.c:1777
[QTS:EMIT] pos=107 u16=0x0002 (2) @parser.c:1772
[QTS:EMIT] pos=109 op=61 @parser.c:1799
[QTS:EMIT] pos=110 op=200 @parser.c:1786
[QTS:EMIT] pos=111 u32=0x00001e5c (7772) @parser.c:1788
[QTS:EMIT] pos=115 op=147 @parser.c:1799
[QTS:EMIT] pos=116 op=184 @parser.c:1799
[QTS:EMIT] pos=117 u32=0x00000004 (4) @parser.c:1777
[QTS:EMIT] pos=121 op=25 @parser.c:1799
[QTS:EMIT] pos=122 op=62 @parser.c:1799
[QTS:EMIT] pos=123 op=14 @parser.c:1799
[QTS:EMIT] pos=124 op=110 @parser.c:1799
[QTS:EMIT] pos=125 u32=0x00000000 (0) @parser.c:1777
[QTS:EMIT] pos=129 op=184 @parser.c:1799
[QTS:EMIT] pos=130 u32=0x00000002 (2) @parser.c:1777
[QTS:SCOPE] push: level=3 first_var=-1
[QTS:SCOPE] enter: idx=3 is_body=0
[QTS:EMIT] pos=134 op=182 @parser.c:1799
[QTS:EMIT] pos=135 u16=0x0003 (3) @parser.c:1772
[QTS:EMIT] pos=137 op=200 @parser.c:1786
[QTS:EMIT] pos=138 u32=0x00001e6a (7786) @parser.c:1788
[QTS:EMIT] pos=142 op=186 @parser.c:1799
[QTS:EMIT] pos=143 u32=0x0000020d (525) @parser.c:1777
[QTS:EMIT] pos=147 u16=0x0003 (3) @parser.c:1772
[QTS:EMIT] pos=142 op=189 @parser.c:1799
[QTS:EMIT] pos=143 atom=525 @parser.c:1807
[QTS:EMIT] pos=147 u32=0x00000005 (5) @parser.c:1777
[QTS:EMIT] pos=151 u16=0x0003 (3) @parser.c:1772
[QTS:EMIT] pos=153 op=61 @parser.c:1799
[QTS:ASSIGN] lvalue: opcode=61 scope=3 atom=525 label=5
[QTS:EMIT] pos=154 op=200 @parser.c:1786
[QTS:EMIT] pos=155 u32=0x00001e71 (7793) @parser.c:1788
[QTS:EMIT] pos=159 op=186 @parser.c:1799
[QTS:EMIT] pos=160 u32=0x000000a5 (165) @parser.c:1777
[QTS:EMIT] pos=164 u16=0x0003 (3) @parser.c:1772
[QTS:EMIT] pos=166 op=200 @parser.c:1786
[QTS:EMIT] pos=167 u32=0x00001e75 (7797) @parser.c:1788
[QTS:EMIT] pos=171 op=66 @parser.c:1799
[QTS:EMIT] pos=172 atom=525 @parser.c:1807
[QTS:EMIT] pos=176 op=200 @parser.c:1786
[QTS:EMIT] pos=177 u32=0x00001e7a (7802) @parser.c:1788
[QTS:EMIT] pos=181 op=186 @parser.c:1799
[QTS:EMIT] pos=182 u32=0x00000211 (529) @parser.c:1777
[QTS:EMIT] pos=186 u16=0x0003 (3) @parser.c:1772
[QTS:EMIT] pos=188 op=200 @parser.c:1786
[QTS:EMIT] pos=189 u32=0x00001e87 (7815) @parser.c:1788
[QTS:EMIT] pos=193 op=186 @parser.c:1799
[QTS:EMIT] pos=194 u32=0x0000020b (523) @parser.c:1777
[QTS:EMIT] pos=198 u16=0x0003 (3) @parser.c:1772
[QTS:EMIT] pos=200 op=200 @parser.c:1786
[QTS:EMIT] pos=201 u32=0x00001e86 (7814) @parser.c:1788
[QTS:EMIT] pos=205 op=72 @parser.c:1799
[QTS:EMIT] pos=206 op=200 @parser.c:1786
[QTS:EMIT] pos=207 u32=0x00001e89 (7817) @parser.c:1788
[QTS:EMIT] pos=211 op=66 @parser.c:1799
[QTS:EMIT] pos=212 atom=490 @parser.c:1807
[QTS:EMIT] pos=216 op=200 @parser.c:1786
[QTS:EMIT] pos=217 u32=0x00001e79 (7801) @parser.c:1788
[QTS:EMIT] pos=221 op=36 @parser.c:1799
[QTS:EMIT] pos=222 u16=0x0001 (1) @parser.c:1772
[QTS:ASSIGN] compound: tok=59 op=159
[QTS:EMIT] pos=224 op=200 @parser.c:1786
[QTS:EMIT] pos=225 u32=0x00001e6e (7790) @parser.c:1788
[QTS:EMIT] pos=229 op=159 @parser.c:1799
[QTS:EMIT] pos=230 op=184 @parser.c:1799
[QTS:EMIT] pos=231 u32=0x00000005 (5) @parser.c:1777
[QTS:EMIT] pos=235 op=22 @parser.c:1799
[QTS:EMIT] pos=236 op=62 @parser.c:1799
[QTS:EMIT] pos=237 op=14 @parser.c:1799
[QTS:SCOPE] leave: idx=3
[QTS:SCOPE] pop: level=3
[QTS:EMIT] pos=238 op=183 @parser.c:1799
[QTS:EMIT] pos=239 u16=0x0003 (3) @parser.c:1772
[QTS:EMIT] pos=241 op=183 @parser.c:1799
[QTS:EMIT] pos=242 u16=0x0002 (2) @parser.c:1772
[QTS:EMIT] pos=285 op=184 @parser.c:1799
[QTS:EMIT] pos=286 u32=0x00000003 (3) @parser.c:1777
[QTS:SCOPE] leave: idx=2
[QTS:SCOPE] pop: level=2
[QTS:EMIT] pos=290 op=183 @parser.c:1799
[QTS:EMIT] pos=291 u16=0x0002 (2) @parser.c:1772
[QTS:EMIT] pos=293 op=200 @parser.c:1786
[QTS:EMIT] pos=294 u32=0x00001ea2 (7842) @parser.c:1788
[QTS:EMIT] pos=298 op=186 @parser.c:1799
[QTS:EMIT] pos=299 u32=0x000000a5 (165) @parser.c:1777
[QTS:EMIT] pos=303 u16=0x0001 (1) @parser.c:1772
[QTS:EMIT] pos=305 op=200 @parser.c:1786
[QTS:EMIT] pos=306 u32=0x00001ea6 (7846) @parser.c:1788
[QTS:EMIT] pos=310 op=66 @parser.c:1799
[QTS:EMIT] pos=311 atom=526 @parser.c:1807
[QTS:EMIT] pos=315 op=200 @parser.c:1786
[QTS:EMIT] pos=316 u32=0x00001eab (7851) @parser.c:1788
[QTS:EMIT] pos=320 op=186 @parser.c:1799
[QTS:EMIT] pos=321 u32=0x000000a5 (165) @parser.c:1777
[QTS:EMIT] pos=325 u16=0x0001 (1) @parser.c:1772
[QTS:EMIT] pos=327 op=200 @parser.c:1786
[QTS:EMIT] pos=328 u32=0x00001eaf (7855) @parser.c:1788
[QTS:EMIT] pos=332 op=66 @parser.c:1799
[QTS:EMIT] pos=333 atom=527 @parser.c:1807
[QTS:EMIT] pos=337 op=200 @parser.c:1786
[QTS:EMIT] pos=338 u32=0x00001eb3 (7859) @parser.c:1788
[QTS:EMIT] pos=342 op=186 @parser.c:1799
[QTS:EMIT] pos=343 u32=0x0000020d (525) @parser.c:1777
[QTS:EMIT] pos=347 u16=0x0001 (1) @parser.c:1772
[QTS:EMIT] pos=349 op=200 @parser.c:1786
[QTS:EMIT] pos=350 u32=0x00001eb9 (7865) @parser.c:1788
[QTS:EMIT] pos=354 op=186 @parser.c:1799
[QTS:EMIT] pos=355 u32=0x00000211 (529) @parser.c:1777
[QTS:EMIT] pos=359 u16=0x0001 (1) @parser.c:1772
[QTS:EMIT] pos=361 op=200 @parser.c:1786
[QTS:EMIT] pos=362 u32=0x00001ec5 (7877) @parser.c:1788
[QTS:EMIT] pos=366 op=66 @parser.c:1799
[QTS:EMIT] pos=367 atom=48 @parser.c:1807
[QTS:EMIT] pos=371 op=200 @parser.c:1786
[QTS:EMIT] pos=372 u32=0x00001eb7 (7863) @parser.c:1788
[QTS:EMIT] pos=376 op=157 @parser.c:1799
[QTS:EMIT] pos=377 op=200 @parser.c:1786
[QTS:EMIT] pos=378 u32=0x00001eaa (7850) @parser.c:1788
[QTS:EMIT] pos=382 op=36 @parser.c:1799
[QTS:EMIT] pos=383 u16=0x0002 (2) @parser.c:1772
[QTS:EMIT] pos=385 op=200 @parser.c:1786
[QTS:EMIT] pos=386 u32=0x00001e9b (7835) @parser.c:1788
[QTS:EMIT] pos=390 op=40 @parser.c:1799
[QTS:EMIT] pos=406 op=3 @parser.c:1799
[QTS:EMIT] pos=407 u32=0x0000000b (11) @parser.c:1777
[QTS:EMIT] pos=411 op=79 @parser.c:1799
[QTS:EMIT] pos=412 u32=0x00000000 (0) @parser.c:1777
[QTS:EMIT] pos=416 op=21 @parser.c:1799
[QTS:EMIT] pos=417 op=68 @parser.c:1799
[QTS:EMIT] pos=418 u32=0x00000210 (528) @parser.c:1777
[QTS:EMIT] pos=422 op=14 @parser.c:1799
[QTS:EMIT] pos=423 op=200 @parser.c:1786
[QTS:EMIT] pos=424 u32=0x00001f0f (7951) @parser.c:1788
[QTS:EMIT] pos=428 op=186 @parser.c:1799
[QTS:EMIT] pos=429 u32=0x000001ec (492) @parser.c:1777
[QTS:EMIT] pos=433 u16=0x0001 (1) @parser.c:1772
[QTS:EMIT] pos=435 op=200 @parser.c:1786
[QTS:EMIT] pos=436 u32=0x00001f1d (7965) @parser.c:1788
[QTS:EMIT] pos=440 op=66 @parser.c:1799
[QTS:EMIT] pos=441 atom=530 @parser.c:1807
[QTS:ASSIGN] lvalue: opcode=66 scope=0 atom=530 label=-1
[QTS:SCOPE] push: level=1 first_var=-1
[QTS:SCOPE] enter: idx=1 is_body=0
[QTS:EMIT] pos=0 op=182 @parser.c:1799
[QTS:EMIT] pos=1 u16=0x0001 (1) @parser.c:1772
[QTS:EMIT] pos=3 op=1 @parser.c:1799
[QTS:EMIT] pos=4 u32=0x00000000 (0) @parser.c:1777
[QTS:EMIT] pos=8 op=187 @parser.c:1799
[QTS:EMIT] pos=9 atom=525 @parser.c:1807
[QTS:EMIT] pos=13 u16=0x0001 (1) @parser.c:1772
[QTS:EMIT] pos=15 op=9 @parser.c:1799
[QTS:EMIT] pos=16 op=187 @parser.c:1799
[QTS:EMIT] pos=17 atom=531 @parser.c:1807
[QTS:EMIT] pos=21 u16=0x0001 (1) @parser.c:1772
[QTS:SCOPE] push: level=2 first_var=-1
[QTS:SCOPE] enter: idx=2 is_body=0
[QTS:EMIT] pos=23 op=182 @parser.c:1799
[QTS:EMIT] pos=24 u16=0x0002 (2) @parser.c:1772
[QTS:EMIT] pos=26 op=1 @parser.c:1799
[QTS:EMIT] pos=27 u32=0x00000000 (0) @parser.c:1777
[QTS:EMIT] pos=31 op=187 @parser.c:1799
[QTS:EMIT] pos=32 atom=523 @parser.c:1807
[QTS:EMIT] pos=36 u16=0x0002 (2) @parser.c:1772
[QTS:EMIT] pos=38 op=183 @parser.c:1799
[QTS:EMIT] pos=39 u16=0x0002 (2) @parser.c:1772
[QTS:EMIT] pos=41 op=184 @parser.c:1799
[QTS:EMIT] pos=42 u32=0x00000000 (0) @parser.c:1777
[QTS:EMIT] pos=46 op=200 @parser.c:1786
[QTS:EMIT] pos=47 u32=0x00001f96 (8086) @parser.c:1788
[QTS:EMIT] pos=51 op=186 @parser.c:1799
[QTS:EMIT] pos=52 u32=0x0000020b (523) @parser.c:1777
[QTS:EMIT] pos=56 u16=0x0002 (2) @parser.c:1772
[QTS:EMIT] pos=58 op=200 @parser.c:1786
[QTS:EMIT] pos=59 u32=0x00001f9a (8090) @parser.c:1788
[QTS:EMIT] pos=63 op=186 @parser.c:1799
[QTS:EMIT] pos=64 u32=0x00000211 (529) @parser.c:1777
[QTS:EMIT] pos=68 u16=0x0002 (2) @parser.c:1772
[QTS:EMIT] pos=70 op=200 @parser.c:1786
[QTS:EMIT] pos=71 u32=0x00001fa6 (8102) @parser.c:1788
[QTS:EMIT] pos=75 op=66 @parser.c:1799
[QTS:EMIT] pos=76 atom=48 @parser.c:1807
[QTS:EMIT] pos=80 op=200 @parser.c:1786
[QTS:EMIT] pos=81 u32=0x00001f98 (8088) @parser.c:1788
[QTS:EMIT] pos=85 op=165 @parser.c:1799
[QTS:EMIT] pos=86 op=108 @parser.c:1799
[QTS:EMIT] pos=87 u32=0x00000003 (3) @parser.c:1777
[QTS:EMIT] pos=91 op=110 @parser.c:1799
[QTS:EMIT] pos=92 u32=0x00000002 (2) @parser.c:1777
[QTS:EMIT] pos=96 op=184 @parser.c:1799
[QTS:EMIT] pos=97 u32=0x00000001 (1) @parser.c:1777
[QTS:EMIT] pos=101 op=200 @parser.c:1786
[QTS:EMIT] pos=102 u32=0x00001faf (8111) @parser.c:1788
[QTS:EMIT] pos=106 op=186 @parser.c:1799
[QTS:EMIT] pos=107 u32=0x0000020b (523) @parser.c:1777
[QTS:EMIT] pos=111 u16=0x0002 (2) @parser.c:1772
[QTS:EMIT] pos=106 op=189 @parser.c:1799
[QTS:EMIT] pos=107 atom=523 @parser.c:1807
[QTS:EMIT] pos=111 u32=0x00000004 (4) @parser.c:1777
[QTS:EMIT] pos=115 u16=0x0002 (2) @parser.c:1772
[QTS:EMIT] pos=117 op=61 @parser.c:1799
[QTS:EMIT] pos=118 op=200 @parser.c:1786
[QTS:EMIT] pos=119 u32=0x00001fb0 (8112) @parser.c:1788
[QTS:EMIT] pos=123 op=147 @parser.c:1799
[QTS:EMIT] pos=124 op=184 @parser.c:1799
[QTS:EMIT] pos=125 u32=0x00000004 (4) @parser.c:1777
[QTS:EMIT] pos=129 op=25 @parser.c:1799
[QTS:EMIT] pos=130 op=62 @parser.c:1799
[QTS:EMIT] pos=131 op=14 @parser.c:1799
[QTS:EMIT] pos=132 op=110 @parser.c:1799
[QTS:EMIT] pos=133 u32=0x00000000 (0) @parser.c:1777
[QTS:EMIT] pos=137 op=184 @parser.c:1799
[QTS:EMIT] pos=138 u32=0x00000002 (2) @parser.c:1777
[QTS:SCOPE] push: level=3 first_var=-1
[QTS:SCOPE] enter: idx=3 is_body=0
[QTS:EMIT] pos=142 op=182 @parser.c:1799
[QTS:EMIT] pos=143 u16=0x0003 (3) @parser.c:1772
[QTS:SCOPE] push: level=4 first_var=-1
[QTS:SCOPE] enter: idx=4 is_body=0
[QTS:EMIT] pos=145 op=182 @parser.c:1799
[QTS:EMIT] pos=146 u16=0x0004 (4) @parser.c:1772
[QTS:EMIT] pos=148 op=200 @parser.c:1786
[QTS:EMIT] pos=149 u32=0x00001fc2 (8130) @parser.c:1788
[QTS:EMIT] pos=153 op=186 @parser.c:1799
[QTS:EMIT] pos=154 u32=0x00000211 (529) @parser.c:1777
[QTS:EMIT] pos=158 u16=0x0004 (4) @parser.c:1772
[QTS:EMIT] pos=160 op=200 @parser.c:1786
[QTS:EMIT] pos=161 u32=0x00001fcf (8143) @parser.c:1788
[QTS:EMIT] pos=165 op=186 @parser.c:1799
[QTS:EMIT] pos=166 u32=0x0000020b (523) @parser.c:1777
[QTS:EMIT] pos=170 u16=0x0004 (4) @parser.c:1772
[QTS:EMIT] pos=172 op=200 @parser.c:1786
[QTS:EMIT] pos=173 u32=0x00001fce (8142) @parser.c:1788
[QTS:EMIT] pos=177 op=72 @parser.c:1799
[QTS:EMIT] pos=178 op=200 @parser.c:1786
[QTS:EMIT] pos=179 u32=0x00001fd1 (8145) @parser.c:1788
[QTS:EMIT] pos=183 op=66 @parser.c:1799
[QTS:EMIT] pos=184 atom=491 @parser.c:1807
[QTS:EMIT] pos=188 op=1 @parser.c:1799
[QTS:EMIT] pos=189 u32=0x00000000 (0) @parser.c:1777
[QTS:EMIT] pos=193 op=200 @parser.c:1786
[QTS:EMIT] pos=194 u32=0x00001fda (8154) @parser.c:1788
[QTS:EMIT] pos=198 op=172 @parser.c:1799
[QTS:EMIT] pos=199 op=108 @parser.c:1799
[QTS:EMIT] pos=200 u32=0x00000005 (5) @parser.c:1777
[QTS:SCOPE] push: level=5 first_var=-1
[QTS:SCOPE] enter: idx=5 is_body=0
[QTS:EMIT] pos=204 op=182 @parser.c:1799
[QTS:EMIT] pos=205 u16=0x0005 (5) @parser.c:1772
[QTS:EMIT] pos=207 op=200 @parser.c:1786
[QTS:EMIT] pos=208 u32=0x00001fee (8174) @parser.c:1788
[QTS:EMIT] pos=212 op=186 @parser.c:1799
[QTS:EMIT] pos=213 u32=0x0000020d (525) @parser.c:1777
[QTS:EMIT] pos=217 u16=0x0005 (5) @parser.c:1772
[QTS:EMIT] pos=212 op=189 @parser.c:1799
[QTS:EMIT] pos=213 atom=525 @parser.c:1807
[QTS:EMIT] pos=217 u32=0x00000006 (6) @parser.c:1777
[QTS:EMIT] pos=221 u16=0x0005 (5) @parser.c:1772
[QTS:EMIT] pos=223 op=61 @parser.c:1799
[QTS:ASSIGN] lvalue: opcode=61 scope=5 atom=525 label=6
[QTS:EMIT] pos=224 op=200 @parser.c:1786
[QTS:EMIT] pos=225 u32=0x00001ff5 (8181) @parser.c:1788
[QTS:EMIT] pos=229 op=186 @parser.c:1799
[QTS:EMIT] pos=230 u32=0x000000a5 (165) @parser.c:1777
[QTS:EMIT] pos=234 u16=0x0005 (5) @parser.c:1772
[QTS:EMIT] pos=236 op=200 @parser.c:1786
[QTS:EMIT] pos=237 u32=0x00001ff9 (8185) @parser.c:1788
[QTS:EMIT] pos=241 op=66 @parser.c:1799
[QTS:EMIT] pos=242 atom=525 @parser.c:1807
[QTS:EMIT] pos=246 op=200 @parser.c:1786
[QTS:EMIT] pos=247 u32=0x00001ffe (8190) @parser.c:1788
[QTS:EMIT] pos=251 op=186 @parser.c:1799
[QTS:EMIT] pos=252 u32=0x00000211 (529) @parser.c:1777
[QTS:EMIT] pos=256 u16=0x0005 (5) @parser.c:1772
[QTS:EMIT] pos=258 op=200 @parser.c:1786
[QTS:EMIT] pos=259 u32=0x0000200b (8203) @parser.c:1788
[QTS:EMIT] pos=263 op=186 @parser.c:1799
[QTS:EMIT] pos=264 u32=0x0000020b (523) @parser.c:1777
[QTS:EMIT] pos=268 u16=0x0005 (5) @parser.c:1772
[QTS:EMIT] pos=270 op=200 @parser.c:1786
[QTS:EMIT] pos=271 u32=0x0000200a (8202) @parser.c:1788
[QTS:EMIT] pos=275 op=72 @parser.c:1799
[QTS:EMIT] pos=276 op=200 @parser.c:1786
[QTS:EMIT] pos=277 u32=0x0000200d (8205) @parser.c:1788
[QTS:EMIT] pos=281 op=66 @parser.c:1799
[QTS:EMIT] pos=282 atom=491 @parser.c:1807
[QTS:EMIT] pos=286 op=200 @parser.c:1786
[QTS:EMIT] pos=287 u32=0x00001ffd (8189) @parser.c:1788
[QTS:EMIT] pos=291 op=36 @parser.c:1799
[QTS:EMIT] pos=292 u16=0x0001 (1) @parser.c:1772
[QTS:ASSIGN] compound: tok=59 op=159
[QTS:EMIT] pos=294 op=200 @parser.c:1786
[QTS:EMIT] pos=295 u32=0x00001ff2 (8178) @parser.c:1788
[QTS:EMIT] pos=299 op=159 @parser.c:1799
[QTS:EMIT] pos=300 op=184 @parser.c:1799
[QTS:EMIT] pos=301 u32=0x00000006 (6) @parser.c:1777
[QTS:EMIT] pos=305 op=22 @parser.c:1799
[QTS:EMIT] pos=306 op=62 @parser.c:1799
[QTS:EMIT] pos=307 op=14 @parser.c:1799
[QTS:EMIT] pos=308 op=200 @parser.c:1786
[QTS:EMIT] pos=309 u32=0x00002024 (8228) @parser.c:1788
[QTS:EMIT] pos=313 op=186 @parser.c:1799
[QTS:EMIT] pos=314 u32=0x00000213 (531) @parser.c:1777
[QTS:EMIT] pos=318 u16=0x0005 (5) @parser.c:1772
[QTS:EMIT] pos=313 op=189 @parser.c:1799
[QTS:EMIT] pos=314 atom=531 @parser.c:1807
[QTS:EMIT] pos=318 u32=0x00000007 (7) @parser.c:1777
[QTS:EMIT] pos=322 u16=0x0005 (5) @parser.c:1772
[QTS:ASSIGN] lvalue: opcode=61 scope=5 atom=531 label=7
[QTS:EMIT] pos=324 op=10 @parser.c:1799
[QTS:EMIT] pos=325 op=184 @parser.c:1799
[QTS:EMIT] pos=326 u32=0x00000007 (7) @parser.c:1777
[QTS:EMIT] pos=330 op=22 @parser.c:1799
[QTS:EMIT] pos=331 op=62 @parser.c:1799
[QTS:EMIT] pos=332 op=14 @parser.c:1799
[QTS:SCOPE] leave: idx=5
[QTS:SCOPE] pop: level=5
[QTS:EMIT] pos=333 op=183 @parser.c:1799
[QTS:EMIT] pos=334 u16=0x0005 (5) @parser.c:1772
[QTS:EMIT] pos=336 op=184 @parser.c:1799
[QTS:EMIT] pos=337 u32=0x00000005 (5) @parser.c:1777
[QTS:SCOPE] leave: idx=4
[QTS:SCOPE] pop: level=4
[QTS:EMIT] pos=341 op=183 @parser.c:1799
[QTS:EMIT] pos=342 u16=0x0004 (4) @parser.c:1772
[QTS:SCOPE] leave: idx=3
[QTS:SCOPE] pop: level=3
[QTS:EMIT] pos=344 op=183 @parser.c:1799
[QTS:EMIT] pos=345 u16=0x0003 (3) @parser.c:1772
[QTS:EMIT] pos=347 op=183 @parser.c:1799
[QTS:EMIT] pos=348 u16=0x0002 (2) @parser.c:1772
[QTS:EMIT] pos=391 op=184 @parser.c:1799
[QTS:EMIT] pos=392 u32=0x00000003 (3) @parser.c:1777
[QTS:SCOPE] leave: idx=2
[QTS:SCOPE] pop: level=2
[QTS:EMIT] pos=396 op=183 @parser.c:1799
[QTS:EMIT] pos=397 u16=0x0002 (2) @parser.c:1772
[QTS:SCOPE] push: level=6 first_var=-1
[QTS:SCOPE] enter: idx=6 is_body=0
[QTS:EMIT] pos=399 op=182 @parser.c:1799
[QTS:EMIT] pos=400 u16=0x0006 (6) @parser.c:1772
[QTS:EMIT] pos=402 op=200 @parser.c:1786
[QTS:EMIT] pos=403 u32=0x00002055 (8277) @parser.c:1788
[QTS:EMIT] pos=407 op=186 @parser.c:1799
[QTS:EMIT] pos=408 u32=0x00000213 (531) @parser.c:1777
[QTS:EMIT] pos=412 u16=0x0006 (6) @parser.c:1772
[QTS:EMIT] pos=414 op=108 @parser.c:1799
[QTS:EMIT] pos=415 u32=0x00000008 (8) @parser.c:1777
[QTS:SCOPE] push: level=7 first_var=-1
[QTS:SCOPE] enter: idx=7 is_body=0
[QTS:EMIT] pos=419 op=182 @parser.c:1799
[QTS:EMIT] pos=420 u16=0x0007 (7) @parser.c:1772
[QTS:EMIT] pos=422 op=200 @parser.c:1786
[QTS:EMIT] pos=423 u32=0x00002078 (8312) @parser.c:1788
[QTS:EMIT] pos=427 op=186 @parser.c:1799
[QTS:EMIT] pos=428 u32=0x000000a5 (165) @parser.c:1777
[QTS:EMIT] pos=432 u16=0x0007 (7) @parser.c:1772
[QTS:EMIT] pos=434 op=200 @parser.c:1786
[QTS:EMIT] pos=435 u32=0x0000207c (8316) @parser.c:1788
[QTS:EMIT] pos=439 op=66 @parser.c:1799
[QTS:EMIT] pos=440 atom=526 @parser.c:1807
[QTS:EMIT] pos=444 op=200 @parser.c:1786
[QTS:EMIT] pos=445 u32=0x00002081 (8321) @parser.c:1788
[QTS:EMIT] pos=449 op=186 @parser.c:1799
[QTS:EMIT] pos=450 u32=0x000000a5 (165) @parser.c:1777
[QTS:EMIT] pos=454 u16=0x0007 (7) @parser.c:1772
[QTS:EMIT] pos=456 op=200 @parser.c:1786
[QTS:EMIT] pos=457 u32=0x00002085 (8325) @parser.c:1788
[QTS:EMIT] pos=461 op=66 @parser.c:1799
[QTS:EMIT] pos=462 atom=527 @parser.c:1807
[QTS:EMIT] pos=466 op=200 @parser.c:1786
[QTS:EMIT] pos=467 u32=0x00002089 (8329) @parser.c:1788
[QTS:EMIT] pos=471 op=186 @parser.c:1799
[QTS:EMIT] pos=472 u32=0x0000020d (525) @parser.c:1777
[QTS:EMIT] pos=476 u16=0x0007 (7) @parser.c:1772
[QTS:EMIT] pos=478 op=200 @parser.c:1786
[QTS:EMIT] pos=479 u32=0x0000208f (8335) @parser.c:1788
[QTS:EMIT] pos=483 op=186 @parser.c:1799
[QTS:EMIT] pos=484 u32=0x00000211 (529) @parser.c:1777
[QTS:EMIT] pos=488 u16=0x0007 (7) @parser.c:1772
[QTS:EMIT] pos=490 op=200 @parser.c:1786
[QTS:EMIT] pos=491 u32=0x0000209b (8347) @parser.c:1788
[QTS:EMIT] pos=495 op=66 @parser.c:1799
[QTS:EMIT] pos=496 atom=48 @parser.c:1807
[QTS:EMIT] pos=500 op=200 @parser.c:1786
[QTS:EMIT] pos=501 u32=0x0000208d (8333) @parser.c:1788
[QTS:EMIT] pos=505 op=157 @parser.c:1799
[QTS:EMIT] pos=506 op=200 @parser.c:1786
[QTS:EMIT] pos=507 u32=0x00002080 (8320) @parser.c:1788
[QTS:EMIT] pos=511 op=36 @parser.c:1799
[QTS:EMIT] pos=512 u16=0x0002 (2) @parser.c:1772
[QTS:EMIT] pos=514 op=200 @parser.c:1786
[QTS:EMIT] pos=515 u32=0x00002071 (8305) @parser.c:1788
[QTS:EMIT] pos=519 op=40 @parser.c:1799
[QTS:SCOPE] leave: idx=7
[QTS:SCOPE] pop: level=7
[QTS:EMIT] pos=520 op=183 @parser.c:1799
[QTS:EMIT] pos=521 u16=0x0007 (7) @parser.c:1772
[QTS:EMIT] pos=523 op=110 @parser.c:1799
[QTS:EMIT] pos=524 u32=0x00000009 (9) @parser.c:1777
[QTS:EMIT] pos=528 op=184 @parser.c:1799
[QTS:EMIT] pos=529 u32=0x00000008 (8) @parser.c:1777
[QTS:SCOPE] push: level=8 first_var=-1
[QTS:SCOPE] enter: idx=8 is_body=0
[QTS:EMIT] pos=533 op=182 @parser.c:1799
[QTS:EMIT] pos=534 u16=0x0008 (8) @parser.c:1772
[QTS:EMIT] pos=536 op=1 @parser.c:1799
[QTS:EMIT] pos=537 u32=0x00000000 (0) @parser.c:1777
[QTS:EMIT] pos=541 op=200 @parser.c:1786
[QTS:EMIT] pos=542 u32=0x000020be (8382) @parser.c:1788
[QTS:EMIT] pos=546 op=40 @parser.c:1799
[QTS:SCOPE] leave: idx=8
[QTS:SCOPE] pop: level=8
[QTS:EMIT] pos=547 op=183 @parser.c:1799
[QTS:EMIT] pos=548 u16=0x0008 (8) @parser.c:1772
[QTS:EMIT] pos=550 op=184 @parser.c:1799
[QTS:EMIT] pos=551 u32=0x00000009 (9) @parser.c:1777
[QTS:SCOPE] leave: idx=6
[QTS:SCOPE] pop: level=6
[QTS:EMIT] pos=555 op=183 @parser.c:1799
[QTS:EMIT] pos=556 u16=0x0006 (6) @parser.c:1772
[QTS:EMIT] pos=558 op=41 @parser.c:1799
[QTS:EMIT] pos=440 op=3 @parser.c:1799
[QTS:EMIT] pos=441 u32=0x0000000c (12) @parser.c:1777
[QTS:EMIT] pos=445 op=79 @parser.c:1799
[QTS:EMIT] pos=446 u32=0x00000000 (0) @parser.c:1777
[QTS:EMIT] pos=450 op=21 @parser.c:1799
[QTS:EMIT] pos=451 op=68 @parser.c:1799
[QTS:EMIT] pos=452 u32=0x00000212 (530) @parser.c:1777
[QTS:EMIT] pos=456 op=14 @parser.c:1799
[QTS:EMIT] pos=457 op=200 @parser.c:1786
[QTS:EMIT] pos=458 u32=0x00002122 (8482) @parser.c:1788
[QTS:EMIT] pos=462 op=186 @parser.c:1799
[QTS:EMIT] pos=463 u32=0x000001ec (492) @parser.c:1777
[QTS:EMIT] pos=467 u16=0x0001 (1) @parser.c:1772
[QTS:EMIT] pos=469 op=200 @parser.c:1786
[QTS:EMIT] pos=470 u32=0x00002130 (8496) @parser.c:1788
[QTS:EMIT] pos=474 op=66 @parser.c:1799
[QTS:EMIT] pos=475 atom=520 @parser.c:1807
[QTS:ASSIGN] lvalue: opcode=66 scope=0 atom=520 label=-1
[QTS:SCOPE] push: level=1 first_var=-1
[QTS:SCOPE] enter: idx=1 is_body=0
[QTS:EMIT] pos=0 op=182 @parser.c:1799
[QTS:EMIT] pos=1 u16=0x0001 (1) @parser.c:1772
[QTS:SCOPE] push: level=2 first_var=-1
[QTS:SCOPE] enter: idx=2 is_body=0
[QTS:EMIT] pos=3 op=182 @parser.c:1799
[QTS:EMIT] pos=4 u16=0x0002 (2) @parser.c:1772
[QTS:EMIT] pos=6 op=200 @parser.c:1786
[QTS:EMIT] pos=7 u32=0x0000215a (8538) @parser.c:1788
[QTS:EMIT] pos=11 op=186 @parser.c:1799
[QTS:EMIT] pos=12 u32=0x00000042 (66) @parser.c:1777
[QTS:EMIT] pos=16 u16=0x0002 (2) @parser.c:1772
[QTS:EMIT] pos=18 op=1 @parser.c:1799
[QTS:EMIT] pos=19 u32=0x00000064 (100) @parser.c:1777
[QTS:EMIT] pos=23 op=200 @parser.c:1786
[QTS:EMIT] pos=24 u32=0x00002160 (8544) @parser.c:1788
[QTS:EMIT] pos=28 op=167 @parser.c:1799
[QTS:EMIT] pos=29 op=108 @parser.c:1799
[QTS:EMIT] pos=30 u32=0x00000000 (0) @parser.c:1777
[QTS:SCOPE] push: level=3 first_var=-1
[QTS:SCOPE] enter: idx=3 is_body=0
[QTS:EMIT] pos=34 op=182 @parser.c:1799
[QTS:EMIT] pos=35 u16=0x0003 (3) @parser.c:1772
[QTS:EMIT] pos=37 op=200 @parser.c:1786
[QTS:EMIT] pos=38 u32=0x00002178 (8568) @parser.c:1788
[QTS:EMIT] pos=42 op=186 @parser.c:1799
[QTS:EMIT] pos=43 u32=0x00000042 (66) @parser.c:1777
[QTS:EMIT] pos=47 u16=0x0003 (3) @parser.c:1772
[QTS:EMIT] pos=49 op=200 @parser.c:1786
[QTS:EMIT] pos=50 u32=0x0000217d (8573) @parser.c:1788
[QTS:EMIT] pos=54 op=66 @parser.c:1799
[QTS:EMIT] pos=55 atom=303 @parser.c:1807
[QTS:EMIT] pos=59 op=1 @parser.c:1799
[QTS:EMIT] pos=60 u32=0x00000000 (0) @parser.c:1777
[QTS:EMIT] pos=64 op=200 @parser.c:1786
[QTS:EMIT] pos=65 u32=0x00002185 (8581) @parser.c:1788
[QTS:EMIT] pos=69 op=36 @parser.c:1799
[QTS:EMIT] pos=70 u16=0x0001 (1) @parser.c:1772
[QTS:EMIT] pos=72 op=200 @parser.c:1786
[QTS:EMIT] pos=73 u32=0x00002171 (8561) @parser.c:1788
[QTS:EMIT] pos=77 op=40 @parser.c:1799
[QTS:SCOPE] leave: idx=3
[QTS:SCOPE] pop: level=3
[QTS:EMIT] pos=78 op=183 @parser.c:1799
[QTS:EMIT] pos=79 u16=0x0003 (3) @parser.c:1772
[QTS:EMIT] pos=81 op=110 @parser.c:1799
[QTS:EMIT] pos=82 u32=0x00000001 (1) @parser.c:1777
[QTS:EMIT] pos=86 op=184 @parser.c:1799
[QTS:EMIT] pos=87 u32=0x00000000 (0) @parser.c:1777
[QTS:SCOPE] push: level=4 first_var=-1
[QTS:SCOPE] enter: idx=4 is_body=0
[QTS:EMIT] pos=91 op=182 @parser.c:1799
[QTS:EMIT] pos=92 u16=0x0004 (4) @parser.c:1772
[QTS:EMIT] pos=94 op=200 @parser.c:1786
[QTS:EMIT] pos=95 u32=0x000021aa (8618) @parser.c:1788
[QTS:EMIT] pos=99 op=186 @parser.c:1799
[QTS:EMIT] pos=100 u32=0x00000042 (66) @parser.c:1777
[QTS:EMIT] pos=104 u16=0x0004 (4) @parser.c:1772
[QTS:EMIT] pos=106 op=200 @parser.c:1786
[QTS:EMIT] pos=107 u32=0x000021af (8623) @parser.c:1788
[QTS:EMIT] pos=111 op=66 @parser.c:1799
[QTS:EMIT] pos=112 atom=304 @parser.c:1807
[QTS:EMIT] pos=116 op=1 @parser.c:1799
[QTS:EMIT] pos=117 u32=0x00000003 (3) @parser.c:1777
[QTS:EMIT] pos=121 op=200 @parser.c:1786
[QTS:EMIT] pos=122 u32=0x000021bb (8635) @parser.c:1788
[QTS:EMIT] pos=126 op=36 @parser.c:1799
[QTS:EMIT] pos=127 u16=0x0001 (1) @parser.c:1772
[QTS:EMIT] pos=129 op=200 @parser.c:1786
[QTS:EMIT] pos=130 u32=0x000021a3 (8611) @parser.c:1788
[QTS:EMIT] pos=134 op=40 @parser.c:1799
[QTS:SCOPE] leave: idx=4
[QTS:SCOPE] pop: level=4
[QTS:EMIT] pos=135 op=183 @parser.c:1799
[QTS:EMIT] pos=136 u16=0x0004 (4) @parser.c:1772
[QTS:EMIT] pos=138 op=184 @parser.c:1799
[QTS:EMIT] pos=139 u32=0x00000001 (1) @parser.c:1777
[QTS:SCOPE] leave: idx=2
[QTS:SCOPE] pop: level=2
[QTS:EMIT] pos=143 op=183 @parser.c:1799
[QTS:EMIT] pos=144 u16=0x0002 (2) @parser.c:1772
[QTS:EMIT] pos=146 op=41 @parser.c:1799
[QTS:EMIT] pos=474 op=3 @parser.c:1799
[QTS:EMIT] pos=475 u32=0x0000000d (13) @parser.c:1777
[QTS:EMIT] pos=479 op=79 @parser.c:1799
[QTS:EMIT] pos=480 u32=0x00000000 (0) @parser.c:1777
[QTS:EMIT] pos=484 op=21 @parser.c:1799
[QTS:EMIT] pos=485 op=68 @parser.c:1799
[QTS:EMIT] pos=486 u32=0x00000208 (520) @parser.c:1777
[QTS:EMIT] pos=490 op=14 @parser.c:1799
[QTS:EMIT] pos=491 op=200 @parser.c:1786
[QTS:EMIT] pos=492 u32=0x0000224d (8781) @parser.c:1788
[QTS:EMIT] pos=496 op=186 @parser.c:1799
[QTS:EMIT] pos=497 u32=0x000001ec (492) @parser.c:1777
[QTS:EMIT] pos=501 u16=0x0001 (1) @parser.c:1772
[QTS:EMIT] pos=503 op=200 @parser.c:1786
[QTS:EMIT] pos=504 u32=0x0000225b (8795) @parser.c:1788
[QTS:EMIT] pos=508 op=66 @parser.c:1799
[QTS:EMIT] pos=509 atom=61 @parser.c:1807
[QTS:EMIT] pos=513 op=200 @parser.c:1786
[QTS:EMIT] pos=514 u32=0x00002265 (8805) @parser.c:1788
[QTS:EMIT] pos=518 op=66 @parser.c:1799
[QTS:EMIT] pos=519 atom=532 @parser.c:1807
[QTS:ASSIGN] lvalue: opcode=66 scope=0 atom=532 label=-1
[QTS:SCOPE] push: level=1 first_var=-1
[QTS:SCOPE] enter: idx=1 is_body=0
[QTS:EMIT] pos=0 op=182 @parser.c:1799
[QTS:EMIT] pos=1 u16=0x0001 (1) @parser.c:1772
[QTS:EMIT] pos=3 op=200 @parser.c:1786
[QTS:EMIT] pos=4 u32=0x0000228b (8843) @parser.c:1788
[QTS:EMIT] pos=8 op=186 @parser.c:1799
[QTS:EMIT] pos=9 atom=8 @parser.c:1807
[QTS:EMIT] pos=13 u16=0x0000 (0) @parser.c:1772
[QTS:EMIT] pos=15 op=200 @parser.c:1786
[QTS:EMIT] pos=16 u32=0x0000228f (8847) @parser.c:1788
[QTS:EMIT] pos=20 op=66 @parser.c:1799
[QTS:EMIT] pos=21 atom=533 @parser.c:1807
[QTS:EMIT] pos=25 op=200 @parser.c:1786
[QTS:EMIT] pos=26 u32=0x00002297 (8855) @parser.c:1788
[QTS:EMIT] pos=30 op=66 @parser.c:1799
[QTS:EMIT] pos=31 atom=277 @parser.c:1807
[QTS:EMIT] pos=35 op=200 @parser.c:1786
[QTS:EMIT] pos=36 u32=0x0000229d (8861) @parser.c:1788
[QTS:EMIT] pos=40 op=186 @parser.c:1799
[QTS:EMIT] pos=41 u32=0x0000020a (522) @parser.c:1777
[QTS:EMIT] pos=45 u16=0x0001 (1) @parser.c:1772
[QTS:EMIT] pos=47 op=200 @parser.c:1786
[QTS:EMIT] pos=48 u32=0x0000229c (8860) @parser.c:1788
[QTS:EMIT] pos=52 op=36 @parser.c:1799
[QTS:EMIT] pos=53 u16=0x0001 (1) @parser.c:1772
[QTS:EMIT] pos=55 op=14 @parser.c:1799
[QTS:SCOPE] push: level=2 first_var=-1
[QTS:SCOPE] enter: idx=2 is_body=0
[QTS:EMIT] pos=56 op=182 @parser.c:1799
[QTS:EMIT] pos=57 u16=0x0002 (2) @parser.c:1772
[QTS:EMIT] pos=59 op=186 @parser.c:1799
[QTS:EMIT] pos=60 atom=8 @parser.c:1807
[QTS:EMIT] pos=64 u16=0x0000 (0) @parser.c:1772
[QTS:EMIT] pos=66 op=200 @parser.c:1786
[QTS:EMIT] pos=67 u32=0x000022b2 (8882) @parser.c:1788
[QTS:EMIT] pos=71 op=66 @parser.c:1799
[QTS:EMIT] pos=72 atom=505 @parser.c:1807
[QTS:EMIT] pos=76 op=200 @parser.c:1786
[QTS:EMIT] pos=77 u32=0x000022b9 (8889) @parser.c:1788
[QTS:EMIT] pos=81 op=66 @parser.c:1799
[QTS:EMIT] pos=82 atom=532 @parser.c:1807
[QTS:EMIT] pos=86 op=108 @parser.c:1799
[QTS:EMIT] pos=87 u32=0x00000000 (0) @parser.c:1777
[QTS:EMIT] pos=91 op=200 @parser.c:1786
[QTS:EMIT] pos=92 u32=0x000022ce (8910) @parser.c:1788
[QTS:EMIT] pos=96 op=186 @parser.c:1799
[QTS:EMIT] pos=97 atom=8 @parser.c:1807
[QTS:EMIT] pos=101 u16=0x0000 (0) @parser.c:1772
[QTS:EMIT] pos=103 op=200 @parser.c:1786
[QTS:EMIT] pos=104 u32=0x000022d2 (8914) @parser.c:1788
[QTS:EMIT] pos=108 op=66 @parser.c:1799
[QTS:EMIT] pos=109 atom=505 @parser.c:1807
[QTS:EMIT] pos=113 op=200 @parser.c:1786
[QTS:EMIT] pos=114 u32=0x000022d9 (8921) @parser.c:1788
[QTS:EMIT] pos=118 op=66 @parser.c:1799
[QTS:EMIT] pos=119 atom=532 @parser.c:1807
[QTS:EMIT] pos=123 op=200 @parser.c:1786
[QTS:EMIT] pos=124 u32=0x000022e5 (8933) @parser.c:1788
[QTS:EMIT] pos=128 op=186 @parser.c:1799
[QTS:EMIT] pos=129 u32=0x0000020a (522) @parser.c:1777
[QTS:EMIT] pos=133 u16=0x0002 (2) @parser.c:1772
[QTS:EMIT] pos=135 op=200 @parser.c:1786
[QTS:EMIT] pos=136 u32=0x000022eb (8939) @parser.c:1788
[QTS:EMIT] pos=140 op=66 @parser.c:1799
[QTS:EMIT] pos=141 atom=489 @parser.c:1807
[QTS:EMIT] pos=145 op=200 @parser.c:1786
[QTS:EMIT] pos=146 u32=0x000022f5 (8949) @parser.c:1788
[QTS:EMIT] pos=150 op=66 @parser.c:1799
[QTS:EMIT] pos=151 atom=56 @parser.c:1807
[QTS:EMIT] pos=155 op=200 @parser.c:1786
[QTS:EMIT] pos=156 u32=0x000022e4 (8932) @parser.c:1788
[QTS:EMIT] pos=160 op=36 @parser.c:1799
[QTS:EMIT] pos=161 u16=0x0001 (1) @parser.c:1772
[QTS:EMIT] pos=163 op=14 @parser.c:1799
[QTS:EMIT] pos=164 op=184 @parser.c:1799
[QTS:EMIT] pos=165 u32=0x00000000 (0) @parser.c:1777
[QTS:SCOPE] leave: idx=2
[QTS:SCOPE] pop: level=2
[QTS:EMIT] pos=169 op=183 @parser.c:1799
[QTS:EMIT] pos=170 u16=0x0002 (2) @parser.c:1772
[QTS:EMIT] pos=172 op=41 @parser.c:1799
[QTS:EMIT] pos=518 op=3 @parser.c:1799
[QTS:EMIT] pos=519 u32=0x0000000e (14) @parser.c:1777
[QTS:EMIT] pos=523 op=79 @parser.c:1799
[QTS:EMIT] pos=524 u32=0x00000000 (0) @parser.c:1777
[QTS:EMIT] pos=528 op=21 @parser.c:1799
[QTS:EMIT] pos=529 op=68 @parser.c:1799
[QTS:EMIT] pos=530 u32=0x00000214 (532) @parser.c:1777
[QTS:EMIT] pos=534 op=14 @parser.c:1799
[QTS:EMIT] pos=535 op=200 @parser.c:1786
[QTS:EMIT] pos=536 u32=0x00002386 (9094) @parser.c:1788
[QTS:EMIT] pos=540 op=186 @parser.c:1799
[QTS:EMIT] pos=541 u32=0x000001ec (492) @parser.c:1777
[QTS:EMIT] pos=545 u16=0x0001 (1) @parser.c:1772
[QTS:EMIT] pos=547 op=200 @parser.c:1786
[QTS:EMIT] pos=548 u32=0x00002394 (9108) @parser.c:1788
[QTS:EMIT] pos=552 op=66 @parser.c:1799
[QTS:EMIT] pos=553 atom=61 @parser.c:1807
[QTS:EMIT] pos=557 op=200 @parser.c:1786
[QTS:EMIT] pos=558 u32=0x0000239e (9118) @parser.c:1788
[QTS:EMIT] pos=562 op=66 @parser.c:1799
[QTS:EMIT] pos=563 atom=534 @parser.c:1807
[QTS:ASSIGN] lvalue: opcode=66 scope=0 atom=534 label=-1
[QTS:SCOPE] push: level=1 first_var=-1
[QTS:SCOPE] enter: idx=1 is_body=0
[QTS:EMIT] pos=0 op=182 @parser.c:1799
[QTS:EMIT] pos=1 u16=0x0001 (1) @parser.c:1772
[QTS:EMIT] pos=3 op=200 @parser.c:1786
[QTS:EMIT] pos=4 u32=0x000023cb (9163) @parser.c:1788
[QTS:EMIT] pos=8 op=186 @parser.c:1799
[QTS:EMIT] pos=9 u32=0x000001ec (492) @parser.c:1777
[QTS:EMIT] pos=13 u16=0x0001 (1) @parser.c:1772
[QTS:EMIT] pos=15 op=200 @parser.c:1786
[QTS:EMIT] pos=16 u32=0x000023d9 (9177) @parser.c:1788
[QTS:EMIT] pos=20 op=66 @parser.c:1799
[QTS:EMIT] pos=21 atom=528 @parser.c:1807
[QTS:EMIT] pos=25 op=186 @parser.c:1799
[QTS:EMIT] pos=26 atom=8 @parser.c:1807
[QTS:EMIT] pos=30 u16=0x0000 (0) @parser.c:1772
[QTS:EMIT] pos=32 op=200 @parser.c:1786
[QTS:EMIT] pos=33 u32=0x000023f0 (9200) @parser.c:1788
[QTS:EMIT] pos=37 op=66 @parser.c:1799
[QTS:EMIT] pos=38 atom=533 @parser.c:1807
[QTS:EMIT] pos=42 op=200 @parser.c:1786
[QTS:EMIT] pos=43 u32=0x000023eb (9195) @parser.c:1788
[QTS:EMIT] pos=47 op=36 @parser.c:1799
[QTS:EMIT] pos=48 u16=0x0001 (1) @parser.c:1772
[QTS:EMIT] pos=50 op=187 @parser.c:1799
[QTS:EMIT] pos=51 atom=535 @parser.c:1807
[QTS:EMIT] pos=55 u16=0x0001 (1) @parser.c:1772
[QTS:EMIT] pos=57 op=186 @parser.c:1799
[QTS:EMIT] pos=58 atom=8 @parser.c:1807
[QTS:EMIT] pos=62 u16=0x0000 (0) @parser.c:1772
[QTS:EMIT] pos=64 op=200 @parser.c:1786
[QTS:EMIT] pos=65 u32=0x0000240f (9231) @parser.c:1788
[QTS:EMIT] pos=69 op=66 @parser.c:1799
[QTS:EMIT] pos=70 atom=493 @parser.c:1807
[QTS:EMIT] pos=74 op=1 @parser.c:1799
[QTS:EMIT] pos=75 u32=0x00000000 (0) @parser.c:1777
[QTS:EMIT] pos=79 op=200 @parser.c:1786
[QTS:EMIT] pos=80 u32=0x00002419 (9241) @parser.c:1788
[QTS:EMIT] pos=84 op=72 @parser.c:1799
[QTS:EMIT] pos=85 op=200 @parser.c:1786
[QTS:EMIT] pos=86 u32=0x0000241f (9247) @parser.c:1788
[QTS:EMIT] pos=90 op=186 @parser.c:1799
[QTS:EMIT] pos=91 u32=0x00000217 (535) @parser.c:1777
[QTS:EMIT] pos=95 u16=0x0001 (1) @parser.c:1772
[QTS:EMIT] pos=97 op=200 @parser.c:1786
[QTS:EMIT] pos=98 u32=0x0000241d (9245) @parser.c:1788
[QTS:EMIT] pos=102 op=157 @parser.c:1799
[QTS:EMIT] pos=103 op=187 @parser.c:1799
[QTS:EMIT] pos=104 atom=517 @parser.c:1807
[QTS:EMIT] pos=108 u16=0x0001 (1) @parser.c:1772
[QTS:EMIT] pos=110 op=200 @parser.c:1786
[QTS:EMIT] pos=111 u32=0x00002429 (9257) @parser.c:1788
[QTS:EMIT] pos=115 op=186 @parser.c:1799
[QTS:EMIT] pos=116 u32=0x000001ec (492) @parser.c:1777
[QTS:EMIT] pos=120 u16=0x0001 (1) @parser.c:1772
[QTS:EMIT] pos=122 op=200 @parser.c:1786
[QTS:EMIT] pos=123 u32=0x00002437 (9271) @parser.c:1788
[QTS:EMIT] pos=127 op=66 @parser.c:1799
[QTS:EMIT] pos=128 atom=509 @parser.c:1807
[QTS:EMIT] pos=132 op=200 @parser.c:1786
[QTS:EMIT] pos=133 u32=0x0000243e (9278) @parser.c:1788
[QTS:EMIT] pos=137 op=66 @parser.c:1799
[QTS:EMIT] pos=138 atom=277 @parser.c:1807
[QTS:EMIT] pos=142 op=200 @parser.c:1786
[QTS:EMIT] pos=143 u32=0x00002444 (9284) @parser.c:1788
[QTS:EMIT] pos=147 op=186 @parser.c:1799
[QTS:EMIT] pos=148 u32=0x00000205 (517) @parser.c:1777
[QTS:EMIT] pos=152 u16=0x0001 (1) @parser.c:1772
[QTS:EMIT] pos=154 op=200 @parser.c:1786
[QTS:EMIT] pos=155 u32=0x00002443 (9283) @parser.c:1788
[QTS:EMIT] pos=159 op=36 @parser.c:1799
[QTS:EMIT] pos=160 u16=0x0001 (1) @parser.c:1772
[QTS:EMIT] pos=162 op=14 @parser.c:1799
[QTS:SCOPE] push: level=2 first_var=-1
[QTS:SCOPE] enter: idx=2 is_body=0
[QTS:EMIT] pos=163 op=182 @parser.c:1799
[QTS:EMIT] pos=164 u16=0x0002 (2) @parser.c:1772
[QTS:EMIT] pos=166 op=186 @parser.c:1799
[QTS:EMIT] pos=167 atom=8 @parser.c:1807
[QTS:EMIT] pos=171 u16=0x0000 (0) @parser.c:1772
[QTS:EMIT] pos=173 op=200 @parser.c:1786
[QTS:EMIT] pos=174 u32=0x00002458 (9304) @parser.c:1788
[QTS:EMIT] pos=178 op=66 @parser.c:1799
[QTS:EMIT] pos=179 atom=505 @parser.c:1807
[QTS:EMIT] pos=183 op=200 @parser.c:1786
[QTS:EMIT] pos=184 u32=0x0000245f (9311) @parser.c:1788
[QTS:EMIT] pos=188 op=66 @parser.c:1799
[QTS:EMIT] pos=189 atom=534 @parser.c:1807
[QTS:EMIT] pos=193 op=108 @parser.c:1799
[QTS:EMIT] pos=194 u32=0x00000000 (0) @parser.c:1777
[QTS:SCOPE] push: level=3 first_var=-1
[QTS:SCOPE] enter: idx=3 is_body=0
[QTS:EMIT] pos=198 op=182 @parser.c:1799
[QTS:EMIT] pos=199 u16=0x0003 (3) @parser.c:1772
[QTS:EMIT] pos=201 op=200 @parser.c:1786
[QTS:EMIT] pos=202 u32=0x00002488 (9352) @parser.c:1788
[QTS:EMIT] pos=206 op=186 @parser.c:1799
[QTS:EMIT] pos=207 u32=0x000001ec (492) @parser.c:1777
[QTS:EMIT] pos=211 u16=0x0003 (3) @parser.c:1772
[QTS:EMIT] pos=213 op=200 @parser.c:1786
[QTS:EMIT] pos=214 u32=0x00002496 (9366) @parser.c:1788
[QTS:EMIT] pos=218 op=66 @parser.c:1799
[QTS:EMIT] pos=219 atom=520 @parser.c:1807
[QTS:EMIT] pos=223 op=1 @parser.c:1799
[QTS:EMIT] pos=224 u32=0x00000064 (100) @parser.c:1777
[QTS:EMIT] pos=228 op=200 @parser.c:1786
[QTS:EMIT] pos=229 u32=0x000024a9 (9385) @parser.c:1788
[QTS:EMIT] pos=233 op=186 @parser.c:1799
[QTS:EMIT] pos=234 u32=0x00000205 (517) @parser.c:1777
[QTS:EMIT] pos=238 u16=0x0003 (3) @parser.c:1772
[QTS:EMIT] pos=240 op=200 @parser.c:1786
[QTS:EMIT] pos=241 u32=0x000024a7 (9383) @parser.c:1788
[QTS:EMIT] pos=245 op=156 @parser.c:1799
[QTS:EMIT] pos=246 op=200 @parser.c:1786
[QTS:EMIT] pos=247 u32=0x000024a2 (9378) @parser.c:1788
[QTS:EMIT] pos=251 op=36 @parser.c:1799
[QTS:EMIT] pos=252 u16=0x0001 (1) @parser.c:1772
[QTS:EMIT] pos=254 op=187 @parser.c:1799
[QTS:EMIT] pos=255 atom=519 @parser.c:1807
[QTS:EMIT] pos=259 u16=0x0003 (3) @parser.c:1772
[QTS:EMIT] pos=261 op=200 @parser.c:1786
[QTS:EMIT] pos=262 u32=0x000024b9 (9401) @parser.c:1788
[QTS:EMIT] pos=266 op=186 @parser.c:1799
[QTS:EMIT] pos=267 atom=8 @parser.c:1807
[QTS:EMIT] pos=271 u16=0x0000 (0) @parser.c:1772
[QTS:EMIT] pos=273 op=200 @parser.c:1786
[QTS:EMIT] pos=274 u32=0x000024bd (9405) @parser.c:1788
[QTS:EMIT] pos=278 op=66 @parser.c:1799
[QTS:EMIT] pos=279 atom=505 @parser.c:1807
[QTS:EMIT] pos=283 op=200 @parser.c:1786
[QTS:EMIT] pos=284 u32=0x000024c4 (9412) @parser.c:1788
[QTS:EMIT] pos=288 op=66 @parser.c:1799
[QTS:EMIT] pos=289 atom=534 @parser.c:1807
[QTS:EMIT] pos=293 op=186 @parser.c:1799
[QTS:EMIT] pos=294 atom=8 @parser.c:1807
[QTS:EMIT] pos=298 u16=0x0000 (0) @parser.c:1772
[QTS:EMIT] pos=300 op=200 @parser.c:1786
[QTS:EMIT] pos=301 u32=0x000024d6 (9430) @parser.c:1788
[QTS:EMIT] pos=305 op=66 @parser.c:1799
[QTS:EMIT] pos=306 atom=56 @parser.c:1807
[QTS:EMIT] pos=310 op=200 @parser.c:1786
[QTS:EMIT] pos=311 u32=0x000024dd (9437) @parser.c:1788
[QTS:EMIT] pos=315 op=186 @parser.c:1799
[QTS:EMIT] pos=316 u32=0x00000207 (519) @parser.c:1777
[QTS:EMIT] pos=320 u16=0x0003 (3) @parser.c:1772
[QTS:EMIT] pos=322 op=200 @parser.c:1786
[QTS:EMIT] pos=323 u32=0x000024d1 (9425) @parser.c:1788
[QTS:EMIT] pos=327 op=36 @parser.c:1799
[QTS:EMIT] pos=328 u16=0x0002 (2) @parser.c:1772
[QTS:EMIT] pos=330 op=14 @parser.c:1799
[QTS:SCOPE] leave: idx=3
[QTS:SCOPE] pop: level=3
[QTS:EMIT] pos=331 op=183 @parser.c:1799
[QTS:EMIT] pos=332 u16=0x0003 (3) @parser.c:1772
[QTS:EMIT] pos=334 op=184 @parser.c:1799
[QTS:EMIT] pos=335 u32=0x00000000 (0) @parser.c:1777
[QTS:SCOPE] leave: idx=2
[QTS:SCOPE] pop: level=2
[QTS:EMIT] pos=339 op=183 @parser.c:1799
[QTS:EMIT] pos=340 u16=0x0002 (2) @parser.c:1772
[QTS:SCOPE] push: level=4 first_var=-1
[QTS:SCOPE] enter: idx=4 is_body=0
[QTS:EMIT] pos=342 op=182 @parser.c:1799
[QTS:EMIT] pos=343 u16=0x0004 (4) @parser.c:1772
[QTS:EMIT] pos=345 op=186 @parser.c:1799
[QTS:EMIT] pos=346 atom=8 @parser.c:1807
[QTS:EMIT] pos=350 u16=0x0000 (0) @parser.c:1772
[QTS:EMIT] pos=352 op=200 @parser.c:1786
[QTS:EMIT] pos=353 u32=0x000024fb (9467) @parser.c:1788
[QTS:EMIT] pos=357 op=66 @parser.c:1799
[QTS:EMIT] pos=358 atom=493 @parser.c:1807
[QTS:EMIT] pos=362 op=200 @parser.c:1786
[QTS:EMIT] pos=363 u32=0x00002505 (9477) @parser.c:1788
[QTS:EMIT] pos=367 op=66 @parser.c:1799
[QTS:EMIT] pos=368 atom=48 @parser.c:1807
[QTS:EMIT] pos=372 op=1 @parser.c:1799
[QTS:EMIT] pos=373 u32=0x00000002 (2) @parser.c:1777
[QTS:EMIT] pos=377 op=200 @parser.c:1786
[QTS:EMIT] pos=378 u32=0x0000250d (9485) @parser.c:1788
[QTS:EMIT] pos=382 op=171 @parser.c:1799
[QTS:EMIT] pos=383 op=108 @parser.c:1799
[QTS:EMIT] pos=384 u32=0x00000001 (1) @parser.c:1777
[QTS:SCOPE] push: level=5 first_var=-1
[QTS:SCOPE] enter: idx=5 is_body=0
[QTS:EMIT] pos=388 op=182 @parser.c:1799
[QTS:EMIT] pos=389 u16=0x0005 (5) @parser.c:1772
[QTS:EMIT] pos=391 op=200 @parser.c:1786
[QTS:EMIT] pos=392 u32=0x0000252f (9519) @parser.c:1788
[QTS:EMIT] pos=396 op=186 @parser.c:1799
[QTS:EMIT] pos=397 u32=0x000001ec (492) @parser.c:1777
[QTS:EMIT] pos=401 u16=0x0005 (5) @parser.c:1772
[QTS:EMIT] pos=403 op=200 @parser.c:1786
[QTS:EMIT] pos=404 u32=0x0000253d (9533) @parser.c:1788
[QTS:EMIT] pos=408 op=66 @parser.c:1799
[QTS:EMIT] pos=409 atom=530 @parser.c:1807
[QTS:EMIT] pos=413 op=186 @parser.c:1799
[QTS:EMIT] pos=414 atom=8 @parser.c:1807
[QTS:EMIT] pos=418 u16=0x0000 (0) @parser.c:1772
[QTS:EMIT] pos=420 op=200 @parser.c:1786
[QTS:EMIT] pos=421 u32=0x00002557 (9559) @parser.c:1788
[QTS:EMIT] pos=425 op=66 @parser.c:1799
[QTS:EMIT] pos=426 atom=533 @parser.c:1807
[QTS:EMIT] pos=430 op=200 @parser.c:1786
[QTS:EMIT] pos=431 u32=0x00002552 (9554) @parser.c:1788
[QTS:EMIT] pos=435 op=36 @parser.c:1799
[QTS:EMIT] pos=436 u16=0x0001 (1) @parser.c:1772
[QTS:EMIT] pos=438 op=187 @parser.c:1799
[QTS:EMIT] pos=439 atom=536 @parser.c:1807
[QTS:EMIT] pos=443 u16=0x0005 (5) @parser.c:1772
[QTS:SCOPE] push: level=6 first_var=-1
[QTS:SCOPE] enter: idx=6 is_body=0
[QTS:EMIT] pos=445 op=182 @parser.c:1799
[QTS:EMIT] pos=446 u16=0x0006 (6) @parser.c:1772
[QTS:EMIT] pos=448 op=200 @parser.c:1786
[QTS:EMIT] pos=449 u32=0x0000256e (9582) @parser.c:1788
[QTS:EMIT] pos=453 op=186 @parser.c:1799
[QTS:EMIT] pos=454 u32=0x00000218 (536) @parser.c:1777
[QTS:EMIT] pos=458 u16=0x0006 (6) @parser.c:1772
[QTS:EMIT] pos=460 op=1 @parser.c:1799
[QTS:EMIT] pos=461 u32=0x00000000 (0) @parser.c:1777
[QTS:EMIT] pos=465 op=200 @parser.c:1786
[QTS:EMIT] pos=466 u32=0x0000257a (9594) @parser.c:1788
[QTS:EMIT] pos=470 op=172 @parser.c:1799
[QTS:EMIT] pos=471 op=108 @parser.c:1799
[QTS:EMIT] pos=472 u32=0x00000002 (2) @parser.c:1777
[QTS:SCOPE] push: level=7 first_var=-1
[QTS:SCOPE] enter: idx=7 is_body=0
[QTS:EMIT] pos=476 op=182 @parser.c:1799
[QTS:EMIT] pos=477 u16=0x0007 (7) @parser.c:1772
[QTS:EMIT] pos=479 op=186 @parser.c:1799
[QTS:EMIT] pos=480 atom=8 @parser.c:1807
[QTS:EMIT] pos=484 u16=0x0000 (0) @parser.c:1772
[QTS:EMIT] pos=486 op=200 @parser.c:1786
[QTS:EMIT] pos=487 u32=0x000025a5 (9637) @parser.c:1788
[QTS:EMIT] pos=491 op=66 @parser.c:1799
[QTS:EMIT] pos=492 atom=493 @parser.c:1807
[QTS:EMIT] pos=496 op=1 @parser.c:1799
[QTS:EMIT] pos=497 u32=0x00000001 (1) @parser.c:1777
[QTS:EMIT] pos=501 op=200 @parser.c:1786
[QTS:EMIT] pos=502 u32=0x000025af (9647) @parser.c:1788
[QTS:EMIT] pos=506 op=72 @parser.c:1799
[QTS:EMIT] pos=507 op=200 @parser.c:1786
[QTS:EMIT] pos=508 u32=0x000025b5 (9653) @parser.c:1788
[QTS:EMIT] pos=512 op=186 @parser.c:1799
[QTS:EMIT] pos=513 u32=0x00000218 (536) @parser.c:1777
[QTS:EMIT] pos=517 u16=0x0007 (7) @parser.c:1772
[QTS:EMIT] pos=519 op=200 @parser.c:1786
[QTS:EMIT] pos=520 u32=0x000025b3 (9651) @parser.c:1788
[QTS:EMIT] pos=524 op=157 @parser.c:1799
[QTS:EMIT] pos=525 op=187 @parser.c:1799
[QTS:EMIT] pos=526 atom=537 @parser.c:1807
[QTS:EMIT] pos=530 u16=0x0007 (7) @parser.c:1772
[QTS:EMIT] pos=532 op=200 @parser.c:1786
[QTS:EMIT] pos=533 u32=0x000025ce (9678) @parser.c:1788
[QTS:EMIT] pos=537 op=186 @parser.c:1799
[QTS:EMIT] pos=538 u32=0x000001ec (492) @parser.c:1777
[QTS:EMIT] pos=542 u16=0x0007 (7) @parser.c:1772
[QTS:EMIT] pos=544 op=200 @parser.c:1786
[QTS:EMIT] pos=545 u32=0x000025dc (9692) @parser.c:1788
[QTS:EMIT] pos=549 op=66 @parser.c:1799
[QTS:EMIT] pos=550 atom=509 @parser.c:1807
[QTS:EMIT] pos=554 op=200 @parser.c:1786
[QTS:EMIT] pos=555 u32=0x000025e3 (9699) @parser.c:1788
[QTS:EMIT] pos=559 op=66 @parser.c:1799
[QTS:EMIT] pos=560 atom=277 @parser.c:1807
[QTS:EMIT] pos=564 op=200 @parser.c:1786
[QTS:EMIT] pos=565 u32=0x000025e9 (9705) @parser.c:1788
[QTS:EMIT] pos=569 op=186 @parser.c:1799
[QTS:EMIT] pos=570 u32=0x00000219 (537) @parser.c:1777
[QTS:EMIT] pos=574 u16=0x0007 (7) @parser.c:1772
[QTS:EMIT] pos=576 op=200 @parser.c:1786
[QTS:EMIT] pos=577 u32=0x000025e8 (9704) @parser.c:1788
[QTS:EMIT] pos=581 op=36 @parser.c:1799
[QTS:EMIT] pos=582 u16=0x0001 (1) @parser.c:1772
[QTS:EMIT] pos=584 op=14 @parser.c:1799
[QTS:SCOPE] push: level=8 first_var=-1
[QTS:SCOPE] enter: idx=8 is_body=0
[QTS:EMIT] pos=585 op=182 @parser.c:1799
[QTS:EMIT] pos=586 u16=0x0008 (8) @parser.c:1772
[QTS:EMIT] pos=588 op=186 @parser.c:1799
[QTS:EMIT] pos=589 atom=8 @parser.c:1807
[QTS:EMIT] pos=593 u16=0x0000 (0) @parser.c:1772
[QTS:EMIT] pos=595 op=200 @parser.c:1786
[QTS:EMIT] pos=596 u32=0x0000260c (9740) @parser.c:1788
[QTS:EMIT] pos=600 op=66 @parser.c:1799
[QTS:EMIT] pos=601 atom=505 @parser.c:1807
[QTS:EMIT] pos=605 op=200 @parser.c:1786
[QTS:EMIT] pos=606 u32=0x00002613 (9747) @parser.c:1788
[QTS:EMIT] pos=610 op=66 @parser.c:1799
[QTS:EMIT] pos=611 atom=534 @parser.c:1807
[QTS:EMIT] pos=615 op=108 @parser.c:1799
[QTS:EMIT] pos=616 u32=0x00000003 (3) @parser.c:1777
[QTS:SCOPE] push: level=9 first_var=-1
[QTS:SCOPE] enter: idx=9 is_body=0
[QTS:EMIT] pos=620 op=182 @parser.c:1799
[QTS:EMIT] pos=621 u16=0x0009 (9) @parser.c:1772
[QTS:EMIT] pos=623 op=200 @parser.c:1786
[QTS:EMIT] pos=624 u32=0x0000264b (9803) @parser.c:1788
[QTS:EMIT] pos=628 op=186 @parser.c:1799
[QTS:EMIT] pos=629 u32=0x000001ec (492) @parser.c:1777
[QTS:EMIT] pos=633 u16=0x0009 (9) @parser.c:1772
[QTS:EMIT] pos=635 op=200 @parser.c:1786
[QTS:EMIT] pos=636 u32=0x00002659 (9817) @parser.c:1788
[QTS:EMIT] pos=640 op=66 @parser.c:1799
[QTS:EMIT] pos=641 atom=520 @parser.c:1807
[QTS:EMIT] pos=645 op=1 @parser.c:1799
[QTS:EMIT] pos=646 u32=0x00000064 (100) @parser.c:1777
[QTS:EMIT] pos=650 op=200 @parser.c:1786
[QTS:EMIT] pos=651 u32=0x0000266c (9836) @parser.c:1788
[QTS:EMIT] pos=655 op=186 @parser.c:1799
[QTS:EMIT] pos=656 u32=0x00000219 (537) @parser.c:1777
[QTS:EMIT] pos=660 u16=0x0009 (9) @parser.c:1772
[QTS:EMIT] pos=662 op=200 @parser.c:1786
[QTS:EMIT] pos=663 u32=0x0000266a (9834) @parser.c:1788
[QTS:EMIT] pos=667 op=156 @parser.c:1799
[QTS:EMIT] pos=668 op=200 @parser.c:1786
[QTS:EMIT] pos=669 u32=0x00002665 (9829) @parser.c:1788
[QTS:EMIT] pos=673 op=36 @parser.c:1799
[QTS:EMIT] pos=674 u16=0x0001 (1) @parser.c:1772
[QTS:EMIT] pos=676 op=187 @parser.c:1799
[QTS:EMIT] pos=677 atom=538 @parser.c:1807
[QTS:EMIT] pos=681 u16=0x0009 (9) @parser.c:1772
[QTS:EMIT] pos=683 op=200 @parser.c:1786
[QTS:EMIT] pos=684 u32=0x0000268b (9867) @parser.c:1788
[QTS:EMIT] pos=688 op=186 @parser.c:1799
[QTS:EMIT] pos=689 atom=8 @parser.c:1807
[QTS:EMIT] pos=693 u16=0x0000 (0) @parser.c:1772
[QTS:EMIT] pos=695 op=200 @parser.c:1786
[QTS:EMIT] pos=696 u32=0x0000268f (9871) @parser.c:1788
[QTS:EMIT] pos=700 op=66 @parser.c:1799
[QTS:EMIT] pos=701 atom=505 @parser.c:1807
[QTS:EMIT] pos=705 op=200 @parser.c:1786
[QTS:EMIT] pos=706 u32=0x00002696 (9878) @parser.c:1788
[QTS:EMIT] pos=710 op=66 @parser.c:1799
[QTS:EMIT] pos=711 atom=534 @parser.c:1807
[QTS:EMIT] pos=715 op=186 @parser.c:1799
[QTS:EMIT] pos=716 atom=8 @parser.c:1807
[QTS:EMIT] pos=720 u16=0x0000 (0) @parser.c:1772
[QTS:EMIT] pos=722 op=200 @parser.c:1786
[QTS:EMIT] pos=723 u32=0x000026a8 (9896) @parser.c:1788
[QTS:EMIT] pos=727 op=66 @parser.c:1799
[QTS:EMIT] pos=728 atom=56 @parser.c:1807
[QTS:EMIT] pos=732 op=4 @parser.c:1799
[QTS:EMIT] pos=733 u32=0x0000021b (539) @parser.c:1777
[QTS:EMIT] pos=737 op=200 @parser.c:1786
[QTS:EMIT] pos=738 u32=0x000026ae (9902) @parser.c:1788
[QTS:EMIT] pos=742 op=159 @parser.c:1799
[QTS:EMIT] pos=743 op=200 @parser.c:1786
[QTS:EMIT] pos=744 u32=0x000026bb (9915) @parser.c:1788
[QTS:EMIT] pos=748 op=186 @parser.c:1799
[QTS:EMIT] pos=749 u32=0x0000021a (538) @parser.c:1777
[QTS:EMIT] pos=753 u16=0x0009 (9) @parser.c:1772
[QTS:EMIT] pos=755 op=200 @parser.c:1786
[QTS:EMIT] pos=756 u32=0x000026a3 (9891) @parser.c:1788
[QTS:EMIT] pos=760 op=36 @parser.c:1799
[QTS:EMIT] pos=761 u16=0x0002 (2) @parser.c:1772
[QTS:EMIT] pos=763 op=14 @parser.c:1799
[QTS:SCOPE] leave: idx=9
[QTS:SCOPE] pop: level=9
[QTS:EMIT] pos=764 op=183 @parser.c:1799
[QTS:EMIT] pos=765 u16=0x0009 (9) @parser.c:1772
[QTS:EMIT] pos=767 op=184 @parser.c:1799
[QTS:EMIT] pos=768 u32=0x00000003 (3) @parser.c:1777
[QTS:SCOPE] leave: idx=8
[QTS:SCOPE] pop: level=8
[QTS:EMIT] pos=772 op=183 @parser.c:1799
[QTS:EMIT] pos=773 u16=0x0008 (8) @parser.c:1772
[QTS:SCOPE] leave: idx=7
[QTS:SCOPE] pop: level=7
[QTS:EMIT] pos=775 op=183 @parser.c:1799
[QTS:EMIT] pos=776 u16=0x0007 (7) @parser.c:1772
[QTS:EMIT] pos=778 op=184 @parser.c:1799
[QTS:EMIT] pos=779 u32=0x00000002 (2) @parser.c:1777
[QTS:SCOPE] leave: idx=6
[QTS:SCOPE] pop: level=6
[QTS:EMIT] pos=783 op=183 @parser.c:1799
[QTS:EMIT] pos=784 u16=0x0006 (6) @parser.c:1772
[QTS:SCOPE] leave: idx=5
[QTS:SCOPE] pop: level=5
[QTS:EMIT] pos=786 op=183 @parser.c:1799
[QTS:EMIT] pos=787 u16=0x0005 (5) @parser.c:1772
[QTS:EMIT] pos=789 op=184 @parser.c:1799
[QTS:EMIT] pos=790 u32=0x00000001 (1) @parser.c:1777
[QTS:SCOPE] leave: idx=4
[QTS:SCOPE] pop: level=4
[QTS:EMIT] pos=794 op=183 @parser.c:1799
[QTS:EMIT] pos=795 u16=0x0004 (4) @parser.c:1772
[QTS:EMIT] pos=797 op=41 @parser.c:1799
[QTS:EMIT] pos=562 op=3 @parser.c:1799
[QTS:EMIT] pos=563 u32=0x0000000f (15) @parser.c:1777
[QTS:EMIT] pos=567 op=79 @parser.c:1799
[QTS:EMIT] pos=568 u32=0x00000000 (0) @parser.c:1777
[QTS:EMIT] pos=572 op=21 @parser.c:1799
[QTS:EMIT] pos=573 op=68 @parser.c:1799
[QTS:EMIT] pos=574 u32=0x00000216 (534) @parser.c:1777
[QTS:EMIT] pos=578 op=14 @parser.c:1799
[QTS:EMIT] pos=579 op=200 @parser.c:1786
[QTS:EMIT] pos=580 u32=0x000026ef (9967) @parser.c:1788
[QTS:EMIT] pos=584 op=186 @parser.c:1799
[QTS:EMIT] pos=585 u32=0x000001ec (492) @parser.c:1777
[QTS:EMIT] pos=589 u16=0x0001 (1) @parser.c:1772
[QTS:EMIT] pos=591 op=200 @parser.c:1786
[QTS:EMIT] pos=592 u32=0x000026fd (9981) @parser.c:1788
[QTS:EMIT] pos=596 op=66 @parser.c:1799
[QTS:EMIT] pos=597 atom=61 @parser.c:1807
[QTS:EMIT] pos=601 op=200 @parser.c:1786
[QTS:EMIT] pos=602 u32=0x00002707 (9991) @parser.c:1788
[QTS:EMIT] pos=606 op=66 @parser.c:1799
[QTS:EMIT] pos=607 atom=513 @parser.c:1807
[QTS:ASSIGN] lvalue: opcode=66 scope=0 atom=513 label=-1
[QTS:SCOPE] push: level=1 first_var=-1
[QTS:SCOPE] enter: idx=1 is_body=0
[QTS:EMIT] pos=0 op=182 @parser.c:1799
[QTS:EMIT] pos=1 u16=0x0001 (1) @parser.c:1772
[QTS:EMIT] pos=3 op=200 @parser.c:1786
[QTS:EMIT] pos=4 u32=0x00002730 (10032) @parser.c:1788
[QTS:EMIT] pos=8 op=186 @parser.c:1799
[QTS:EMIT] pos=9 u32=0x000001ec (492) @parser.c:1777
[QTS:EMIT] pos=13 u16=0x0001 (1) @parser.c:1772
[QTS:EMIT] pos=15 op=200 @parser.c:1786
[QTS:EMIT] pos=16 u32=0x0000273e (10046) @parser.c:1788
[QTS:EMIT] pos=20 op=66 @parser.c:1799
[QTS:EMIT] pos=21 atom=509 @parser.c:1807
[QTS:EMIT] pos=25 op=200 @parser.c:1786
[QTS:EMIT] pos=26 u32=0x00002745 (10053) @parser.c:1788
[QTS:EMIT] pos=30 op=66 @parser.c:1799
[QTS:EMIT] pos=31 atom=277 @parser.c:1807
[QTS:EMIT] pos=35 op=1 @parser.c:1799
[QTS:EMIT] pos=36 u32=0x00000001 (1) @parser.c:1777
[QTS:EMIT] pos=40 op=200 @parser.c:1786
[QTS:EMIT] pos=41 u32=0x0000274a (10058) @parser.c:1788
[QTS:EMIT] pos=45 op=36 @parser.c:1799
[QTS:EMIT] pos=46 u16=0x0001 (1) @parser.c:1772
[QTS:EMIT] pos=48 op=14 @parser.c:1799
[QTS:SCOPE] push: level=2 first_var=-1
[QTS:SCOPE] enter: idx=2 is_body=0
[QTS:EMIT] pos=49 op=182 @parser.c:1799
[QTS:EMIT] pos=50 u16=0x0002 (2) @parser.c:1772
[QTS:EMIT] pos=52 op=200 @parser.c:1786
[QTS:EMIT] pos=53 u32=0x00002778 (10104) @parser.c:1788
[QTS:EMIT] pos=57 op=186 @parser.c:1799
[QTS:EMIT] pos=58 u32=0x000001f9 (505) @parser.c:1777
[QTS:EMIT] pos=62 u16=0x0002 (2) @parser.c:1772
[QTS:EMIT] pos=64 op=200 @parser.c:1786
[QTS:EMIT] pos=65 u32=0x0000277e (10110) @parser.c:1788
[QTS:EMIT] pos=69 op=66 @parser.c:1799
[QTS:EMIT] pos=70 atom=534 @parser.c:1807
[QTS:EMIT] pos=74 op=108 @parser.c:1799
[QTS:EMIT] pos=75 u32=0x00000000 (0) @parser.c:1777
[QTS:SCOPE] push: level=3 first_var=-1
[QTS:SCOPE] enter: idx=3 is_body=0
[QTS:EMIT] pos=79 op=182 @parser.c:1799
[QTS:EMIT] pos=80 u16=0x0003 (3) @parser.c:1772
[QTS:EMIT] pos=82 op=200 @parser.c:1786
[QTS:EMIT] pos=83 u32=0x00002797 (10135) @parser.c:1788
[QTS:EMIT] pos=87 op=186 @parser.c:1799
[QTS:EMIT] pos=88 u32=0x000001f9 (505) @parser.c:1777
[QTS:EMIT] pos=92 u16=0x0003 (3) @parser.c:1772
[QTS:EMIT] pos=94 op=200 @parser.c:1786
[QTS:EMIT] pos=95 u32=0x0000279d (10141) @parser.c:1788
[QTS:EMIT] pos=99 op=66 @parser.c:1799
[QTS:EMIT] pos=100 atom=534 @parser.c:1807
[QTS:EMIT] pos=104 op=186 @parser.c:1799
[QTS:EMIT] pos=105 atom=8 @parser.c:1807
[QTS:EMIT] pos=109 u16=0x0000 (0) @parser.c:1772
[QTS:EMIT] pos=111 op=200 @parser.c:1786
[QTS:EMIT] pos=112 u32=0x000027af (10159) @parser.c:1788
[QTS:EMIT] pos=116 op=66 @parser.c:1799
[QTS:EMIT] pos=117 atom=56 @parser.c:1807
[QTS:EMIT] pos=121 op=4 @parser.c:1799
[QTS:EMIT] pos=122 u32=0x0000021c (540) @parser.c:1777
[QTS:EMIT] pos=126 op=200 @parser.c:1786
[QTS:EMIT] pos=127 u32=0x000027aa (10154) @parser.c:1788
[QTS:EMIT] pos=131 op=36 @parser.c:1799
[QTS:EMIT] pos=132 u16=0x0002 (2) @parser.c:1772
[QTS:EMIT] pos=134 op=14 @parser.c:1799
[QTS:SCOPE] leave: idx=3
[QTS:SCOPE] pop: level=3
[QTS:EMIT] pos=135 op=183 @parser.c:1799
[QTS:EMIT] pos=136 u16=0x0003 (3) @parser.c:1772
[QTS:EMIT] pos=138 op=184 @parser.c:1799
[QTS:EMIT] pos=139 u32=0x00000000 (0) @parser.c:1777
[QTS:SCOPE] leave: idx=2
[QTS:SCOPE] pop: level=2
[QTS:EMIT] pos=143 op=183 @parser.c:1799
[QTS:EMIT] pos=144 u16=0x0002 (2) @parser.c:1772
[QTS:EMIT] pos=146 op=41 @parser.c:1799
[QTS:EMIT] pos=606 op=3 @parser.c:1799
[QTS:EMIT] pos=607 u32=0x00000010 (16) @parser.c:1777
[QTS:EMIT] pos=611 op=79 @parser.c:1799
[QTS:EMIT] pos=612 u32=0x00000000 (0) @parser.c:1777
[QTS:EMIT] pos=616 op=21 @parser.c:1799
[QTS:EMIT] pos=617 op=68 @parser.c:1799
[QTS:EMIT] pos=618 u32=0x00000201 (513) @parser.c:1777
[QTS:EMIT] pos=622 op=14 @parser.c:1799
[QTS:EMIT] pos=623 op=200 @parser.c:1786
[QTS:EMIT] pos=624 u32=0x00002811 (10257) @parser.c:1788
[QTS:EMIT] pos=628 op=186 @parser.c:1799
[QTS:EMIT] pos=629 u32=0x000001ec (492) @parser.c:1777
[QTS:EMIT] pos=633 u16=0x0001 (1) @parser.c:1772
[QTS:EMIT] pos=635 op=200 @parser.c:1786
[QTS:EMIT] pos=636 u32=0x0000281f (10271) @parser.c:1788
[QTS:EMIT] pos=640 op=66 @parser.c:1799
[QTS:EMIT] pos=641 atom=61 @parser.c:1807
[QTS:EMIT] pos=645 op=200 @parser.c:1786
[QTS:EMIT] pos=646 u32=0x00002829 (10281) @parser.c:1788
[QTS:EMIT] pos=650 op=66 @parser.c:1799
[QTS:EMIT] pos=651 atom=541 @parser.c:1807
[QTS:ASSIGN] lvalue: opcode=66 scope=0 atom=541 label=-1
[QTS:SCOPE] push: level=1 first_var=-1
[QTS:SCOPE] enter: idx=1 is_body=0
[QTS:EMIT] pos=0 op=182 @parser.c:1799
[QTS:EMIT] pos=1 u16=0x0001 (1) @parser.c:1772
[QTS:SCOPE] push: level=2 first_var=-1
[QTS:SCOPE] enter: idx=2 is_body=0
[QTS:EMIT] pos=3 op=182 @parser.c:1799
[QTS:EMIT] pos=4 u16=0x0002 (2) @parser.c:1772
[QTS:EMIT] pos=6 op=186 @parser.c:1799
[QTS:EMIT] pos=7 atom=8 @parser.c:1807
[QTS:EMIT] pos=11 u16=0x0000 (0) @parser.c:1772
[QTS:EMIT] pos=13 op=200 @parser.c:1786
[QTS:EMIT] pos=14 u32=0x00002857 (10327) @parser.c:1788
[QTS:EMIT] pos=18 op=66 @parser.c:1799
[QTS:EMIT] pos=19 atom=505 @parser.c:1807
[QTS:EMIT] pos=23 op=200 @parser.c:1786
[QTS:EMIT] pos=24 u32=0x0000285e (10334) @parser.c:1788
[QTS:EMIT] pos=28 op=66 @parser.c:1799
[QTS:EMIT] pos=29 atom=541 @parser.c:1807
[QTS:EMIT] pos=33 op=108 @parser.c:1799
[QTS:EMIT] pos=34 u32=0x00000000 (0) @parser.c:1777
[QTS:SCOPE] push: level=3 first_var=-1
[QTS:SCOPE] enter: idx=3 is_body=0
[QTS:EMIT] pos=38 op=182 @parser.c:1799
[QTS:EMIT] pos=39 u16=0x0003 (3) @parser.c:1772
[QTS:EMIT] pos=41 op=200 @parser.c:1786
[QTS:EMIT] pos=42 u32=0x00002876 (10358) @parser.c:1788
[QTS:EMIT] pos=46 op=186 @parser.c:1799
[QTS:EMIT] pos=47 atom=8 @parser.c:1807
[QTS:EMIT] pos=51 u16=0x0000 (0) @parser.c:1772
[QTS:EMIT] pos=53 op=200 @parser.c:1786
[QTS:EMIT] pos=54 u32=0x0000287a (10362) @parser.c:1788
[QTS:EMIT] pos=58 op=66 @parser.c:1799
[QTS:EMIT] pos=59 atom=505 @parser.c:1807
[QTS:EMIT] pos=63 op=200 @parser.c:1786
[QTS:EMIT] pos=64 u32=0x00002881 (10369) @parser.c:1788
[QTS:EMIT] pos=68 op=66 @parser.c:1799
[QTS:EMIT] pos=69 atom=541 @parser.c:1807
[QTS:EMIT] pos=73 op=186 @parser.c:1799
[QTS:EMIT] pos=74 atom=8 @parser.c:1807
[QTS:EMIT] pos=78 u16=0x0000 (0) @parser.c:1772
[QTS:EMIT] pos=80 op=200 @parser.c:1786
[QTS:EMIT] pos=81 u32=0x00002892 (10386) @parser.c:1788
[QTS:EMIT] pos=85 op=66 @parser.c:1799
[QTS:EMIT] pos=86 atom=56 @parser.c:1807
[QTS:EMIT] pos=90 op=200 @parser.c:1786
[QTS:EMIT] pos=91 u32=0x00002899 (10393) @parser.c:1788
[QTS:EMIT] pos=95 op=186 @parser.c:1799
[QTS:EMIT] pos=96 u32=0x0000021e (542) @parser.c:1777
[QTS:EMIT] pos=100 u16=0x0003 (3) @parser.c:1772
[QTS:EMIT] pos=102 op=200 @parser.c:1786
[QTS:EMIT] pos=103 u32=0x0000288d (10381) @parser.c:1788
[QTS:EMIT] pos=107 op=36 @parser.c:1799
[QTS:EMIT] pos=108 u16=0x0002 (2) @parser.c:1772
[QTS:EMIT] pos=110 op=14 @parser.c:1799
[QTS:SCOPE] leave: idx=3
[QTS:SCOPE] pop: level=3
[QTS:EMIT] pos=111 op=183 @parser.c:1799
[QTS:EMIT] pos=112 u16=0x0003 (3) @parser.c:1772
[QTS:EMIT] pos=114 op=184 @parser.c:1799
[QTS:EMIT] pos=115 u32=0x00000000 (0) @parser.c:1777
[QTS:SCOPE] leave: idx=2
[QTS:SCOPE] pop: level=2
[QTS:EMIT] pos=119 op=183 @parser.c:1799
[QTS:EMIT] pos=120 u16=0x0002 (2) @parser.c:1772
[QTS:SCOPE] push: level=4 first_var=-1
[QTS:SCOPE] enter: idx=4 is_body=0
[QTS:EMIT] pos=122 op=182 @parser.c:1799
[QTS:EMIT] pos=123 u16=0x0004 (4) @parser.c:1772
[QTS:EMIT] pos=125 op=186 @parser.c:1799
[QTS:EMIT] pos=126 atom=8 @parser.c:1807
[QTS:EMIT] pos=130 u16=0x0000 (0) @parser.c:1772
[QTS:EMIT] pos=132 op=200 @parser.c:1786
[QTS:EMIT] pos=133 u32=0x000028b3 (10419) @parser.c:1788
[QTS:EMIT] pos=137 op=66 @parser.c:1799
[QTS:EMIT] pos=138 atom=505 @parser.c:1807
[QTS:EMIT] pos=142 op=200 @parser.c:1786
[QTS:EMIT] pos=143 u32=0x000028ba (10426) @parser.c:1788
[QTS:EMIT] pos=147 op=66 @parser.c:1799
[QTS:EMIT] pos=148 atom=532 @parser.c:1807
[QTS:EMIT] pos=152 op=108 @parser.c:1799
[QTS:EMIT] pos=153 u32=0x00000001 (1) @parser.c:1777
[QTS:SCOPE] push: level=5 first_var=-1
[QTS:SCOPE] enter: idx=5 is_body=0
[QTS:EMIT] pos=157 op=182 @parser.c:1799
[QTS:EMIT] pos=158 u16=0x0005 (5) @parser.c:1772
[QTS:EMIT] pos=160 op=200 @parser.c:1786
[QTS:EMIT] pos=161 u32=0x000028d1 (10449) @parser.c:1788
[QTS:EMIT] pos=165 op=186 @parser.c:1799
[QTS:EMIT] pos=166 atom=8 @parser.c:1807
[QTS:EMIT] pos=170 u16=0x0000 (0) @parser.c:1772
[QTS:EMIT] pos=172 op=200 @parser.c:1786
[QTS:EMIT] pos=173 u32=0x000028d5 (10453) @parser.c:1788
[QTS:EMIT] pos=177 op=66 @parser.c:1799
[QTS:EMIT] pos=178 atom=505 @parser.c:1807
[QTS:EMIT] pos=182 op=200 @parser.c:1786
[QTS:EMIT] pos=183 u32=0x000028dc (10460) @parser.c:1788
[QTS:EMIT] pos=187 op=66 @parser.c:1799
[QTS:EMIT] pos=188 atom=532 @parser.c:1807
[QTS:EMIT] pos=192 op=186 @parser.c:1799
[QTS:EMIT] pos=193 atom=8 @parser.c:1807
[QTS:EMIT] pos=197 u16=0x0000 (0) @parser.c:1772
[QTS:EMIT] pos=199 op=200 @parser.c:1786
[QTS:EMIT] pos=200 u32=0x000028ec (10476) @parser.c:1788
[QTS:EMIT] pos=204 op=66 @parser.c:1799
[QTS:EMIT] pos=205 atom=56 @parser.c:1807
[QTS:EMIT] pos=209 op=200 @parser.c:1786
[QTS:EMIT] pos=210 u32=0x000028e7 (10471) @parser.c:1788
[QTS:EMIT] pos=214 op=36 @parser.c:1799
[QTS:EMIT] pos=215 u16=0x0001 (1) @parser.c:1772
[QTS:EMIT] pos=217 op=14 @parser.c:1799
[QTS:SCOPE] leave: idx=5
[QTS:SCOPE] pop: level=5
[QTS:EMIT] pos=218 op=183 @parser.c:1799
[QTS:EMIT] pos=219 u16=0x0005 (5) @parser.c:1772
[QTS:EMIT] pos=221 op=184 @parser.c:1799
[QTS:EMIT] pos=222 u32=0x00000001 (1) @parser.c:1777
[QTS:SCOPE] leave: idx=4
[QTS:SCOPE] pop: level=4
[QTS:EMIT] pos=226 op=183 @parser.c:1799
[QTS:EMIT] pos=227 u16=0x0004 (4) @parser.c:1772
[QTS:EMIT] pos=229 op=41 @parser.c:1799
[QTS:EMIT] pos=650 op=3 @parser.c:1799
[QTS:EMIT] pos=651 u32=0x00000011 (17) @parser.c:1777
[QTS:EMIT] pos=655 op=79 @parser.c:1799
[QTS:EMIT] pos=656 u32=0x00000000 (0) @parser.c:1777
[QTS:EMIT] pos=660 op=21 @parser.c:1799
[QTS:EMIT] pos=661 op=68 @parser.c:1799
[QTS:EMIT] pos=662 u32=0x0000021d (541) @parser.c:1777
[QTS:EMIT] pos=666 op=14 @parser.c:1799
[QTS:EMIT] pos=667 op=200 @parser.c:1786
[QTS:EMIT] pos=668 u32=0x00002973 (10611) @parser.c:1788
[QTS:EMIT] pos=672 op=186 @parser.c:1799
[QTS:EMIT] pos=673 u32=0x000001ec (492) @parser.c:1777
[QTS:EMIT] pos=677 u16=0x0001 (1) @parser.c:1772
[QTS:EMIT] pos=679 op=200 @parser.c:1786
[QTS:EMIT] pos=680 u32=0x00002981 (10625) @parser.c:1788
[QTS:EMIT] pos=684 op=66 @parser.c:1799
[QTS:EMIT] pos=685 atom=61 @parser.c:1807
[QTS:EMIT] pos=689 op=200 @parser.c:1786
[QTS:EMIT] pos=690 u32=0x0000298b (10635) @parser.c:1788
[QTS:EMIT] pos=694 op=66 @parser.c:1799
[QTS:EMIT] pos=695 atom=543 @parser.c:1807
[QTS:ASSIGN] lvalue: opcode=66 scope=0 atom=543 label=-1
[QTS:SCOPE] push: level=1 first_var=-1
[QTS:SCOPE] enter: idx=1 is_body=0
[QTS:EMIT] pos=0 op=182 @parser.c:1799
[QTS:EMIT] pos=1 u16=0x0001 (1) @parser.c:1772
[QTS:EMIT] pos=3 op=200 @parser.c:1786
[QTS:EMIT] pos=4 u32=0x000029cf (10703) @parser.c:1788
[QTS:EMIT] pos=8 op=186 @parser.c:1799
[QTS:EMIT] pos=9 u32=0x000001ec (492) @parser.c:1777
[QTS:EMIT] pos=13 u16=0x0001 (1) @parser.c:1772
[QTS:EMIT] pos=15 op=200 @parser.c:1786
[QTS:EMIT] pos=16 u32=0x000029dd (10717) @parser.c:1788
[QTS:EMIT] pos=20 op=66 @parser.c:1799
[QTS:EMIT] pos=21 atom=497 @parser.c:1807
[QTS:EMIT] pos=25 op=187 @parser.c:1799
[QTS:EMIT] pos=26 atom=497 @parser.c:1807
[QTS:EMIT] pos=30 u16=0x0001 (1) @parser.c:1772
[QTS:EMIT] pos=32 op=200 @parser.c:1786
[QTS:EMIT] pos=33 u32=0x000029f9 (10745) @parser.c:1788
[QTS:EMIT] pos=37 op=186 @parser.c:1799
[QTS:EMIT] pos=38 u32=0x000001f1 (497) @parser.c:1777
[QTS:EMIT] pos=42 u16=0x0001 (1) @parser.c:1772
[QTS:EMIT] pos=44 op=200 @parser.c:1786
[QTS:EMIT] pos=45 u32=0x000029ff (10751) @parser.c:1788
[QTS:EMIT] pos=49 op=66 @parser.c:1799
[QTS:EMIT] pos=50 atom=478 @parser.c:1807
[QTS:EMIT] pos=54 op=200 @parser.c:1786
[QTS:EMIT] pos=55 u32=0x00002a0d (10765) @parser.c:1788
[QTS:EMIT] pos=59 op=186 @parser.c:1799
[QTS:EMIT] pos=60 u32=0x00000047 (71) @parser.c:1777
[QTS:EMIT] pos=64 u16=0x0001 (1) @parser.c:1772
[QTS:EMIT] pos=66 op=200 @parser.c:1786
[QTS:EMIT] pos=67 u32=0x00002a09 (10761) @parser.c:1788
[QTS:EMIT] pos=71 op=174 @parser.c:1799
[QTS:EMIT] pos=72 op=108 @parser.c:1799
[QTS:EMIT] pos=73 u32=0x00000000 (0) @parser.c:1777
[QTS:EMIT] pos=77 op=200 @parser.c:1786
[QTS:EMIT] pos=78 u32=0x00002a21 (10785) @parser.c:1788
[QTS:EMIT] pos=82 op=186 @parser.c:1799
[QTS:EMIT] pos=83 u32=0x000001f1 (497) @parser.c:1777
[QTS:EMIT] pos=87 u16=0x0001 (1) @parser.c:1772
[QTS:EMIT] pos=89 op=200 @parser.c:1786
[QTS:EMIT] pos=90 u32=0x00002a27 (10791) @parser.c:1788
[QTS:EMIT] pos=94 op=66 @parser.c:1799
[QTS:EMIT] pos=95 atom=478 @parser.c:1807
[QTS:EMIT] pos=99 op=110 @parser.c:1799
[QTS:EMIT] pos=100 u32=0x00000001 (1) @parser.c:1777
[QTS:EMIT] pos=104 op=184 @parser.c:1799
[QTS:EMIT] pos=105 u32=0x00000000 (0) @parser.c:1777
[QTS:EMIT] pos=109 op=200 @parser.c:1786
[QTS:EMIT] pos=110 u32=0x00002a3b (10811) @parser.c:1788
[QTS:EMIT] pos=114 op=186 @parser.c:1799
[QTS:EMIT] pos=115 u32=0x000001e9 (489) @parser.c:1777
[QTS:EMIT] pos=119 u16=0x0001 (1) @parser.c:1772
[QTS:EMIT] pos=121 op=200 @parser.c:1786
[QTS:EMIT] pos=122 u32=0x00002a44 (10820) @parser.c:1788
[QTS:EMIT] pos=126 op=66 @parser.c:1799
[QTS:EMIT] pos=127 atom=478 @parser.c:1807
[QTS:EMIT] pos=131 op=184 @parser.c:1799
[QTS:EMIT] pos=132 u32=0x00000001 (1) @parser.c:1777
[QTS:EMIT] pos=136 op=187 @parser.c:1799
[QTS:EMIT] pos=137 atom=478 @parser.c:1807
[QTS:EMIT] pos=141 u16=0x0001 (1) @parser.c:1772
[QTS:EMIT] pos=143 op=200 @parser.c:1786
[QTS:EMIT] pos=144 u32=0x00002a69 (10857) @parser.c:1788
[QTS:EMIT] pos=148 op=186 @parser.c:1799
[QTS:EMIT] pos=149 u32=0x000001f1 (497) @parser.c:1777
[QTS:EMIT] pos=153 u16=0x0001 (1) @parser.c:1772
[QTS:EMIT] pos=155 op=200 @parser.c:1786
[QTS:EMIT] pos=156 u32=0x00002a6f (10863) @parser.c:1788
[QTS:EMIT] pos=160 op=66 @parser.c:1799
[QTS:EMIT] pos=161 atom=479 @parser.c:1807
[QTS:EMIT] pos=165 op=200 @parser.c:1786
[QTS:EMIT] pos=166 u32=0x00002a84 (10884) @parser.c:1788
[QTS:EMIT] pos=170 op=186 @parser.c:1799
[QTS:EMIT] pos=171 u32=0x00000047 (71) @parser.c:1777
[QTS:EMIT] pos=175 u16=0x0001 (1) @parser.c:1772
[QTS:EMIT] pos=177 op=200 @parser.c:1786
[QTS:EMIT] pos=178 u32=0x00002a80 (10880) @parser.c:1788
[QTS:EMIT] pos=182 op=174 @parser.c:1799
[QTS:EMIT] pos=183 op=108 @parser.c:1799
[QTS:EMIT] pos=184 u32=0x00000002 (2) @parser.c:1777
[QTS:EMIT] pos=188 op=200 @parser.c:1786
[QTS:EMIT] pos=189 u32=0x00002a98 (10904) @parser.c:1788
[QTS:EMIT] pos=193 op=186 @parser.c:1799
[QTS:EMIT] pos=194 u32=0x000001f1 (497) @parser.c:1777
[QTS:EMIT] pos=198 u16=0x0001 (1) @parser.c:1772
[QTS:EMIT] pos=200 op=200 @parser.c:1786
[QTS:EMIT] pos=201 u32=0x00002a9e (10910) @parser.c:1788
[QTS:EMIT] pos=205 op=66 @parser.c:1799
[QTS:EMIT] pos=206 atom=479 @parser.c:1807
[QTS:EMIT] pos=210 op=110 @parser.c:1799
[QTS:EMIT] pos=211 u32=0x00000003 (3) @parser.c:1777
[QTS:EMIT] pos=215 op=184 @parser.c:1799
[QTS:EMIT] pos=216 u32=0x00000002 (2) @parser.c:1777
[QTS:EMIT] pos=220 op=200 @parser.c:1786
[QTS:EMIT] pos=221 u32=0x00002ab9 (10937) @parser.c:1788
[QTS:EMIT] pos=225 op=186 @parser.c:1799
[QTS:EMIT] pos=226 u32=0x000001e9 (489) @parser.c:1777
[QTS:EMIT] pos=230 u16=0x0001 (1) @parser.c:1772
[QTS:EMIT] pos=232 op=200 @parser.c:1786
[QTS:EMIT] pos=233 u32=0x00002ac2 (10946) @parser.c:1788
[QTS:EMIT] pos=237 op=66 @parser.c:1799
[QTS:EMIT] pos=238 atom=479 @parser.c:1807
[QTS:EMIT] pos=242 op=184 @parser.c:1799
[QTS:EMIT] pos=243 u32=0x00000003 (3) @parser.c:1777
[QTS:EMIT] pos=247 op=187 @parser.c:1799
[QTS:EMIT] pos=248 atom=479 @parser.c:1807
[QTS:EMIT] pos=252 u16=0x0001 (1) @parser.c:1772
[QTS:SCOPE] push: level=1 first_var=-1
[QTS:SCOPE] enter: idx=1 is_body=0
[QTS:EMIT] pos=0 op=182 @parser.c:1799
[QTS:EMIT] pos=1 u16=0x0001 (1) @parser.c:1772
[QTS:EMIT] pos=3 op=1 @parser.c:1799
[QTS:EMIT] pos=4 u32=0x00000000 (0) @parser.c:1777
[QTS:EMIT] pos=8 op=187 @parser.c:1799
[QTS:EMIT] pos=9 atom=546 @parser.c:1807
[QTS:EMIT] pos=13 u16=0x0001 (1) @parser.c:1772
[QTS:EMIT] pos=15 op=200 @parser.c:1786
[QTS:EMIT] pos=16 u32=0x00002b22 (11042) @parser.c:1788
[QTS:EMIT] pos=20 op=186 @parser.c:1799
[QTS:EMIT] pos=21 u32=0x000000a7 (167) @parser.c:1777
[QTS:EMIT] pos=25 u16=0x0001 (1) @parser.c:1772
[QTS:EMIT] pos=27 op=17 @parser.c:1799
[QTS:EMIT] pos=28 op=200 @parser.c:1786
[QTS:EMIT] pos=29 u32=0x00002b26 (11046) @parser.c:1788
[QTS:EMIT] pos=33 op=33 @parser.c:1799
[QTS:EMIT] pos=34 u16=0x0000 (0) @parser.c:1772
[QTS:EMIT] pos=36 op=187 @parser.c:1799
[QTS:EMIT] pos=37 atom=547 @parser.c:1807
[QTS:EMIT] pos=41 u16=0x0001 (1) @parser.c:1772
[QTS:SCOPE] push: level=2 first_var=-1
[QTS:SCOPE] enter: idx=2 is_body=0
[QTS:EMIT] pos=43 op=182 @parser.c:1799
[QTS:EMIT] pos=44 u16=0x0002 (2) @parser.c:1772
[QTS:EMIT] pos=46 op=1 @parser.c:1799
[QTS:EMIT] pos=47 u32=0x00000000 (0) @parser.c:1777
[QTS:EMIT] pos=51 op=187 @parser.c:1799
[QTS:EMIT] pos=52 atom=523 @parser.c:1807
[QTS:EMIT] pos=56 u16=0x0002 (2) @parser.c:1772
[QTS:EMIT] pos=58 op=183 @parser.c:1799
[QTS:EMIT] pos=59 u16=0x0002 (2) @parser.c:1772
[QTS:EMIT] pos=61 op=184 @parser.c:1799
[QTS:EMIT] pos=62 u32=0x00000000 (0) @parser.c:1777
[QTS:EMIT] pos=66 op=200 @parser.c:1786
[QTS:EMIT] pos=67 u32=0x00002bdb (11227) @parser.c:1788
[QTS:EMIT] pos=71 op=186 @parser.c:1799
[QTS:EMIT] pos=72 u32=0x000001df (479) @parser.c:1777
[QTS:EMIT] pos=76 u16=0x0002 (2) @parser.c:1772
[QTS:EMIT] pos=78 op=108 @parser.c:1799
[QTS:EMIT] pos=79 u32=0x00000004 (4) @parser.c:1777
[QTS:EMIT] pos=83 op=200 @parser.c:1786
[QTS:EMIT] pos=84 u32=0x00002bf9 (11257) @parser.c:1788
[QTS:EMIT] pos=88 op=186 @parser.c:1799
[QTS:EMIT] pos=89 u32=0x0000020b (523) @parser.c:1777
[QTS:EMIT] pos=93 u16=0x0002 (2) @parser.c:1772
[QTS:EMIT] pos=95 op=200 @parser.c:1786
[QTS:EMIT] pos=96 u32=0x00002bfd (11261) @parser.c:1788
[QTS:EMIT] pos=100 op=186 @parser.c:1799
[QTS:EMIT] pos=101 u32=0x000001e9 (489) @parser.c:1777
[QTS:EMIT] pos=105 u16=0x0002 (2) @parser.c:1772
[QTS:EMIT] pos=107 op=200 @parser.c:1786
[QTS:EMIT] pos=108 u32=0x00002c06 (11270) @parser.c:1788
[QTS:EMIT] pos=112 op=66 @parser.c:1799
[QTS:EMIT] pos=113 atom=480 @parser.c:1807
[QTS:EMIT] pos=117 op=200 @parser.c:1786
[QTS:EMIT] pos=118 u32=0x00002bfb (11259) @parser.c:1788
[QTS:EMIT] pos=122 op=165 @parser.c:1799
[QTS:EMIT] pos=123 op=110 @parser.c:1799
[QTS:EMIT] pos=124 u32=0x00000005 (5) @parser.c:1777
[QTS:EMIT] pos=128 op=184 @parser.c:1799
[QTS:EMIT] pos=129 u32=0x00000004 (4) @parser.c:1777
[QTS:EMIT] pos=133 op=200 @parser.c:1786
[QTS:EMIT] pos=134 u32=0x00002c21 (11297) @parser.c:1788
[QTS:EMIT] pos=138 op=186 @parser.c:1799
[QTS:EMIT] pos=139 u32=0x00000222 (546) @parser.c:1777
[QTS:EMIT] pos=143 u16=0x0002 (2) @parser.c:1772
[QTS:EMIT] pos=145 op=1 @parser.c:1799
[QTS:EMIT] pos=146 u32=0x000003e8 (1000) @parser.c:1777
[QTS:EMIT] pos=150 op=200 @parser.c:1786
[QTS:EMIT] pos=151 u32=0x00002c29 (11305) @parser.c:1788
[QTS:EMIT] pos=155 op=165 @parser.c:1799
[QTS:EMIT] pos=156 op=184 @parser.c:1799
[QTS:EMIT] pos=157 u32=0x00000005 (5) @parser.c:1777
[QTS:EMIT] pos=161 op=108 @parser.c:1799
[QTS:EMIT] pos=162 u32=0x00000003 (3) @parser.c:1777
[QTS:EMIT] pos=166 op=110 @parser.c:1799
[QTS:EMIT] pos=167 u32=0x00000002 (2) @parser.c:1777
[QTS:EMIT] pos=171 op=184 @parser.c:1799
[QTS:EMIT] pos=172 u32=0x00000001 (1) @parser.c:1777
[QTS:EMIT] pos=176 op=200 @parser.c:1786
[QTS:EMIT] pos=177 u32=0x00002c32 (11314) @parser.c:1788
[QTS:EMIT] pos=181 op=186 @parser.c:1799
[QTS:EMIT] pos=182 u32=0x0000020b (523) @parser.c:1777
[QTS:EMIT] pos=186 u16=0x0002 (2) @parser.c:1772
[QTS:EMIT] pos=181 op=189 @parser.c:1799
[QTS:EMIT] pos=182 atom=523 @parser.c:1807
[QTS:EMIT] pos=186 u32=0x00000006 (6) @parser.c:1777
[QTS:EMIT] pos=190 u16=0x0002 (2) @parser.c:1772
[QTS:EMIT] pos=192 op=61 @parser.c:1799
[QTS:EMIT] pos=193 op=200 @parser.c:1786
[QTS:EMIT] pos=194 u32=0x00002c33 (11315) @parser.c:1788
[QTS:EMIT] pos=198 op=147 @parser.c:1799
[QTS:EMIT] pos=199 op=184 @parser.c:1799
[QTS:EMIT] pos=200 u32=0x00000006 (6) @parser.c:1777
[QTS:EMIT] pos=204 op=25 @parser.c:1799
[QTS:EMIT] pos=205 op=62 @parser.c:1799
[QTS:EMIT] pos=206 op=14 @parser.c:1799
[QTS:EMIT] pos=207 op=110 @parser.c:1799
[QTS:EMIT] pos=208 u32=0x00000000 (0) @parser.c:1777
[QTS:EMIT] pos=212 op=184 @parser.c:1799
[QTS:EMIT] pos=213 u32=0x00000002 (2) @parser.c:1777
[QTS:SCOPE] push: level=3 first_var=-1
[QTS:SCOPE] enter: idx=3 is_body=0
[QTS:EMIT] pos=217 op=182 @parser.c:1799
[QTS:EMIT] pos=218 u16=0x0003 (3) @parser.c:1772
[QTS:EMIT] pos=220 op=200 @parser.c:1786
[QTS:EMIT] pos=221 u32=0x00002c45 (11333) @parser.c:1788
[QTS:EMIT] pos=225 op=186 @parser.c:1799
[QTS:EMIT] pos=226 u32=0x000001e9 (489) @parser.c:1777
[QTS:EMIT] pos=230 u16=0x0003 (3) @parser.c:1772
[QTS:EMIT] pos=232 op=200 @parser.c:1786
[QTS:EMIT] pos=233 u32=0x00002c4e (11342) @parser.c:1788
[QTS:EMIT] pos=237 op=66 @parser.c:1799
[QTS:EMIT] pos=238 atom=481 @parser.c:1807
[QTS:EMIT] pos=242 op=200 @parser.c:1786
[QTS:EMIT] pos=243 u32=0x00002c52 (11346) @parser.c:1788
[QTS:EMIT] pos=247 op=36 @parser.c:1799
[QTS:EMIT] pos=248 u16=0x0000 (0) @parser.c:1772
[QTS:EMIT] pos=250 op=14 @parser.c:1799
[QTS:EMIT] pos=251 op=200 @parser.c:1786
[QTS:EMIT] pos=252 u32=0x00002c62 (11362) @parser.c:1788
[QTS:EMIT] pos=256 op=186 @parser.c:1799
[QTS:EMIT] pos=257 u32=0x00000222 (546) @parser.c:1777
[QTS:EMIT] pos=261 u16=0x0003 (3) @parser.c:1772
[QTS:EMIT] pos=256 op=189 @parser.c:1799
[QTS:EMIT] pos=257 atom=546 @parser.c:1807
[QTS:EMIT] pos=261 u32=0x00000007 (7) @parser.c:1777
[QTS:EMIT] pos=265 u16=0x0003 (3) @parser.c:1772
[QTS:ASSIGN] lvalue: opcode=61 scope=3 atom=546 label=7
[QTS:EMIT] pos=267 op=200 @parser.c:1786
[QTS:EMIT] pos=268 u32=0x00002c70 (11376) @parser.c:1788
[QTS:EMIT] pos=272 op=186 @parser.c:1799
[QTS:EMIT] pos=273 u32=0x000000a7 (167) @parser.c:1777
[QTS:EMIT] pos=277 u16=0x0003 (3) @parser.c:1772
[QTS:EMIT] pos=279 op=17 @parser.c:1799
[QTS:EMIT] pos=280 op=200 @parser.c:1786
[QTS:EMIT] pos=281 u32=0x00002c74 (11380) @parser.c:1788
[QTS:EMIT] pos=285 op=33 @parser.c:1799
[QTS:EMIT] pos=286 u16=0x0000 (0) @parser.c:1772
[QTS:EMIT] pos=288 op=200 @parser.c:1786
[QTS:EMIT] pos=289 u32=0x00002c79 (11385) @parser.c:1788
[QTS:EMIT] pos=293 op=186 @parser.c:1799
[QTS:EMIT] pos=294 u32=0x00000223 (547) @parser.c:1777
[QTS:EMIT] pos=298 u16=0x0003 (3) @parser.c:1772
[QTS:EMIT] pos=300 op=200 @parser.c:1786
[QTS:EMIT] pos=301 u32=0x00002c77 (11383) @parser.c:1788
[QTS:EMIT] pos=305 op=160 @parser.c:1799
[QTS:EMIT] pos=306 op=184 @parser.c:1799
[QTS:EMIT] pos=307 u32=0x00000007 (7) @parser.c:1777
[QTS:EMIT] pos=311 op=22 @parser.c:1799
[QTS:EMIT] pos=312 op=62 @parser.c:1799
[QTS:EMIT] pos=313 op=14 @parser.c:1799
[QTS:SCOPE] leave: idx=3
[QTS:SCOPE] pop: level=3
[QTS:EMIT] pos=314 op=183 @parser.c:1799
[QTS:EMIT] pos=315 u16=0x0003 (3) @parser.c:1772
[QTS:EMIT] pos=317 op=183 @parser.c:1799
[QTS:EMIT] pos=318 u16=0x0002 (2) @parser.c:1772
[QTS:EMIT] pos=361 op=184 @parser.c:1799
[QTS:EMIT] pos=362 u32=0x00000003 (3) @parser.c:1777
[QTS:SCOPE] leave: idx=2
[QTS:SCOPE] pop: level=2
[QTS:EMIT] pos=366 op=183 @parser.c:1799
[QTS:EMIT] pos=367 u16=0x0002 (2) @parser.c:1772
[QTS:SCOPE] push: level=4 first_var=-1
[QTS:SCOPE] enter: idx=4 is_body=0
[QTS:EMIT] pos=369 op=182 @parser.c:1799
[QTS:EMIT] pos=370 u16=0x0004 (4) @parser.c:1772
[QTS:EMIT] pos=372 op=200 @parser.c:1786
[QTS:EMIT] pos=373 u32=0x00002c96 (11414) @parser.c:1788
[QTS:EMIT] pos=377 op=186 @parser.c:1799
[QTS:EMIT] pos=378 u32=0x00000220 (544) @parser.c:1777
[QTS:EMIT] pos=382 u16=0x0004 (4) @parser.c:1772
[QTS:EMIT] pos=384 op=7 @parser.c:1799
[QTS:EMIT] pos=385 op=200 @parser.c:1786
[QTS:EMIT] pos=386 u32=0x00002c9b (11419) @parser.c:1788
[QTS:EMIT] pos=390 op=172 @parser.c:1799
[QTS:EMIT] pos=391 op=108 @parser.c:1799
[QTS:EMIT] pos=392 u32=0x00000008 (8) @parser.c:1777
[QTS:SCOPE] push: level=5 first_var=-1
[QTS:SCOPE] enter: idx=5 is_body=0
[QTS:EMIT] pos=396 op=182 @parser.c:1799
[QTS:EMIT] pos=397 u16=0x0005 (5) @parser.c:1772
[QTS:EMIT] pos=399 op=200 @parser.c:1786
[QTS:EMIT] pos=400 u32=0x00002cb2 (11442) @parser.c:1788
[QTS:EMIT] pos=404 op=186 @parser.c:1799
[QTS:EMIT] pos=405 u32=0x00000220 (544) @parser.c:1777
[QTS:EMIT] pos=409 u16=0x0005 (5) @parser.c:1772
[QTS:EMIT] pos=411 op=200 @parser.c:1786
[QTS:EMIT] pos=412 u32=0x00002cb6 (11446) @parser.c:1788
[QTS:EMIT] pos=416 op=66 @parser.c:1799
[QTS:EMIT] pos=417 atom=548 @parser.c:1807
[QTS:EMIT] pos=416 op=67 @parser.c:1799
[QTS:EMIT] pos=417 atom=548 @parser.c:1807
[QTS:ASSIGN] lvalue: opcode=66 scope=0 atom=548 label=-1
[QTS:EMIT] pos=421 op=200 @parser.c:1786
[QTS:EMIT] pos=422 u32=0x00002cbf (11455) @parser.c:1788
[QTS:EMIT] pos=426 op=186 @parser.c:1799
[QTS:EMIT] pos=427 u32=0x0000020b (523) @parser.c:1777
[QTS:EMIT] pos=431 u16=0x0005 (5) @parser.c:1772
[QTS:ASSIGN] compound: tok=59 op=159
[QTS:EMIT] pos=433 op=200 @parser.c:1786
[QTS:EMIT] pos=434 u32=0x00002cbc (11452) @parser.c:1788
[QTS:EMIT] pos=438 op=159 @parser.c:1799
[QTS:EMIT] pos=439 op=21 @parser.c:1799
[QTS:EMIT] pos=440 op=68 @parser.c:1799
[QTS:EMIT] pos=441 u32=0x00000224 (548) @parser.c:1777
[QTS:EMIT] pos=445 op=14 @parser.c:1799
[QTS:EMIT] pos=446 op=200 @parser.c:1786
[QTS:EMIT] pos=447 u32=0x00002cce (11470) @parser.c:1788
[QTS:EMIT] pos=451 op=186 @parser.c:1799
[QTS:EMIT] pos=452 u32=0x00000220 (544) @parser.c:1777
[QTS:EMIT] pos=456 u16=0x0005 (5) @parser.c:1772
[QTS:EMIT] pos=458 op=200 @parser.c:1786
[QTS:EMIT] pos=459 u32=0x00002cd2 (11474) @parser.c:1788
[QTS:EMIT] pos=463 op=66 @parser.c:1799
[QTS:EMIT] pos=464 atom=546 @parser.c:1807
[QTS:EMIT] pos=463 op=67 @parser.c:1799
[QTS:EMIT] pos=464 atom=546 @parser.c:1807
[QTS:ASSIGN] lvalue: opcode=66 scope=0 atom=546 label=-1
[QTS:EMIT] pos=468 op=200 @parser.c:1786
[QTS:EMIT] pos=469 u32=0x00002cde (11486) @parser.c:1788
[QTS:EMIT] pos=473 op=186 @parser.c:1799
[QTS:EMIT] pos=474 u32=0x00000222 (546) @parser.c:1777
[QTS:EMIT] pos=478 u16=0x0005 (5) @parser.c:1772
[QTS:ASSIGN] compound: tok=59 op=159
[QTS:EMIT] pos=480 op=200 @parser.c:1786
[QTS:EMIT] pos=481 u32=0x00002cdb (11483) @parser.c:1788
[QTS:EMIT] pos=485 op=159 @parser.c:1799
[QTS:EMIT] pos=486 op=21 @parser.c:1799
[QTS:EMIT] pos=487 op=68 @parser.c:1799
[QTS:EMIT] pos=488 u32=0x00000222 (546) @parser.c:1777
[QTS:EMIT] pos=492 op=14 @parser.c:1799
[QTS:SCOPE] leave: idx=5
[QTS:SCOPE] pop: level=5
[QTS:EMIT] pos=493 op=183 @parser.c:1799
[QTS:EMIT] pos=494 u16=0x0005 (5) @parser.c:1772
[QTS:EMIT] pos=496 op=184 @parser.c:1799
[QTS:EMIT] pos=497 u32=0x00000008 (8) @parser.c:1777
[QTS:SCOPE] leave: idx=4
[QTS:SCOPE] pop: level=4
[QTS:EMIT] pos=501 op=183 @parser.c:1799
[QTS:EMIT] pos=502 u16=0x0004 (4) @parser.c:1772
[QTS:EMIT] pos=504 op=41 @parser.c:1799
[QTS:SCOPE] push: level=2 first_var=-1
[QTS:SCOPE] enter: idx=2 is_body=0
[QTS:EMIT] pos=254 op=182 @parser.c:1799
[QTS:EMIT] pos=255 u16=0x0002 (2) @parser.c:1772
[QTS:EMIT] pos=257 op=200 @parser.c:1786
[QTS:EMIT] pos=258 u32=0x00002d3e (11582) @parser.c:1788
[QTS:EMIT] pos=262 op=186 @parser.c:1799
[QTS:EMIT] pos=263 u32=0x000001de (478) @parser.c:1777
[QTS:EMIT] pos=267 u16=0x0002 (2) @parser.c:1772
[QTS:EMIT] pos=269 op=152 @parser.c:1799
[QTS:EMIT] pos=270 op=17 @parser.c:1799
[QTS:EMIT] pos=271 op=108 @parser.c:1799
[QTS:EMIT] pos=272 u32=0x00000004 (4) @parser.c:1777
[QTS:EMIT] pos=276 op=14 @parser.c:1799
[QTS:EMIT] pos=277 op=200 @parser.c:1786
[QTS:EMIT] pos=278 u32=0x00002d4a (11594) @parser.c:1788
[QTS:EMIT] pos=282 op=186 @parser.c:1799
[QTS:EMIT] pos=283 u32=0x00000220 (544) @parser.c:1777
[QTS:EMIT] pos=287 u16=0x0002 (2) @parser.c:1772
[QTS:EMIT] pos=289 op=7 @parser.c:1799
[QTS:EMIT] pos=290 op=200 @parser.c:1786
[QTS:EMIT] pos=291 u32=0x00002d4f (11599) @parser.c:1788
[QTS:EMIT] pos=295 op=171 @parser.c:1799
[QTS:EMIT] pos=296 op=184 @parser.c:1799
[QTS:EMIT] pos=297 u32=0x00000004 (4) @parser.c:1777
[QTS:EMIT] pos=301 op=108 @parser.c:1799
[QTS:EMIT] pos=302 u32=0x00000005 (5) @parser.c:1777
[QTS:SCOPE] push: level=3 first_var=-1
[QTS:SCOPE] enter: idx=3 is_body=0
[QTS:EMIT] pos=306 op=182 @parser.c:1799
[QTS:EMIT] pos=307 u16=0x0003 (3) @parser.c:1772
[QTS:EMIT] pos=309 op=200 @parser.c:1786
[QTS:EMIT] pos=310 u32=0x00002d62 (11618) @parser.c:1788
[QTS:EMIT] pos=314 op=186 @parser.c:1799
[QTS:EMIT] pos=315 u32=0x00000220 (544) @parser.c:1777
[QTS:EMIT] pos=319 u16=0x0003 (3) @parser.c:1772
[QTS:EMIT] pos=314 op=189 @parser.c:1799
[QTS:EMIT] pos=315 atom=544 @parser.c:1807
[QTS:EMIT] pos=319 u32=0x00000006 (6) @parser.c:1777
[QTS:EMIT] pos=323 u16=0x0003 (3) @parser.c:1772
[QTS:ASSIGN] lvalue: opcode=61 scope=3 atom=544 label=6
[QTS:EMIT] pos=325 op=11 @parser.c:1799
[QTS:EMIT] pos=326 op=1 @parser.c:1799
[QTS:EMIT] pos=327 u32=0x00000000 (0) @parser.c:1777
[QTS:EMIT] pos=331 op=78 @parser.c:1799
[QTS:EMIT] pos=332 atom=548 @parser.c:1807
[QTS:EMIT] pos=336 op=1 @parser.c:1799
[QTS:EMIT] pos=337 u32=0x00000000 (0) @parser.c:1777
[QTS:EMIT] pos=341 op=78 @parser.c:1799
[QTS:EMIT] pos=342 atom=546 @parser.c:1807
[QTS:EMIT] pos=346 op=184 @parser.c:1799
[QTS:EMIT] pos=347 u32=0x00000006 (6) @parser.c:1777
[QTS:EMIT] pos=351 op=22 @parser.c:1799
[QTS:EMIT] pos=352 op=62 @parser.c:1799
[QTS:EMIT] pos=353 op=14 @parser.c:1799
[QTS:SCOPE] leave: idx=3
[QTS:SCOPE] pop: level=3
[QTS:EMIT] pos=354 op=183 @parser.c:1799
[QTS:EMIT] pos=355 u16=0x0003 (3) @parser.c:1772
[QTS:EMIT] pos=357 op=184 @parser.c:1799
[QTS:EMIT] pos=358 u32=0x00000005 (5) @parser.c:1777
[QTS:SCOPE] leave: idx=2
[QTS:SCOPE] pop: level=2
[QTS:EMIT] pos=362 op=183 @parser.c:1799
[QTS:EMIT] pos=363 u16=0x0002 (2) @parser.c:1772
[QTS:SCOPE] push: level=4 first_var=-1
[QTS:SCOPE] enter: idx=4 is_body=0
[QTS:EMIT] pos=365 op=182 @parser.c:1799
[QTS:EMIT] pos=366 u16=0x0004 (4) @parser.c:1772
[QTS:EMIT] pos=368 op=200 @parser.c:1786
[QTS:EMIT] pos=369 u32=0x00002d90 (11664) @parser.c:1788
[QTS:EMIT] pos=373 op=186 @parser.c:1799
[QTS:EMIT] pos=374 u32=0x00000220 (544) @parser.c:1777
[QTS:EMIT] pos=378 u16=0x0004 (4) @parser.c:1772
[QTS:EMIT] pos=380 op=7 @parser.c:1799
[QTS:EMIT] pos=381 op=200 @parser.c:1786
[QTS:EMIT] pos=382 u32=0x00002d95 (11669) @parser.c:1788
[QTS:EMIT] pos=386 op=171 @parser.c:1799
[QTS:EMIT] pos=387 op=108 @parser.c:1799
[QTS:EMIT] pos=388 u32=0x00000007 (7) @parser.c:1777
[QTS:SCOPE] push: level=5 first_var=-1
[QTS:SCOPE] enter: idx=5 is_body=0
[QTS:EMIT] pos=392 op=182 @parser.c:1799
[QTS:EMIT] pos=393 u16=0x0005 (5) @parser.c:1772
[QTS:EMIT] pos=395 op=200 @parser.c:1786
[QTS:EMIT] pos=396 u32=0x00002da8 (11688) @parser.c:1788
[QTS:EMIT] pos=400 op=186 @parser.c:1799
[QTS:EMIT] pos=401 u32=0x00000221 (545) @parser.c:1777
[QTS:EMIT] pos=405 u16=0x0005 (5) @parser.c:1772
[QTS:EMIT] pos=407 op=7 @parser.c:1799
[QTS:EMIT] pos=408 op=200 @parser.c:1786
[QTS:EMIT] pos=409 u32=0x00002daf (11695) @parser.c:1788
[QTS:EMIT] pos=413 op=34 @parser.c:1799
[QTS:EMIT] pos=414 u16=0x0001 (1) @parser.c:1772
[QTS:EMIT] pos=416 op=14 @parser.c:1799
[QTS:EMIT] pos=417 op=11 @parser.c:1799
[QTS:EMIT] pos=418 op=1 @parser.c:1799
[QTS:EMIT] pos=419 u32=0x00000000 (0) @parser.c:1777
[QTS:EMIT] pos=423 op=78 @parser.c:1799
[QTS:EMIT] pos=424 atom=548 @parser.c:1807
[QTS:EMIT] pos=428 op=1 @parser.c:1799
[QTS:EMIT] pos=429 u32=0x00000000 (0) @parser.c:1777
[QTS:EMIT] pos=433 op=78 @parser.c:1799
[QTS:EMIT] pos=434 atom=546 @parser.c:1807
[QTS:EMIT] pos=438 op=200 @parser.c:1786
[QTS:EMIT] pos=439 u32=0x00002dbf (11711) @parser.c:1788
[QTS:EMIT] pos=443 op=40 @parser.c:1799
[QTS:SCOPE] leave: idx=5
[QTS:SCOPE] pop: level=5
[QTS:EMIT] pos=444 op=183 @parser.c:1799
[QTS:EMIT] pos=445 u16=0x0005 (5) @parser.c:1772
[QTS:EMIT] pos=447 op=110 @parser.c:1799
[QTS:EMIT] pos=448 u32=0x00000008 (8) @parser.c:1777
[QTS:EMIT] pos=452 op=184 @parser.c:1799
[QTS:EMIT] pos=453 u32=0x00000007 (7) @parser.c:1777
[QTS:SCOPE] push: level=6 first_var=-1
[QTS:SCOPE] enter: idx=6 is_body=0
[QTS:EMIT] pos=457 op=182 @parser.c:1799
[QTS:EMIT] pos=458 u16=0x0006 (6) @parser.c:1772
[QTS:EMIT] pos=460 op=200 @parser.c:1786
[QTS:EMIT] pos=461 u32=0x00002df8 (11768) @parser.c:1788
[QTS:EMIT] pos=465 op=186 @parser.c:1799
[QTS:EMIT] pos=466 u32=0x00000221 (545) @parser.c:1777
[QTS:EMIT] pos=470 u16=0x0006 (6) @parser.c:1772
[QTS:EMIT] pos=472 op=200 @parser.c:1786
[QTS:EMIT] pos=473 u32=0x00002e00 (11776) @parser.c:1788
[QTS:EMIT] pos=477 op=186 @parser.c:1799
[QTS:EMIT] pos=478 u32=0x00000220 (544) @parser.c:1777
[QTS:EMIT] pos=482 u16=0x0006 (6) @parser.c:1772
[QTS:EMIT] pos=484 op=200 @parser.c:1786
[QTS:EMIT] pos=485 u32=0x00002dff (11775) @parser.c:1788
[QTS:EMIT] pos=489 op=34 @parser.c:1799
[QTS:EMIT] pos=490 u16=0x0001 (1) @parser.c:1772
[QTS:EMIT] pos=492 op=14 @parser.c:1799
[QTS:SCOPE] push: level=7 first_var=-1
[QTS:SCOPE] enter: idx=7 is_body=0
[QTS:EMIT] pos=493 op=182 @parser.c:1799
[QTS:EMIT] pos=494 u16=0x0007 (7) @parser.c:1772
[QTS:EMIT] pos=496 op=200 @parser.c:1786
[QTS:EMIT] pos=497 u32=0x00002e5f (11871) @parser.c:1788
[QTS:EMIT] pos=501 op=186 @parser.c:1799
[QTS:EMIT] pos=502 u32=0x00000220 (544) @parser.c:1777
[QTS:EMIT] pos=506 u16=0x0007 (7) @parser.c:1772
[QTS:EMIT] pos=508 op=200 @parser.c:1786
[QTS:EMIT] pos=509 u32=0x00002e63 (11875) @parser.c:1788
[QTS:EMIT] pos=513 op=66 @parser.c:1799
[QTS:EMIT] pos=514 atom=548 @parser.c:1807
[QTS:EMIT] pos=518 op=200 @parser.c:1786
[QTS:EMIT] pos=519 u32=0x00002e6b (11883) @parser.c:1788
[QTS:EMIT] pos=523 op=186 @parser.c:1799
[QTS:EMIT] pos=524 u32=0x000001e9 (489) @parser.c:1777
[QTS:EMIT] pos=528 u16=0x0007 (7) @parser.c:1772
[QTS:EMIT] pos=530 op=200 @parser.c:1786
[QTS:EMIT] pos=531 u32=0x00002e74 (11892) @parser.c:1788
[QTS:EMIT] pos=535 op=66 @parser.c:1799
[QTS:EMIT] pos=536 atom=485 @parser.c:1807
[QTS:EMIT] pos=540 op=200 @parser.c:1786
[QTS:EMIT] pos=541 u32=0x00002e69 (11881) @parser.c:1788
[QTS:EMIT] pos=545 op=165 @parser.c:1799
[QTS:EMIT] pos=546 op=108 @parser.c:1799
[QTS:EMIT] pos=547 u32=0x00000009 (9) @parser.c:1777
[QTS:EMIT] pos=551 op=200 @parser.c:1786
[QTS:EMIT] pos=552 u32=0x00002e97 (11927) @parser.c:1788
[QTS:EMIT] pos=556 op=186 @parser.c:1799
[QTS:EMIT] pos=557 u32=0x00000220 (544) @parser.c:1777
[QTS:EMIT] pos=561 u16=0x0007 (7) @parser.c:1772
[QTS:EMIT] pos=563 op=200 @parser.c:1786
[QTS:EMIT] pos=564 u32=0x00002e90 (11920) @parser.c:1788
[QTS:EMIT] pos=568 op=40 @parser.c:1799
[QTS:EMIT] pos=569 op=184 @parser.c:1799
[QTS:EMIT] pos=570 u32=0x00000009 (9) @parser.c:1777
[QTS:SCOPE] leave: idx=7
[QTS:SCOPE] pop: level=7
[QTS:EMIT] pos=574 op=183 @parser.c:1799
[QTS:EMIT] pos=575 u16=0x0007 (7) @parser.c:1772
[QTS:EMIT] pos=577 op=200 @parser.c:1786
[QTS:EMIT] pos=578 u32=0x00002eb1 (11953) @parser.c:1788
[QTS:EMIT] pos=582 op=186 @parser.c:1799
[QTS:EMIT] pos=583 u32=0x00000220 (544) @parser.c:1777
[QTS:EMIT] pos=587 u16=0x0006 (6) @parser.c:1772
[QTS:EMIT] pos=589 op=200 @parser.c:1786
[QTS:EMIT] pos=590 u32=0x00002eb5 (11957) @parser.c:1788
[QTS:EMIT] pos=594 op=66 @parser.c:1799
[QTS:EMIT] pos=595 atom=546 @parser.c:1807
[QTS:EMIT] pos=599 op=1 @parser.c:1799
[QTS:EMIT] pos=600 u32=0x000003e8 (1000) @parser.c:1777
[QTS:EMIT] pos=604 op=200 @parser.c:1786
[QTS:EMIT] pos=605 u32=0x00002ebe (11966) @parser.c:1788
[QTS:EMIT] pos=609 op=156 @parser.c:1799
[QTS:EMIT] pos=610 op=200 @parser.c:1786
[QTS:EMIT] pos=611 u32=0x00002ec8 (11976) @parser.c:1788
[QTS:EMIT] pos=615 op=186 @parser.c:1799
[QTS:EMIT] pos=616 u32=0x00000220 (544) @parser.c:1777
[QTS:EMIT] pos=620 u16=0x0006 (6) @parser.c:1772
[QTS:EMIT] pos=622 op=200 @parser.c:1786
[QTS:EMIT] pos=623 u32=0x00002ecc (11980) @parser.c:1788
[QTS:EMIT] pos=627 op=66 @parser.c:1799
[QTS:EMIT] pos=628 atom=548 @parser.c:1807
[QTS:EMIT] pos=632 op=200 @parser.c:1786
[QTS:EMIT] pos=633 u32=0x00002ec6 (11974) @parser.c:1788
[QTS:EMIT] pos=637 op=157 @parser.c:1799
[QTS:EMIT] pos=638 op=187 @parser.c:1799
[QTS:EMIT] pos=639 atom=549 @parser.c:1807
[QTS:EMIT] pos=643 u16=0x0006 (6) @parser.c:1772
[QTS:EMIT] pos=645 op=200 @parser.c:1786
[QTS:EMIT] pos=646 u32=0x00002ee6 (12006) @parser.c:1788
[QTS:EMIT] pos=650 op=186 @parser.c:1799
[QTS:EMIT] pos=651 u32=0x000001e9 (489) @parser.c:1777
[QTS:EMIT] pos=655 u16=0x0006 (6) @parser.c:1772
[QTS:EMIT] pos=657 op=200 @parser.c:1786
[QTS:EMIT] pos=658 u32=0x00002eef (12015) @parser.c:1788
[QTS:EMIT] pos=662 op=66 @parser.c:1799
[QTS:EMIT] pos=663 atom=484 @parser.c:1807
[QTS:EMIT] pos=667 op=7 @parser.c:1799
[QTS:EMIT] pos=668 op=200 @parser.c:1786
[QTS:EMIT] pos=669 u32=0x00002efa (12026) @parser.c:1788
[QTS:EMIT] pos=673 op=172 @parser.c:1799
[QTS:EMIT] pos=674 op=108 @parser.c:1799
[QTS:EMIT] pos=675 u32=0x0000000a (10) @parser.c:1777
[QTS:EMIT] pos=679 op=200 @parser.c:1786
[QTS:EMIT] pos=680 u32=0x00002f05 (12037) @parser.c:1788
[QTS:EMIT] pos=684 op=186 @parser.c:1799
[QTS:EMIT] pos=685 u32=0x000001e9 (489) @parser.c:1777
[QTS:EMIT] pos=689 u16=0x0006 (6) @parser.c:1772
[QTS:EMIT] pos=691 op=200 @parser.c:1786
[QTS:EMIT] pos=692 u32=0x00002f0e (12046) @parser.c:1788
[QTS:EMIT] pos=696 op=66 @parser.c:1799
[QTS:EMIT] pos=697 atom=484 @parser.c:1807
[QTS:EMIT] pos=701 op=200 @parser.c:1786
[QTS:EMIT] pos=702 u32=0x00002f18 (12056) @parser.c:1788
[QTS:EMIT] pos=706 op=36 @parser.c:1799
[QTS:EMIT] pos=707 u16=0x0000 (0) @parser.c:1772
[QTS:EMIT] pos=709 op=110 @parser.c:1799
[QTS:EMIT] pos=710 u32=0x0000000b (11) @parser.c:1777
[QTS:EMIT] pos=714 op=184 @parser.c:1799
[QTS:EMIT] pos=715 u32=0x0000000a (10) @parser.c:1777
[QTS:EMIT] pos=719 op=1 @parser.c:1799
[QTS:EMIT] pos=720 u32=0x00000000 (0) @parser.c:1777
[QTS:EMIT] pos=724 op=184 @parser.c:1799
[QTS:EMIT] pos=725 u32=0x0000000b (11) @parser.c:1777
[QTS:EMIT] pos=729 op=187 @parser.c:1799
[QTS:EMIT] pos=730 atom=550 @parser.c:1807
[QTS:EMIT] pos=734 u16=0x0006 (6) @parser.c:1772
[QTS:EMIT] pos=736 op=200 @parser.c:1786
[QTS:EMIT] pos=737 u32=0x00002f28 (12072) @parser.c:1788
[QTS:EMIT] pos=741 op=186 @parser.c:1799
[QTS:EMIT] pos=742 atom=8 @parser.c:1807
[QTS:EMIT] pos=746 u16=0x0000 (0) @parser.c:1772
[QTS:EMIT] pos=748 op=200 @parser.c:1786
[QTS:EMIT] pos=749 u32=0x00002f2c (12076) @parser.c:1788
[QTS:EMIT] pos=753 op=66 @parser.c:1799
[QTS:EMIT] pos=754 atom=532 @parser.c:1807
[QTS:EMIT] pos=758 op=200 @parser.c:1786
[QTS:EMIT] pos=759 u32=0x00002f3c (12092) @parser.c:1788
[QTS:EMIT] pos=763 op=186 @parser.c:1799
[QTS:EMIT] pos=764 u32=0x000001e8 (488) @parser.c:1777
[QTS:EMIT] pos=768 u16=0x0006 (6) @parser.c:1772
[QTS:EMIT] pos=770 op=17 @parser.c:1799
[QTS:EMIT] pos=771 op=200 @parser.c:1786
[QTS:EMIT] pos=772 u32=0x00002f4c (12108) @parser.c:1788
[QTS:EMIT] pos=776 op=186 @parser.c:1799
[QTS:EMIT] pos=777 u32=0x000001e9 (489) @parser.c:1777
[QTS:EMIT] pos=781 u16=0x0006 (6) @parser.c:1772
[QTS:EMIT] pos=783 op=200 @parser.c:1786
[QTS:EMIT] pos=784 u32=0x00002f57 (12119) @parser.c:1788
[QTS:EMIT] pos=788 op=186 @parser.c:1799
[QTS:EMIT] pos=789 u32=0x00000225 (549) @parser.c:1777
[QTS:EMIT] pos=793 u16=0x0006 (6) @parser.c:1772
[QTS:EMIT] pos=795 op=200 @parser.c:1786
[QTS:EMIT] pos=796 u32=0x00002f5d (12125) @parser.c:1788
[QTS:EMIT] pos=800 op=186 @parser.c:1799
[QTS:EMIT] pos=801 u32=0x00000226 (550) @parser.c:1777
[QTS:EMIT] pos=805 u16=0x0006 (6) @parser.c:1772
[QTS:EMIT] pos=807 op=200 @parser.c:1786
[QTS:EMIT] pos=808 u32=0x00002f4b (12107) @parser.c:1788
[QTS:EMIT] pos=812 op=33 @parser.c:1799
[QTS:EMIT] pos=813 u16=0x0003 (3) @parser.c:1772
[QTS:EMIT] pos=815 op=200 @parser.c:1786
[QTS:EMIT] pos=816 u32=0x00002f37 (12087) @parser.c:1788
[QTS:EMIT] pos=820 op=36 @parser.c:1799
[QTS:EMIT] pos=821 u16=0x0001 (1) @parser.c:1772
[QTS:EMIT] pos=823 op=14 @parser.c:1799
[QTS:EMIT] pos=824 op=7 @parser.c:1799
[QTS:EMIT] pos=825 op=200 @parser.c:1786
[QTS:EMIT] pos=826 u32=0x00002f6c (12140) @parser.c:1788
[QTS:EMIT] pos=830 op=40 @parser.c:1799
[QTS:SCOPE] leave: idx=6
[QTS:SCOPE] pop: level=6
[QTS:EMIT] pos=831 op=183 @parser.c:1799
[QTS:EMIT] pos=832 u16=0x0006 (6) @parser.c:1772
[QTS:EMIT] pos=834 op=184 @parser.c:1799
[QTS:EMIT] pos=835 u32=0x00000008 (8) @parser.c:1777
[QTS:SCOPE] leave: idx=4
[QTS:SCOPE] pop: level=4
[QTS:EMIT] pos=839 op=183 @parser.c:1799
[QTS:EMIT] pos=840 u16=0x0004 (4) @parser.c:1772
[QTS:EMIT] pos=842 op=41 @parser.c:1799
[QTS:EMIT] pos=694 op=3 @parser.c:1799
[QTS:EMIT] pos=695 u32=0x00000012 (18) @parser.c:1777
[QTS:EMIT] pos=699 op=79 @parser.c:1799
[QTS:EMIT] pos=700 u32=0x00000000 (0) @parser.c:1777
[QTS:EMIT] pos=704 op=21 @parser.c:1799
[QTS:EMIT] pos=705 op=68 @parser.c:1799
[QTS:EMIT] pos=706 u32=0x0000021f (543) @parser.c:1777
[QTS:EMIT] pos=710 op=14 @parser.c:1799
[QTS:EMIT] pos=711 op=200 @parser.c:1786
[QTS:EMIT] pos=712 u32=0x0000307e (12414) @parser.c:1788
[QTS:EMIT] pos=716 op=186 @parser.c:1799
[QTS:EMIT] pos=717 u32=0x000001ec (492) @parser.c:1777
[QTS:EMIT] pos=721 u16=0x0001 (1) @parser.c:1772
[QTS:EMIT] pos=723 op=200 @parser.c:1786
[QTS:EMIT] pos=724 u32=0x0000308c (12428) @parser.c:1788
[QTS:EMIT] pos=728 op=66 @parser.c:1799
[QTS:EMIT] pos=729 atom=61 @parser.c:1807
[QTS:EMIT] pos=733 op=200 @parser.c:1786
[QTS:EMIT] pos=734 u32=0x00003096 (12438) @parser.c:1788
[QTS:EMIT] pos=738 op=66 @parser.c:1799
[QTS:EMIT] pos=739 atom=510 @parser.c:1807
[QTS:ASSIGN] lvalue: opcode=66 scope=0 atom=510 label=-1
[QTS:SCOPE] push: level=1 first_var=-1
[QTS:SCOPE] enter: idx=1 is_body=0
[QTS:EMIT] pos=0 op=182 @parser.c:1799
[QTS:EMIT] pos=1 u16=0x0001 (1) @parser.c:1772
[QTS:EMIT] pos=3 op=200 @parser.c:1786
[QTS:EMIT] pos=4 u32=0x000030b9 (12473) @parser.c:1788
[QTS:EMIT] pos=8 op=186 @parser.c:1799
[QTS:EMIT] pos=9 u32=0x000001ec (492) @parser.c:1777
[QTS:EMIT] pos=13 u16=0x0001 (1) @parser.c:1772
[QTS:EMIT] pos=15 op=200 @parser.c:1786
[QTS:EMIT] pos=16 u32=0x000030c7 (12487) @parser.c:1788
[QTS:EMIT] pos=20 op=66 @parser.c:1799
[QTS:EMIT] pos=21 atom=501 @parser.c:1807
[QTS:EMIT] pos=25 op=200 @parser.c:1786
[QTS:EMIT] pos=26 u32=0x000030d0 (12496) @parser.c:1788
[QTS:EMIT] pos=30 op=36 @parser.c:1799
[QTS:EMIT] pos=31 u16=0x0000 (0) @parser.c:1772
[QTS:EMIT] pos=33 op=14 @parser.c:1799
[QTS:EMIT] pos=34 op=200 @parser.c:1786
[QTS:EMIT] pos=35 u32=0x000030d8 (12504) @parser.c:1788
[QTS:EMIT] pos=39 op=186 @parser.c:1799
[QTS:EMIT] pos=40 atom=8 @parser.c:1807
[QTS:EMIT] pos=44 u16=0x0000 (0) @parser.c:1772
[QTS:EMIT] pos=46 op=200 @parser.c:1786
[QTS:EMIT] pos=47 u32=0x000030dc (12508) @parser.c:1788
[QTS:EMIT] pos=51 op=66 @parser.c:1799
[QTS:EMIT] pos=52 atom=533 @parser.c:1807
[QTS:ASSIGN] lvalue: opcode=66 scope=0 atom=533 label=-1
[QTS:EMIT] pos=51 op=38 @parser.c:1799
[QTS:EMIT] pos=52 u16=0x0000 (0) @parser.c:1772
[QTS:EMIT] pos=54 op=21 @parser.c:1799
[QTS:EMIT] pos=55 op=68 @parser.c:1799
[QTS:EMIT] pos=56 u32=0x00000215 (533) @parser.c:1777
[QTS:EMIT] pos=60 op=14 @parser.c:1799
[QTS:EMIT] pos=61 op=200 @parser.c:1786
[QTS:EMIT] pos=62 u32=0x000030ef (12527) @parser.c:1788
[QTS:EMIT] pos=66 op=186 @parser.c:1799
[QTS:EMIT] pos=67 atom=8 @parser.c:1807
[QTS:EMIT] pos=71 u16=0x0000 (0) @parser.c:1772
[QTS:EMIT] pos=73 op=200 @parser.c:1786
[QTS:EMIT] pos=74 u32=0x000030f3 (12531) @parser.c:1788
[QTS:EMIT] pos=78 op=66 @parser.c:1799
[QTS:EMIT] pos=79 atom=505 @parser.c:1807
[QTS:ASSIGN] lvalue: opcode=66 scope=0 atom=505 label=-1
[QTS:EMIT] pos=78 op=200 @parser.c:1786
[QTS:EMIT] pos=79 u32=0x000030fd (12541) @parser.c:1788
[QTS:EMIT] pos=83 op=186 @parser.c:1799
[QTS:EMIT] pos=84 u32=0x000001f9 (505) @parser.c:1777
[QTS:EMIT] pos=88 u16=0x0001 (1) @parser.c:1772
[QTS:EMIT] pos=90 op=21 @parser.c:1799
[QTS:EMIT] pos=91 op=68 @parser.c:1799
[QTS:EMIT] pos=92 u32=0x000001f9 (505) @parser.c:1777
[QTS:EMIT] pos=96 op=14 @parser.c:1799
[QTS:EMIT] pos=97 op=186 @parser.c:1799
[QTS:EMIT] pos=98 atom=8 @parser.c:1807
[QTS:EMIT] pos=102 u16=0x0000 (0) @parser.c:1772
[QTS:EMIT] pos=104 op=200 @parser.c:1786
[QTS:EMIT] pos=105 u32=0x0000311a (12570) @parser.c:1788
[QTS:EMIT] pos=109 op=66 @parser.c:1799
[QTS:EMIT] pos=110 atom=494 @parser.c:1807
[QTS:EMIT] pos=114 op=200 @parser.c:1786
[QTS:EMIT] pos=115 u32=0x00003125 (12581) @parser.c:1788
[QTS:EMIT] pos=119 op=66 @parser.c:1799
[QTS:EMIT] pos=120 atom=48 @parser.c:1807
[QTS:EMIT] pos=124 op=187 @parser.c:1799
[QTS:EMIT] pos=125 atom=48 @parser.c:1807
[QTS:EMIT] pos=129 u16=0x0001 (1) @parser.c:1772
[QTS:EMIT] pos=131 op=1 @parser.c:1799
[QTS:EMIT] pos=132 u32=0x00000000 (0) @parser.c:1777
[QTS:EMIT] pos=136 op=187 @parser.c:1799
[QTS:EMIT] pos=137 atom=89 @parser.c:1807
[QTS:EMIT] pos=141 u16=0x0001 (1) @parser.c:1772
[QTS:EMIT] pos=143 op=186 @parser.c:1799
[QTS:EMIT] pos=144 atom=8 @parser.c:1807
[QTS:EMIT] pos=148 u16=0x0000 (0) @parser.c:1772
[QTS:EMIT] pos=150 op=187 @parser.c:1799
[QTS:EMIT] pos=151 atom=511 @parser.c:1807
[QTS:EMIT] pos=155 u16=0x0001 (1) @parser.c:1772
[QTS:SCOPE] push: level=1 first_var=-1
[QTS:SCOPE] enter: idx=1 is_body=0
[QTS:EMIT] pos=0 op=182 @parser.c:1799
[QTS:EMIT] pos=1 u16=0x0001 (1) @parser.c:1772
[QTS:SCOPE] push: level=2 first_var=-1
[QTS:SCOPE] enter: idx=2 is_body=0
[QTS:EMIT] pos=3 op=182 @parser.c:1799
[QTS:EMIT] pos=4 u16=0x0002 (2) @parser.c:1772
[QTS:EMIT] pos=6 op=200 @parser.c:1786
[QTS:EMIT] pos=7 u32=0x0000322d (12845) @parser.c:1788
[QTS:EMIT] pos=11 op=186 @parser.c:1799
[QTS:EMIT] pos=12 u32=0x00000059 (89) @parser.c:1777
[QTS:EMIT] pos=16 u16=0x0002 (2) @parser.c:1772
[QTS:EMIT] pos=18 op=200 @parser.c:1786
[QTS:EMIT] pos=19 u32=0x00003235 (12853) @parser.c:1788
[QTS:EMIT] pos=23 op=186 @parser.c:1799
[QTS:EMIT] pos=24 u32=0x00000030 (48) @parser.c:1777
[QTS:EMIT] pos=28 u16=0x0002 (2) @parser.c:1772
[QTS:EMIT] pos=30 op=200 @parser.c:1786
[QTS:EMIT] pos=31 u32=0x00003233 (12851) @parser.c:1788
[QTS:EMIT] pos=35 op=165 @parser.c:1799
[QTS:EMIT] pos=36 op=108 @parser.c:1799
[QTS:EMIT] pos=37 u32=0x00000000 (0) @parser.c:1777
[QTS:SCOPE] push: level=3 first_var=-1
[QTS:SCOPE] enter: idx=3 is_body=0
[QTS:EMIT] pos=41 op=182 @parser.c:1799
[QTS:EMIT] pos=42 u16=0x0003 (3) @parser.c:1772
[QTS:EMIT] pos=44 op=111 @parser.c:1799
[QTS:EMIT] pos=45 u32=0x00000001 (1) @parser.c:1777
[QTS:SCOPE] push: level=4 first_var=-1
[QTS:SCOPE] enter: idx=4 is_body=0
[QTS:EMIT] pos=49 op=182 @parser.c:1799
[QTS:EMIT] pos=50 u16=0x0004 (4) @parser.c:1772
[QTS:EMIT] pos=52 op=200 @parser.c:1786
[QTS:EMIT] pos=53 u32=0x00003261 (12897) @parser.c:1788
[QTS:EMIT] pos=57 op=186 @parser.c:1799
[QTS:EMIT] pos=58 u32=0x000001ff (511) @parser.c:1777
[QTS:EMIT] pos=62 u16=0x0004 (4) @parser.c:1772
[QTS:EMIT] pos=64 op=200 @parser.c:1786
[QTS:EMIT] pos=65 u32=0x00003266 (12902) @parser.c:1788
[QTS:EMIT] pos=69 op=66 @parser.c:1799
[QTS:EMIT] pos=70 atom=494 @parser.c:1807
[QTS:EMIT] pos=74 op=200 @parser.c:1786
[QTS:EMIT] pos=75 u32=0x00003272 (12914) @parser.c:1788
[QTS:EMIT] pos=79 op=186 @parser.c:1799
[QTS:EMIT] pos=80 u32=0x00000059 (89) @parser.c:1777
[QTS:EMIT] pos=84 u16=0x0004 (4) @parser.c:1772
[QTS:EMIT] pos=86 op=200 @parser.c:1786
[QTS:EMIT] pos=87 u32=0x00003271 (12913) @parser.c:1788
[QTS:EMIT] pos=91 op=72 @parser.c:1799
[QTS:EMIT] pos=92 op=200 @parser.c:1786
[QTS:EMIT] pos=93 u32=0x00003278 (12920) @parser.c:1788
[QTS:EMIT] pos=97 op=66 @parser.c:1799
[QTS:EMIT] pos=98 atom=486 @parser.c:1807
[QTS:EMIT] pos=102 op=200 @parser.c:1786
[QTS:EMIT] pos=103 u32=0x0000327e (12926) @parser.c:1788
[QTS:EMIT] pos=107 op=36 @parser.c:1799
[QTS:EMIT] pos=108 u16=0x0000 (0) @parser.c:1772
[QTS:EMIT] pos=110 op=14 @parser.c:1799
[QTS:SCOPE] leave: idx=4
[QTS:SCOPE] pop: level=4
[QTS:EMIT] pos=111 op=183 @parser.c:1799
[QTS:EMIT] pos=112 u16=0x0004 (4) @parser.c:1772
[QTS:EMIT] pos=114 op=14 @parser.c:1799
[QTS:EMIT] pos=115 op=6 @parser.c:1799
[QTS:EMIT] pos=116 op=112 @parser.c:1799
[QTS:EMIT] pos=117 u32=0x00000003 (3) @parser.c:1777
[QTS:EMIT] pos=121 op=14 @parser.c:1799
[QTS:EMIT] pos=122 op=110 @parser.c:1799
[QTS:EMIT] pos=123 u32=0x00000004 (4) @parser.c:1777
[QTS:SCOPE] push: level=5 first_var=-1
[QTS:SCOPE] enter: idx=5 is_body=0
[QTS:EMIT] pos=127 op=182 @parser.c:1799
[QTS:EMIT] pos=128 u16=0x0005 (5) @parser.c:1772
[QTS:EMIT] pos=130 op=184 @parser.c:1799
[QTS:EMIT] pos=131 u32=0x00000001 (1) @parser.c:1777
[QTS:EMIT] pos=135 op=187 @parser.c:1799
[QTS:EMIT] pos=136 u32=0x00000228 (552) @parser.c:1777
[QTS:EMIT] pos=140 u16=0x0005 (5) @parser.c:1772
[QTS:EMIT] pos=142 op=111 @parser.c:1799
[QTS:EMIT] pos=143 u32=0x00000002 (2) @parser.c:1777
[QTS:SCOPE] push: level=6 first_var=0
[QTS:SCOPE] enter: idx=6 is_body=0
[QTS:EMIT] pos=147 op=182 @parser.c:1799
[QTS:EMIT] pos=148 u16=0x0006 (6) @parser.c:1772
[QTS:SCOPE] push: level=7 first_var=0
[QTS:SCOPE] enter: idx=7 is_body=0
[QTS:EMIT] pos=150 op=182 @parser.c:1799
[QTS:EMIT] pos=151 u16=0x0007 (7) @parser.c:1772
[QTS:EMIT] pos=153 op=200 @parser.c:1786
[QTS:EMIT] pos=154 u32=0x000032b8 (12984) @parser.c:1788
[QTS:EMIT] pos=158 op=186 @parser.c:1799
[QTS:EMIT] pos=159 u32=0x000001ff (511) @parser.c:1777
[QTS:EMIT] pos=163 u16=0x0007 (7) @parser.c:1772
[QTS:EMIT] pos=165 op=200 @parser.c:1786
[QTS:EMIT] pos=166 u32=0x000032bd (12989) @parser.c:1788
[QTS:EMIT] pos=170 op=66 @parser.c:1799
[QTS:EMIT] pos=171 atom=541 @parser.c:1807
[QTS:EMIT] pos=175 op=200 @parser.c:1786
[QTS:EMIT] pos=176 u32=0x000032ca (13002) @parser.c:1788
[QTS:EMIT] pos=180 op=186 @parser.c:1799
[QTS:EMIT] pos=181 u32=0x00000228 (552) @parser.c:1777
[QTS:EMIT] pos=185 u16=0x0007 (7) @parser.c:1772
[QTS:EMIT] pos=187 op=200 @parser.c:1786
[QTS:EMIT] pos=188 u32=0x000032c9 (13001) @parser.c:1788
[QTS:EMIT] pos=192 op=36 @parser.c:1799
[QTS:EMIT] pos=193 u16=0x0001 (1) @parser.c:1772
[QTS:EMIT] pos=195 op=14 @parser.c:1799
[QTS:EMIT] pos=196 op=7 @parser.c:1799
[QTS:EMIT] pos=197 op=200 @parser.c:1786
[QTS:EMIT] pos=198 u32=0x000032de (13022) @parser.c:1788
[QTS:EMIT] pos=202 op=114 @parser.c:1799
[QTS:EMIT] pos=203 op=112 @parser.c:1799
[QTS:EMIT] pos=204 u32=0x00000003 (3) @parser.c:1777
[QTS:EMIT] pos=208 op=40 @parser.c:1799
[QTS:SCOPE] leave: idx=7
[QTS:SCOPE] pop: level=7
[QTS:EMIT] pos=209 op=183 @parser.c:1799
[QTS:EMIT] pos=210 u16=0x0007 (7) @parser.c:1772
[QTS:SCOPE] leave: idx=6
[QTS:SCOPE] pop: level=6
[QTS:EMIT] pos=212 op=183 @parser.c:1799
[QTS:EMIT] pos=213 u16=0x0006 (6) @parser.c:1772
[QTS:SCOPE] leave: idx=5
[QTS:SCOPE] pop: level=5
[QTS:EMIT] pos=215 op=183 @parser.c:1799
[QTS:EMIT] pos=216 u16=0x0005 (5) @parser.c:1772
[QTS:EMIT] pos=218 op=14 @parser.c:1799
[QTS:EMIT] pos=219 op=6 @parser.c:1799
[QTS:EMIT] pos=220 op=112 @parser.c:1799
[QTS:EMIT] pos=221 u32=0x00000003 (3) @parser.c:1777
[QTS:EMIT] pos=225 op=14 @parser.c:1799
[QTS:EMIT] pos=226 op=110 @parser.c:1799
[QTS:EMIT] pos=227 u32=0x00000004 (4) @parser.c:1777
[QTS:EMIT] pos=231 op=184 @parser.c:1799
[QTS:EMIT] pos=232 u32=0x00000002 (2) @parser.c:1777
[QTS:EMIT] pos=236 op=112 @parser.c:1799
[QTS:EMIT] pos=237 u32=0x00000003 (3) @parser.c:1777
[QTS:EMIT] pos=241 op=48 @parser.c:1799
[QTS:EMIT] pos=242 op=184 @parser.c:1799
[QTS:EMIT] pos=243 u32=0x00000003 (3) @parser.c:1777
[QTS:EMIT] pos=247 op=113 @parser.c:1799
[QTS:EMIT] pos=248 op=184 @parser.c:1799
[QTS:EMIT] pos=249 u32=0x00000004 (4) @parser.c:1777
[QTS:EMIT] pos=253 op=200 @parser.c:1786
[QTS:EMIT] pos=254 u32=0x0000330c (13068) @parser.c:1788
[QTS:EMIT] pos=258 op=186 @parser.c:1799
[QTS:EMIT] pos=259 u32=0x00000229 (553) @parser.c:1777
[QTS:EMIT] pos=263 u16=0x0003 (3) @parser.c:1772
[QTS:EMIT] pos=265 op=200 @parser.c:1786
[QTS:EMIT] pos=266 u32=0x00003305 (13061) @parser.c:1788
[QTS:EMIT] pos=270 op=40 @parser.c:1799
[QTS:SCOPE] leave: idx=3
[QTS:SCOPE] pop: level=3
[QTS:EMIT] pos=271 op=183 @parser.c:1799
[QTS:EMIT] pos=272 u16=0x0003 (3) @parser.c:1772
[QTS:EMIT] pos=274 op=184 @parser.c:1799
[QTS:EMIT] pos=275 u32=0x00000000 (0) @parser.c:1777
[QTS:SCOPE] leave: idx=2
[QTS:SCOPE] pop: level=2
[QTS:EMIT] pos=279 op=183 @parser.c:1799
[QTS:EMIT] pos=280 u16=0x0002 (2) @parser.c:1772
[QTS:EMIT] pos=282 op=200 @parser.c:1786
[QTS:EMIT] pos=283 u32=0x00003330 (13104) @parser.c:1788
[QTS:EMIT] pos=287 op=186 @parser.c:1799
[QTS:EMIT] pos=288 u32=0x000001ff (511) @parser.c:1777
[QTS:EMIT] pos=292 u16=0x0001 (1) @parser.c:1772
[QTS:EMIT] pos=294 op=200 @parser.c:1786
[QTS:EMIT] pos=295 u32=0x00003335 (13109) @parser.c:1788
[QTS:EMIT] pos=299 op=66 @parser.c:1799
[QTS:EMIT] pos=300 atom=534 @parser.c:1807
[QTS:EMIT] pos=304 op=200 @parser.c:1786
[QTS:EMIT] pos=305 u32=0x00003342 (13122) @parser.c:1788
[QTS:EMIT] pos=309 op=36 @parser.c:1799
[QTS:EMIT] pos=310 u16=0x0000 (0) @parser.c:1772
[QTS:EMIT] pos=312 op=14 @parser.c:1799
[QTS:EMIT] pos=313 op=7 @parser.c:1799
[QTS:EMIT] pos=314 op=200 @parser.c:1786
[QTS:EMIT] pos=315 u32=0x0000334e (13134) @parser.c:1788
[QTS:EMIT] pos=319 op=40 @parser.c:1799
[QTS:SCOPE] push: level=1 first_var=-1
[QTS:SCOPE] enter: idx=1 is_body=0
[QTS:EMIT] pos=0 op=182 @parser.c:1799
[QTS:EMIT] pos=1 u16=0x0001 (1) @parser.c:1772
[QTS:EMIT] pos=3 op=111 @parser.c:1799
[QTS:EMIT] pos=4 u32=0x00000000 (0) @parser.c:1777
[QTS:SCOPE] push: level=2 first_var=-1
[QTS:SCOPE] enter: idx=2 is_body=0
[QTS:EMIT] pos=8 op=182 @parser.c:1799
[QTS:EMIT] pos=9 u16=0x0002 (2) @parser.c:1772
[QTS:EMIT] pos=11 op=200 @parser.c:1786
[QTS:EMIT] pos=12 u32=0x0000339d (13213) @parser.c:1788
[QTS:EMIT] pos=16 op=186 @parser.c:1799
[QTS:EMIT] pos=17 u32=0x00000220 (544) @parser.c:1777
[QTS:EMIT] pos=21 u16=0x0002 (2) @parser.c:1772
[QTS:EMIT] pos=16 op=189 @parser.c:1799
[QTS:EMIT] pos=17 atom=544 @parser.c:1807
[QTS:EMIT] pos=21 u32=0x00000004 (4) @parser.c:1777
[QTS:EMIT] pos=25 u16=0x0002 (2) @parser.c:1772
[QTS:ASSIGN] lvalue: opcode=61 scope=2 atom=544 label=4
[QTS:EMIT] pos=27 op=200 @parser.c:1786
[QTS:EMIT] pos=28 u32=0x000033a4 (13220) @parser.c:1788
[QTS:EMIT] pos=32 op=186 @parser.c:1799
[QTS:EMIT] pos=33 u32=0x000001ff (511) @parser.c:1777
[QTS:EMIT] pos=37 u16=0x0002 (2) @parser.c:1772
[QTS:EMIT] pos=39 op=200 @parser.c:1786
[QTS:EMIT] pos=40 u32=0x000033a9 (13225) @parser.c:1788
[QTS:EMIT] pos=44 op=66 @parser.c:1799
[QTS:EMIT] pos=45 atom=543 @parser.c:1807
[QTS:EMIT] pos=49 op=200 @parser.c:1786
[QTS:EMIT] pos=50 u32=0x000033bd (13245) @parser.c:1788
[QTS:EMIT] pos=54 op=186 @parser.c:1799
[QTS:EMIT] pos=55 u32=0x000001ff (511) @parser.c:1777
[QTS:EMIT] pos=59 u16=0x0002 (2) @parser.c:1772
[QTS:EMIT] pos=61 op=200 @parser.c:1786
[QTS:EMIT] pos=62 u32=0x000033c2 (13250) @parser.c:1788
[QTS:EMIT] pos=66 op=66 @parser.c:1799
[QTS:EMIT] pos=67 atom=494 @parser.c:1807
[QTS:EMIT] pos=71 op=200 @parser.c:1786
[QTS:EMIT] pos=72 u32=0x000033ce (13262) @parser.c:1788
[QTS:EMIT] pos=76 op=186 @parser.c:1799
[QTS:EMIT] pos=77 u32=0x00000059 (89) @parser.c:1777
[QTS:EMIT] pos=81 u16=0x0002 (2) @parser.c:1772
[QTS:EMIT] pos=83 op=200 @parser.c:1786
[QTS:EMIT] pos=84 u32=0x000033cd (13261) @parser.c:1788
[QTS:EMIT] pos=88 op=72 @parser.c:1799
[QTS:EMIT] pos=89 op=200 @parser.c:1786
[QTS:EMIT] pos=90 u32=0x000033d6 (13270) @parser.c:1788
[QTS:EMIT] pos=94 op=186 @parser.c:1799
[QTS:EMIT] pos=95 u32=0x00000220 (544) @parser.c:1777
[QTS:EMIT] pos=99 u16=0x0002 (2) @parser.c:1772
[QTS:EMIT] pos=101 op=200 @parser.c:1786
[QTS:EMIT] pos=102 u32=0x000033bc (13244) @parser.c:1788
[QTS:EMIT] pos=106 op=36 @parser.c:1799
[QTS:EMIT] pos=107 u16=0x0002 (2) @parser.c:1772
[QTS:EMIT] pos=109 op=184 @parser.c:1799
[QTS:EMIT] pos=110 u32=0x00000004 (4) @parser.c:1777
[QTS:EMIT] pos=114 op=22 @parser.c:1799
[QTS:EMIT] pos=115 op=62 @parser.c:1799
[QTS:EMIT] pos=116 op=14 @parser.c:1799
[QTS:SCOPE] leave: idx=2
[QTS:SCOPE] pop: level=2
[QTS:EMIT] pos=117 op=183 @parser.c:1799
[QTS:EMIT] pos=118 u16=0x0002 (2) @parser.c:1772
[QTS:EMIT] pos=120 op=14 @parser.c:1799
[QTS:EMIT] pos=121 op=6 @parser.c:1799
[QTS:EMIT] pos=122 op=112 @parser.c:1799
[QTS:EMIT] pos=123 u32=0x00000002 (2) @parser.c:1777
[QTS:EMIT] pos=127 op=14 @parser.c:1799
[QTS:EMIT] pos=128 op=110 @parser.c:1799
[QTS:EMIT] pos=129 u32=0x00000003 (3) @parser.c:1777
[QTS:SCOPE] push: level=3 first_var=-1
[QTS:SCOPE] enter: idx=3 is_body=0
[QTS:EMIT] pos=133 op=182 @parser.c:1799
[QTS:EMIT] pos=134 u16=0x0003 (3) @parser.c:1772
[QTS:EMIT] pos=136 op=184 @parser.c:1799
[QTS:EMIT] pos=137 u32=0x00000000 (0) @parser.c:1777
[QTS:EMIT] pos=141 op=187 @parser.c:1799
[QTS:EMIT] pos=142 u32=0x00000228 (552) @parser.c:1777
[QTS:EMIT] pos=146 u16=0x0003 (3) @parser.c:1772
[QTS:EMIT] pos=148 op=111 @parser.c:1799
[QTS:EMIT] pos=149 u32=0x00000001 (1) @parser.c:1777
[QTS:SCOPE] push: level=4 first_var=0
[QTS:SCOPE] enter: idx=4 is_body=0
[QTS:EMIT] pos=153 op=182 @parser.c:1799
[QTS:EMIT] pos=154 u16=0x0004 (4) @parser.c:1772
[QTS:SCOPE] push: level=5 first_var=0
[QTS:SCOPE] enter: idx=5 is_body=0
[QTS:EMIT] pos=156 op=182 @parser.c:1799
[QTS:EMIT] pos=157 u16=0x0005 (5) @parser.c:1772
[QTS:EMIT] pos=159 op=200 @parser.c:1786
[QTS:EMIT] pos=160 u32=0x00003407 (13319) @parser.c:1788
[QTS:EMIT] pos=164 op=186 @parser.c:1799
[QTS:EMIT] pos=165 u32=0x000001ff (511) @parser.c:1777
[QTS:EMIT] pos=169 u16=0x0005 (5) @parser.c:1772
[QTS:EMIT] pos=171 op=200 @parser.c:1786
[QTS:EMIT] pos=172 u32=0x0000340c (13324) @parser.c:1788
[QTS:EMIT] pos=176 op=66 @parser.c:1799
[QTS:EMIT] pos=177 atom=541 @parser.c:1807
[QTS:EMIT] pos=181 op=200 @parser.c:1786
[QTS:EMIT] pos=182 u32=0x00003419 (13337) @parser.c:1788
[QTS:EMIT] pos=186 op=186 @parser.c:1799
[QTS:EMIT] pos=187 u32=0x00000228 (552) @parser.c:1777
[QTS:EMIT] pos=191 u16=0x0005 (5) @parser.c:1772
[QTS:EMIT] pos=193 op=200 @parser.c:1786
[QTS:EMIT] pos=194 u32=0x00003418 (13336) @parser.c:1788
[QTS:EMIT] pos=198 op=36 @parser.c:1799
[QTS:EMIT] pos=199 u16=0x0001 (1) @parser.c:1772
[QTS:EMIT] pos=201 op=14 @parser.c:1799
[QTS:EMIT] pos=202 op=7 @parser.c:1799
[QTS:EMIT] pos=203 op=200 @parser.c:1786
[QTS:EMIT] pos=204 u32=0x00003429 (13353) @parser.c:1788
[QTS:EMIT] pos=208 op=114 @parser.c:1799
[QTS:EMIT] pos=209 op=112 @parser.c:1799
[QTS:EMIT] pos=210 u32=0x00000002 (2) @parser.c:1777
[QTS:EMIT] pos=214 op=40 @parser.c:1799
[QTS:SCOPE] leave: idx=5
[QTS:SCOPE] pop: level=5
[QTS:EMIT] pos=215 op=183 @parser.c:1799
[QTS:EMIT] pos=216 u16=0x0005 (5) @parser.c:1772
[QTS:SCOPE] leave: idx=4
[QTS:SCOPE] pop: level=4
[QTS:EMIT] pos=218 op=183 @parser.c:1799
[QTS:EMIT] pos=219 u16=0x0004 (4) @parser.c:1772
[QTS:SCOPE] leave: idx=3
[QTS:SCOPE] pop: level=3
[QTS:EMIT] pos=221 op=183 @parser.c:1799
[QTS:EMIT] pos=222 u16=0x0003 (3) @parser.c:1772
[QTS:EMIT] pos=224 op=14 @parser.c:1799
[QTS:EMIT] pos=225 op=6 @parser.c:1799
[QTS:EMIT] pos=226 op=112 @parser.c:1799
[QTS:EMIT] pos=227 u32=0x00000002 (2) @parser.c:1777
[QTS:EMIT] pos=231 op=14 @parser.c:1799
[QTS:EMIT] pos=232 op=110 @parser.c:1799
[QTS:EMIT] pos=233 u32=0x00000003 (3) @parser.c:1777
[QTS:EMIT] pos=237 op=184 @parser.c:1799
[QTS:EMIT] pos=238 u32=0x00000001 (1) @parser.c:1777
[QTS:EMIT] pos=242 op=112 @parser.c:1799
[QTS:EMIT] pos=243 u32=0x00000002 (2) @parser.c:1777
[QTS:EMIT] pos=247 op=48 @parser.c:1799
[QTS:EMIT] pos=248 op=184 @parser.c:1799
[QTS:EMIT] pos=249 u32=0x00000002 (2) @parser.c:1777
[QTS:EMIT] pos=253 op=113 @parser.c:1799
[QTS:EMIT] pos=254 op=184 @parser.c:1799
[QTS:EMIT] pos=255 u32=0x00000003 (3) @parser.c:1777
[QTS:EMIT] pos=259 op=200 @parser.c:1786
[QTS:EMIT] pos=260 u32=0x0000348c (13452) @parser.c:1788
[QTS:EMIT] pos=264 op=186 @parser.c:1799
[QTS:EMIT] pos=265 u32=0x00000220 (544) @parser.c:1777
[QTS:EMIT] pos=269 u16=0x0001 (1) @parser.c:1772
[QTS:EMIT] pos=271 op=7 @parser.c:1799
[QTS:EMIT] pos=272 op=200 @parser.c:1786
[QTS:EMIT] pos=273 u32=0x00003491 (13457) @parser.c:1788
[QTS:EMIT] pos=277 op=171 @parser.c:1799
[QTS:EMIT] pos=278 op=108 @parser.c:1799
[QTS:EMIT] pos=279 u32=0x00000005 (5) @parser.c:1777
[QTS:EMIT] pos=283 op=200 @parser.c:1786
[QTS:EMIT] pos=284 u32=0x0000349c (13468) @parser.c:1788
[QTS:EMIT] pos=288 op=186 @parser.c:1799
[QTS:EMIT] pos=289 u32=0x0000022a (554) @parser.c:1777
[QTS:EMIT] pos=293 u16=0x0001 (1) @parser.c:1772
[QTS:EMIT] pos=295 op=110 @parser.c:1799
[QTS:EMIT] pos=296 u32=0x00000006 (6) @parser.c:1777
[QTS:EMIT] pos=300 op=184 @parser.c:1799
[QTS:EMIT] pos=301 u32=0x00000005 (5) @parser.c:1777
[QTS:EMIT] pos=305 op=200 @parser.c:1786
[QTS:EMIT] pos=306 u32=0x000034ae (13486) @parser.c:1788
[QTS:EMIT] pos=310 op=186 @parser.c:1799
[QTS:EMIT] pos=311 u32=0x00000229 (553) @parser.c:1777
[QTS:EMIT] pos=315 u16=0x0001 (1) @parser.c:1772
[QTS:EMIT] pos=317 op=200 @parser.c:1786
[QTS:EMIT] pos=318 u32=0x000034be (13502) @parser.c:1788
[QTS:EMIT] pos=322 op=34 @parser.c:1799
[QTS:EMIT] pos=323 u16=0x0000 (0) @parser.c:1772
[QTS:EMIT] pos=325 op=184 @parser.c:1799
[QTS:EMIT] pos=326 u32=0x00000006 (6) @parser.c:1777
[QTS:EMIT] pos=330 op=200 @parser.c:1786
[QTS:EMIT] pos=331 u32=0x00003484 (13444) @parser.c:1788
[QTS:EMIT] pos=335 op=40 @parser.c:1799
[QTS:SCOPE] push: level=1 first_var=-1
[QTS:SCOPE] enter: idx=1 is_body=0
[QTS:EMIT] pos=0 op=182 @parser.c:1799
[QTS:EMIT] pos=1 u16=0x0001 (1) @parser.c:1772
[QTS:EMIT] pos=3 op=111 @parser.c:1799
[QTS:EMIT] pos=4 u32=0x00000000 (0) @parser.c:1777
[QTS:SCOPE] push: level=2 first_var=-1
[QTS:SCOPE] enter: idx=2 is_body=0
[QTS:EMIT] pos=8 op=182 @parser.c:1799
[QTS:EMIT] pos=9 u16=0x0002 (2) @parser.c:1772
[QTS:EMIT] pos=11 op=200 @parser.c:1786
[QTS:EMIT] pos=12 u32=0x00003503 (13571) @parser.c:1788
[QTS:EMIT] pos=16 op=186 @parser.c:1799
[QTS:EMIT] pos=17 u32=0x000001ff (511) @parser.c:1777
[QTS:EMIT] pos=21 u16=0x0002 (2) @parser.c:1772
[QTS:EMIT] pos=23 op=200 @parser.c:1786
[QTS:EMIT] pos=24 u32=0x00003508 (13576) @parser.c:1788
[QTS:EMIT] pos=28 op=66 @parser.c:1799
[QTS:EMIT] pos=29 atom=494 @parser.c:1807
[QTS:EMIT] pos=33 op=200 @parser.c:1786
[QTS:EMIT] pos=34 u32=0x00003514 (13588) @parser.c:1788
[QTS:EMIT] pos=38 op=186 @parser.c:1799
[QTS:EMIT] pos=39 u32=0x00000059 (89) @parser.c:1777
[QTS:EMIT] pos=43 u16=0x0002 (2) @parser.c:1772
[QTS:EMIT] pos=38 op=189 @parser.c:1799
[QTS:EMIT] pos=39 atom=89 @parser.c:1807
[QTS:EMIT] pos=43 u32=0x00000004 (4) @parser.c:1777
[QTS:EMIT] pos=47 u16=0x0002 (2) @parser.c:1772
[QTS:EMIT] pos=49 op=61 @parser.c:1799
[QTS:EMIT] pos=50 op=200 @parser.c:1786
[QTS:EMIT] pos=51 u32=0x00003519 (13593) @parser.c:1788
[QTS:EMIT] pos=55 op=147 @parser.c:1799
[QTS:EMIT] pos=56 op=184 @parser.c:1799
[QTS:EMIT] pos=57 u32=0x00000004 (4) @parser.c:1777
[QTS:EMIT] pos=61 op=25 @parser.c:1799
[QTS:EMIT] pos=62 op=62 @parser.c:1799
[QTS:EMIT] pos=63 op=200 @parser.c:1786
[QTS:EMIT] pos=64 u32=0x00003513 (13587) @parser.c:1788
[QTS:EMIT] pos=68 op=72 @parser.c:1799
[QTS:EMIT] pos=69 op=200 @parser.c:1786
[QTS:EMIT] pos=70 u32=0x0000351c (13596) @parser.c:1788
[QTS:EMIT] pos=74 op=66 @parser.c:1799
[QTS:EMIT] pos=75 atom=487 @parser.c:1807
[QTS:EMIT] pos=79 op=200 @parser.c:1786
[QTS:EMIT] pos=80 u32=0x00003525 (13605) @parser.c:1788
[QTS:EMIT] pos=84 op=36 @parser.c:1799
[QTS:EMIT] pos=85 u16=0x0000 (0) @parser.c:1772
[QTS:EMIT] pos=87 op=14 @parser.c:1799
[QTS:SCOPE] leave: idx=2
[QTS:SCOPE] pop: level=2
[QTS:EMIT] pos=88 op=183 @parser.c:1799
[QTS:EMIT] pos=89 u16=0x0002 (2) @parser.c:1772
[QTS:EMIT] pos=91 op=14 @parser.c:1799
[QTS:EMIT] pos=92 op=6 @parser.c:1799
[QTS:EMIT] pos=93 op=112 @parser.c:1799
[QTS:EMIT] pos=94 u32=0x00000002 (2) @parser.c:1777
[QTS:EMIT] pos=98 op=14 @parser.c:1799
[QTS:EMIT] pos=99 op=110 @parser.c:1799
[QTS:EMIT] pos=100 u32=0x00000003 (3) @parser.c:1777
[QTS:SCOPE] push: level=3 first_var=-1
[QTS:SCOPE] enter: idx=3 is_body=0
[QTS:EMIT] pos=104 op=182 @parser.c:1799
[QTS:EMIT] pos=105 u16=0x0003 (3) @parser.c:1772
[QTS:EMIT] pos=107 op=184 @parser.c:1799
[QTS:EMIT] pos=108 u32=0x00000000 (0) @parser.c:1777
[QTS:EMIT] pos=112 op=187 @parser.c:1799
[QTS:EMIT] pos=113 u32=0x00000228 (552) @parser.c:1777
[QTS:EMIT] pos=117 u16=0x0003 (3) @parser.c:1772
[QTS:EMIT] pos=119 op=111 @parser.c:1799
[QTS:EMIT] pos=120 u32=0x00000001 (1) @parser.c:1777
[QTS:SCOPE] push: level=4 first_var=0
[QTS:SCOPE] enter: idx=4 is_body=0
[QTS:EMIT] pos=124 op=182 @parser.c:1799
[QTS:EMIT] pos=125 u16=0x0004 (4) @parser.c:1772
[QTS:SCOPE] push: level=5 first_var=0
[QTS:SCOPE] enter: idx=5 is_body=0
[QTS:EMIT] pos=127 op=182 @parser.c:1799
[QTS:EMIT] pos=128 u16=0x0005 (5) @parser.c:1772
[QTS:EMIT] pos=130 op=200 @parser.c:1786
[QTS:EMIT] pos=131 u32=0x00003553 (13651) @parser.c:1788
[QTS:EMIT] pos=135 op=186 @parser.c:1799
[QTS:EMIT] pos=136 u32=0x000001ff (511) @parser.c:1777
[QTS:EMIT] pos=140 u16=0x0005 (5) @parser.c:1772
[QTS:EMIT] pos=142 op=200 @parser.c:1786
[QTS:EMIT] pos=143 u32=0x00003558 (13656) @parser.c:1788
[QTS:EMIT] pos=147 op=66 @parser.c:1799
[QTS:EMIT] pos=148 atom=541 @parser.c:1807
[QTS:EMIT] pos=152 op=200 @parser.c:1786
[QTS:EMIT] pos=153 u32=0x00003565 (13669) @parser.c:1788
[QTS:EMIT] pos=157 op=186 @parser.c:1799
[QTS:EMIT] pos=158 u32=0x00000228 (552) @parser.c:1777
[QTS:EMIT] pos=162 u16=0x0005 (5) @parser.c:1772
[QTS:EMIT] pos=164 op=200 @parser.c:1786
[QTS:EMIT] pos=165 u32=0x00003564 (13668) @parser.c:1788
[QTS:EMIT] pos=169 op=36 @parser.c:1799
[QTS:EMIT] pos=170 u16=0x0001 (1) @parser.c:1772
[QTS:EMIT] pos=172 op=14 @parser.c:1799
[QTS:EMIT] pos=173 op=7 @parser.c:1799
[QTS:EMIT] pos=174 op=200 @parser.c:1786
[QTS:EMIT] pos=175 u32=0x00003575 (13685) @parser.c:1788
[QTS:EMIT] pos=179 op=114 @parser.c:1799
[QTS:EMIT] pos=180 op=112 @parser.c:1799
[QTS:EMIT] pos=181 u32=0x00000002 (2) @parser.c:1777
[QTS:EMIT] pos=185 op=40 @parser.c:1799
[QTS:SCOPE] leave: idx=5
[QTS:SCOPE] pop: level=5
[QTS:EMIT] pos=186 op=183 @parser.c:1799
[QTS:EMIT] pos=187 u16=0x0005 (5) @parser.c:1772
[QTS:SCOPE] leave: idx=4
[QTS:SCOPE] pop: level=4
[QTS:EMIT] pos=189 op=183 @parser.c:1799
[QTS:EMIT] pos=190 u16=0x0004 (4) @parser.c:1772
[QTS:SCOPE] leave: idx=3
[QTS:SCOPE] pop: level=3
[QTS:EMIT] pos=192 op=183 @parser.c:1799
[QTS:EMIT] pos=193 u16=0x0003 (3) @parser.c:1772
[QTS:EMIT] pos=195 op=14 @parser.c:1799
[QTS:EMIT] pos=196 op=6 @parser.c:1799
[QTS:EMIT] pos=197 op=112 @parser.c:1799
[QTS:EMIT] pos=198 u32=0x00000002 (2) @parser.c:1777
[QTS:EMIT] pos=202 op=14 @parser.c:1799
[QTS:EMIT] pos=203 op=110 @parser.c:1799
[QTS:EMIT] pos=204 u32=0x00000003 (3) @parser.c:1777
[QTS:EMIT] pos=208 op=184 @parser.c:1799
[QTS:EMIT] pos=209 u32=0x00000001 (1) @parser.c:1777
[QTS:EMIT] pos=213 op=112 @parser.c:1799
[QTS:EMIT] pos=214 u32=0x00000002 (2) @parser.c:1777
[QTS:EMIT] pos=218 op=48 @parser.c:1799
[QTS:EMIT] pos=219 op=184 @parser.c:1799
[QTS:EMIT] pos=220 u32=0x00000002 (2) @parser.c:1777
[QTS:EMIT] pos=224 op=113 @parser.c:1799
[QTS:EMIT] pos=225 op=184 @parser.c:1799
[QTS:EMIT] pos=226 u32=0x00000003 (3) @parser.c:1777
[QTS:EMIT] pos=230 op=200 @parser.c:1786
[QTS:EMIT] pos=231 u32=0x0000359b (13723) @parser.c:1788
[QTS:EMIT] pos=235 op=186 @parser.c:1799
[QTS:EMIT] pos=236 u32=0x00000227 (551) @parser.c:1777
[QTS:EMIT] pos=240 u16=0x0001 (1) @parser.c:1772
[QTS:EMIT] pos=242 op=200 @parser.c:1786
[QTS:EMIT] pos=243 u32=0x00003594 (13716) @parser.c:1788
[QTS:EMIT] pos=247 op=40 @parser.c:1799
[QTS:EMIT] pos=157 op=200 @parser.c:1786
[QTS:EMIT] pos=158 u32=0x000035de (13790) @parser.c:1788
[QTS:EMIT] pos=162 op=186 @parser.c:1799
[QTS:EMIT] pos=163 u32=0x00000227 (551) @parser.c:1777
[QTS:EMIT] pos=167 u16=0x0001 (1) @parser.c:1772
[QTS:EMIT] pos=169 op=200 @parser.c:1786
[QTS:EMIT] pos=170 u32=0x000035ea (13802) @parser.c:1788
[QTS:EMIT] pos=174 op=34 @parser.c:1799
[QTS:EMIT] pos=175 u16=0x0000 (0) @parser.c:1772
[QTS:EMIT] pos=177 op=200 @parser.c:1786
[QTS:EMIT] pos=178 u32=0x000035d7 (13783) @parser.c:1788
[QTS:EMIT] pos=182 op=40 @parser.c:1799
[QTS:EMIT] pos=738 op=3 @parser.c:1799
[QTS:EMIT] pos=739 u32=0x00000013 (19) @parser.c:1777
[QTS:EMIT] pos=743 op=79 @parser.c:1799
[QTS:EMIT] pos=744 u32=0x00000000 (0) @parser.c:1777
[QTS:EMIT] pos=748 op=21 @parser.c:1799
[QTS:EMIT] pos=749 op=68 @parser.c:1799
[QTS:EMIT] pos=750 u32=0x000001fe (510) @parser.c:1777
[QTS:EMIT] pos=754 op=14 @parser.c:1799
[QTS:EMIT] pos=755 op=6 @parser.c:1799
[QTS:EMIT] pos=756 op=47 @parser.c:1799
[QTS:VAR] hoist: eval_type=0 module=0 globals=0 closures=0
[QTS:VAR] resolve: atom=472 scope=1 op=186
[QTS:VAR]   found: idx=0 is_arg=0
[QTS:VAR] resolve: atom=472 scope=1 op=186
[QTS:VAR]   found: idx=0 is_arg=0
[QTS:VAR] resolve: atom=472 scope=1 op=186
[QTS:VAR]   found: idx=0 is_arg=0
[QTS:VAR] resolve: atom=472 scope=1 op=186
[QTS:VAR]   found: idx=0 is_arg=0
[QTS:VAR] resolve: atom=472 scope=1 op=186
[QTS:VAR]   found: idx=0 is_arg=0
[QTS:VAR] resolve: atom=167 scope=1 op=186
[QTS:LABEL] begin: bc_len=156 label_count=1 jump_size=5 line_number_size=13 strip_debug=0
[QTS:LABEL] goto: opcode=109 label=0
[QTS:LABEL] goto: opcode=109 label=0
[QTS:LABEL] goto: opcode=109 label=0
[QTS:LABEL] goto: opcode=109 label=0
[QTS:LABEL] goto: opcode=109 label=0
[QTS:LABEL] emit: label=0 pos=63
[QTS:PC2LINE] begin: slots=13 source_pos=1736 @parser.c:10908
[QTS:PC2LINE] init: line=28 col=19 @parser.c:10915
[QTS:PC2LINE] end: pc2line_len=30 @parser.c:10960
[QTS:LABEL] end: out_len=61
[QTS:STACK] result: max_stack=2 var_count=0
[QTS:VAR] hoist: eval_type=0 module=0 globals=0 closures=0
[QTS:LABEL] begin: bc_len=1 label_count=0 jump_size=0 line_number_size=0 strip_debug=0
[QTS:PC2LINE] begin: slots=0 source_pos=2700 @parser.c:10908
[QTS:PC2LINE] init: line=49 col=33 @parser.c:10915
[QTS:PC2LINE] end: pc2line_len=2 @parser.c:10960
[QTS:LABEL] end: out_len=1
[QTS:STACK] result: max_stack=0 var_count=0
[QTS:VAR] hoist: eval_type=0 module=0 globals=0 closures=0
[QTS:LABEL] begin: bc_len=1 label_count=0 jump_size=0 line_number_size=0 strip_debug=0
[QTS:PC2LINE] begin: slots=0 source_pos=2759 @parser.c:10908
[QTS:PC2LINE] init: line=50 col=42 @parser.c:10915
[QTS:PC2LINE] end: pc2line_len=2 @parser.c:10960
[QTS:LABEL] end: out_len=1
[QTS:STACK] result: max_stack=0 var_count=0
[QTS:VAR] hoist: eval_type=0 module=0 globals=0 closures=0
[QTS:VAR] resolve: atom=8 scope=0 op=186
[QTS:VAR]   emit: op=186 idx=0
[QTS:VAR] resolve: atom=56 scope=1 op=186
[QTS:VAR]   emit: op=186 idx=536870912
[QTS:VAR] resolve: atom=8 scope=0 op=186
[QTS:VAR]   emit: op=186 idx=0
[QTS:VAR] resolve: atom=478 scope=1 op=186
[QTS:VAR]   emit: op=186 idx=536870913
[QTS:VAR] resolve: atom=8 scope=0 op=186
[QTS:VAR]   emit: op=186 idx=0
[QTS:VAR] resolve: atom=479 scope=1 op=186
[QTS:VAR]   emit: op=186 idx=536870914
[QTS:VAR] resolve: atom=8 scope=0 op=186
[QTS:VAR]   emit: op=186 idx=0
[QTS:VAR] resolve: atom=480 scope=1 op=186
[QTS:VAR]   emit: op=186 idx=536870915
[QTS:VAR] resolve: atom=8 scope=0 op=186
[QTS:VAR]   emit: op=186 idx=0
[QTS:VAR] resolve: atom=481 scope=1 op=186
[QTS:VAR]   emit: op=186 idx=536870916
[QTS:VAR] resolve: atom=8 scope=0 op=186
[QTS:VAR]   emit: op=186 idx=0
[QTS:VAR] resolve: atom=482 scope=1 op=186
[QTS:VAR]   emit: op=186 idx=536870917
[QTS:VAR] resolve: atom=482 scope=1 op=186
[QTS:VAR]   emit: op=186 idx=536870917
[QTS:VAR] resolve: atom=8 scope=0 op=186
[QTS:VAR]   emit: op=186 idx=0
[QTS:VAR] resolve: atom=483 scope=1 op=186
[QTS:VAR]   emit: op=186 idx=536870918
[QTS:VAR] resolve: atom=483 scope=1 op=186
[QTS:VAR]   emit: op=186 idx=536870918
[QTS:VAR] resolve: atom=8 scope=0 op=186
[QTS:VAR]   emit: op=186 idx=0
[QTS:VAR] resolve: atom=484 scope=1 op=186
[QTS:VAR]   emit: op=186 idx=536870919
[QTS:VAR] resolve: atom=484 scope=1 op=186
[QTS:VAR]   emit: op=186 idx=536870919
[QTS:VAR] resolve: atom=8 scope=0 op=186
[QTS:VAR]   emit: op=186 idx=0
[QTS:VAR] resolve: atom=485 scope=1 op=186
[QTS:VAR]   emit: op=186 idx=536870920
[QTS:VAR] resolve: atom=485 scope=1 op=186
[QTS:VAR]   emit: op=186 idx=536870920
[QTS:LABEL] begin: bc_len=381 label_count=8 jump_size=8 line_number_size=31 strip_debug=0
[QTS:LABEL] goto: opcode=108 label=0
[QTS:LABEL] goto: opcode=110 label=1
[QTS:LABEL] emit: label=0 pos=50
[QTS:LABEL] emit: label=1 pos=52
[QTS:LABEL] goto: opcode=108 label=2
[QTS:LABEL] goto: opcode=110 label=3
[QTS:LABEL] emit: label=2 pos=68
[QTS:LABEL] emit: label=3 pos=70
[QTS:LABEL] goto: opcode=108 label=4
[QTS:LABEL] goto: opcode=110 label=5
[QTS:LABEL] emit: label=4 pos=86
[QTS:LABEL] emit: label=5 pos=87
[QTS:LABEL] goto: opcode=108 label=6
[QTS:LABEL] goto: opcode=110 label=7
[QTS:LABEL] emit: label=6 pos=103
[QTS:LABEL] emit: label=7 pos=105
[QTS:PC2LINE] begin: slots=22 source_pos=2364 @parser.c:10908
[QTS:PC2LINE] init: line=43 col=7 @parser.c:10915
[QTS:PC2LINE] end: pc2line_len=46 @parser.c:10960
[QTS:LABEL] end: out_len=111
[QTS:STACK] result: max_stack=2 var_count=1
[QTS:VAR] hoist: eval_type=0 module=0 globals=0 closures=0
[QTS:VAR] resolve: atom=8 scope=0 op=186
[QTS:VAR]   emit: op=186 idx=0
[QTS:VAR] resolve: atom=489 scope=1 op=186
[QTS:VAR]   emit: op=186 idx=536870912
[QTS:VAR] resolve: atom=8 scope=0 op=186
[QTS:VAR]   emit: op=186 idx=0
[QTS:VAR] resolve: atom=490 scope=1 op=186
[QTS:VAR]   emit: op=186 idx=536870913
[QTS:VAR] resolve: atom=8 scope=0 op=186
[QTS:VAR]   emit: op=186 idx=0
[QTS:VAR] resolve: atom=491 scope=1 op=186
[QTS:VAR]   emit: op=186 idx=536870914
[QTS:LABEL] begin: bc_len=85 label_count=0 jump_size=0 line_number_size=9 strip_debug=0
[QTS:PC2LINE] begin: slots=6 source_pos=3151 @parser.c:10908
[QTS:PC2LINE] init: line=58 col=0 @parser.c:10915
[QTS:PC2LINE] end: pc2line_len=14 @parser.c:10960
[QTS:LABEL] end: out_len=24
[QTS:STACK] result: max_stack=2 var_count=1
[QTS:VAR] hoist: eval_type=0 module=0 globals=0 closures=0
[QTS:VAR] resolve: atom=8 scope=0 op=186
[QTS:VAR]   emit: op=186 idx=0
[QTS:LABEL] begin: bc_len=19 label_count=0 jump_size=0 line_number_size=2 strip_debug=0
[QTS:PC2LINE] begin: slots=2 source_pos=3412 @parser.c:10908
[QTS:PC2LINE] init: line=65 col=36 @parser.c:10915
[QTS:PC2LINE] end: pc2line_len=6 @parser.c:10960
[QTS:LABEL] end: out_len=9
[QTS:STACK] result: max_stack=1 var_count=1
[QTS:VAR] hoist: eval_type=0 module=0 globals=0 closures=0
[QTS:VAR] resolve: atom=8 scope=0 op=186
[QTS:VAR]   emit: op=186 idx=0
[QTS:VAR] resolve: atom=56 scope=1 op=186
[QTS:VAR]   emit: op=186 idx=536870912
[QTS:VAR] resolve: atom=8 scope=0 op=186
[QTS:VAR]   emit: op=186 idx=0
[QTS:VAR] resolve: atom=493 scope=1 op=186
[QTS:VAR]   emit: op=186 idx=536870913
[QTS:VAR] resolve: atom=8 scope=0 op=186
[QTS:VAR]   emit: op=186 idx=0
[QTS:VAR] resolve: atom=494 scope=1 op=186
[QTS:VAR]   emit: op=186 idx=536870914
[QTS:VAR] resolve: atom=492 scope=1 op=186
[QTS:VAR]   found: idx=0 is_arg=0
[QTS:VAR] resolve: atom=8 scope=0 op=186
[QTS:VAR]   emit: op=186 idx=0
[QTS:LABEL] begin: bc_len=125 label_count=0 jump_size=0 line_number_size=13 strip_debug=0
[QTS:PC2LINE] begin: slots=10 source_pos=3709 @parser.c:10908
[QTS:PC2LINE] init: line=72 col=7 @parser.c:10915
[QTS:PC2LINE] end: pc2line_len=22 @parser.c:10960
[QTS:LABEL] end: out_len=39
[QTS:STACK] result: max_stack=3 var_count=1
[QTS:VAR] hoist: eval_type=0 module=0 globals=0 closures=0
[QTS:VAR] resolve: atom=499 scope=1 op=186
[QTS:VAR]   emit: op=186 idx=536870912
[QTS:LABEL] begin: bc_len=25 label_count=0 jump_size=0 line_number_size=3 strip_debug=0
[QTS:PC2LINE] begin: slots=3 source_pos=4541 @parser.c:10908
[QTS:PC2LINE] init: line=92 col=12 @parser.c:10915
[QTS:PC2LINE] end: pc2line_len=8 @parser.c:10960
[QTS:LABEL] end: out_len=8
[QTS:STACK] result: max_stack=2 var_count=0
[QTS:VAR] hoist: eval_type=0 module=0 globals=0 closures=0
[QTS:VAR] resolve: atom=503 scope=1 op=189
[QTS:CLOSURE] capture: var_idx=0 var_name=503
[QTS:VAR]   found: idx=0 is_arg=0
[QTS:VAR] resolve: atom=503 scope=1 op=186
[QTS:CLOSURE] capture: var_idx=0 var_name=503
[QTS:VAR]   found: idx=0 is_arg=0
[QTS:VAR] resolve: atom=503 scope=1 op=186
[QTS:CLOSURE] capture: var_idx=0 var_name=503
[QTS:VAR]   found: idx=0 is_arg=0
[QTS:VAR] resolve: atom=503 scope=1 op=189
[QTS:CLOSURE] capture: var_idx=0 var_name=503
[QTS:VAR]   found: idx=0 is_arg=0
[QTS:VAR] resolve: atom=503 scope=1 op=186
[QTS:CLOSURE] capture: var_idx=0 var_name=503
[QTS:VAR]   found: idx=0 is_arg=0
[QTS:VAR] resolve: atom=503 scope=1 op=186
[QTS:CLOSURE] capture: var_idx=0 var_name=503
[QTS:VAR]   found: idx=0 is_arg=0
[QTS:VAR] resolve: atom=503 scope=1 op=189
[QTS:CLOSURE] capture: var_idx=0 var_name=503
[QTS:VAR]   found: idx=0 is_arg=0
[QTS:VAR] resolve: atom=503 scope=1 op=186
[QTS:CLOSURE] capture: var_idx=0 var_name=503
[QTS:VAR]   found: idx=0 is_arg=0
[QTS:VAR] resolve: atom=503 scope=1 op=186
[QTS:CLOSURE] capture: var_idx=0 var_name=503
[QTS:VAR]   found: idx=0 is_arg=0
[QTS:VAR] resolve: atom=503 scope=1 op=189
[QTS:CLOSURE] capture: var_idx=0 var_name=503
[QTS:VAR]   found: idx=0 is_arg=0
[QTS:VAR] resolve: atom=503 scope=1 op=186
[QTS:CLOSURE] capture: var_idx=0 var_name=503
[QTS:VAR]   found: idx=0 is_arg=0
[QTS:VAR] resolve: atom=503 scope=1 op=186
[QTS:CLOSURE] capture: var_idx=0 var_name=503
[QTS:VAR]   found: idx=0 is_arg=0
[QTS:VAR] resolve: atom=503 scope=1 op=189
[QTS:CLOSURE] capture: var_idx=0 var_name=503
[QTS:VAR]   found: idx=0 is_arg=0
[QTS:VAR] resolve: atom=503 scope=1 op=186
[QTS:CLOSURE] capture: var_idx=0 var_name=503
[QTS:VAR]   found: idx=0 is_arg=0
[QTS:VAR] resolve: atom=503 scope=1 op=186
[QTS:CLOSURE] capture: var_idx=0 var_name=503
[QTS:VAR]   found: idx=0 is_arg=0
[QTS:VAR] resolve: atom=503 scope=1 op=189
[QTS:CLOSURE] capture: var_idx=0 var_name=503
[QTS:VAR]   found: idx=0 is_arg=0
[QTS:VAR] resolve: atom=503 scope=1 op=186
[QTS:CLOSURE] capture: var_idx=0 var_name=503
[QTS:VAR]   found: idx=0 is_arg=0
[QTS:VAR] resolve: atom=503 scope=1 op=186
[QTS:CLOSURE] capture: var_idx=0 var_name=503
[QTS:VAR]   found: idx=0 is_arg=0
[QTS:VAR] resolve: atom=503 scope=1 op=186
[QTS:CLOSURE] capture: var_idx=0 var_name=503
[QTS:VAR]   found: idx=0 is_arg=0
[QTS:LABEL] begin: bc_len=426 label_count=6 jump_size=0 line_number_size=46 strip_debug=0
[QTS:PC2LINE] begin: slots=40 source_pos=4833 @parser.c:10908
[QTS:PC2LINE] init: line=100 col=15 @parser.c:10915
[QTS:PC2LINE] end: pc2line_len=82 @parser.c:10960
[QTS:LABEL] end: out_len=90
[QTS:STACK] result: max_stack=3 var_count=0
[QTS:VAR] hoist: eval_type=0 module=0 globals=0 closures=0
[QTS:VAR] resolve: atom=503 scope=1 op=187
[QTS:VAR]   emit: op=187 idx=0
[QTS:LABEL] begin: bc_len=19 label_count=0 jump_size=0 line_number_size=1 strip_debug=0
[QTS:PC2LINE] begin: slots=1 source_pos=4775 @parser.c:10908
[QTS:PC2LINE] init: line=98 col=19 @parser.c:10915
[QTS:PC2LINE] end: pc2line_len=4 @parser.c:10960
[QTS:LABEL] end: out_len=9
[QTS:STACK] result: max_stack=1 var_count=1
[QTS:VAR] hoist: eval_type=0 module=0 globals=0 closures=0
[QTS:VAR] resolve: atom=165 scope=1 op=186
[QTS:LABEL] begin: bc_len=36 label_count=0 jump_size=0 line_number_size=3 strip_debug=0
[QTS:PC2LINE] begin: slots=3 source_pos=4742 @parser.c:10908
[QTS:PC2LINE] init: line=97 col=26 @parser.c:10915
[QTS:PC2LINE] end: pc2line_len=10 @parser.c:10960
[QTS:LABEL] end: out_len=14
[QTS:STACK] result: max_stack=2 var_count=0
[QTS:VAR] hoist: eval_type=0 module=0 globals=0 closures=0
[QTS:VAR] resolve: atom=508 scope=1 op=186
[QTS:CLOSURE] capture: var_idx=0 var_name=508
[QTS:VAR]   found: idx=0 is_arg=0
[QTS:VAR] resolve: atom=89 scope=1 op=186
[QTS:CLOSURE] capture: var_idx=3 var_name=89
[QTS:VAR]   found: idx=1 is_arg=0
[QTS:VAR] resolve: atom=48 scope=1 op=186
[QTS:CLOSURE] capture: var_idx=2 var_name=48
[QTS:VAR]   found: idx=2 is_arg=0
[QTS:VAR] resolve: atom=508 scope=3 op=186
[QTS:CLOSURE] capture: var_idx=0 var_name=508
[QTS:VAR]   found: idx=0 is_arg=0
[QTS:VAR] resolve: atom=508 scope=4 op=189
[QTS:CLOSURE] capture: var_idx=0 var_name=508
[QTS:VAR]   found: idx=0 is_arg=0
[QTS:VAR] resolve: atom=508 scope=4 op=186
[QTS:CLOSURE] capture: var_idx=0 var_name=508
[QTS:VAR]   found: idx=0 is_arg=0
[QTS:VAR] resolve: atom=495 scope=5 op=186
[QTS:CLOSURE] capture: var_idx=1 var_name=495
[QTS:VAR]   found: idx=3 is_arg=0
[QTS:VAR] resolve: atom=89 scope=5 op=189
[QTS:CLOSURE] capture: var_idx=3 var_name=89
[QTS:VAR]   found: idx=1 is_arg=0
[QTS:VAR] resolve: atom=511 scope=5 op=187
[QTS:VAR]   emit: op=187 idx=0
[QTS:VAR] resolve: atom=505 scope=6 op=186
[QTS:CLOSURE] capture: var_idx=0 var_name=505
[QTS:VAR]   found: idx=4 is_arg=0
[QTS:VAR] resolve: atom=505 scope=6 op=186
[QTS:CLOSURE] capture: var_idx=0 var_name=505
[QTS:VAR]   found: idx=4 is_arg=0
[QTS:VAR] resolve: atom=511 scope=6 op=186
[QTS:VAR]   emit: op=186 idx=0
[QTS:VAR] resolve: atom=506 scope=7 op=186
[QTS:CLOSURE] capture: var_idx=1 var_name=506
[QTS:VAR]   found: idx=5 is_arg=0
[QTS:VAR] resolve: atom=511 scope=7 op=186
[QTS:VAR]   emit: op=186 idx=0
[QTS:VAR] resolve: atom=511 scope=8 op=186
[QTS:VAR]   emit: op=186 idx=0
[QTS:VAR] resolve: atom=505 scope=8 op=186
[QTS:CLOSURE] capture: var_idx=0 var_name=505
[QTS:VAR]   found: idx=4 is_arg=0
[QTS:VAR] resolve: atom=508 scope=9 op=189
[QTS:CLOSURE] capture: var_idx=0 var_name=508
[QTS:VAR]   found: idx=0 is_arg=0
[QTS:VAR] resolve: atom=511 scope=9 op=186
[QTS:VAR]   emit: op=186 idx=0
[QTS:VAR] resolve: atom=505 scope=9 op=186
[QTS:CLOSURE] capture: var_idx=0 var_name=505
[QTS:VAR]   found: idx=4 is_arg=0
[QTS:VAR] resolve: atom=508 scope=10 op=186
[QTS:CLOSURE] capture: var_idx=0 var_name=508
[QTS:VAR]   found: idx=0 is_arg=0
[QTS:VAR] resolve: atom=514 scope=10 op=185
[QTS:VAR] resolve: atom=514 scope=10 op=186
[QTS:VAR] resolve: atom=514 scope=11 op=186
[QTS:VAR] resolve: atom=510 scope=11 op=186
[QTS:CLOSURE] capture: var_idx=4 var_name=510
[QTS:VAR]   found: idx=6 is_arg=0
[QTS:VAR] resolve: atom=505 scope=12 op=186
[QTS:CLOSURE] capture: var_idx=0 var_name=505
[QTS:VAR]   found: idx=4 is_arg=0
[QTS:VAR] resolve: atom=492 scope=13 op=186
[QTS:VAR]   found: idx=7 is_arg=0
[QTS:VAR] resolve: atom=492 scope=13 op=186
[QTS:VAR]   found: idx=7 is_arg=0
[QTS:VAR] resolve: atom=517 scope=13 op=187
[QTS:VAR]   emit: op=187 idx=1
[QTS:VAR] resolve: atom=492 scope=13 op=186
[QTS:VAR]   found: idx=7 is_arg=0
[QTS:VAR] resolve: atom=517 scope=13 op=186
[QTS:VAR]   emit: op=186 idx=1
[QTS:VAR] resolve: atom=519 scope=13 op=187
[QTS:VAR]   emit: op=187 idx=2
[QTS:VAR] resolve: atom=505 scope=13 op=186
[QTS:CLOSURE] capture: var_idx=0 var_name=505
[QTS:VAR]   found: idx=4 is_arg=0
[QTS:VAR] resolve: atom=519 scope=13 op=186
[QTS:VAR]   emit: op=186 idx=2
[QTS:LABEL] begin: bc_len=665 label_count=14 jump_size=12 line_number_size=61 strip_debug=0
[QTS:LABEL] emit: label=0 pos=0
[QTS:LABEL] goto: opcode=109 label=2
[QTS:LABEL] emit: label=2 pos=8
[QTS:LABEL] goto: opcode=108 label=1
[QTS:LABEL] goto: opcode=108 label=3
[QTS:LABEL] goto: opcode=110 label=5
[QTS:LABEL] emit: label=3 pos=22
[QTS:LABEL] goto: opcode=108 label=7
[QTS:LABEL] emit: label=7 pos=56
[QTS:LABEL] goto: opcode=108 label=8
[QTS:LABEL] goto: opcode=110 label=9
[QTS:LABEL] emit: label=8 pos=92
[QTS:LABEL] emit: label=9 pos=105
[QTS:LABEL] emit: label=5 pos=105
[QTS:LABEL] goto: opcode=108 label=0
[QTS:LABEL] resolve: label=0 addr=0
[QTS:LABEL] typeof_test: pos=396 pos_next=397 line_num:6553->6560 atom=71 cmp_op=172
[QTS:LABEL] emit: label=11 pos=126
[QTS:LABEL] goto: opcode=108 label=0
[QTS:LABEL] resolve: label=0 addr=0
[QTS:LABEL] emit: label=12 pos=147
[QTS:LABEL] goto: opcode=110 label=0
[QTS:LABEL] resolve: label=0 addr=0
[QTS:LABEL] emit: label=1 pos=150
[QTS:LABEL] goto: opcode=108 label=13
[QTS:LABEL] emit: label=13 pos=212
[QTS:PC2LINE] begin: slots=59 source_pos=5952 @parser.c:10908
[QTS:PC2LINE] init: line=124 col=4 @parser.c:10915
[QTS:PC2LINE] end: pc2line_len=122 @parser.c:10960
[QTS:LABEL] end: out_len=209
[QTS:STACK] result: max_stack=4 var_count=3
[QTS:VAR] hoist: eval_type=0 module=0 globals=0 closures=1
[QTS:VAR] resolve: atom=492 scope=1 op=186
[QTS:VAR]   found: idx=0 is_arg=0
[QTS:VAR] resolve: atom=506 scope=1 op=189
[QTS:VAR]   emit: op=189 idx=536870913
[QTS:VAR] resolve: atom=506 scope=1 op=185
[QTS:VAR]   emit: op=185 idx=536870913
[QTS:VAR] resolve: atom=506 scope=1 op=186
[QTS:VAR]   emit: op=186 idx=536870913
[QTS:VAR] resolve: atom=508 scope=1 op=187
[QTS:VAR]   emit: op=187 idx=0
[QTS:VAR] resolve: atom=492 scope=1 op=186
[QTS:VAR]   found: idx=0 is_arg=0
[QTS:VAR] resolve: atom=495 scope=1 op=187
[QTS:VAR]   emit: op=187 idx=1
[QTS:VAR] resolve: atom=495 scope=1 op=186
[QTS:VAR]   emit: op=186 idx=1
[QTS:VAR] resolve: atom=48 scope=1 op=187
[QTS:VAR]   emit: op=187 idx=2
[QTS:VAR] resolve: atom=492 scope=1 op=186
[QTS:VAR]   found: idx=0 is_arg=0
[QTS:VAR] resolve: atom=89 scope=1 op=187
[QTS:VAR]   emit: op=187 idx=3
[QTS:VAR] resolve: atom=510 scope=1 op=186
[QTS:VAR]   emit: op=186 idx=4
[QTS:LABEL] begin: bc_len=187 label_count=3 jump_size=2 line_number_size=14 strip_debug=0
[QTS:LABEL] typeof_test: pos=44 pos_next=45 line_num:5742->5757 atom=71 cmp_op=173
[QTS:LABEL] goto: opcode=108 label=1
[QTS:LABEL] goto: opcode=110 label=2
[QTS:LABEL] emit: label=1 pos=22
[QTS:LABEL] emit: label=2 pos=23
[QTS:PC2LINE] begin: slots=13 source_pos=5647 @parser.c:10908
[QTS:PC2LINE] init: line=116 col=27 @parser.c:10915
[QTS:PC2LINE] end: pc2line_len=30 @parser.c:10960
[QTS:LABEL] end: out_len=50
[QTS:STACK] result: max_stack=2 var_count=5
[QTS:VAR] hoist: eval_type=0 module=0 globals=0 closures=0
[QTS:VAR] resolve: atom=522 scope=1 op=187
[QTS:VAR]   emit: op=187 idx=0
[QTS:VAR] resolve: atom=492 scope=1 op=186
[QTS:VAR]   found: idx=0 is_arg=0
[QTS:VAR] resolve: atom=495 scope=1 op=187
[QTS:VAR]   emit: op=187 idx=1
[QTS:VAR] resolve: atom=523 scope=2 op=187
[QTS:VAR]   emit: op=187 idx=2
[QTS:VAR] resolve: atom=523 scope=2 op=186
[QTS:VAR]   emit: op=186 idx=2
[QTS:VAR] resolve: atom=495 scope=2 op=186
[QTS:VAR]   emit: op=186 idx=1
[QTS:VAR] resolve: atom=522 scope=3 op=189
[QTS:VAR]   emit: op=189 idx=0
[QTS:VAR] resolve: atom=495 scope=3 op=186
[QTS:VAR]   emit: op=186 idx=1
[QTS:VAR] resolve: atom=523 scope=3 op=186
[QTS:VAR]   emit: op=186 idx=2
[QTS:VAR] resolve: atom=523 scope=2 op=189
[QTS:VAR]   emit: op=189 idx=2
[QTS:VAR] resolve: atom=522 scope=1 op=186
[QTS:VAR]   emit: op=186 idx=0
[QTS:LABEL] begin: bc_len=197 label_count=6 jump_size=3 line_number_size=17 strip_debug=0
[QTS:LABEL] emit: label=0 pos=11
[QTS:LABEL] goto: opcode=108 label=3
[QTS:LABEL] emit: label=2 pos=17
[QTS:LABEL] emit: label=1 pos=29
[QTS:LABEL] goto: opcode=110 label=0
[QTS:LABEL] resolve: label=0 addr=11
[QTS:LABEL] emit: label=3 pos=33
[QTS:PC2LINE] begin: slots=16 source_pos=7115 @parser.c:10908
[QTS:PC2LINE] init: line=156 col=33 @parser.c:10915
[QTS:PC2LINE] end: pc2line_len=35 @parser.c:10960
[QTS:LABEL] end: out_len=35
[QTS:STACK] result: max_stack=3 var_count=3
[QTS:VAR] hoist: eval_type=0 module=0 globals=0 closures=0
[QTS:VAR] resolve: atom=525 scope=1 op=187
[QTS:VAR]   emit: op=187 idx=0
[QTS:VAR] resolve: atom=523 scope=2 op=187
[QTS:VAR]   emit: op=187 idx=1
[QTS:VAR] resolve: atom=523 scope=2 op=186
[QTS:VAR]   emit: op=186 idx=1
[QTS:VAR] resolve: atom=524 scope=2 op=186
[QTS:VAR]   emit: op=186 idx=536870912
[QTS:VAR] resolve: atom=525 scope=3 op=189
[QTS:VAR]   emit: op=189 idx=0
[QTS:VAR] resolve: atom=165 scope=3 op=186
[QTS:VAR] resolve: atom=524 scope=3 op=186
[QTS:VAR]   emit: op=186 idx=536870912
[QTS:VAR] resolve: atom=523 scope=3 op=186
[QTS:VAR]   emit: op=186 idx=1
[QTS:VAR] resolve: atom=523 scope=2 op=189
[QTS:VAR]   emit: op=189 idx=1
[QTS:VAR] resolve: atom=165 scope=1 op=186
[QTS:VAR] resolve: atom=165 scope=1 op=186
[QTS:VAR] resolve: atom=525 scope=1 op=186
[QTS:VAR]   emit: op=186 idx=0
[QTS:VAR] resolve: atom=524 scope=1 op=186
[QTS:VAR]   emit: op=186 idx=536870912
[QTS:LABEL] begin: bc_len=256 label_count=6 jump_size=3 line_number_size=24 strip_debug=0
[QTS:LABEL] emit: label=0 pos=4
[QTS:LABEL] goto: opcode=108 label=3
[QTS:LABEL] emit: label=2 pos=10
[QTS:LABEL] emit: label=1 pos=29
[QTS:LABEL] goto: opcode=110 label=0
[QTS:LABEL] resolve: label=0 addr=4
[QTS:LABEL] emit: label=3 pos=33
[QTS:PC2LINE] begin: slots=22 source_pos=7393 @parser.c:10908
[QTS:PC2LINE] init: line=165 col=31 @parser.c:10915
[QTS:PC2LINE] end: pc2line_len=47 @parser.c:10960
[QTS:LABEL] end: out_len=60
[QTS:STACK] result: max_stack=5 var_count=2
[QTS:VAR] hoist: eval_type=0 module=0 globals=0 closures=0
[QTS:VAR] resolve: atom=525 scope=1 op=187
[QTS:VAR]   emit: op=187 idx=0
[QTS:VAR] resolve: atom=523 scope=2 op=187
[QTS:VAR]   emit: op=187 idx=1
[QTS:VAR] resolve: atom=523 scope=2 op=186
[QTS:VAR]   emit: op=186 idx=1
[QTS:VAR] resolve: atom=529 scope=2 op=186
[QTS:VAR]   emit: op=186 idx=536870912
[QTS:VAR] resolve: atom=525 scope=3 op=189
[QTS:VAR]   emit: op=189 idx=0
[QTS:VAR] resolve: atom=165 scope=3 op=186
[QTS:VAR] resolve: atom=529 scope=3 op=186
[QTS:VAR]   emit: op=186 idx=536870912
[QTS:VAR] resolve: atom=523 scope=3 op=186
[QTS:VAR]   emit: op=186 idx=1
[QTS:VAR] resolve: atom=523 scope=2 op=189
[QTS:VAR]   emit: op=189 idx=1
[QTS:VAR] resolve: atom=165 scope=1 op=186
[QTS:VAR] resolve: atom=165 scope=1 op=186
[QTS:VAR] resolve: atom=525 scope=1 op=186
[QTS:VAR]   emit: op=186 idx=0
[QTS:VAR] resolve: atom=529 scope=1 op=186
[QTS:VAR]   emit: op=186 idx=536870912
[QTS:LABEL] begin: bc_len=266 label_count=6 jump_size=3 line_number_size=25 strip_debug=0
[QTS:LABEL] emit: label=0 pos=4
[QTS:LABEL] goto: opcode=108 label=3
[QTS:LABEL] emit: label=2 pos=10
[QTS:LABEL] emit: label=1 pos=34
[QTS:LABEL] goto: opcode=110 label=0
[QTS:LABEL] resolve: label=0 addr=4
[QTS:LABEL] emit: label=3 pos=38
[QTS:PC2LINE] begin: slots=23 source_pos=7683 @parser.c:10908
[QTS:PC2LINE] init: line=173 col=35 @parser.c:10915
[QTS:PC2LINE] end: pc2line_len=49 @parser.c:10960
[QTS:LABEL] end: out_len=65
[QTS:STACK] result: max_stack=5 var_count=2
[QTS:VAR] hoist: eval_type=0 module=0 globals=0 closures=0
[QTS:VAR] resolve: atom=525 scope=1 op=187
[QTS:VAR]   emit: op=187 idx=0
[QTS:VAR] resolve: atom=531 scope=1 op=187
[QTS:VAR]   emit: op=187 idx=1
[QTS:VAR] resolve: atom=523 scope=2 op=187
[QTS:VAR]   emit: op=187 idx=2
[QTS:VAR] resolve: atom=523 scope=2 op=186
[QTS:VAR]   emit: op=186 idx=2
[QTS:VAR] resolve: atom=529 scope=2 op=186
[QTS:VAR]   emit: op=186 idx=536870912
[QTS:VAR] resolve: atom=529 scope=4 op=186
[QTS:VAR]   emit: op=186 idx=536870912
[QTS:VAR] resolve: atom=523 scope=4 op=186
[QTS:VAR]   emit: op=186 idx=2
[QTS:VAR] resolve: atom=525 scope=5 op=189
[QTS:VAR]   emit: op=189 idx=0
[QTS:VAR] resolve: atom=165 scope=5 op=186
[QTS:VAR] resolve: atom=529 scope=5 op=186
[QTS:VAR]   emit: op=186 idx=536870912
[QTS:VAR] resolve: atom=523 scope=5 op=186
[QTS:VAR]   emit: op=186 idx=2
[QTS:VAR] resolve: atom=531 scope=5 op=189
[QTS:VAR]   emit: op=189 idx=1
[QTS:VAR] resolve: atom=523 scope=2 op=189
[QTS:VAR]   emit: op=189 idx=2
[QTS:VAR] resolve: atom=531 scope=6 op=186
[QTS:VAR]   emit: op=186 idx=1
[QTS:VAR] resolve: atom=165 scope=7 op=186
[QTS:VAR] resolve: atom=165 scope=7 op=186
[QTS:VAR] resolve: atom=525 scope=7 op=186
[QTS:VAR]   emit: op=186 idx=0
[QTS:VAR] resolve: atom=529 scope=7 op=186
[QTS:VAR]   emit: op=186 idx=536870912
[QTS:LABEL] begin: bc_len=363 label_count=10 jump_size=5 line_number_size=33 strip_debug=0
[QTS:LABEL] emit: label=0 pos=6
[QTS:LABEL] goto: opcode=108 label=3
[QTS:LABEL] emit: label=2 pos=15
[QTS:LABEL] goto: opcode=108 label=5
[QTS:LABEL] emit: label=5 pos=53
[QTS:LABEL] emit: label=1 pos=53
[QTS:LABEL] goto: opcode=110 label=0
[QTS:LABEL] resolve: label=0 addr=6
[QTS:LABEL] emit: label=3 pos=57
[QTS:LABEL] goto: opcode=108 label=8
[QTS:LABEL] emit: label=8 pos=87
[QTS:PC2LINE] begin: slots=31 source_pos=7989 @parser.c:10908
[QTS:PC2LINE] init: line=181 col=38 @parser.c:10915
[QTS:PC2LINE] end: pc2line_len=69 @parser.c:10960
[QTS:LABEL] end: out_len=86
[QTS:STACK] result: max_stack=5 var_count=3
[QTS:VAR] hoist: eval_type=0 module=0 globals=0 closures=0
[QTS:VAR] resolve: atom=66 scope=2 op=186
[QTS:VAR]   emit: op=186 idx=536870912
[QTS:VAR] resolve: atom=66 scope=3 op=186
[QTS:VAR]   emit: op=186 idx=536870912
[QTS:VAR] resolve: atom=66 scope=4 op=186
[QTS:VAR]   emit: op=186 idx=536870912
[QTS:LABEL] begin: bc_len=103 label_count=2 jump_size=1 line_number_size=10 strip_debug=0
[QTS:LABEL] goto: opcode=108 label=0
[QTS:LABEL] emit: label=0 pos=16
[QTS:PC2LINE] begin: slots=8 source_pos=8511 @parser.c:10908
[QTS:PC2LINE] init: line=199 col=29 @parser.c:10915
[QTS:PC2LINE] end: pc2line_len=19 @parser.c:10960
[QTS:LABEL] end: out_len=26
[QTS:STACK] result: max_stack=3 var_count=0
[QTS:VAR] hoist: eval_type=0 module=0 globals=0 closures=0
[QTS:VAR] resolve: atom=8 scope=0 op=186
[QTS:VAR]   emit: op=186 idx=0
[QTS:VAR] resolve: atom=522 scope=1 op=186
[QTS:VAR]   emit: op=186 idx=536870912
[QTS:VAR] resolve: atom=8 scope=0 op=186
[QTS:VAR]   emit: op=186 idx=0
[QTS:VAR] resolve: atom=8 scope=0 op=186
[QTS:VAR]   emit: op=186 idx=0
[QTS:VAR] resolve: atom=522 scope=2 op=186
[QTS:VAR]   emit: op=186 idx=536870912
[QTS:LABEL] begin: bc_len=144 label_count=1 jump_size=1 line_number_size=14 strip_debug=0
[QTS:LABEL] goto: opcode=108 label=0
[QTS:LABEL] emit: label=0 pos=57
[QTS:PC2LINE] begin: slots=14 source_pos=8819 @parser.c:10908
[QTS:PC2LINE] init: line=209 col=38 @parser.c:10915
[QTS:PC2LINE] end: pc2line_len=31 @parser.c:10960
[QTS:LABEL] end: out_len=58
[QTS:STACK] result: max_stack=3 var_count=1
[QTS:VAR] hoist: eval_type=0 module=0 globals=0 closures=0
[QTS:VAR] resolve: atom=492 scope=1 op=186
[QTS:VAR]   found: idx=0 is_arg=0
[QTS:VAR] resolve: atom=8 scope=0 op=186
[QTS:VAR]   emit: op=186 idx=6
[QTS:VAR] resolve: atom=535 scope=1 op=187
[QTS:VAR]   emit: op=187 idx=0
[QTS:VAR] resolve: atom=8 scope=0 op=186
[QTS:VAR]   emit: op=186 idx=6
[QTS:VAR] resolve: atom=535 scope=1 op=186
[QTS:VAR]   emit: op=186 idx=0
[QTS:VAR] resolve: atom=517 scope=1 op=187
[QTS:VAR]   emit: op=187 idx=1
[QTS:VAR] resolve: atom=492 scope=1 op=186
[QTS:VAR]   found: idx=0 is_arg=0
[QTS:VAR] resolve: atom=517 scope=1 op=186
[QTS:VAR]   emit: op=186 idx=1
[QTS:VAR] resolve: atom=8 scope=0 op=186
[QTS:VAR]   emit: op=186 idx=6
[QTS:VAR] resolve: atom=492 scope=3 op=186
[QTS:VAR]   found: idx=0 is_arg=0
[QTS:VAR] resolve: atom=517 scope=3 op=186
[QTS:VAR]   emit: op=186 idx=1
[QTS:VAR] resolve: atom=519 scope=3 op=187
[QTS:VAR]   emit: op=187 idx=2
[QTS:VAR] resolve: atom=8 scope=0 op=186
[QTS:VAR]   emit: op=186 idx=6
[QTS:VAR] resolve: atom=8 scope=0 op=186
[QTS:VAR]   emit: op=186 idx=6
[QTS:VAR] resolve: atom=519 scope=3 op=186
[QTS:VAR]   emit: op=186 idx=2
[QTS:VAR] resolve: atom=8 scope=0 op=186
[QTS:VAR]   emit: op=186 idx=6
[QTS:VAR] resolve: atom=492 scope=5 op=186
[QTS:VAR]   found: idx=0 is_arg=0
[QTS:VAR] resolve: atom=8 scope=0 op=186
[QTS:VAR]   emit: op=186 idx=6
[QTS:VAR] resolve: atom=536 scope=5 op=187
[QTS:VAR]   emit: op=187 idx=3
[QTS:VAR] resolve: atom=536 scope=6 op=186
[QTS:VAR]   emit: op=186 idx=3
[QTS:VAR] resolve: atom=8 scope=0 op=186
[QTS:VAR]   emit: op=186 idx=6
[QTS:VAR] resolve: atom=536 scope=7 op=186
[QTS:VAR]   emit: op=186 idx=3
[QTS:VAR] resolve: atom=537 scope=7 op=187
[QTS:VAR]   emit: op=187 idx=4
[QTS:VAR] resolve: atom=492 scope=7 op=186
[QTS:VAR]   found: idx=0 is_arg=0
[QTS:VAR] resolve: atom=537 scope=7 op=186
[QTS:VAR]   emit: op=186 idx=4
[QTS:VAR] resolve: atom=8 scope=0 op=186
[QTS:VAR]   emit: op=186 idx=6
[QTS:VAR] resolve: atom=492 scope=9 op=186
[QTS:VAR]   found: idx=0 is_arg=0
[QTS:VAR] resolve: atom=537 scope=9 op=186
[QTS:VAR]   emit: op=186 idx=4
[QTS:VAR] resolve: atom=538 scope=9 op=187
[QTS:VAR]   emit: op=187 idx=5
[QTS:VAR] resolve: atom=8 scope=0 op=186
[QTS:VAR]   emit: op=186 idx=6
[QTS:VAR] resolve: atom=8 scope=0 op=186
[QTS:VAR]   emit: op=186 idx=6
[QTS:VAR] resolve: atom=538 scope=9 op=186
[QTS:VAR]   emit: op=186 idx=5
[QTS:LABEL] begin: bc_len=619 label_count=4 jump_size=4 line_number_size=58 strip_debug=0
[QTS:LABEL] goto: opcode=108 label=0
[QTS:LABEL] emit: label=0 pos=100
[QTS:LABEL] goto: opcode=108 label=1
[QTS:LABEL] goto: opcode=108 label=2
[QTS:LABEL] goto: opcode=108 label=3
[QTS:LABEL] emit: label=3 pos=230
[QTS:LABEL] emit: label=2 pos=230
[QTS:LABEL] emit: label=1 pos=230
[QTS:PC2LINE] begin: slots=58 source_pos=9134 @parser.c:10908
[QTS:PC2LINE] init: line=216 col=40 @parser.c:10915
[QTS:PC2LINE] end: pc2line_len=119 @parser.c:10960
[QTS:LABEL] end: out_len=225
[QTS:STACK] result: max_stack=4 var_count=7
[QTS:VAR] hoist: eval_type=0 module=0 globals=0 closures=0
[QTS:VAR] resolve: atom=492 scope=1 op=186
[QTS:VAR]   found: idx=0 is_arg=0
[QTS:VAR] resolve: atom=505 scope=2 op=186
[QTS:VAR]   emit: op=186 idx=536870912
[QTS:VAR] resolve: atom=505 scope=3 op=186
[QTS:VAR]   emit: op=186 idx=536870912
[QTS:VAR] resolve: atom=8 scope=0 op=186
[QTS:VAR]   emit: op=186 idx=0
[QTS:LABEL] begin: bc_len=116 label_count=1 jump_size=1 line_number_size=10 strip_debug=0
[QTS:LABEL] goto: opcode=108 label=0
[QTS:LABEL] emit: label=0 pos=47
[QTS:PC2LINE] begin: slots=10 source_pos=10008 @parser.c:10908
[QTS:PC2LINE] init: line=236 col=41 @parser.c:10915
[QTS:PC2LINE] end: pc2line_len=23 @parser.c:10960
[QTS:LABEL] end: out_len=48
[QTS:STACK] result: max_stack=4 var_count=1
[QTS:VAR] hoist: eval_type=0 module=0 globals=0 closures=0
[QTS:VAR] resolve: atom=8 scope=0 op=186
[QTS:VAR]   emit: op=186 idx=0
[QTS:VAR] resolve: atom=8 scope=0 op=186
[QTS:VAR]   emit: op=186 idx=0
[QTS:VAR] resolve: atom=8 scope=0 op=186
[QTS:VAR]   emit: op=186 idx=0
[QTS:VAR] resolve: atom=542 scope=3 op=186
[QTS:VAR]   emit: op=186 idx=536870912
[QTS:VAR] resolve: atom=8 scope=0 op=186
[QTS:VAR]   emit: op=186 idx=0
[QTS:VAR] resolve: atom=8 scope=0 op=186
[QTS:VAR]   emit: op=186 idx=0
[QTS:VAR] resolve: atom=8 scope=0 op=186
[QTS:VAR]   emit: op=186 idx=0
[QTS:LABEL] begin: bc_len=175 label_count=2 jump_size=2 line_number_size=15 strip_debug=0
[QTS:LABEL] goto: opcode=108 label=0
[QTS:LABEL] emit: label=0 pos=37
[QTS:LABEL] goto: opcode=108 label=1
[QTS:LABEL] emit: label=1 pos=71
[QTS:PC2LINE] begin: slots=15 source_pos=10296 @parser.c:10908
[QTS:PC2LINE] init: line=243 col=39 @parser.c:10915
[QTS:PC2LINE] end: pc2line_len=33 @parser.c:10960
[QTS:LABEL] end: out_len=72
[QTS:STACK] result: max_stack=4 var_count=1
[QTS:VAR] hoist: eval_type=0 module=0 globals=0 closures=0
[QTS:VAR] resolve: atom=546 scope=1 op=187
[QTS:VAR]   emit: op=187 idx=0
[QTS:VAR] resolve: atom=167 scope=1 op=186
[QTS:VAR] resolve: atom=547 scope=1 op=187
[QTS:VAR]   emit: op=187 idx=1
[QTS:VAR] resolve: atom=523 scope=2 op=187
[QTS:VAR]   emit: op=187 idx=2
[QTS:VAR] resolve: atom=479 scope=2 op=186
[QTS:CLOSURE] capture: var_idx=2 var_name=479
[QTS:VAR]   found: idx=0 is_arg=0
[QTS:VAR] resolve: atom=523 scope=2 op=186
[QTS:VAR]   emit: op=186 idx=2
[QTS:VAR] resolve: atom=489 scope=2 op=186
[QTS:CLOSURE] capture: var_idx=0 var_name=489
[QTS:VAR]   found: idx=1 is_arg=0
[QTS:VAR] resolve: atom=546 scope=2 op=186
[QTS:VAR]   emit: op=186 idx=0
[QTS:VAR] resolve: atom=489 scope=3 op=186
[QTS:CLOSURE] capture: var_idx=0 var_name=489
[QTS:VAR]   found: idx=1 is_arg=0
[QTS:VAR] resolve: atom=546 scope=3 op=189
[QTS:VAR]   emit: op=189 idx=0
[QTS:VAR] resolve: atom=167 scope=3 op=186
[QTS:VAR] resolve: atom=547 scope=3 op=186
[QTS:VAR]   emit: op=186 idx=1
[QTS:VAR] resolve: atom=523 scope=2 op=189
[QTS:VAR]   emit: op=189 idx=2
[QTS:VAR] resolve: atom=544 scope=4 op=186
[QTS:VAR]   emit: op=186 idx=536870912
[QTS:VAR] resolve: atom=544 scope=5 op=186
[QTS:VAR]   emit: op=186 idx=536870912
[QTS:VAR] resolve: atom=523 scope=5 op=186
[QTS:VAR]   emit: op=186 idx=2
[QTS:VAR] resolve: atom=544 scope=5 op=186
[QTS:VAR]   emit: op=186 idx=536870912
[QTS:VAR] resolve: atom=546 scope=5 op=186
[QTS:VAR]   emit: op=186 idx=0
[QTS:LABEL] begin: bc_len=344 label_count=9 jump_size=6 line_number_size=29 strip_debug=0
[QTS:LABEL] emit: label=0 pos=14
[QTS:LABEL] goto: opcode=108 label=4
[QTS:LABEL] goto: opcode=110 label=5
[QTS:LABEL] emit: label=4 pos=27
[QTS:LABEL] emit: label=5 pos=32
[QTS:LABEL] goto: opcode=108 label=3
[QTS:LABEL] emit: label=2 pos=34
[QTS:LABEL] emit: label=1 pos=56
[QTS:LABEL] goto: opcode=110 label=0
[QTS:LABEL] resolve: label=0 addr=14
[QTS:LABEL] emit: label=3 pos=60
[QTS:LABEL] goto: opcode=108 label=8
[QTS:LABEL] emit: label=8 pos=91
[QTS:PC2LINE] begin: slots=27 source_pos=10968 @parser.c:10908
[QTS:PC2LINE] init: line=261 col=4 @parser.c:10915
[QTS:PC2LINE] end: pc2line_len=61 @parser.c:10960
[QTS:LABEL] end: out_len=92
[QTS:STACK] result: max_stack=3 var_count=3
[QTS:VAR] hoist: eval_type=0 module=0 globals=0 closures=0
[QTS:VAR] resolve: atom=492 scope=1 op=186
[QTS:VAR]   found: idx=0 is_arg=0
[QTS:VAR] resolve: atom=497 scope=1 op=187
[QTS:VAR]   emit: op=187 idx=0
[QTS:VAR] resolve: atom=497 scope=1 op=186
[QTS:VAR]   emit: op=186 idx=0
[QTS:VAR] resolve: atom=71 scope=1 op=186
[QTS:VAR] resolve: atom=497 scope=1 op=186
[QTS:VAR]   emit: op=186 idx=0
[QTS:VAR] resolve: atom=489 scope=1 op=186
[QTS:VAR]   emit: op=186 idx=536870912
[QTS:VAR] resolve: atom=478 scope=1 op=187
[QTS:VAR]   emit: op=187 idx=1
[QTS:VAR] resolve: atom=497 scope=1 op=186
[QTS:VAR]   emit: op=186 idx=0
[QTS:VAR] resolve: atom=71 scope=1 op=186
[QTS:VAR] resolve: atom=497 scope=1 op=186
[QTS:VAR]   emit: op=186 idx=0
[QTS:VAR] resolve: atom=489 scope=1 op=186
[QTS:VAR]   emit: op=186 idx=536870912
[QTS:VAR] resolve: atom=479 scope=1 op=187
[QTS:VAR]   emit: op=187 idx=2
[QTS:VAR] resolve: atom=478 scope=2 op=186
[QTS:VAR]   emit: op=186 idx=1
[QTS:VAR] resolve: atom=544 scope=2 op=186
[QTS:VAR]   emit: op=186 idx=536870913
[QTS:VAR] resolve: atom=544 scope=3 op=189
[QTS:VAR]   emit: op=189 idx=536870913
[QTS:VAR] resolve: atom=544 scope=4 op=186
[QTS:VAR]   emit: op=186 idx=536870913
[QTS:VAR] resolve: atom=545 scope=5 op=186
[QTS:VAR]   emit: op=186 idx=3
[QTS:VAR] resolve: atom=545 scope=6 op=186
[QTS:VAR]   emit: op=186 idx=3
[QTS:VAR] resolve: atom=544 scope=6 op=186
[QTS:VAR]   emit: op=186 idx=536870913
[QTS:VAR] resolve: atom=544 scope=7 op=186
[QTS:VAR]   emit: op=186 idx=536870913
[QTS:VAR] resolve: atom=489 scope=7 op=186
[QTS:VAR]   emit: op=186 idx=536870912
[QTS:VAR] resolve: atom=544 scope=7 op=186
[QTS:VAR]   emit: op=186 idx=536870913
[QTS:VAR] resolve: atom=544 scope=6 op=186
[QTS:VAR]   emit: op=186 idx=536870913
[QTS:VAR] resolve: atom=544 scope=6 op=186
[QTS:VAR]   emit: op=186 idx=536870913
[QTS:VAR] resolve: atom=549 scope=6 op=187
[QTS:VAR]   emit: op=187 idx=4
[QTS:VAR] resolve: atom=489 scope=6 op=186
[QTS:VAR]   emit: op=186 idx=536870912
[QTS:VAR] resolve: atom=489 scope=6 op=186
[QTS:VAR]   emit: op=186 idx=536870912
[QTS:VAR] resolve: atom=550 scope=6 op=187
[QTS:VAR]   emit: op=187 idx=5
[QTS:VAR] resolve: atom=8 scope=0 op=186
[QTS:VAR]   emit: op=186 idx=6
[QTS:VAR] resolve: atom=488 scope=6 op=186
[QTS:VAR]   found: idx=1 is_arg=0
[QTS:VAR] resolve: atom=489 scope=6 op=186
[QTS:VAR]   emit: op=186 idx=536870912
[QTS:VAR] resolve: atom=549 scope=6 op=186
[QTS:VAR]   emit: op=186 idx=4
[QTS:VAR] resolve: atom=550 scope=6 op=186
[QTS:VAR]   emit: op=186 idx=5
[QTS:LABEL] begin: bc_len=661 label_count=12 jump_size=10 line_number_size=58 strip_debug=0
[QTS:LABEL] goto: opcode=108 label=0
[QTS:LABEL] goto: opcode=110 label=1
[QTS:LABEL] emit: label=0 pos=34
[QTS:LABEL] emit: label=1 pos=40
[QTS:LABEL] goto: opcode=108 label=2
[QTS:LABEL] goto: opcode=110 label=3
[QTS:LABEL] emit: label=2 pos=63
[QTS:LABEL] emit: label=3 pos=69
[QTS:LABEL] goto: opcode=108 label=5
[QTS:LABEL] emit: label=4 pos=77
[QTS:LABEL] goto: opcode=108 label=5
[QTS:LABEL] emit: label=5 pos=93
[QTS:LABEL] goto: opcode=108 label=7
[QTS:LABEL] emit: label=7 pos=116
[QTS:LABEL] goto: opcode=108 label=9
[QTS:LABEL] emit: label=9 pos=137
[QTS:LABEL] goto: opcode=108 label=10
[QTS:LABEL] goto: opcode=110 label=11
[QTS:LABEL] emit: label=10 pos=177
[QTS:LABEL] emit: label=11 pos=178
[QTS:PC2LINE] begin: slots=58 source_pos=10657 @parser.c:10908
[QTS:PC2LINE] init: line=253 col=46 @parser.c:10915
[QTS:PC2LINE] end: pc2line_len=121 @parser.c:10960
[QTS:LABEL] end: out_len=203
[QTS:STACK] result: max_stack=7 var_count=7
[QTS:VAR] hoist: eval_type=0 module=0 globals=0 closures=0
[QTS:VAR] resolve: atom=89 scope=2 op=186
[QTS:CLOSURE] capture: var_idx=1 var_name=89
[QTS:VAR]   found: idx=0 is_arg=0
[QTS:VAR] resolve: atom=48 scope=2 op=186
[QTS:CLOSURE] capture: var_idx=0 var_name=48
[QTS:VAR]   found: idx=1 is_arg=0
[QTS:VAR] resolve: atom=511 scope=4 op=186
[QTS:CLOSURE] capture: var_idx=2 var_name=511
[QTS:VAR]   found: idx=2 is_arg=0
[QTS:VAR] resolve: atom=89 scope=4 op=186
[QTS:CLOSURE] capture: var_idx=1 var_name=89
[QTS:VAR]   found: idx=0 is_arg=0
[QTS:VAR] resolve: atom=552 scope=5 op=187
[QTS:VAR]   found: idx=0 is_arg=0
[QTS:VAR]   emit: op=187 idx=0
[QTS:VAR] resolve: atom=511 scope=7 op=186
[QTS:CLOSURE] capture: var_idx=2 var_name=511
[QTS:VAR]   found: idx=2 is_arg=0
[QTS:VAR] resolve: atom=552 scope=7 op=186
[QTS:VAR]   found: idx=0 is_arg=0
[QTS:VAR]   emit: op=186 idx=0
[QTS:VAR] resolve: atom=553 scope=3 op=186
[QTS:CLOSURE] capture: var_idx=5 var_name=553
[QTS:VAR]   found: idx=3 is_arg=0
[QTS:VAR] resolve: atom=511 scope=1 op=186
[QTS:CLOSURE] capture: var_idx=2 var_name=511
[QTS:VAR]   found: idx=2 is_arg=0
[QTS:LABEL] begin: bc_len=211 label_count=5 jump_size=7 line_number_size=20 strip_debug=0
[QTS:LABEL] goto: opcode=108 label=0
[QTS:LABEL] goto: opcode=111 label=1
[QTS:LABEL] goto: opcode=110 label=4
[QTS:LABEL] emit: label=1 pos=33
[QTS:LABEL] goto: opcode=111 label=2
[QTS:LABEL] emit: label=2 pos=53
[QTS:LABEL] emit: label=4 pos=54
[QTS:LABEL] emit: label=0 pos=56
[QTS:PC2LINE] begin: slots=20 source_pos=12807 @parser.c:10908
[QTS:PC2LINE] init: line=310 col=4 @parser.c:10915
[QTS:PC2LINE] end: pc2line_len=43 @parser.c:10960
[QTS:LABEL] end: out_len=65
[QTS:STACK] result: max_stack=4 var_count=1
[QTS:VAR] hoist: eval_type=0 module=0 globals=0 closures=0
[QTS:VAR] resolve: atom=544 scope=2 op=189
[QTS:CLOSURE] capture: var_idx=3 var_name=544
[QTS:VAR]   found: idx=0 is_arg=0
[QTS:VAR] resolve: atom=511 scope=2 op=186
[QTS:CLOSURE] capture: var_idx=2 var_name=511
[QTS:VAR]   found: idx=1 is_arg=0
[QTS:VAR] resolve: atom=511 scope=2 op=186
[QTS:CLOSURE] capture: var_idx=2 var_name=511
[QTS:VAR]   found: idx=1 is_arg=0
[QTS:VAR] resolve: atom=89 scope=2 op=186
[QTS:CLOSURE] capture: var_idx=1 var_name=89
[QTS:VAR]   found: idx=2 is_arg=0
[QTS:VAR] resolve: atom=544 scope=2 op=186
[QTS:CLOSURE] capture: var_idx=3 var_name=544
[QTS:VAR]   found: idx=0 is_arg=0
[QTS:VAR] resolve: atom=552 scope=3 op=187
[QTS:VAR]   found: idx=0 is_arg=0
[QTS:VAR]   emit: op=187 idx=0
[QTS:VAR] resolve: atom=511 scope=5 op=186
[QTS:CLOSURE] capture: var_idx=2 var_name=511
[QTS:VAR]   found: idx=1 is_arg=0
[QTS:VAR] resolve: atom=552 scope=5 op=186
[QTS:VAR]   found: idx=0 is_arg=0
[QTS:VAR]   emit: op=186 idx=0
[QTS:VAR] resolve: atom=544 scope=1 op=186
[QTS:CLOSURE] capture: var_idx=3 var_name=544
[QTS:VAR]   found: idx=0 is_arg=0
[QTS:VAR] resolve: atom=554 scope=1 op=186
[QTS:CLOSURE] capture: var_idx=6 var_name=554
[QTS:VAR]   found: idx=3 is_arg=0
[QTS:VAR] resolve: atom=553 scope=1 op=186
[QTS:CLOSURE] capture: var_idx=5 var_name=553
[QTS:VAR]   found: idx=4 is_arg=0
[QTS:LABEL] begin: bc_len=221 label_count=7 jump_size=8 line_number_size=20 strip_debug=0
[QTS:LABEL] goto: opcode=111 label=0
[QTS:LABEL] goto: opcode=110 label=3
[QTS:LABEL] emit: label=0 pos=27
[QTS:LABEL] goto: opcode=111 label=1
[QTS:LABEL] emit: label=1 pos=47
[QTS:LABEL] emit: label=3 pos=48
[QTS:LABEL] goto: opcode=108 label=5
[QTS:LABEL] emit: label=5 pos=55
[QTS:LABEL] emit: label=6 pos=59
[QTS:PC2LINE] begin: slots=19 source_pos=13157 @parser.c:10908
[QTS:PC2LINE] init: line=324 col=4 @parser.c:10915
[QTS:PC2LINE] end: pc2line_len=41 @parser.c:10960
[QTS:LABEL] end: out_len=60
[QTS:STACK] result: max_stack=5 var_count=1
[QTS:VAR] hoist: eval_type=0 module=0 globals=0 closures=0
[QTS:VAR] resolve: atom=511 scope=2 op=186
[QTS:CLOSURE] capture: var_idx=2 var_name=511
[QTS:VAR]   found: idx=0 is_arg=0
[QTS:VAR] resolve: atom=89 scope=2 op=189
[QTS:CLOSURE] capture: var_idx=1 var_name=89
[QTS:VAR]   found: idx=1 is_arg=0
[QTS:VAR] resolve: atom=552 scope=3 op=187
[QTS:VAR]   found: idx=0 is_arg=0
[QTS:VAR]   emit: op=187 idx=0
[QTS:VAR] resolve: atom=511 scope=5 op=186
[QTS:CLOSURE] capture: var_idx=2 var_name=511
[QTS:VAR]   found: idx=0 is_arg=0
[QTS:VAR] resolve: atom=552 scope=5 op=186
[QTS:VAR]   found: idx=0 is_arg=0
[QTS:VAR]   emit: op=186 idx=0
[QTS:VAR] resolve: atom=551 scope=1 op=186
[QTS:CLOSURE] capture: var_idx=4 var_name=551
[QTS:VAR]   found: idx=2 is_arg=0
[QTS:LABEL] begin: bc_len=154 label_count=5 jump_size=6 line_number_size=14 strip_debug=0
[QTS:LABEL] goto: opcode=111 label=0
[QTS:LABEL] goto: opcode=110 label=3
[QTS:LABEL] emit: label=0 pos=27
[QTS:LABEL] goto: opcode=111 label=1
[QTS:LABEL] emit: label=1 pos=47
[QTS:LABEL] emit: label=3 pos=48
[QTS:PC2LINE] begin: slots=14 source_pos=13516 @parser.c:10908
[QTS:PC2LINE] init: line=335 col=4 @parser.c:10915
[QTS:PC2LINE] end: pc2line_len=31 @parser.c:10960
[QTS:LABEL] end: out_len=50
[QTS:STACK] result: max_stack=4 var_count=1
[QTS:VAR] hoist: eval_type=0 module=0 globals=0 closures=0
[QTS:VAR] resolve: atom=492 scope=1 op=186
[QTS:VAR]   found: idx=0 is_arg=0
[QTS:VAR] resolve: atom=8 scope=0 op=186
[QTS:VAR]   emit: op=186 idx=7
[QTS:VAR] resolve: atom=8 scope=0 op=186
[QTS:VAR]   emit: op=186 idx=7
[QTS:VAR] resolve: atom=505 scope=1 op=186
[QTS:VAR]   emit: op=186 idx=536870912
[QTS:VAR] resolve: atom=8 scope=0 op=186
[QTS:VAR]   emit: op=186 idx=7
[QTS:VAR] resolve: atom=48 scope=1 op=187
[QTS:VAR]   emit: op=187 idx=0
[QTS:VAR] resolve: atom=89 scope=1 op=187
[QTS:VAR]   emit: op=187 idx=1
[QTS:VAR] resolve: atom=8 scope=0 op=186
[QTS:VAR]   emit: op=186 idx=7
[QTS:VAR] resolve: atom=511 scope=1 op=187
[QTS:VAR]   emit: op=187 idx=2
[QTS:VAR] resolve: atom=551 scope=1 op=186
[QTS:VAR]   emit: op=186 idx=4
[QTS:LABEL] begin: bc_len=164 label_count=0 jump_size=0 line_number_size=13 strip_debug=0
[QTS:PC2LINE] begin: slots=11 source_pos=12449 @parser.c:10908
[QTS:PC2LINE] init: line=299 col=35 @parser.c:10915
[QTS:PC2LINE] end: pc2line_len=27 @parser.c:10960
[QTS:LABEL] end: out_len=62
[QTS:STACK] result: max_stack=2 var_count=8
[QTS:VAR] hoist: eval_type=1 module=1 globals=5 closures=5
[QTS:VAR] resolve: atom=472 scope=1 op=186
[QTS:VAR]   found: idx=0 is_arg=0
[QTS:VAR] resolve: atom=472 scope=1 op=187
[QTS:VAR]   found: idx=0 is_arg=0
[QTS:VAR] resolve: atom=472 scope=1 op=186
[QTS:VAR]   found: idx=0 is_arg=0
[QTS:VAR] resolve: atom=488 scope=1 op=186
[QTS:VAR]   found: idx=2 is_arg=0
[QTS:VAR] resolve: atom=492 scope=1 op=186
[QTS:VAR]   found: idx=3 is_arg=0
[QTS:VAR] resolve: atom=492 scope=1 op=186
[QTS:VAR]   found: idx=3 is_arg=0
[QTS:VAR] resolve: atom=492 scope=1 op=186
[QTS:VAR]   found: idx=3 is_arg=0
[QTS:VAR] resolve: atom=71 scope=1 op=186
[QTS:VAR] resolve: atom=71 scope=1 op=186
[QTS:VAR] resolve: atom=498 scope=1 op=187
[QTS:VAR]   found: idx=4 is_arg=0
[QTS:VAR] resolve: atom=492 scope=1 op=186
[QTS:VAR]   found: idx=3 is_arg=0
[QTS:VAR] resolve: atom=492 scope=1 op=186
[QTS:VAR]   found: idx=3 is_arg=0
[QTS:VAR] resolve: atom=492 scope=1 op=186
[QTS:VAR]   found: idx=3 is_arg=0
[QTS:VAR] resolve: atom=492 scope=1 op=186
[QTS:VAR]   found: idx=3 is_arg=0
[QTS:VAR] resolve: atom=492 scope=1 op=186
[QTS:VAR]   found: idx=3 is_arg=0
[QTS:VAR] resolve: atom=492 scope=1 op=186
[QTS:VAR]   found: idx=3 is_arg=0
[QTS:VAR] resolve: atom=492 scope=1 op=186
[QTS:VAR]   found: idx=3 is_arg=0
[QTS:VAR] resolve: atom=492 scope=1 op=186
[QTS:VAR]   found: idx=3 is_arg=0
[QTS:VAR] resolve: atom=492 scope=1 op=186
[QTS:VAR]   found: idx=3 is_arg=0
[QTS:VAR] resolve: atom=492 scope=1 op=186
[QTS:VAR]   found: idx=3 is_arg=0
[QTS:VAR] resolve: atom=492 scope=1 op=186
[QTS:VAR]   found: idx=3 is_arg=0
[QTS:VAR] resolve: atom=492 scope=1 op=186
[QTS:VAR]   found: idx=3 is_arg=0
[QTS:VAR] resolve: atom=492 scope=1 op=186
[QTS:VAR]   found: idx=3 is_arg=0
[QTS:LABEL] begin: bc_len=627 label_count=2 jump_size=2 line_number_size=47 strip_debug=0
[QTS:LABEL] goto: opcode=108 label=1
[QTS:LABEL] emit: label=1 pos=13
[QTS:LABEL] goto: opcode=109 label=0
[QTS:LABEL] emit: label=0 pos=19
[QTS:PC2LINE] begin: slots=47 source_pos=0 @parser.c:10908
[QTS:PC2LINE] init: line=0 col=0 @parser.c:10915
[QTS:PC2LINE] end: pc2line_len=134 @parser.c:10960
[QTS:LABEL] end: out_len=231
[QTS:STACK] result: max_stack=3 var_count=0
