__tests__/fixtures_quickjs/octane/earley-boyer.js:5:48: function: <null>
  mode: strict
  closure vars:
    0: BgL_earleyzd2benchmarkzd2 parent:loc376 var
  stack_size: 1
  opcodes:
        get_var_ref0 0: BgL_earleyzd2benchmarkzd2
        call0 0
        return_undef

__tests__/fixtures_quickjs/octane/earley-boyer.js:6:46: function: <null>
  mode: strict
  closure vars:
    0: BgL_nboyerzd2benchmarkzd2 parent:loc350 var
  stack_size: 1
  opcodes:
        get_var_ref0 0: BgL_nboyerzd2benchmarkzd2
        call0 0
        return_undef

__tests__/fixtures_quickjs/octane/earley-boyer.js:44:1: function: sc_print_debug
  mode: strict
  locals:
    0: var arguments
  closure vars:
    0: sc_print parent:loc298 var
  stack_size: 4
  opcodes:
        special_object 0
        put_loc0 0: arguments
        get_var_ref0 0: sc_print
        get_field2 apply
        null
        get_loc0 0: arguments
        call_method 2
        return_undef

__tests__/fixtures_quickjs/octane/earley-boyer.js:52:1: function: sc_alert
  mode: strict
  locals:
    0: var len
    1: var s
    2: var i
    3: var arguments
  closure vars:
    0: sc_toDisplayString parent:loc291 var
  stack_size: 4
  opcodes:
        special_object 0
        put_loc3 3: arguments
        get_loc3 3: arguments
        get_length
        put_loc0 0: len
        push_empty_string
        put_loc1 1: s
        push_0 0
        put_loc2 2: i
   10:  get_loc2 2: i
        get_loc0 0: len
        lt
        if_false8 27
        get_loc1 1: s
        get_var_ref0 0: sc_toDisplayString
        get_loc3 3: arguments
        get_loc2 2: i
        get_array_el
        call1 1
        add
        put_loc1 1: s
        inc_loc 2: i
        goto8 10
   27:  get_var alert
        get_loc1 1: s
        tail_call 1

__tests__/fixtures_quickjs/octane/earley-boyer.js:62:1: function: sc_typeof
  mode: strict
  args: x
  stack_size: 1
  opcodes:
        get_arg0 0: x
        typeof
        return

__tests__/fixtures_quickjs/octane/earley-boyer.js:66:1: function: sc_error
  mode: strict
  locals:
    0: var a
    1: var i
    2: var arguments
  closure vars:
    0: sc_jsstring2symbol parent:loc306 var
  stack_size: 4
  opcodes:
        special_object 0
        put_loc2 2: arguments
        get_var_ref0 0: sc_jsstring2symbol
        push_atom_value "*error*"
        call1 1
        array_from 1
        put_loc0 0: a
        push_0 0
        put_loc1 1: i
   16:  get_loc1 1: i
        get_loc2 2: arguments
        get_length
        lt
        if_false8 34
        get_loc0 0: a
        get_loc1 1: i
        push_1 1
        add
        get_loc2 2: arguments
        get_loc1 1: i
        get_array_el
        put_array_el
        inc_loc 1: i
        goto8 16
   34:  get_loc0 0: a
        throw

__tests__/fixtures_quickjs/octane/earley-boyer.js:76:1: function: sc_raise
  mode: strict
  args: obj
  stack_size: 1
  opcodes:
        get_arg0 0: obj
        throw

__tests__/fixtures_quickjs/octane/earley-boyer.js:80:1: function: sc_withHandlerLambda
  mode: strict
  args: handler body
  locals:
    0: catch e [level:3 next:-1]
  stack_size: 3
  opcodes:
        catch 9
        get_arg1 1: body
        call0 0
        nip_catch
        return
    9:  put_loc0 0: e
        catch 31
        get_loc0 0: e
        get_field _internalException
        lnot
        if_false8 29
        get_arg0 0: handler
        get_loc0 0: e
        call1 1
        nip_catch
        return
   29:  get_loc0 0: e
        throw
   31:  throw

__tests__/fixtures_quickjs/octane/earley-boyer.js:93:1: function: sc_putpropBang
  mode: strict
  args: sym key val
  locals:
    0: var ht
  closure vars:
    0: sc_properties parent:loc12 var
  stack_size: 3
  opcodes:
        get_var_ref0 0: sc_properties
        get_arg0 0: sym
        get_array_el
        set_loc0 0: ht
        lnot
        if_false8 21
        get_var Object
        dup
        call_constructor 0
        put_loc0 0: ht
        get_var_ref0 0: sc_properties
        get_arg0 0: sym
        get_loc0 0: ht
        put_array_el
   21:  get_loc0 0: ht
        get_arg1 1: key
        get_arg2 2: val
        put_array_el
        return_undef

__tests__/fixtures_quickjs/octane/earley-boyer.js:102:1: function: sc_getprop
  mode: strict
  args: sym key
  locals:
    0: var ht
  closure vars:
    0: sc_properties parent:loc12 var
  stack_size: 2
  opcodes:
        get_var_ref0 0: sc_properties
        get_arg0 0: sym
        get_array_el
        set_loc0 0: ht
        if_false8 17
        get_arg1 1: key
        get_loc0 0: ht
        in
        if_false8 15
        get_loc0 0: ht
        get_arg1 1: key
        get_array_el
        return
   15:  push_false
        return
   17:  push_false
        return

__tests__/fixtures_quickjs/octane/earley-boyer.js:114:1: function: sc_rempropBang
  mode: strict
  args: sym key
  locals:
    0: var ht
  closure vars:
    0: sc_properties parent:loc12 var
  stack_size: 2
  opcodes:
        get_var_ref0 0: sc_properties
        get_arg0 0: sym
        get_array_el
        set_loc0 0: ht
        if_false8 10
        get_loc0 0: ht
        get_arg1 1: key
        delete
        drop
   10:  return_undef

__tests__/fixtures_quickjs/octane/earley-boyer.js:120:1: function: sc_any2String
  mode: strict
  args: o
  closure vars:
    0: sc_toDisplayString parent:loc291 var
  stack_size: 3
  opcodes:
        get_var jsstring2string
        get_var_ref0 0: sc_toDisplayString
        get_arg0 0: o
        call1 1
        tail_call 1

__tests__/fixtures_quickjs/octane/earley-boyer.js:127:1: function: sc_isEqv
  mode: strict
  args: o1 o2
  stack_size: 2
  opcodes:
        get_arg0 0: o1
        get_arg1 1: o2
        strict_eq
        return

__tests__/fixtures_quickjs/octane/earley-boyer.js:134:1: function: sc_isEq
  mode: strict
  args: o1 o2
  stack_size: 2
  opcodes:
        get_arg0 0: o1
        get_arg1 1: o2
        strict_eq
        return

__tests__/fixtures_quickjs/octane/earley-boyer.js:140:1: function: sc_isNumber
  mode: strict
  args: n
  stack_size: 2
  opcodes:
        get_arg0 0: n
        typeof
        push_atom_value number
        strict_eq
        return

__tests__/fixtures_quickjs/octane/earley-boyer.js:146:1: function: sc_isComplex
  mode: strict
  args: n
  closure vars:
    0: sc_isNumber parent:loc19 var
  stack_size: 2
  opcodes:
        get_var_ref0 0: sc_isNumber
        get_arg0 0: n
        tail_call 1

__tests__/fixtures_quickjs/octane/earley-boyer.js:152:1: function: sc_isReal
  mode: strict
  args: n
  closure vars:
    0: sc_isNumber parent:loc19 var
  stack_size: 2
  opcodes:
        get_var_ref0 0: sc_isNumber
        get_arg0 0: n
        tail_call 1

__tests__/fixtures_quickjs/octane/earley-boyer.js:158:1: function: sc_isRational
  mode: strict
  args: n
  closure vars:
    0: sc_isReal parent:loc21 var
  stack_size: 2
  opcodes:
        get_var_ref0 0: sc_isReal
        get_arg0 0: n
        tail_call 1

__tests__/fixtures_quickjs/octane/earley-boyer.js:164:1: function: sc_isInteger
  mode: strict
  args: n
  stack_size: 2
  opcodes:
        get_var parseInt
        get_arg0 0: n
        call1 1
        get_arg0 0: n
        strict_eq
        return

__tests__/fixtures_quickjs/octane/earley-boyer.js:172:1: function: sc_isExact
  mode: strict
  args: n
  stack_size: 1
  opcodes:
        push_false
        return

__tests__/fixtures_quickjs/octane/earley-boyer.js:179:1: function: sc_isInexact
  mode: strict
  args: n
  stack_size: 1
  opcodes:
        push_true
        return

__tests__/fixtures_quickjs/octane/earley-boyer.js:186:1: function: sc_equal
  mode: strict
  args: x
  locals:
    0: var i
    1: var arguments
  stack_size: 3
  opcodes:
        special_object 0
        put_loc1 1: arguments
        push_1 1
        put_loc0 0: i
    5:  get_loc0 0: i
        get_loc1 1: arguments
        get_length
        lt
        if_false8 24
        get_arg0 0: x
        get_loc1 1: arguments
        get_loc0 0: i
        get_array_el
        strict_neq
        if_false8 20
        push_false
        return
   20:  inc_loc 0: i
        goto8 5
   24:  push_true
        return

__tests__/fixtures_quickjs/octane/earley-boyer.js:196:1: function: sc_less
  mode: strict
  args: x
  locals:
    0: var i
    1: var arguments
  stack_size: 3
  opcodes:
        special_object 0
        put_loc1 1: arguments
        push_1 1
        put_loc0 0: i
    5:  get_loc0 0: i
        get_loc1 1: arguments
        get_length
        lt
        if_false8 28
        get_arg0 0: x
        get_loc1 1: arguments
        get_loc0 0: i
        get_array_el
        gte
        if_false8 20
        push_false
        return
   20:  get_loc1 1: arguments
        get_loc0 0: i
        get_array_el
        put_arg0 0: x
        inc_loc 0: i
        goto8 5
   28:  push_true
        return

__tests__/fixtures_quickjs/octane/earley-boyer.js:208:1: function: sc_greater
  mode: strict
  args: x y
  locals:
    0: var i
    1: var arguments
  stack_size: 3
  opcodes:
        special_object 0
        put_loc1 1: arguments
        push_1 1
        put_loc0 0: i
    5:  get_loc0 0: i
        get_loc1 1: arguments
        get_length
        lt
        if_false8 28
        get_arg0 0: x
        get_loc1 1: arguments
        get_loc0 0: i
        get_array_el
        lte
        if_false8 20
        push_false
        return
   20:  get_loc1 1: arguments
        get_loc0 0: i
        get_array_el
        put_arg0 0: x
        inc_loc 0: i
        goto8 5
   28:  push_true
        return

__tests__/fixtures_quickjs/octane/earley-boyer.js:220:1: function: sc_lessEqual
  mode: strict
  args: x y
  locals:
    0: var i
    1: var arguments
  stack_size: 3
  opcodes:
        special_object 0
        put_loc1 1: arguments
        push_1 1
        put_loc0 0: i
    5:  get_loc0 0: i
        get_loc1 1: arguments
        get_length
        lt
        if_false8 28
        get_arg0 0: x
        get_loc1 1: arguments
        get_loc0 0: i
        get_array_el
        gt
        if_false8 20
        push_false
        return
   20:  get_loc1 1: arguments
        get_loc0 0: i
        get_array_el
        put_arg0 0: x
        inc_loc 0: i
        goto8 5
   28:  push_true
        return

__tests__/fixtures_quickjs/octane/earley-boyer.js:232:1: function: sc_greaterEqual
  mode: strict
  args: x y
  locals:
    0: var i
    1: var arguments
  stack_size: 3
  opcodes:
        special_object 0
        put_loc1 1: arguments
        push_1 1
        put_loc0 0: i
    5:  get_loc0 0: i
        get_loc1 1: arguments
        get_length
        lt
        if_false8 28
        get_arg0 0: x
        get_loc1 1: arguments
        get_loc0 0: i
        get_array_el
        lt
        if_false8 20
        push_false
        return
   20:  get_loc1 1: arguments
        get_loc0 0: i
        get_array_el
        put_arg0 0: x
        inc_loc 0: i
        goto8 5
   28:  push_true
        return

__tests__/fixtures_quickjs/octane/earley-boyer.js:244:1: function: sc_isZero
  mode: strict
  args: x
  stack_size: 2
  opcodes:
        get_arg0 0: x
        push_0 0
        strict_eq
        return

__tests__/fixtures_quickjs/octane/earley-boyer.js:251:1: function: sc_isPositive
  mode: strict
  args: x
  stack_size: 2
  opcodes:
        get_arg0 0: x
        push_0 0
        gt
        return

__tests__/fixtures_quickjs/octane/earley-boyer.js:258:1: function: sc_isNegative
  mode: strict
  args: x
  stack_size: 2
  opcodes:
        get_arg0 0: x
        push_0 0
        lt
        return

__tests__/fixtures_quickjs/octane/earley-boyer.js:265:1: function: sc_isOdd
  mode: strict
  args: x
  stack_size: 2
  opcodes:
        get_arg0 0: x
        push_2 2
        mod
        push_1 1
        strict_eq
        return

__tests__/fixtures_quickjs/octane/earley-boyer.js:272:1: function: sc_isEven
  mode: strict
  args: x
  stack_size: 2
  opcodes:
        get_arg0 0: x
        push_2 2
        mod
        push_0 0
        strict_eq
        return

__tests__/fixtures_quickjs/octane/earley-boyer.js:282:1: function: sc_plus
  mode: strict
  locals:
    0: var sum
    1: var i
    2: var arguments
  stack_size: 3
  opcodes:
        special_object 0
        put_loc2 2: arguments
        push_0 0
        put_loc0 0: sum
        push_0 0
        put_loc1 1: i
    7:  get_loc1 1: i
        get_loc2 2: arguments
        get_length
        lt
        if_false8 23
        get_loc0 0: sum
        get_loc2 2: arguments
        get_loc1 1: i
        get_array_el
        add
        put_loc0 0: sum
        inc_loc 1: i
        goto8 7
   23:  get_loc0 0: sum
        return

__tests__/fixtures_quickjs/octane/earley-boyer.js:291:1: function: sc_multi
  mode: strict
  locals:
    0: var product
    1: var i
    2: var arguments
  stack_size: 3
  opcodes:
        special_object 0
        put_loc2 2: arguments
        push_1 1
        put_loc0 0: product
        push_0 0
        put_loc1 1: i
    7:  get_loc1 1: i
        get_loc2 2: arguments
        get_length
        lt
        if_false8 23
        get_loc0 0: product
        get_loc2 2: arguments
        get_loc1 1: i
        get_array_el
        mul
        put_loc0 0: product
        inc_loc 1: i
        goto8 7
   23:  get_loc0 0: product
        return

__tests__/fixtures_quickjs/octane/earley-boyer.js:300:1: function: sc_minus
  mode: strict
  args: x
  locals:
    0: var res
    1: var i
    2: var arguments
  stack_size: 3
  opcodes:
        special_object 0
        put_loc2 2: arguments
        get_loc2 2: arguments
        get_length
        push_1 1
        strict_eq
        if_false8 12
        get_arg0 0: x
        neg
        return
   12:  get_arg0 0: x
        put_loc0 0: res
        push_1 1
        put_loc1 1: i
   16:  get_loc1 1: i
        get_loc2 2: arguments
        get_length
        lt
        if_false8 32
        get_loc0 0: res
        get_loc2 2: arguments
        get_loc1 1: i
        get_array_el
        sub
        put_loc0 0: res
        inc_loc 1: i
        goto8 16
   32:  get_loc0 0: res
        return

__tests__/fixtures_quickjs/octane/earley-boyer.js:313:1: function: sc_div
  mode: strict
  args: x
  locals:
    0: var res
    1: var i
    2: var arguments
  stack_size: 3
  opcodes:
        special_object 0
        put_loc2 2: arguments
        get_loc2 2: arguments
        get_length
        push_1 1
        strict_eq
        if_false8 13
        push_1 1
        get_arg0 0: x
        div
        return
   13:  get_arg0 0: x
        put_loc0 0: res
        push_1 1
        put_loc1 1: i
   17:  get_loc1 1: i
        get_loc2 2: arguments
        get_length
        lt
        if_false8 33
        get_loc0 0: res
        get_loc2 2: arguments
        get_loc1 1: i
        get_array_el
        div
        put_loc0 0: res
        inc_loc 1: i
        goto8 17
   33:  get_loc0 0: res
        return

__tests__/fixtures_quickjs/octane/earley-boyer.js:328:1: function: sc_quotient
  mode: strict
  args: x y
  stack_size: 3
  opcodes:
        get_var parseInt
        get_arg0 0: x
        get_arg1 1: y
        div
        tail_call 1

__tests__/fixtures_quickjs/octane/earley-boyer.js:334:1: function: sc_remainder
  mode: strict
  args: x y
  stack_size: 2
  opcodes:
        get_arg0 0: x
        get_arg1 1: y
        mod
        return

__tests__/fixtures_quickjs/octane/earley-boyer.js:340:1: function: sc_modulo
  mode: strict
  args: x y
  locals:
    0: var remainder
  stack_size: 2
  opcodes:
        get_arg0 0: x
        get_arg1 1: y
        mod
        set_loc0 0: remainder
        get_arg1 1: y
        mul
        push_0 0
        lt
        if_false8 14
        get_loc0 0: remainder
        get_arg1 1: y
        add
        return
   14:  get_loc0 0: remainder
        return

__tests__/fixtures_quickjs/octane/earley-boyer.js:348:1: function: sc_euclid_gcd
  mode: strict
  args: a b
  locals:
    0: var temp
  stack_size: 2
  opcodes:
        get_arg0 0: a
        push_0 0
        strict_eq
        if_false8 7
        get_arg1 1: b
        return
    7:  get_arg1 1: b
        push_0 0
        strict_eq
        if_false8 14
        get_arg0 0: a
        return
   14:  get_arg0 0: a
        push_0 0
        lt
        if_false8 22
        get_arg0 0: a
        neg
        put_arg0 0: a
   22:  get_arg1 1: b
        push_0 0
        lt
        if_false8 30
        get_arg1 1: b
        neg
        put_arg1 1: b
   30:  get_arg1 1: b
        get_arg0 0: a
        gt
        if_false8 41
        get_arg0 0: a
        put_loc0 0: temp
        get_arg1 1: b
        put_arg0 0: a
        get_loc0 0: temp
        put_arg1 1: b
   41:  get_arg0 0: a
        get_arg1 1: b
        mod
        set_arg0 0: a
        push_0 0
        strict_eq
        if_false8 51
        get_arg1 1: b
        return
   51:  get_arg1 1: b
        get_arg0 0: a
        mod
        set_arg1 1: b
        push_0 0
        strict_eq
        if_false8 41
        get_arg0 0: a
        return

__tests__/fixtures_quickjs/octane/earley-boyer.js:384:1: function: sc_gcd
  mode: strict
  locals:
    0: var gcd
    1: var i
    2: var arguments
  closure vars:
    0: sc_euclid_gcd parent:loc46 var
  stack_size: 4
  opcodes:
        special_object 0
        put_loc2 2: arguments
        push_0 0
        put_loc0 0: gcd
        push_0 0
        put_loc1 1: i
    7:  get_loc1 1: i
        get_loc2 2: arguments
        get_length
        lt
        if_false8 24
        get_var_ref0 0: sc_euclid_gcd
        get_loc0 0: gcd
        get_loc2 2: arguments
        get_loc1 1: i
        get_array_el
        call2 2
        put_loc0 0: gcd
        inc_loc 1: i
        goto8 7
   24:  get_loc0 0: gcd
        return

__tests__/fixtures_quickjs/octane/earley-boyer.js:391:1: function: sc_lcm
  mode: strict
  locals:
    0: var lcm
    1: var i
    2: var f
    3: var arguments
  closure vars:
    0: sc_euclid_gcd parent:loc46 var
  stack_size: 6
  opcodes:
        special_object 0
        put_loc3 3: arguments
        push_1 1
        put_loc0 0: lcm
        push_0 0
        put_loc1 1: i
    7:  get_loc1 1: i
        get_loc3 3: arguments
        get_length
        lt
        if_false8 58
        get_var Math
        get_field2 round
        get_loc3 3: arguments
        get_loc1 1: i
        get_array_el
        get_var_ref0 0: sc_euclid_gcd
        get_loc3 3: arguments
        get_loc1 1: i
        get_array_el
        get_loc0 0: lcm
        call2 2
        div
        call_method 1
        put_loc2 2: f
        get_loc0 0: lcm
        get_var Math
        get_field2 abs
        get_loc2 2: f
        call_method 1
        mul
        put_loc0 0: lcm
        inc_loc 1: i
        goto8 7
   58:  get_loc0 0: lcm
        return

__tests__/fixtures_quickjs/octane/earley-boyer.js:446:1: function: sc_exact2inexact
  mode: strict
  args: x
  stack_size: 1
  opcodes:
        get_arg0 0: x
        return

__tests__/fixtures_quickjs/octane/earley-boyer.js:452:1: function: sc_inexact2exact
  mode: strict
  args: x
  stack_size: 1
  opcodes:
        get_arg0 0: x
        return

__tests__/fixtures_quickjs/octane/earley-boyer.js:455:1: function: sc_number2jsstring
  mode: strict
  args: x radix
  stack_size: 3
  opcodes:
        get_arg1 1: radix
        if_false8 13
        get_arg0 0: x
        get_field2 toString
        get_arg1 1: radix
        tail_call_method 1
   13:  get_arg0 0: x
        get_field2 toString
        tail_call_method 0

__tests__/fixtures_quickjs/octane/earley-boyer.js:461:1: function: sc_jsstring2number
  mode: strict
  args: s radix
  locals:
    0: var t
    1: var allowedChars
    2: var c
  stack_size: 5
  opcodes:
        get_arg0 0: s
        push_empty_string
        strict_eq
        if_false8 7
        push_false
        return
    7:  get_arg1 1: radix
        if_false8 89
        get_var parseInt
        get_arg0 0: s
        get_arg1 1: radix
        call2 2
        set_loc0 0: t
        lnot
        if_false8 29
        get_loc0 0: t
        push_0 0
        strict_neq
        if_false8 29
        push_false
        return
   29:  push_atom_value "01234567890abcdefghijklmnopqrstuvwxyz"
        get_field2 substring
        push_0 0
        get_arg1 1: radix
        push_1 1
        add
        call_method 2
        put_loc1 1: allowedChars
        get_var RegExp
        dup
        push_atom_value "^["
        get_loc1 1: allowedChars
        add
        push_atom_value "]*$"
        add
        push_atom_value i
        call_constructor 2
        get_field2 test
        get_arg0 0: s
        call_method 1
        if_false8 87
        get_loc0 0: t
        return
   87:  push_false
        return
   89:  get_arg0 0: s
        plus
        set_loc0 0: t
        lnot
        if_false8 102
        get_loc0 0: t
        push_0 0
        strict_neq
        if_false8 102
        push_false
        return
  102:  get_arg0 0: s
        get_field2 charAt
        push_0 0
        call_method 1
        set_loc2 2: c
        plus
        push_0 0
        strict_eq
        if_false8 126
        get_loc2 2: c
        push_const8 0: "0"
        strict_neq
        if_false8 126
        push_false
        return
  126:  get_loc0 0: t
        return

__tests__/fixtures_quickjs/octane/earley-boyer.js:492:1: function: sc_not
  mode: strict
  args: b
  stack_size: 2
  opcodes:
        get_arg0 0: b
        push_false
        strict_eq
        return

__tests__/fixtures_quickjs/octane/earley-boyer.js:498:1: function: sc_isBoolean
  mode: strict
  args: b
  stack_size: 2
  opcodes:
        get_arg0 0: b
        push_true
        strict_eq
        dup
        if_true8 10
        drop
        get_arg0 0: b
        push_false
        strict_eq
   10:  return

__tests__/fixtures_quickjs/octane/earley-boyer.js:501:1: function: sc_Pair
  mode: strict
  args: car cdr
  locals:
    0: var this
  stack_size: 2
  opcodes:
        push_this
        put_loc0 0: this
        get_loc0 0: this
        get_arg0 0: car
        put_field car
        get_loc0 0: this
        get_arg1 1: cdr
        put_field cdr
        return_undef

__tests__/fixtures_quickjs/octane/earley-boyer.js:505:30: function: <null>
  mode: strict
  locals:
    0: var this
  closure vars:
    0: sc_toDisplayString parent:loc291 var
  stack_size: 2
  opcodes:
        push_this
        put_loc0 0: this
        get_var_ref0 0: sc_toDisplayString
        get_loc0 0: this
        tail_call 1

__tests__/fixtures_quickjs/octane/earley-boyer.js:508:47: function: <null>
  mode: strict
  args: writeOrDisplay
  locals:
    0: var current
    1: var res
    2: var this
  closure vars:
    0: sc_isPair parent:loc70 var
  stack_size: 4
  opcodes:
        push_this
        put_loc2 2: this
        get_loc2 2: this
        put_loc0 0: current
        push_atom_value "("
        put_loc1 1: res
   10:  get_loc1 1: res
        get_arg0 0: writeOrDisplay
        get_loc0 0: current
        get_field car
        call1 1
        add
        put_loc1 1: res
        get_var_ref0 0: sc_isPair
        get_loc0 0: current
        get_field cdr
        call1 1
        if_false8 47
        push_atom_value " "
        add_loc 1: res
        get_loc0 0: current
        get_field cdr
        put_loc0 0: current
        goto8 10
   47:  get_loc0 0: current
        get_field cdr
        is_null
        if_true8 73
        get_loc1 1: res
        push_atom_value " . "
        get_arg0 0: writeOrDisplay
        get_loc0 0: current
        get_field cdr
        call1 1
        add
        add
        put_loc1 1: res
   73:  goto8 75
   75:  push_atom_value ")"
        add_loc 1: res
        get_loc1 1: res
        return

__tests__/fixtures_quickjs/octane/earley-boyer.js:527:40: function: <null>
  mode: strict
  locals:
    0: var this
  closure vars:
    0: sc_toDisplayString parent:loc291 var
  stack_size: 3
  opcodes:
        push_this
        put_loc0 0: this
        get_loc0 0: this
        get_field2 sc_toWriteOrDisplayString
        get_var_ref0 0: sc_toDisplayString
        tail_call_method 1

__tests__/fixtures_quickjs/octane/earley-boyer.js:530:38: function: <null>
  mode: strict
  locals:
    0: var this
  closure vars:
    0: sc_toWriteString parent:loc288 var
  stack_size: 3
  opcodes:
        push_this
        put_loc0 0: this
        get_loc0 0: this
        get_field2 sc_toWriteOrDisplayString
        get_var_ref0 0: sc_toWriteString
        tail_call_method 1

__tests__/fixtures_quickjs/octane/earley-boyer.js:538:1: function: sc_isPair
  mode: strict
  args: p
  closure vars:
    0: sc_Pair parent:loc69 var
  stack_size: 2
  opcodes:
        get_arg0 0: p
        get_var_ref0 0: sc_Pair
        instanceof
        return

__tests__/fixtures_quickjs/octane/earley-boyer.js:541:1: function: sc_isPairEqual
  mode: strict
  args: p1 p2 comp
  stack_size: 3
  opcodes:
        get_arg2 2: comp
        get_arg0 0: p1
        get_field car
        get_arg1 1: p2
        get_field car
        call2 2
        dup
        if_false8 32
        drop
        get_arg2 2: comp
        get_arg0 0: p1
        get_field cdr
        get_arg1 1: p2
        get_field cdr
        call2 2
   32:  return

__tests__/fixtures_quickjs/octane/earley-boyer.js:547:1: function: sc_cons
  mode: strict
  args: car cdr
  closure vars:
    0: sc_Pair parent:loc69 var
  stack_size: 4
  opcodes:
        get_var_ref0 0: sc_Pair
        dup
        get_arg0 0: car
        get_arg1 1: cdr
        call_constructor 2
        return

__tests__/fixtures_quickjs/octane/earley-boyer.js:551:1: function: sc_consStar
  mode: strict
  locals:
    0: var res
    1: var i
    2: var arguments
  closure vars:
    0: sc_Pair parent:loc69 var
  stack_size: 4
  opcodes:
        special_object 0
        put_loc2 2: arguments
        get_loc2 2: arguments
        get_loc2 2: arguments
        get_length
        push_1 1
        sub
        get_array_el
        put_loc0 0: res
        get_loc2 2: arguments
        get_length
        push_2 2
        sub
        put_loc1 1: i
   15:  get_loc1 1: i
        push_0 0
        gte
        if_false8 34
        get_var_ref0 0: sc_Pair
        dup
        get_loc2 2: arguments
        get_loc1 1: i
        get_array_el
        get_loc0 0: res
        call_constructor 2
        put_loc0 0: res
        dec_loc 1: i
        goto8 15
   34:  get_loc0 0: res
        return

__tests__/fixtures_quickjs/octane/earley-boyer.js:560:1: function: sc_car
  mode: strict
  args: p
  stack_size: 1
  opcodes:
        get_arg0 0: p
        get_field car
        return

__tests__/fixtures_quickjs/octane/earley-boyer.js:566:1: function: sc_cdr
  mode: strict
  args: p
  stack_size: 1
  opcodes:
        get_arg0 0: p
        get_field cdr
        return

__tests__/fixtures_quickjs/octane/earley-boyer.js:572:1: function: sc_setCarBang
  mode: strict
  args: p val
  stack_size: 2
  opcodes:
        get_arg0 0: p
        get_arg1 1: val
        put_field car
        return_undef

__tests__/fixtures_quickjs/octane/earley-boyer.js:578:1: function: sc_setCdrBang
  mode: strict
  args: p val
  stack_size: 2
  opcodes:
        get_arg0 0: p
        get_arg1 1: val
        put_field cdr
        return_undef

__tests__/fixtures_quickjs/octane/earley-boyer.js:584:1: function: sc_caar
  mode: strict
  args: p
  stack_size: 1
  opcodes:
        get_arg0 0: p
        get_field car
        get_field car
        return

__tests__/fixtures_quickjs/octane/earley-boyer.js:588:1: function: sc_cadr
  mode: strict
  args: p
  stack_size: 1
  opcodes:
        get_arg0 0: p
        get_field cdr
        get_field car
        return

__tests__/fixtures_quickjs/octane/earley-boyer.js:592:1: function: sc_cdar
  mode: strict
  args: p
  stack_size: 1
  opcodes:
        get_arg0 0: p
        get_field car
        get_field cdr
        return

__tests__/fixtures_quickjs/octane/earley-boyer.js:596:1: function: sc_cddr
  mode: strict
  args: p
  stack_size: 1
  opcodes:
        get_arg0 0: p
        get_field cdr
        get_field cdr
        return

__tests__/fixtures_quickjs/octane/earley-boyer.js:600:1: function: sc_caaar
  mode: strict
  args: p
  stack_size: 1
  opcodes:
        get_arg0 0: p
        get_field car
        get_field car
        get_field car
        return

__tests__/fixtures_quickjs/octane/earley-boyer.js:604:1: function: sc_cadar
  mode: strict
  args: p
  stack_size: 1
  opcodes:
        get_arg0 0: p
        get_field car
        get_field cdr
        get_field car
        return

__tests__/fixtures_quickjs/octane/earley-boyer.js:608:1: function: sc_caadr
  mode: strict
  args: p
  stack_size: 1
  opcodes:
        get_arg0 0: p
        get_field cdr
        get_field car
        get_field car
        return

__tests__/fixtures_quickjs/octane/earley-boyer.js:612:1: function: sc_caddr
  mode: strict
  args: p
  stack_size: 1
  opcodes:
        get_arg0 0: p
        get_field cdr
        get_field cdr
        get_field car
        return

__tests__/fixtures_quickjs/octane/earley-boyer.js:616:1: function: sc_cdaar
  mode: strict
  args: p
  stack_size: 1
  opcodes:
        get_arg0 0: p
        get_field car
        get_field car
        get_field cdr
        return

__tests__/fixtures_quickjs/octane/earley-boyer.js:620:1: function: sc_cdadr
  mode: strict
  args: p
  stack_size: 1
  opcodes:
        get_arg0 0: p
        get_field cdr
        get_field car
        get_field cdr
        return

__tests__/fixtures_quickjs/octane/earley-boyer.js:624:1: function: sc_cddar
  mode: strict
  args: p
  stack_size: 1
  opcodes:
        get_arg0 0: p
        get_field car
        get_field cdr
        get_field cdr
        return

__tests__/fixtures_quickjs/octane/earley-boyer.js:628:1: function: sc_cdddr
  mode: strict
  args: p
  stack_size: 1
  opcodes:
        get_arg0 0: p
        get_field cdr
        get_field cdr
        get_field cdr
        return

__tests__/fixtures_quickjs/octane/earley-boyer.js:632:1: function: sc_caaaar
  mode: strict
  args: p
  stack_size: 1
  opcodes:
        get_arg0 0: p
        get_field car
        get_field car
        get_field car
        get_field car
        return

__tests__/fixtures_quickjs/octane/earley-boyer.js:636:1: function: sc_caadar
  mode: strict
  args: p
  stack_size: 1
  opcodes:
        get_arg0 0: p
        get_field car
        get_field cdr
        get_field car
        get_field car
        return

__tests__/fixtures_quickjs/octane/earley-boyer.js:640:1: function: sc_caaadr
  mode: strict
  args: p
  stack_size: 1
  opcodes:
        get_arg0 0: p
        get_field cdr
        get_field car
        get_field car
        get_field car
        return

__tests__/fixtures_quickjs/octane/earley-boyer.js:644:1: function: sc_caaddr
  mode: strict
  args: p
  stack_size: 1
  opcodes:
        get_arg0 0: p
        get_field cdr
        get_field cdr
        get_field car
        get_field car
        return

__tests__/fixtures_quickjs/octane/earley-boyer.js:648:1: function: sc_cdaaar
  mode: strict
  args: p
  stack_size: 1
  opcodes:
        get_arg0 0: p
        get_field car
        get_field car
        get_field car
        get_field cdr
        return

__tests__/fixtures_quickjs/octane/earley-boyer.js:652:1: function: sc_cdadar
  mode: strict
  args: p
  stack_size: 1
  opcodes:
        get_arg0 0: p
        get_field car
        get_field cdr
        get_field car
        get_field cdr
        return

__tests__/fixtures_quickjs/octane/earley-boyer.js:656:1: function: sc_cdaadr
  mode: strict
  args: p
  stack_size: 1
  opcodes:
        get_arg0 0: p
        get_field cdr
        get_field car
        get_field car
        get_field cdr
        return

__tests__/fixtures_quickjs/octane/earley-boyer.js:660:1: function: sc_cdaddr
  mode: strict
  args: p
  stack_size: 1
  opcodes:
        get_arg0 0: p
        get_field cdr
        get_field cdr
        get_field car
        get_field cdr
        return

__tests__/fixtures_quickjs/octane/earley-boyer.js:664:1: function: sc_cadaar
  mode: strict
  args: p
  stack_size: 1
  opcodes:
        get_arg0 0: p
        get_field car
        get_field car
        get_field cdr
        get_field car
        return

__tests__/fixtures_quickjs/octane/earley-boyer.js:668:1: function: sc_caddar
  mode: strict
  args: p
  stack_size: 1
  opcodes:
        get_arg0 0: p
        get_field car
        get_field cdr
        get_field cdr
        get_field car
        return

__tests__/fixtures_quickjs/octane/earley-boyer.js:672:1: function: sc_cadadr
  mode: strict
  args: p
  stack_size: 1
  opcodes:
        get_arg0 0: p
        get_field cdr
        get_field car
        get_field cdr
        get_field car
        return

__tests__/fixtures_quickjs/octane/earley-boyer.js:676:1: function: sc_cadddr
  mode: strict
  args: p
  stack_size: 1
  opcodes:
        get_arg0 0: p
        get_field cdr
        get_field cdr
        get_field cdr
        get_field car
        return

__tests__/fixtures_quickjs/octane/earley-boyer.js:680:1: function: sc_cddaar
  mode: strict
  args: p
  stack_size: 1
  opcodes:
        get_arg0 0: p
        get_field car
        get_field car
        get_field cdr
        get_field cdr
        return

__tests__/fixtures_quickjs/octane/earley-boyer.js:684:1: function: sc_cdddar
  mode: strict
  args: p
  stack_size: 1
  opcodes:
        get_arg0 0: p
        get_field car
        get_field cdr
        get_field cdr
        get_field cdr
        return

__tests__/fixtures_quickjs/octane/earley-boyer.js:688:1: function: sc_cddadr
  mode: strict
  args: p
  stack_size: 1
  opcodes:
        get_arg0 0: p
        get_field cdr
        get_field car
        get_field cdr
        get_field cdr
        return

__tests__/fixtures_quickjs/octane/earley-boyer.js:692:1: function: sc_cddddr
  mode: strict
  args: p
  stack_size: 1
  opcodes:
        get_arg0 0: p
        get_field cdr
        get_field cdr
        get_field cdr
        get_field cdr
        return

__tests__/fixtures_quickjs/octane/earley-boyer.js:694:1: function: sc_lastPair
  mode: strict
  args: l
  locals:
    0: var res
    1: var cdr
  closure vars:
    0: sc_isPair parent:loc70 var
    1: sc_error parent:loc9 var
  stack_size: 2
  opcodes:
        get_var_ref0 0: sc_isPair
        get_arg0 0: l
        call1 1
        lnot
        if_false8 14
        get_var_ref1 1: sc_error
        push_atom_value "sc_lastPair: pair expected"
        call1 1
        drop
   14:  get_arg0 0: l
        put_loc0 0: res
        get_arg0 0: l
        get_field cdr
        put_loc1 1: cdr
   23:  get_var_ref0 0: sc_isPair
        get_loc1 1: cdr
        call1 1
        if_false8 38
        get_loc1 1: cdr
        set_loc0 0: res
        get_field cdr
        put_loc1 1: cdr
        goto8 23
   38:  get_loc0 0: res
        return

__tests__/fixtures_quickjs/octane/earley-boyer.js:709:1: function: sc_isNull
  mode: strict
  args: o
  stack_size: 1
  opcodes:
        get_arg0 0: o
        is_null
        return

__tests__/fixtures_quickjs/octane/earley-boyer.js:715:1: function: sc_isList
  mode: strict
  args: o
  locals:
    0: var rabbit
    1: var turtle
  closure vars:
    0: sc_Pair parent:loc69 var
  stack_size: 2
  opcodes:
        get_arg0 0: o
        put_loc0 0: rabbit
        get_arg0 0: o
        put_loc1 1: turtle
    4:  get_loc0 0: rabbit
        is_null
        dup
        if_true8 22
        drop
        get_loc0 0: rabbit
        get_var_ref0 0: sc_Pair
        instanceof
        if_false8 26
        get_loc0 0: rabbit
        get_field cdr
        is_null
   22:  if_false8 26
        push_true
        return
   26:  get_loc0 0: rabbit
        get_var_ref0 0: sc_Pair
        instanceof
        if_false8 67
        get_loc0 0: rabbit
        get_field cdr
        get_var_ref0 0: sc_Pair
        instanceof
        if_false8 67
        get_loc0 0: rabbit
        get_field cdr
        get_field cdr
        put_loc0 0: rabbit
        get_loc1 1: turtle
        get_field cdr
        put_loc1 1: turtle
        get_loc0 0: rabbit
        get_loc1 1: turtle
        strict_eq
        if_false8 4
        push_false
        return
   67:  push_false
        return

__tests__/fixtures_quickjs/octane/earley-boyer.js:736:1: function: sc_list
  mode: strict
  locals:
    0: var res
    1: var a
    2: var i
    3: var arguments
  closure vars:
    0: sc_Pair parent:loc69 var
  stack_size: 4
  opcodes:
        special_object 0
        put_loc3 3: arguments
        null
        put_loc0 0: res
        get_loc3 3: arguments
        set_loc1 1: a
        get_length
        push_1 1
        sub
        put_loc2 2: i
   11:  get_loc2 2: i
        push_0 0
        gte
        if_false8 30
        get_var_ref0 0: sc_Pair
        dup
        get_loc1 1: a
        get_loc2 2: i
        get_array_el
        get_loc0 0: res
        call_constructor 2
        put_loc0 0: res
        dec_loc 2: i
        goto8 11
   30:  get_loc0 0: res
        return

__tests__/fixtures_quickjs/octane/earley-boyer.js:744:1: function: sc_iota
  mode: strict
  args: num init
  locals:
    0: var res
    1: var i
  closure vars:
    0: sc_Pair parent:loc69 var
  stack_size: 4
  opcodes:
        null
        put_loc0 0: res
        get_arg1 1: init
        lnot
        if_false8 8
        push_0 0
        put_arg1 1: init
    8:  get_arg0 0: num
        push_1 1
        sub
        put_loc1 1: i
   12:  get_loc1 1: i
        push_0 0
        gte
        if_false8 31
        get_var_ref0 0: sc_Pair
        dup
        get_loc1 1: i
        get_arg1 1: init
        add
        get_loc0 0: res
        call_constructor 2
        put_loc0 0: res
        dec_loc 1: i
        goto8 12
   31:  get_loc0 0: res
        return

__tests__/fixtures_quickjs/octane/earley-boyer.js:753:1: function: sc_makeList
  mode: strict
  args: nbEls fill
  locals:
    0: var res
    1: var i
  closure vars:
    0: sc_Pair parent:loc69 var
  stack_size: 4
  opcodes:
        null
        put_loc0 0: res
        push_0 0
        put_loc1 1: i
    4:  get_loc1 1: i
        get_arg0 0: nbEls
        lt
        if_false8 21
        get_var_ref0 0: sc_Pair
        dup
        get_arg1 1: fill
        get_loc0 0: res
        call_constructor 2
        put_loc0 0: res
        inc_loc 1: i
        goto8 4
   21:  get_loc0 0: res
        return

__tests__/fixtures_quickjs/octane/earley-boyer.js:760:1: function: sc_length
  mode: strict
  args: l
  locals:
    0: var res
  stack_size: 1
  opcodes:
        push_0 0
        put_loc0 0: res
    2:  get_arg0 0: l
        is_null
        if_true8 17
        inc_loc 0: res
        get_arg0 0: l
        get_field cdr
        put_arg0 0: l
        goto8 2
   17:  get_loc0 0: res
        return

__tests__/fixtures_quickjs/octane/earley-boyer.js:769:1: function: sc_remq
  mode: strict
  args: o l
  locals:
    0: var dummy
    1: var tail
  closure vars:
    0: sc_cons parent:loc72 var
  stack_size: 4
  opcodes:
        object
        null
        define_field cdr
        set_loc0 0: dummy
        put_loc1 1: tail
    9:  get_arg1 1: l
        is_null
        if_true8 54
        get_arg1 1: l
        get_field car
        get_arg0 0: o
        strict_neq
        if_false8 45
        get_loc1 1: tail
        get_var_ref0 0: sc_cons
        get_arg1 1: l
        get_field car
        null
        call2 2
        put_field cdr
        get_loc1 1: tail
        get_field cdr
        put_loc1 1: tail
   45:  get_arg1 1: l
        get_field cdr
        put_arg1 1: l
        goto8 9
   54:  get_loc0 0: dummy
        get_field cdr
        return

__tests__/fixtures_quickjs/octane/earley-boyer.js:782:1: function: sc_remqBang
  mode: strict
  args: o l
  locals:
    0: var dummy
    1: var tail
    2: var needsAssig
  stack_size: 2
  opcodes:
        object
        null
        define_field cdr
        set_loc0 0: dummy
        put_loc1 1: tail
        push_true
        put_loc2 2: needsAssig
   11:  get_arg1 1: l
        is_null
        if_true8 52
        get_arg1 1: l
        get_field car
        get_arg0 0: o
        strict_eq
        if_false8 29
        push_true
        put_loc2 2: needsAssig
        goto8 43
   29:  get_loc2 2: needsAssig
        if_false8 41
        get_loc1 1: tail
        get_arg1 1: l
        put_field cdr
        push_false
        put_loc2 2: needsAssig
   41:  get_arg1 1: l
        put_loc1 1: tail
   43:  get_arg1 1: l
        get_field cdr
        put_arg1 1: l
        goto8 11
   52:  get_loc1 1: tail
        null
        put_field cdr
        get_loc0 0: dummy
        get_field cdr
        return

__tests__/fixtures_quickjs/octane/earley-boyer.js:803:1: function: sc_delete
  mode: strict
  args: o l
  locals:
    0: var dummy
    1: var tail
  closure vars:
    0: sc_isEqual parent:loc313 var
    1: sc_cons parent:loc72 var
  stack_size: 4
  opcodes:
        object
        null
        define_field cdr
        set_loc0 0: dummy
        put_loc1 1: tail
    9:  get_arg1 1: l
        is_null
        if_true8 56
        get_var_ref0 0: sc_isEqual
        get_arg1 1: l
        get_field car
        get_arg0 0: o
        call2 2
        lnot
        if_false8 47
        get_loc1 1: tail
        get_var_ref1 1: sc_cons
        get_arg1 1: l
        get_field car
        null
        call2 2
        put_field cdr
        get_loc1 1: tail
        get_field cdr
        put_loc1 1: tail
   47:  get_arg1 1: l
        get_field cdr
        put_arg1 1: l
        goto8 9
   56:  get_loc0 0: dummy
        get_field cdr
        return

__tests__/fixtures_quickjs/octane/earley-boyer.js:816:1: function: sc_deleteBang
  mode: strict
  args: o l
  locals:
    0: var dummy
    1: var tail
    2: var needsAssig
  closure vars:
    0: sc_isEqual parent:loc313 var
  stack_size: 3
  opcodes:
        object
        null
        define_field cdr
        set_loc0 0: dummy
        put_loc1 1: tail
        push_true
        put_loc2 2: needsAssig
   11:  get_arg1 1: l
        is_null
        if_true8 53
        get_var_ref0 0: sc_isEqual
        get_arg1 1: l
        get_field car
        get_arg0 0: o
        call2 2
        if_false8 30
        push_true
        put_loc2 2: needsAssig
        goto8 44
   30:  get_loc2 2: needsAssig
        if_false8 42
        get_loc1 1: tail
        get_arg1 1: l
        put_field cdr
        push_false
        put_loc2 2: needsAssig
   42:  get_arg1 1: l
        put_loc1 1: tail
   44:  get_arg1 1: l
        get_field cdr
        put_arg1 1: l
        goto8 11
   53:  get_loc1 1: tail
        null
        put_field cdr
        get_loc0 0: dummy
        get_field cdr
        return

__tests__/fixtures_quickjs/octane/earley-boyer.js:836:1: function: sc_reverseAppendBang
  mode: strict
  args: l1 l2
  locals:
    0: var res
    1: var tmp
  stack_size: 2
  opcodes:
        get_arg1 1: l2
        put_loc0 0: res
    2:  get_arg0 0: l1
        is_null
        if_true8 26
        get_loc0 0: res
        put_loc1 1: tmp
        get_arg0 0: l1
        put_loc0 0: res
        get_arg0 0: l1
        get_field cdr
        put_arg0 0: l1
        get_loc0 0: res
        get_loc1 1: tmp
        put_field cdr
        goto8 2
   26:  get_loc0 0: res
        return

__tests__/fixtures_quickjs/octane/earley-boyer.js:846:1: function: sc_dualAppend
  mode: strict
  args: l1 l2
  locals:
    0: var rev
  closure vars:
    0: sc_reverse parent:loc122 var
    1: sc_reverseAppendBang parent:loc117 var
  stack_size: 3
  opcodes:
        get_arg0 0: l1
        is_null
        if_false8 6
        get_arg1 1: l2
        return
    6:  get_arg1 1: l2
        is_null
        if_false8 12
        get_arg0 0: l1
        return
   12:  get_var_ref0 0: sc_reverse
        get_arg0 0: l1
        call1 1
        put_loc0 0: rev
        get_var_ref1 1: sc_reverseAppendBang
        get_loc0 0: rev
        get_arg1 1: l2
        tail_call 2

__tests__/fixtures_quickjs/octane/earley-boyer.js:855:1: function: sc_append
  mode: strict
  locals:
    0: var res
    1: var i
    2: var arguments
  closure vars:
    0: sc_dualAppend parent:loc118 var
  stack_size: 3
  opcodes:
        special_object 0
        put_loc2 2: arguments
        get_loc2 2: arguments
        get_length
        push_0 0
        strict_eq
        if_false8 11
        null
        return
   11:  get_loc2 2: arguments
        get_loc2 2: arguments
        get_length
        push_1 1
        sub
        get_array_el
        put_loc0 0: res
        get_loc2 2: arguments
        get_length
        push_2 2
        sub
        put_loc1 1: i
   23:  get_loc1 1: i
        push_0 0
        gte
        if_false8 39
        get_var_ref0 0: sc_dualAppend
        get_loc2 2: arguments
        get_loc1 1: i
        get_array_el
        get_loc0 0: res
        call2 2
        put_loc0 0: res
        dec_loc 1: i
        goto8 23
   39:  get_loc0 0: res
        return

__tests__/fixtures_quickjs/octane/earley-boyer.js:863:1: function: sc_dualAppendBang
  mode: strict
  args: l1 l2
  locals:
    0: var tmp
  stack_size: 2
  opcodes:
        get_arg0 0: l1
        is_null
        if_false8 6
        get_arg1 1: l2
        return
    6:  get_arg1 1: l2
        is_null
        if_false8 12
        get_arg0 0: l1
        return
   12:  get_arg0 0: l1
        put_loc0 0: tmp
   14:  get_loc0 0: tmp
        get_field cdr
        is_null
        if_true8 32
        get_loc0 0: tmp
        get_field cdr
        put_loc0 0: tmp
        goto8 14
   32:  get_loc0 0: tmp
        get_arg1 1: l2
        put_field cdr
        get_arg0 0: l1
        return

__tests__/fixtures_quickjs/octane/earley-boyer.js:875:1: function: sc_appendBang
  mode: strict
  locals:
    0: var res
    1: var i
    2: var arguments
  closure vars:
    0: sc_dualAppendBang parent:loc120 var
  stack_size: 4
  opcodes:
        special_object 0
        put_loc2 2: arguments
        null
        put_loc0 0: res
        push_0 0
        put_loc1 1: i
    7:  get_loc1 1: i
        get_loc2 2: arguments
        get_length
        lt
        if_false8 24
        get_var_ref0 0: sc_dualAppendBang
        get_loc0 0: res
        get_loc2 2: arguments
        get_loc1 1: i
        get_array_el
        call2 2
        put_loc0 0: res
        inc_loc 1: i
        goto8 7
   24:  get_loc0 0: res
        return

__tests__/fixtures_quickjs/octane/earley-boyer.js:882:1: function: sc_reverse
  mode: strict
  args: l1
  locals:
    0: var res
  closure vars:
    0: sc_cons parent:loc72 var
  stack_size: 3
  opcodes:
        null
        put_loc0 0: res
    2:  get_arg0 0: l1
        is_null
        if_true8 25
        get_var_ref0 0: sc_cons
        get_arg0 0: l1
        get_field car
        get_loc0 0: res
        call2 2
        put_loc0 0: res
        get_arg0 0: l1
        get_field cdr
        put_arg0 0: l1
        goto8 2
   25:  get_loc0 0: res
        return

__tests__/fixtures_quickjs/octane/earley-boyer.js:891:1: function: sc_reverseBang
  mode: strict
  args: l
  closure vars:
    0: sc_reverseAppendBang parent:loc117 var
  stack_size: 3
  opcodes:
        get_var_ref0 0: sc_reverseAppendBang
        get_arg0 0: l
        null
        tail_call 2

__tests__/fixtures_quickjs/octane/earley-boyer.js:895:1: function: sc_listTail
  mode: strict
  args: l k
  locals:
    0: var res
    1: var i
  stack_size: 2
  opcodes:
        get_arg0 0: l
        put_loc0 0: res
        push_0 0
        put_loc1 1: i
    4:  get_loc1 1: i
        get_arg1 1: k
        lt
        if_false8 20
        get_loc0 0: res
        get_field cdr
        put_loc0 0: res
        inc_loc 1: i
        goto8 4
   20:  get_loc0 0: res
        return

__tests__/fixtures_quickjs/octane/earley-boyer.js:903:1: function: sc_listRef
  mode: strict
  args: l k
  closure vars:
    0: sc_listTail parent:loc124 var
  stack_size: 3
  opcodes:
        get_var_ref0 0: sc_listTail
        get_arg0 0: l
        get_arg1 1: k
        call2 2
        get_field car
        return

__tests__/fixtures_quickjs/octane/earley-boyer.js:921:1: function: sc_memq
  mode: strict
  args: o l
  stack_size: 2
  opcodes:
    0:  get_arg1 1: l
        is_null
        if_true8 25
        get_arg1 1: l
        get_field car
        get_arg0 0: o
        strict_eq
        if_false8 16
        get_arg1 1: l
        return
   16:  get_arg1 1: l
        get_field cdr
        put_arg1 1: l
        goto8 0
   25:  push_false
        return

__tests__/fixtures_quickjs/octane/earley-boyer.js:930:1: function: sc_memv
  mode: strict
  args: o l
  stack_size: 2
  opcodes:
    0:  get_arg1 1: l
        is_null
        if_true8 25
        get_arg1 1: l
        get_field car
        get_arg0 0: o
        strict_eq
        if_false8 16
        get_arg1 1: l
        return
   16:  get_arg1 1: l
        get_field cdr
        put_arg1 1: l
        goto8 0
   25:  push_false
        return

__tests__/fixtures_quickjs/octane/earley-boyer.js:939:1: function: sc_member
  mode: strict
  args: o l
  closure vars:
    0: sc_isEqual parent:loc313 var
  stack_size: 3
  opcodes:
    0:  get_arg1 1: l
        is_null
        if_true8 26
        get_var_ref0 0: sc_isEqual
        get_arg1 1: l
        get_field car
        get_arg0 0: o
        call2 2
        if_false8 17
        get_arg1 1: l
        return
   17:  get_arg1 1: l
        get_field cdr
        put_arg1 1: l
        goto8 0
   26:  push_false
        return

__tests__/fixtures_quickjs/octane/earley-boyer.js:962:1: function: sc_assq
  mode: strict
  args: o al
  stack_size: 2
  opcodes:
    0:  get_arg1 1: al
        is_null
        if_true8 35
        get_arg1 1: al
        get_field car
        get_field car
        get_arg0 0: o
        strict_eq
        if_false8 26
        get_arg1 1: al
        get_field car
        return
   26:  get_arg1 1: al
        get_field cdr
        put_arg1 1: al
        goto8 0
   35:  push_false
        return

__tests__/fixtures_quickjs/octane/earley-boyer.js:971:1: function: sc_assv
  mode: strict
  args: o al
  stack_size: 2
  opcodes:
    0:  get_arg1 1: al
        is_null
        if_true8 35
        get_arg1 1: al
        get_field car
        get_field car
        get_arg0 0: o
        strict_eq
        if_false8 26
        get_arg1 1: al
        get_field car
        return
   26:  get_arg1 1: al
        get_field cdr
        put_arg1 1: al
        goto8 0
   35:  push_false
        return

__tests__/fixtures_quickjs/octane/earley-boyer.js:980:1: function: sc_assoc
  mode: strict
  args: o al
  closure vars:
    0: sc_isEqual parent:loc313 var
  stack_size: 3
  opcodes:
    0:  get_arg1 1: al
        is_null
        if_true8 36
        get_var_ref0 0: sc_isEqual
        get_arg1 1: al
        get_field car
        get_field car
        get_arg0 0: o
        call2 2
        if_false8 27
        get_arg1 1: al
        get_field car
        return
   27:  get_arg1 1: al
        get_field cdr
        put_arg1 1: al
        goto8 0
   36:  push_false
        return

__tests__/fixtures_quickjs/octane/earley-boyer.js:989:1: function: sc_isCharStringEqual
  mode: strict
  args: cs1 cs2
  stack_size: 2
  opcodes:
        get_arg0 0: cs1
        get_field val
        get_arg1 1: cs2
        get_field val
        strict_eq
        return

__tests__/fixtures_quickjs/octane/earley-boyer.js:990:1: function: sc_isCharStringLess
  mode: strict
  args: cs1 cs2
  stack_size: 2
  opcodes:
        get_arg0 0: cs1
        get_field val
        get_arg1 1: cs2
        get_field val
        lt
        return

__tests__/fixtures_quickjs/octane/earley-boyer.js:991:1: function: sc_isCharStringGreater
  mode: strict
  args: cs1 cs2
  stack_size: 2
  opcodes:
        get_arg0 0: cs1
        get_field val
        get_arg1 1: cs2
        get_field val
        gt
        return

__tests__/fixtures_quickjs/octane/earley-boyer.js:992:1: function: sc_isCharStringLessEqual
  mode: strict
  args: cs1 cs2
  stack_size: 2
  opcodes:
        get_arg0 0: cs1
        get_field val
        get_arg1 1: cs2
        get_field val
        lte
        return

__tests__/fixtures_quickjs/octane/earley-boyer.js:993:1: function: sc_isCharStringGreaterEqual
  mode: strict
  args: cs1 cs2
  stack_size: 2
  opcodes:
        get_arg0 0: cs1
        get_field val
        get_arg1 1: cs2
        get_field val
        gte
        return

__tests__/fixtures_quickjs/octane/earley-boyer.js:994:1: function: sc_isCharStringCIEqual
  mode: strict
  args: cs1 cs2
  stack_size: 3
  opcodes:
        get_arg0 0: cs1
        get_field val
        get_field2 toLowerCase
        call_method 0
        get_arg1 1: cs2
        get_field val
        get_field2 toLowerCase
        call_method 0
        strict_eq
        return

__tests__/fixtures_quickjs/octane/earley-boyer.js:995:1: function: sc_isCharStringCILess
  mode: strict
  args: cs1 cs2
  stack_size: 3
  opcodes:
        get_arg0 0: cs1
        get_field val
        get_field2 toLowerCase
        call_method 0
        get_arg1 1: cs2
        get_field val
        get_field2 toLowerCase
        call_method 0
        lt
        return

__tests__/fixtures_quickjs/octane/earley-boyer.js:996:1: function: sc_isCharStringCIGreater
  mode: strict
  args: cs1 cs2
  stack_size: 3
  opcodes:
        get_arg0 0: cs1
        get_field val
        get_field2 toLowerCase
        call_method 0
        get_arg1 1: cs2
        get_field val
        get_field2 toLowerCase
        call_method 0
        gt
        return

__tests__/fixtures_quickjs/octane/earley-boyer.js:997:1: function: sc_isCharStringCILessEqual
  mode: strict
  args: cs1 cs2
  stack_size: 3
  opcodes:
        get_arg0 0: cs1
        get_field val
        get_field2 toLowerCase
        call_method 0
        get_arg1 1: cs2
        get_field val
        get_field2 toLowerCase
        call_method 0
        lte
        return

__tests__/fixtures_quickjs/octane/earley-boyer.js:998:1: function: sc_isCharStringCIGreaterEqual
  mode: strict
  args: cs1 cs2
  stack_size: 3
  opcodes:
        get_arg0 0: cs1
        get_field val
        get_field2 toLowerCase
        call_method 0
        get_arg1 1: cs2
        get_field val
        get_field2 toLowerCase
        call_method 0
        gte
        return

__tests__/fixtures_quickjs/octane/earley-boyer.js:999:1: function: sc_Char
  mode: strict
  args: c
  locals:
    0: var cached
    1: var this
  closure vars:
    0: sc_Char parent:loc142 var
  stack_size: 3
  opcodes:
        push_this
        put_loc1 1: this
        get_var_ref0 0: sc_Char
        get_field lazy
        get_arg0 0: c
        get_array_el
        set_loc0 0: cached
        if_false8 15
        get_loc0 0: cached
        return
   15:  get_loc1 1: this
        get_arg0 0: c
        put_field val
        get_var_ref0 0: sc_Char
        get_field lazy
        get_arg0 0: c
        get_loc1 1: this
        put_array_el
        get_var undefined
        return

__tests__/fixtures_quickjs/octane/earley-boyer.js:1093:30: function: <null>
  mode: strict
  locals:
    0: var this
  stack_size: 1
  opcodes:
        push_this
        put_loc0 0: this
        get_loc0 0: this
        get_field val
        return

__tests__/fixtures_quickjs/octane/earley-boyer.js:1097:38: function: <null>
  mode: strict
  locals:
    0: var entry
    1: var this
  closure vars:
    0: sc_Char parent:loc142 var
  stack_size: 2
  opcodes:
        push_this
        put_loc1 1: this
        get_var_ref0 0: sc_Char
        get_field char2readable
        get_loc1 1: this
        get_field val
        get_array_el
        set_loc0 0: entry
        if_false8 20
        get_loc0 0: entry
        return
   20:  push_atom_value "#\\"
        get_loc1 1: this
        get_field val
        add
        return

__tests__/fixtures_quickjs/octane/earley-boyer.js:1108:1: function: sc_isChar
  mode: strict
  args: c
  closure vars:
    0: sc_Char parent:loc142 var
  stack_size: 2
  opcodes:
        get_arg0 0: c
        get_var_ref0 0: sc_Char
        instanceof
        return

__tests__/fixtures_quickjs/octane/earley-boyer.js:1165:1: function: sc_isCharOfClass
  mode: strict
  args: c cl
  stack_size: 3
  opcodes:
        get_arg1 1: cl
        get_field2 indexOf
        get_arg0 0: c
        call_method 1
        push_minus1 -1
        neq
        return

__tests__/fixtures_quickjs/octane/earley-boyer.js:1169:1: function: sc_isCharAlphabetic
  mode: strict
  args: c
  closure vars:
    0: sc_isCharOfClass parent:loc158 var
    1: SC_LOWER_CLASS parent:loc156 var
    2: SC_UPPER_CLASS parent:loc157 var
  stack_size: 3
  opcodes:
        get_var_ref0 0: sc_isCharOfClass
        get_arg0 0: c
        get_field val
        get_var_ref1 1: SC_LOWER_CLASS
        call2 2
        dup
        if_true8 22
        drop
        get_var_ref0 0: sc_isCharOfClass
        get_arg0 0: c
        get_field val
        get_var_ref2 2: SC_UPPER_CLASS
        call2 2
   22:  return

__tests__/fixtures_quickjs/octane/earley-boyer.js:1177:1: function: sc_isCharNumeric
  mode: strict
  args: c
  closure vars:
    0: sc_isCharOfClass parent:loc158 var
    1: SC_NUMBER_CLASS parent:loc154 var
  stack_size: 3
  opcodes:
        get_var_ref0 0: sc_isCharOfClass
        get_arg0 0: c
        get_field val
        get_var_ref1 1: SC_NUMBER_CLASS
        tail_call 2

__tests__/fixtures_quickjs/octane/earley-boyer.js:1181:1: function: sc_isCharWhitespace
  mode: strict
  args: c
  locals:
    0: var tmp
  stack_size: 2
  opcodes:
        get_arg0 0: c
        get_field val
        set_loc0 0: tmp
        push_atom_value " "
        strict_eq
        dup
        if_true8 57
        drop
        get_loc0 0: tmp
        push_atom_value "\u000d"
        strict_eq
        dup
        if_true8 57
        drop
        get_loc0 0: tmp
        push_atom_value "\n"
        strict_eq
        dup
        if_true8 57
        drop
        get_loc0 0: tmp
        push_atom_value "\u0009"
        strict_eq
        dup
        if_true8 57
        drop
        get_loc0 0: tmp
        push_atom_value "\u000c"
        strict_eq
   57:  return

__tests__/fixtures_quickjs/octane/earley-boyer.js:1189:1: function: sc_isCharUpperCase
  mode: strict
  args: c
  closure vars:
    0: sc_isCharOfClass parent:loc158 var
    1: SC_UPPER_CLASS parent:loc157 var
  stack_size: 3
  opcodes:
        get_var_ref0 0: sc_isCharOfClass
        get_arg0 0: c
        get_field val
        get_var_ref1 1: SC_UPPER_CLASS
        tail_call 2

__tests__/fixtures_quickjs/octane/earley-boyer.js:1194:1: function: sc_isCharLowerCase
  mode: strict
  args: c
  closure vars:
    0: sc_isCharOfClass parent:loc158 var
    1: SC_LOWER_CLASS parent:loc156 var
  stack_size: 3
  opcodes:
        get_var_ref0 0: sc_isCharOfClass
        get_arg0 0: c
        get_field val
        get_var_ref1 1: SC_LOWER_CLASS
        tail_call 2

__tests__/fixtures_quickjs/octane/earley-boyer.js:1198:1: function: sc_char2integer
  mode: strict
  args: c
  stack_size: 3
  opcodes:
        get_arg0 0: c
        get_field val
        get_field2 charCodeAt
        push_0 0
        tail_call_method 1

__tests__/fixtures_quickjs/octane/earley-boyer.js:1202:1: function: sc_integer2char
  mode: strict
  args: n
  closure vars:
    0: sc_Char parent:loc142 var
  stack_size: 5
  opcodes:
        get_var_ref0 0: sc_Char
        dup
        get_var String
        get_field2 fromCharCode
        get_arg0 0: n
        call_method 1
        call_constructor 1
        return

__tests__/fixtures_quickjs/octane/earley-boyer.js:1206:1: function: sc_charUpcase
  mode: strict
  args: c
  closure vars:
    0: sc_Char parent:loc142 var
  stack_size: 4
  opcodes:
        get_var_ref0 0: sc_Char
        dup
        get_arg0 0: c
        get_field val
        get_field2 toUpperCase
        call_method 0
        call_constructor 1
        return

__tests__/fixtures_quickjs/octane/earley-boyer.js:1210:1: function: sc_charDowncase
  mode: strict
  args: c
  closure vars:
    0: sc_Char parent:loc142 var
  stack_size: 4
  opcodes:
        get_var_ref0 0: sc_Char
        dup
        get_arg0 0: c
        get_field val
        get_field2 toLowerCase
        call_method 0
        call_constructor 1
        return

__tests__/fixtures_quickjs/octane/earley-boyer.js:1211:1: function: sc_makeJSStringOfLength
  mode: strict
  args: k c
  locals:
    0: var fill
    1: var res
    2: var len
  stack_size: 3
  opcodes:
        get_arg1 1: c
        get_var undefined
        strict_eq
        if_false8 17
        push_atom_value " "
        put_loc0 0: fill
        goto8 19
   17:  get_arg1 1: c
        put_loc0 0: fill
   19:  push_empty_string
        put_loc1 1: res
        push_1 1
        put_loc2 2: len
   23:  get_arg0 0: k
        get_loc2 2: len
        gte
        if_false8 61
        get_arg0 0: k
        get_loc2 2: len
        and
        if_false8 44
        get_loc1 1: res
        get_field2 concat
        get_loc0 0: fill
        call_method 1
        put_loc1 1: res
   44:  get_loc0 0: fill
        get_field2 concat
        get_loc0 0: fill
        call_method 1
        put_loc0 0: fill
        get_loc2 2: len
        push_2 2
        mul
        put_loc2 2: len
        goto8 23
   61:  get_loc1 1: res
        return

__tests__/fixtures_quickjs/octane/earley-boyer.js:1228:1: function: sc_makejsString
  mode: strict
  args: k c
  locals:
    0: var fill
  closure vars:
    0: sc_makeJSStringOfLength parent:loc168 var
  stack_size: 3
  opcodes:
        get_arg1 1: c
        if_false8 12
        get_arg1 1: c
        get_field val
        put_loc0 0: fill
        goto8 18
   12:  push_atom_value " "
        put_loc0 0: fill
   18:  get_var_ref0 0: sc_makeJSStringOfLength
        get_arg0 0: k
        get_loc0 0: fill
        tail_call 2

__tests__/fixtures_quickjs/octane/earley-boyer.js:1236:1: function: sc_jsstring2list
  mode: strict
  args: s
  locals:
    0: var res
    1: var i
  closure vars:
    0: sc_cons parent:loc72 var
    1: sc_Char parent:loc142 var
  stack_size: 6
  opcodes:
        null
        put_loc0 0: res
        get_arg0 0: s
        get_length
        push_1 1
        sub
        put_loc1 1: i
    7:  get_loc1 1: i
        push_0 0
        gte
        if_false8 35
        get_var_ref0 0: sc_cons
        get_var_ref1 1: sc_Char
        dup
        get_arg0 0: s
        get_field2 charAt
        get_loc1 1: i
        call_method 1
        call_constructor 1
        get_loc0 0: res
        call2 2
        put_loc0 0: res
        dec_loc 1: i
        goto8 7
   35:  get_loc0 0: res
        return

__tests__/fixtures_quickjs/octane/earley-boyer.js:1242:1: function: sc_list2jsstring
  mode: strict
  args: l
  locals:
    0: var a
  stack_size: 4
  opcodes:
        get_var Array
        dup
        call_constructor 0
        put_loc0 0: a
   10:  get_arg0 0: l
        is_null
        if_true8 44
        get_loc0 0: a
        get_field2 push
        get_arg0 0: l
        get_field car
        get_field val
        call_method 1
        drop
        get_arg0 0: l
        get_field cdr
        put_arg0 0: l
        goto8 10
   44:  push_empty_string
        get_field concat
        get_field2 apply
        push_empty_string
        get_loc0 0: a
        tail_call_method 2

__tests__/fixtures_quickjs/octane/earley-boyer.js:1251:49: function: <null>
  mode: strict
  args: writeOrDisplay
  locals:
    0: var res
    1: var i
    2: var this
  stack_size: 5
  opcodes:
        push_this
        put_loc2 2: this
        get_loc2 2: this
        get_length
        push_0 0
        strict_eq
        if_false8 14
        push_atom_value "#()"
        return
   14:  push_atom_value "#("
        get_arg0 0: writeOrDisplay
        get_loc2 2: this
        push_0 0
        get_array_el
        call1 1
        add
        put_loc0 0: res
        push_1 1
        put_loc1 1: i
   28:  get_loc1 1: i
        get_loc2 2: this
        get_length
        lt
        if_false8 52
        get_loc0 0: res
        push_atom_value " "
        get_arg0 0: writeOrDisplay
        get_loc2 2: this
        get_loc1 1: i
        get_array_el
        call1 1
        add
        add
        put_loc0 0: res
        inc_loc 1: i
        goto8 28
   52:  push_atom_value ")"
        add_loc 0: res
        get_loc0 0: res
        return

__tests__/fixtures_quickjs/octane/earley-boyer.js:1260:42: function: <null>
  mode: strict
  locals:
    0: var this
  closure vars:
    0: sc_toDisplayString parent:loc291 var
  stack_size: 3
  opcodes:
        push_this
        put_loc0 0: this
        get_loc0 0: this
        get_field2 sc_toWriteOrDisplayString
        get_var_ref0 0: sc_toDisplayString
        tail_call_method 1

__tests__/fixtures_quickjs/octane/earley-boyer.js:1263:40: function: <null>
  mode: strict
  locals:
    0: var this
  closure vars:
    0: sc_toWriteString parent:loc288 var
  stack_size: 3
  opcodes:
        push_this
        put_loc0 0: this
        get_loc0 0: this
        get_field2 sc_toWriteOrDisplayString
        get_var_ref0 0: sc_toWriteString
        tail_call_method 1

__tests__/fixtures_quickjs/octane/earley-boyer.js:1270:1: function: sc_isVector
  mode: strict
  args: v
  closure vars:
    0: sc_Vector parent:loc172 var
  stack_size: 2
  opcodes:
        get_arg0 0: v
        get_var_ref0 0: sc_Vector
        instanceof
        return

__tests__/fixtures_quickjs/octane/earley-boyer.js:1274:1: function: sc_isVectorEqual
  mode: strict
  args: v1 v2 comp
  locals:
    0: var i
  stack_size: 4
  opcodes:
        get_arg0 0: v1
        get_length
        get_arg1 1: v2
        get_length
        strict_neq
        if_false8 9
        push_false
        return
    9:  push_0 0
        put_loc0 0: i
   11:  get_loc0 0: i
        get_arg0 0: v1
        get_length
        lt
        if_false8 34
        get_arg2 2: comp
        get_arg0 0: v1
        get_loc0 0: i
        get_array_el
        get_arg1 1: v2
        get_loc0 0: i
        get_array_el
        call2 2
        lnot
        if_false8 30
        push_false
        return
   30:  inc_loc 0: i
        goto8 11
   34:  push_true
        return

__tests__/fixtures_quickjs/octane/earley-boyer.js:1283:1: function: sc_makeVector
  mode: strict
  args: size fill
  locals:
    0: var a
  closure vars:
    0: sc_Vector parent:loc172 var
    1: sc_vectorFillBang parent:loc182 var
  stack_size: 3
  opcodes:
        get_var_ref0 0: sc_Vector
        dup
        get_arg0 0: size
        call_constructor 1
        put_loc0 0: a
        get_arg1 1: fill
        get_var undefined
        strict_neq
        if_false8 21
        get_var_ref1 1: sc_vectorFillBang
        get_loc0 0: a
        get_arg1 1: fill
        call2 2
        drop
   21:  get_loc0 0: a
        return

__tests__/fixtures_quickjs/octane/earley-boyer.js:1292:1: function: sc_vector
  mode: strict
  locals:
    0: var a
    1: var i
    2: var arguments
  closure vars:
    0: sc_Vector parent:loc172 var
  stack_size: 4
  opcodes:
        special_object 0
        put_loc2 2: arguments
        get_var_ref0 0: sc_Vector
        dup
        call_constructor 0
        put_loc0 0: a
        push_0 0
        put_loc1 1: i
   11:  get_loc1 1: i
        get_loc2 2: arguments
        get_length
        lt
        if_false8 34
        get_loc0 0: a
        get_field2 push
        get_loc2 2: arguments
        get_loc1 1: i
        get_array_el
        call_method 1
        drop
        inc_loc 1: i
        goto8 11
   34:  get_loc0 0: a
        return

__tests__/fixtures_quickjs/octane/earley-boyer.js:1301:1: function: sc_vectorLength
  mode: strict
  args: v
  stack_size: 1
  opcodes:
        get_arg0 0: v
        get_length
        return

__tests__/fixtures_quickjs/octane/earley-boyer.js:1307:1: function: sc_vectorRef
  mode: strict
  args: v pos
  stack_size: 2
  opcodes:
        get_arg0 0: v
        get_arg1 1: pos
        get_array_el
        return

__tests__/fixtures_quickjs/octane/earley-boyer.js:1313:1: function: sc_vectorSetBang
  mode: strict
  args: v pos val
  stack_size: 3
  opcodes:
        get_arg0 0: v
        get_arg1 1: pos
        get_arg2 2: val
        put_array_el
        return_undef

__tests__/fixtures_quickjs/octane/earley-boyer.js:1317:1: function: sc_vector2list
  mode: strict
  args: a
  locals:
    0: var res
    1: var i
  closure vars:
    0: sc_cons parent:loc72 var
  stack_size: 3
  opcodes:
        null
        put_loc0 0: res
        get_arg0 0: a
        get_length
        push_1 1
        sub
        put_loc1 1: i
    7:  get_loc1 1: i
        push_0 0
        gte
        if_false8 23
        get_var_ref0 0: sc_cons
        get_arg0 0: a
        get_loc1 1: i
        get_array_el
        get_loc0 0: res
        call2 2
        put_loc0 0: res
        dec_loc 1: i
        goto8 7
   23:  get_loc0 0: res
        return

__tests__/fixtures_quickjs/octane/earley-boyer.js:1324:1: function: sc_list2vector
  mode: strict
  args: l
  locals:
    0: var a
  closure vars:
    0: sc_Vector parent:loc172 var
  stack_size: 3
  opcodes:
        get_var_ref0 0: sc_Vector
        dup
        call_constructor 0
        put_loc0 0: a
    6:  get_arg0 0: l
        is_null
        if_true8 35
        get_loc0 0: a
        get_field2 push
        get_arg0 0: l
        get_field car
        call_method 1
        drop
        get_arg0 0: l
        get_field cdr
        put_arg0 0: l
        goto8 6
   35:  get_loc0 0: a
        return

__tests__/fixtures_quickjs/octane/earley-boyer.js:1333:1: function: sc_vectorFillBang
  mode: strict
  args: a fill
  locals:
    0: var i
  stack_size: 3
  opcodes:
        push_0 0
        put_loc0 0: i
    2:  get_loc0 0: i
        get_arg0 0: a
        get_length
        lt
        if_false8 16
        get_arg0 0: a
        get_loc0 0: i
        get_arg1 1: fill
        put_array_el
        inc_loc 0: i
        goto8 2
   16:  return_undef

__tests__/fixtures_quickjs/octane/earley-boyer.js:1338:1: function: sc_copyVector
  mode: strict
  args: a len
  locals:
    0: var tmp
  stack_size: 4
  opcodes:
        get_arg1 1: len
        get_arg0 0: a
        get_length
        lte
        if_false8 17
        get_arg0 0: a
        get_field2 slice
        push_0 0
        get_arg1 1: len
        tail_call_method 2
   17:  get_arg0 0: a
        get_field2 concat
        call_method 0
        set_loc0 0: tmp
        get_arg1 1: len
        put_field length
        get_loc0 0: tmp
        return

__tests__/fixtures_quickjs/octane/earley-boyer.js:1350:1: function: sc_vectorCopy
  mode: strict
  args: a start end
  stack_size: 4
  opcodes:
        get_arg0 0: a
        get_field2 slice
        get_arg1 1: start
        get_arg2 2: end
        tail_call_method 2

__tests__/fixtures_quickjs/octane/earley-boyer.js:1354:1: function: sc_vectorCopyBang
  mode: strict
  args: target tstart source sstart send
  locals:
    0: var i
    1: var j
    2: var diff
  stack_size: 4
  opcodes:
        get_arg3 3: sstart
        lnot
        if_false8 6
        push_0 0
        put_arg3 3: sstart
    6:  get_arg 4: send
        lnot
        if_false8 17
        get_arg2 2: source
        get_length
        put_arg 4: send
   17:  get_arg1 1: tstart
        get_arg3 3: sstart
        lte
        if_false8 45
        get_arg1 1: tstart
        put_loc0 0: i
        get_arg3 3: sstart
        put_loc1 1: j
   26:  get_loc1 1: j
        get_arg 4: send
        lt
        if_false8 80
        get_arg0 0: target
        get_loc0 0: i
        get_arg2 2: source
        get_loc1 1: j
        get_array_el
        put_array_el
        inc_loc 0: i
        inc_loc 1: j
        goto8 26
   45:  get_arg 4: send
        get_arg3 3: sstart
        sub
        put_loc2 2: diff
        get_arg1 1: tstart
        get_loc2 2: diff
        add
        push_1 1
        sub
        put_loc0 0: i
        get_arg 4: send
        push_1 1
        sub
        put_loc1 1: j
   63:  get_loc1 1: j
        get_arg3 3: sstart
        gte
        if_false8 80
        get_arg0 0: target
        get_loc0 0: i
        get_arg2 2: source
        get_loc1 1: j
        get_array_el
        put_array_el
        dec_loc 0: i
        dec_loc 1: j
        goto8 63
   80:  get_arg0 0: target
        return

__tests__/fixtures_quickjs/octane/earley-boyer.js:1377:1: function: sc_isProcedure
  mode: strict
  args: o
  stack_size: 1
  opcodes:
        get_arg0 0: o
        typeof_is_function
        return

__tests__/fixtures_quickjs/octane/earley-boyer.js:1381:1: function: sc_apply
  mode: strict
  args: proc
  locals:
    0: var args
    1: var i
    2: var l
    3: var arguments
  stack_size: 4
  opcodes:
        special_object 0
        put_loc3 3: arguments
        get_var Array
        dup
        call_constructor 0
        put_loc0 0: args
        push_1 1
        put_loc1 1: i
   15:  get_loc1 1: i
        get_loc3 3: arguments
        get_length
        push_1 1
        sub
        lt
        if_false8 40
        get_loc0 0: args
        get_field2 push
        get_loc3 3: arguments
        get_loc1 1: i
        get_array_el
        call_method 1
        drop
        inc_loc 1: i
        goto8 15
   40:  get_loc3 3: arguments
        get_loc3 3: arguments
        get_length
        push_1 1
        sub
        get_array_el
        put_loc2 2: l
   47:  get_loc2 2: l
        is_null
        if_true8 76
        get_loc0 0: args
        get_field2 push
        get_loc2 2: l
        get_field car
        call_method 1
        drop
        get_loc2 2: l
        get_field cdr
        put_loc2 2: l
        goto8 47
   76:  get_arg0 0: proc
        get_field2 apply
        null
        get_loc0 0: args
        tail_call_method 2

__tests__/fixtures_quickjs/octane/earley-boyer.js:1394:1: function: sc_map
  mode: strict
  args: proc l1
  locals:
    0: var nbApplyArgs
    1: var applyArgs
    2: var revres
    3: var i
    4: var arguments
  closure vars:
    0: sc_cons parent:loc72 var
    1: sc_reverseAppendBang parent:loc117 var
  stack_size: 5
  opcodes:
        special_object 0
        put_loc8 4: arguments
        get_arg1 1: l1
        get_var undefined
        strict_eq
        if_false8 15
        null
        return
   15:  get_loc8 4: arguments
        get_length
        push_1 1
        sub
        put_loc0 0: nbApplyArgs
        get_var Array
        dup
        get_loc0 0: nbApplyArgs
        call_constructor 1
        put_loc1 1: applyArgs
        null
        put_loc2 2: revres
   34:  get_arg1 1: l1
        is_null
        if_true8 97
        push_0 0
        put_loc3 3: i
   40:  get_loc3 3: i
        get_loc0 0: nbApplyArgs
        lt
        if_false8 80
        get_loc1 1: applyArgs
        get_loc3 3: i
        get_loc8 4: arguments
        get_loc3 3: i
        push_1 1
        add
        get_array_el
        get_field car
        put_array_el
        get_loc8 4: arguments
        get_loc3 3: i
        push_1 1
        add
        get_loc8 4: arguments
        get_loc3 3: i
        push_1 1
        add
        get_array_el
        get_field cdr
        put_array_el
        inc_loc 3: i
        goto8 40
   80:  get_var_ref0 0: sc_cons
        get_arg0 0: proc
        get_field2 apply
        null
        get_loc1 1: applyArgs
        call_method 2
        get_loc2 2: revres
        call2 2
        put_loc2 2: revres
        goto8 34
   97:  get_var_ref1 1: sc_reverseAppendBang
        get_loc2 2: revres
        null
        tail_call 2

__tests__/fixtures_quickjs/octane/earley-boyer.js:1411:1: function: sc_mapBang
  mode: strict
  args: proc l1
  locals:
    0: var l1_orig
    1: var nbApplyArgs
    2: var applyArgs
    3: var tmp
    4: var i
    5: var arguments
  stack_size: 5
  opcodes:
        special_object 0
        put_loc8 5: arguments
        get_arg1 1: l1
        get_var undefined
        strict_eq
        if_false8 15
        null
        return
   15:  get_arg1 1: l1
        put_loc0 0: l1_orig
        get_loc8 5: arguments
        get_length
        push_1 1
        sub
        put_loc1 1: nbApplyArgs
        get_var Array
        dup
        get_loc1 1: nbApplyArgs
        call_constructor 1
        put_loc2 2: applyArgs
   34:  get_arg1 1: l1
        is_null
        if_true8 107
        get_arg1 1: l1
        put_loc3 3: tmp
        push_0 0
        put_loc8 4: i
   43:  get_loc8 4: i
        get_loc1 1: nbApplyArgs
        lt
        if_false8 88
        get_loc2 2: applyArgs
        get_loc8 4: i
        get_loc8 5: arguments
        get_loc8 4: i
        push_1 1
        add
        get_array_el
        get_field car
        put_array_el
        get_loc8 5: arguments
        get_loc8 4: i
        push_1 1
        add
        get_loc8 5: arguments
        get_loc8 4: i
        push_1 1
        add
        get_array_el
        get_field cdr
        put_array_el
        inc_loc 4: i
        goto8 43
   88:  get_loc3 3: tmp
        get_arg0 0: proc
        get_field2 apply
        null
        get_loc2 2: applyArgs
        call_method 2
        put_field car
        goto8 34
  107:  get_loc0 0: l1_orig
        return

__tests__/fixtures_quickjs/octane/earley-boyer.js:1429:1: function: sc_forEach
  mode: strict
  args: proc l1
  locals:
    0: var nbApplyArgs
    1: var applyArgs
    2: var i
    3: var arguments
  stack_size: 5
  opcodes:
        special_object 0
        put_loc3 3: arguments
        get_arg1 1: l1
        get_var undefined
        strict_eq
        if_false8 18
        get_var undefined
        return
   18:  get_loc3 3: arguments
        get_length
        push_1 1
        sub
        put_loc0 0: nbApplyArgs
        get_var Array
        dup
        get_loc0 0: nbApplyArgs
        call_constructor 1
        put_loc1 1: applyArgs
   34:  get_arg1 1: l1
        is_null
        if_true8 91
        push_0 0
        put_loc2 2: i
   40:  get_loc2 2: i
        get_loc0 0: nbApplyArgs
        lt
        if_false8 77
        get_loc1 1: applyArgs
        get_loc2 2: i
        get_loc3 3: arguments
        get_loc2 2: i
        push_1 1
        add
        get_array_el
        get_field car
        put_array_el
        get_loc3 3: arguments
        get_loc2 2: i
        push_1 1
        add
        get_loc3 3: arguments
        get_loc2 2: i
        push_1 1
        add
        get_array_el
        get_field cdr
        put_array_el
        inc_loc 2: i
        goto8 40
   77:  get_arg0 0: proc
        get_field2 apply
        null
        get_loc1 1: applyArgs
        call_method 2
        drop
        goto8 34
   91:  get_var undefined
        return

__tests__/fixtures_quickjs/octane/earley-boyer.js:1446:1: function: sc_filter
  mode: strict
  args: proc l1
  locals:
    0: var dummy
    1: var tail
  closure vars:
    0: sc_cons parent:loc72 var
  stack_size: 4
  opcodes:
        object
        null
        define_field cdr
        set_loc0 0: dummy
        put_loc1 1: tail
    9:  get_arg1 1: l1
        is_null
        if_true8 56
        get_arg0 0: proc
        get_arg1 1: l1
        get_field car
        call1 1
        push_false
        strict_neq
        if_false8 47
        get_loc1 1: tail
        get_var_ref0 0: sc_cons
        get_arg1 1: l1
        get_field car
        null
        call2 2
        put_field cdr
        get_loc1 1: tail
        get_field cdr
        put_loc1 1: tail
   47:  get_arg1 1: l1
        get_field cdr
        put_arg1 1: l1
        goto8 9
   56:  get_loc0 0: dummy
        get_field cdr
        return

__tests__/fixtures_quickjs/octane/earley-boyer.js:1459:1: function: sc_filterBang
  mode: strict
  args: proc l1
  locals:
    0: var head
    1: var it
    2: var next
  closure vars:
    0: sc_cons parent:loc72 var
  stack_size: 3
  opcodes:
        get_var_ref0 0: sc_cons
        push_atom_value dummy
        get_arg1 1: l1
        call2 2
        set_loc0 0: head
        put_loc1 1: it
        get_arg1 1: l1
        put_loc2 2: next
   12:  get_loc2 2: next
        is_null
        if_true8 46
        get_arg0 0: proc
        get_loc2 2: next
        get_field car
        call1 1
        push_false
        strict_neq
        if_false8 37
        get_loc1 1: it
        get_loc2 2: next
        put_field cdr
        get_loc2 2: next
        put_loc1 1: it
   37:  get_loc2 2: next
        get_field cdr
        put_loc2 2: next
        goto8 12
   46:  get_loc1 1: it
        null
        put_field cdr
        get_loc0 0: head
        get_field cdr
        return

__tests__/fixtures_quickjs/octane/earley-boyer.js:1473:1: function: sc_filterMap1
  mode: strict
  args: proc l1
  locals:
    0: var revres
    1: var tmp
  closure vars:
    0: sc_cons parent:loc72 var
    1: sc_reverseAppendBang parent:loc117 var
  stack_size: 3
  opcodes:
        null
        put_loc0 0: revres
    2:  get_arg1 1: l1
        is_null
        if_true8 33
        get_arg0 0: proc
        get_arg1 1: l1
        get_field car
        call1 1
        set_loc1 1: tmp
        push_false
        strict_neq
        if_false8 24
        get_var_ref0 0: sc_cons
        get_loc1 1: tmp
        get_loc0 0: revres
        call2 2
        put_loc0 0: revres
   24:  get_arg1 1: l1
        get_field cdr
        put_arg1 1: l1
        goto8 2
   33:  get_var_ref1 1: sc_reverseAppendBang
        get_loc0 0: revres
        null
        tail_call 2

__tests__/fixtures_quickjs/octane/earley-boyer.js:1483:1: function: sc_filterMap2
  mode: strict
  args: proc l1 l2
  locals:
    0: var revres
    1: var tmp
  closure vars:
    0: sc_cons parent:loc72 var
    1: sc_reverseAppendBang parent:loc117 var
  stack_size: 3
  opcodes:
        null
        put_loc0 0: revres
    2:  get_arg1 1: l1
        is_null
        if_true8 46
        get_arg0 0: proc
        get_arg1 1: l1
        get_field car
        get_arg2 2: l2
        get_field car
        call2 2
        set_loc1 1: tmp
        push_false
        strict_neq
        if_false8 30
        get_var_ref0 0: sc_cons
        get_loc1 1: tmp
        get_loc0 0: revres
        call2 2
        put_loc0 0: revres
   30:  get_arg1 1: l1
        get_field cdr
        put_arg1 1: l1
        get_arg2 2: l2
        get_field cdr
        put_arg2 2: l2
        goto8 2
   46:  get_var_ref1 1: sc_reverseAppendBang
        get_loc0 0: revres
        null
        tail_call 2

__tests__/fixtures_quickjs/octane/earley-boyer.js:1495:1: function: sc_filterMap
  mode: strict
  args: proc l1 l2 l3
  locals:
    0: var nbApplyArgs
    1: var applyArgs
    2: var revres
    3: var i
    4: var tmp
    5: var arguments
  closure vars:
    0: sc_filterMap1 parent:loc193 var
    1: sc_filterMap2 parent:loc194 var
    2: sc_cons parent:loc72 var
    3: sc_reverseAppendBang parent:loc117 var
  stack_size: 5
  opcodes:
        special_object 0
        put_loc8 5: arguments
        get_arg2 2: l2
        get_var undefined
        strict_eq
        if_false8 19
        get_var_ref0 0: sc_filterMap1
        get_arg0 0: proc
        get_arg1 1: l1
        tail_call 2
   19:  get_arg3 3: l3
        get_var undefined
        strict_eq
        if_false8 35
        get_var_ref1 1: sc_filterMap2
        get_arg0 0: proc
        get_arg1 1: l1
        get_arg2 2: l2
        tail_call 3
   35:  get_loc8 5: arguments
        get_length
        push_1 1
        sub
        put_loc0 0: nbApplyArgs
        get_var Array
        dup
        get_loc0 0: nbApplyArgs
        call_constructor 1
        put_loc1 1: applyArgs
        null
        put_loc2 2: revres
   54:  get_arg1 1: l1
        is_null
        if_true8 125
        push_0 0
        put_loc3 3: i
   60:  get_loc3 3: i
        get_loc0 0: nbApplyArgs
        lt
        if_false8 100
        get_loc1 1: applyArgs
        get_loc3 3: i
        get_loc8 5: arguments
        get_loc3 3: i
        push_1 1
        add
        get_array_el
        get_field car
        put_array_el
        get_loc8 5: arguments
        get_loc3 3: i
        push_1 1
        add
        get_loc8 5: arguments
        get_loc3 3: i
        push_1 1
        add
        get_array_el
        get_field cdr
        put_array_el
        inc_loc 3: i
        goto8 60
  100:  get_arg0 0: proc
        get_field2 apply
        null
        get_loc1 1: applyArgs
        call_method 2
        set_loc8 4: tmp
        push_false
        strict_neq
        if_false8 54
        get_var_ref2 2: sc_cons
        get_loc8 4: tmp
        get_loc2 2: revres
        call2 2
        put_loc2 2: revres
        goto8 54
  125:  get_var_ref3 3: sc_reverseAppendBang
        get_loc2 2: revres
        null
        tail_call 2

__tests__/fixtures_quickjs/octane/earley-boyer.js:1516:1: function: sc_any
  mode: strict
  args: proc l
  locals:
    0: var revres
    1: var tmp
  stack_size: 2
  opcodes:
        null
        put_loc0 0: revres
    2:  get_arg1 1: l
        is_null
        if_true8 30
        get_arg0 0: proc
        get_arg1 1: l
        get_field car
        call1 1
        set_loc1 1: tmp
        push_false
        strict_neq
        if_false8 21
        get_loc1 1: tmp
        return
   21:  get_arg1 1: l
        get_field cdr
        put_arg1 1: l
        goto8 2
   30:  push_false
        return

__tests__/fixtures_quickjs/octane/earley-boyer.js:1529:1: function: sc_anyPred
  mode: strict
  args: proc l
  closure vars:
    0: sc_any parent:loc196 var
  stack_size: 3
  opcodes:
        get_var_ref0 0: sc_any
        get_arg0 0: proc
        get_arg1 1: l
        call2 2
        push_false
        strict_neq
        return

__tests__/fixtures_quickjs/octane/earley-boyer.js:1533:1: function: sc_every
  mode: strict
  args: proc l
  locals:
    0: var revres
    1: var tmp
  stack_size: 2
  opcodes:
        null
        put_loc0 0: revres
        push_true
        put_loc1 1: tmp
    4:  get_arg1 1: l
        is_null
        if_true8 32
        get_arg0 0: proc
        get_arg1 1: l
        get_field car
        call1 1
        set_loc1 1: tmp
        push_false
        strict_eq
        if_false8 23
        push_false
        return
   23:  get_arg1 1: l
        get_field cdr
        put_arg1 1: l
        goto8 4
   32:  get_loc1 1: tmp
        return

__tests__/fixtures_quickjs/octane/earley-boyer.js:1547:1: function: sc_everyPred
  mode: strict
  args: proc l
  locals:
    0: var tmp
  closure vars:
    0: sc_every parent:loc198 var
  stack_size: 3
  opcodes:
        get_var_ref0 0: sc_every
        get_arg0 0: proc
        get_arg1 1: l
        call2 2
        set_loc0 0: tmp
        push_false
        strict_neq
        if_false8 11
        push_true
        return
   11:  push_false
        return

__tests__/fixtures_quickjs/octane/earley-boyer.js:1556:1: function: sc_force
  mode: strict
  args: o
  stack_size: 1
  opcodes:
        get_arg0 0: o
        tail_call 0

__tests__/fixtures_quickjs/octane/earley-boyer.js:1563:12: function: <null>
  mode: strict
  locals:
    0: var tmp
  closure vars:
    0: isResultReady local:loc0 var
    1: proc local:arg0 var
    2: result local:loc1 var
  stack_size: 1
  opcodes:
        get_var_ref0 0: isResultReady
        lnot
        if_false8 15
        get_var_ref1 1: proc
        call0 0
        put_loc0 0: tmp
        get_var_ref0 0: isResultReady
        lnot
        if_false8 15
        push_true
        put_var_ref0 0: isResultReady
        get_loc0 0: tmp
        put_var_ref2 2: result
   15:  get_var_ref2 2: result
        return

__tests__/fixtures_quickjs/octane/earley-boyer.js:1560:1: function: sc_makePromise
  mode: strict
  args: proc
  locals:
    0: var isResultReady
    1: var result
  stack_size: 1
  opcodes:
        push_false
        put_loc0 0: isResultReady
        get_var undefined
        put_loc1 1: result
        fclosure8 0: [bytecode <null>]
        return

__tests__/fixtures_quickjs/octane/earley-boyer.js:1574:1: function: sc_Values
  mode: strict
  args: values
  locals:
    0: var this
  stack_size: 2
  opcodes:
        push_this
        put_loc0 0: this
        get_loc0 0: this
        get_arg0 0: values
        put_field values
        return_undef

__tests__/fixtures_quickjs/octane/earley-boyer.js:1580:1: function: sc_values
  mode: strict
  locals:
    0: var arguments
  closure vars:
    0: sc_Values parent:loc202 var
  stack_size: 3
  opcodes:
        special_object 0
        put_loc0 0: arguments
        get_loc0 0: arguments
        get_length
        push_1 1
        strict_eq
        if_false8 13
        get_loc0 0: arguments
        push_0 0
        get_array_el
        return
   13:  get_var_ref0 0: sc_Values
        dup
        get_loc0 0: arguments
        call_constructor 1
        return

__tests__/fixtures_quickjs/octane/earley-boyer.js:1587:1: function: sc_callWithValues
  mode: strict
  args: producer consumer
  locals:
    0: var produced
  closure vars:
    0: sc_Values parent:loc202 var
  stack_size: 4
  opcodes:
        get_arg0 0: producer
        call0 0
        set_loc0 0: produced
        get_var_ref0 0: sc_Values
        instanceof
        if_false8 23
        get_arg1 1: consumer
        get_field2 apply
        null
        get_loc0 0: produced
        get_field values
        tail_call_method 2
   23:  get_arg1 1: consumer
        get_loc0 0: produced
        tail_call 1

__tests__/fixtures_quickjs/octane/earley-boyer.js:1595:1: function: sc_dynamicWind
  mode: strict
  args: before thunk after
  locals:
    0: var res
  stack_size: 3
  opcodes:
        get_arg0 0: before
        call0 0
        drop
        catch 18
        get_arg1 1: thunk
        call0 0
        set_loc0 0: res
        nip_catch
        gosub 24
        return
   18:  gosub 24
        throw
   24:  get_arg2 2: after
        call0 0
        drop
        ret

__tests__/fixtures_quickjs/octane/earley-boyer.js:1608:1: function: sc_Struct
  mode: strict
  args: name
  locals:
    0: var this
  stack_size: 2
  opcodes:
        push_this
        put_loc0 0: this
        get_loc0 0: this
        get_arg0 0: name
        put_field name
        return_undef

__tests__/fixtures_quickjs/octane/earley-boyer.js:1611:42: function: <null>
  mode: strict
  locals:
    0: var this
  closure vars:
    0: sc_hash parent:loc240 var
  stack_size: 3
  opcodes:
        push_this
        put_loc0 0: this
        push_atom_value "#<struct"
        get_var_ref0 0: sc_hash
        get_loc0 0: this
        call1 1
        add
        push_atom_value ">"
        add
        return

__tests__/fixtures_quickjs/octane/earley-boyer.js:1618:1: function: sc_makeStruct
  mode: strict
  args: name
  closure vars:
    0: sc_Struct parent:loc206 var
  stack_size: 3
  opcodes:
        get_var_ref0 0: sc_Struct
        dup
        get_arg0 0: name
        call_constructor 1
        return

__tests__/fixtures_quickjs/octane/earley-boyer.js:1625:1: function: sc_isStruct
  mode: strict
  args: o
  closure vars:
    0: sc_Struct parent:loc206 var
  stack_size: 2
  opcodes:
        get_arg0 0: o
        get_var_ref0 0: sc_Struct
        instanceof
        return

__tests__/fixtures_quickjs/octane/earley-boyer.js:1632:1: function: sc_isStructNamed
  mode: strict
  args: name s
  closure vars:
    0: sc_Struct parent:loc206 var
  stack_size: 2
  opcodes:
        get_arg1 1: s
        get_var_ref0 0: sc_Struct
        instanceof
        dup
        if_false8 15
        drop
        get_arg1 1: s
        get_field name
        get_arg0 0: name
        strict_eq
   15:  return

__tests__/fixtures_quickjs/octane/earley-boyer.js:1638:1: function: sc_getStructField
  mode: strict
  args: s name field
  stack_size: 2
  opcodes:
        get_arg0 0: s
        get_arg2 2: field
        get_array_el
        return

__tests__/fixtures_quickjs/octane/earley-boyer.js:1644:1: function: sc_setStructFieldBang
  mode: strict
  args: s name field val
  stack_size: 3
  opcodes:
        get_arg0 0: s
        get_arg2 2: field
        get_arg3 3: val
        put_array_el
        return_undef

__tests__/fixtures_quickjs/octane/earley-boyer.js:1650:1: function: sc_bitNot
  mode: strict
  args: x
  stack_size: 1
  opcodes:
        get_arg0 0: x
        not
        return

__tests__/fixtures_quickjs/octane/earley-boyer.js:1656:1: function: sc_bitAnd
  mode: strict
  args: x y
  stack_size: 2
  opcodes:
        get_arg0 0: x
        get_arg1 1: y
        and
        return

__tests__/fixtures_quickjs/octane/earley-boyer.js:1662:1: function: sc_bitOr
  mode: strict
  args: x y
  stack_size: 2
  opcodes:
        get_arg0 0: x
        get_arg1 1: y
        or
        return

__tests__/fixtures_quickjs/octane/earley-boyer.js:1668:1: function: sc_bitXor
  mode: strict
  args: x y
  stack_size: 2
  opcodes:
        get_arg0 0: x
        get_arg1 1: y
        xor
        return

__tests__/fixtures_quickjs/octane/earley-boyer.js:1674:1: function: sc_bitLsh
  mode: strict
  args: x y
  stack_size: 2
  opcodes:
        get_arg0 0: x
        get_arg1 1: y
        shl
        return

__tests__/fixtures_quickjs/octane/earley-boyer.js:1680:1: function: sc_bitRsh
  mode: strict
  args: x y
  stack_size: 2
  opcodes:
        get_arg0 0: x
        get_arg1 1: y
        sar
        return

__tests__/fixtures_quickjs/octane/earley-boyer.js:1686:1: function: sc_bitUrsh
  mode: strict
  args: x y
  stack_size: 2
  opcodes:
        get_arg0 0: x
        get_arg1 1: y
        shr
        return

__tests__/fixtures_quickjs/octane/earley-boyer.js:1692:1: function: sc_jsField
  mode: strict
  args: o field
  stack_size: 2
  opcodes:
        get_arg0 0: o
        get_arg1 1: field
        get_array_el
        return

__tests__/fixtures_quickjs/octane/earley-boyer.js:1698:1: function: sc_setJsFieldBang
  mode: strict
  args: o field val
  stack_size: 4
  opcodes:
        get_arg0 0: o
        get_arg1 1: field
        get_arg2 2: val
        insert3
        put_array_el
        return

__tests__/fixtures_quickjs/octane/earley-boyer.js:1704:1: function: sc_deleteJsFieldBang
  mode: strict
  args: o field
  stack_size: 2
  opcodes:
        get_arg0 0: o
        get_arg1 1: field
        delete
        return_undef

__tests__/fixtures_quickjs/octane/earley-boyer.js:1710:1: function: sc_jsCall
  mode: strict
  args: o fun
  locals:
    0: var args
    1: var i
    2: var arguments
  stack_size: 4
  opcodes:
        special_object 0
        put_loc2 2: arguments
        get_var Array
        dup
        call_constructor 0
        put_loc0 0: args
        push_2 2
        put_loc1 1: i
   15:  get_loc1 1: i
        get_loc2 2: arguments
        get_length
        lt
        if_false8 33
        get_loc0 0: args
        get_loc1 1: i
        push_2 2
        sub
        get_loc2 2: arguments
        get_loc1 1: i
        get_array_el
        put_array_el
        inc_loc 1: i
        goto8 15
   33:  get_arg1 1: fun
        get_field2 apply
        get_arg0 0: o
        get_loc0 0: args
        tail_call_method 2

__tests__/fixtures_quickjs/octane/earley-boyer.js:1719:1: function: sc_jsMethodCall
  mode: strict
  args: o field
  locals:
    0: var args
    1: var i
    2: var arguments
  stack_size: 4
  opcodes:
        special_object 0
        put_loc2 2: arguments
        get_var Array
        dup
        call_constructor 0
        put_loc0 0: args
        push_2 2
        put_loc1 1: i
   15:  get_loc1 1: i
        get_loc2 2: arguments
        get_length
        lt
        if_false8 33
        get_loc0 0: args
        get_loc1 1: i
        push_2 2
        sub
        get_loc2 2: arguments
        get_loc1 1: i
        get_array_el
        put_array_el
        inc_loc 1: i
        goto8 15
   33:  get_arg0 0: o
        get_arg1 1: field
        get_array_el
        get_field2 apply
        get_arg0 0: o
        get_loc0 0: args
        tail_call_method 2

__tests__/fixtures_quickjs/octane/earley-boyer.js:1728:1: function: sc_jsNew
  mode: strict
  args: c
  locals:
    0: var evalStr
    1: var i
    2: var this
    3: var new.target
    4: var arguments
  closure vars:
    0: Benchmark parent:loc0 const
    1: BenchmarkSuite parent:loc1 const
    2: EarleyBoyer parent:loc2 var
    3: sc_print_debug parent:loc3 var
    4: sc_JS_GLOBALS parent:loc4 var
    5: __sc_LINE parent:loc5 var
    6: __sc_FILE parent:loc6 var
    7: sc_alert parent:loc7 var
    8: sc_typeof parent:loc8 var
    9: sc_error parent:loc9 var
   10: sc_raise parent:loc10 var
   11: sc_withHandlerLambda parent:loc11 var
   12: sc_properties parent:loc12 var
   13: sc_putpropBang parent:loc13 var
   14: sc_getprop parent:loc14 var
   15: sc_rempropBang parent:loc15 var
   16: sc_any2String parent:loc16 var
   17: sc_isEqv parent:loc17 var
   18: sc_isEq parent:loc18 var
   19: sc_isNumber parent:loc19 var
   20: sc_isComplex parent:loc20 var
   21: sc_isReal parent:loc21 var
   22: sc_isRational parent:loc22 var
   23: sc_isInteger parent:loc23 var
   24: sc_isExact parent:loc24 var
   25: sc_isInexact parent:loc25 var
   26: sc_equal parent:loc26 var
   27: sc_less parent:loc27 var
   28: sc_greater parent:loc28 var
   29: sc_lessEqual parent:loc29 var
   30: sc_greaterEqual parent:loc30 var
   31: sc_isZero parent:loc31 var
   32: sc_isPositive parent:loc32 var
   33: sc_isNegative parent:loc33 var
   34: sc_isOdd parent:loc34 var
   35: sc_isEven parent:loc35 var
   36: sc_max parent:loc36 var
   37: sc_min parent:loc37 var
   38: sc_plus parent:loc38 var
   39: sc_multi parent:loc39 var
   40: sc_minus parent:loc40 var
   41: sc_div parent:loc41 var
   42: sc_abs parent:loc42 var
   43: sc_quotient parent:loc43 var
   44: sc_remainder parent:loc44 var
   45: sc_modulo parent:loc45 var
   46: sc_euclid_gcd parent:loc46 var
   47: sc_gcd parent:loc47 var
   48: sc_lcm parent:loc48 var
   49: sc_floor parent:loc49 var
   50: sc_ceiling parent:loc50 var
   51: sc_truncate parent:loc51 var
   52: sc_round parent:loc52 var
   53: sc_exp parent:loc53 var
   54: sc_log parent:loc54 var
   55: sc_sin parent:loc55 var
   56: sc_cos parent:loc56 var
   57: sc_tan parent:loc57 var
   58: sc_asin parent:loc58 var
   59: sc_acos parent:loc59 var
   60: sc_atan parent:loc60 var
   61: sc_sqrt parent:loc61 var
   62: sc_expt parent:loc62 var
   63: sc_exact2inexact parent:loc63 var
   64: sc_inexact2exact parent:loc64 var
   65: sc_number2jsstring parent:loc65 var
   66: sc_jsstring2number parent:loc66 var
   67: sc_not parent:loc67 var
   68: sc_isBoolean parent:loc68 var
   69: sc_Pair parent:loc69 var
   70: sc_isPair parent:loc70 var
   71: sc_isPairEqual parent:loc71 var
   72: sc_cons parent:loc72 var
   73: sc_consStar parent:loc73 var
   74: sc_car parent:loc74 var
   75: sc_cdr parent:loc75 var
   76: sc_setCarBang parent:loc76 var
   77: sc_setCdrBang parent:loc77 var
   78: sc_caar parent:loc78 var
   79: sc_cadr parent:loc79 var
   80: sc_cdar parent:loc80 var
   81: sc_cddr parent:loc81 var
   82: sc_caaar parent:loc82 var
   83: sc_cadar parent:loc83 var
   84: sc_caadr parent:loc84 var
   85: sc_caddr parent:loc85 var
   86: sc_cdaar parent:loc86 var
   87: sc_cdadr parent:loc87 var
   88: sc_cddar parent:loc88 var
   89: sc_cdddr parent:loc89 var
   90: sc_caaaar parent:loc90 var
   91: sc_caadar parent:loc91 var
   92: sc_caaadr parent:loc92 var
   93: sc_caaddr parent:loc93 var
   94: sc_cdaaar parent:loc94 var
   95: sc_cdadar parent:loc95 var
   96: sc_cdaadr parent:loc96 var
   97: sc_cdaddr parent:loc97 var
   98: sc_cadaar parent:loc98 var
   99: sc_caddar parent:loc99 var
  100: sc_cadadr parent:loc100 var
  101: sc_cadddr parent:loc101 var
  102: sc_cddaar parent:loc102 var
  103: sc_cdddar parent:loc103 var
  104: sc_cddadr parent:loc104 var
  105: sc_cddddr parent:loc105 var
  106: sc_lastPair parent:loc106 var
  107: sc_isNull parent:loc107 var
  108: sc_isList parent:loc108 var
  109: sc_list parent:loc109 var
  110: sc_iota parent:loc110 var
  111: sc_makeList parent:loc111 var
  112: sc_length parent:loc112 var
  113: sc_remq parent:loc113 var
  114: sc_remqBang parent:loc114 var
  115: sc_delete parent:loc115 var
  116: sc_deleteBang parent:loc116 var
  117: sc_reverseAppendBang parent:loc117 var
  118: sc_dualAppend parent:loc118 var
  119: sc_append parent:loc119 var
  120: sc_dualAppendBang parent:loc120 var
  121: sc_appendBang parent:loc121 var
  122: sc_reverse parent:loc122 var
  123: sc_reverseBang parent:loc123 var
  124: sc_listTail parent:loc124 var
  125: sc_listRef parent:loc125 var
  126: sc_memq parent:loc126 var
  127: sc_memv parent:loc127 var
  128: sc_member parent:loc128 var
  129: sc_assq parent:loc129 var
  130: sc_assv parent:loc130 var
  131: sc_assoc parent:loc131 var
  132: sc_isCharStringEqual parent:loc132 var
  133: sc_isCharStringLess parent:loc133 var
  134: sc_isCharStringGreater parent:loc134 var
  135: sc_isCharStringLessEqual parent:loc135 var
  136: sc_isCharStringGreaterEqual parent:loc136 var
  137: sc_isCharStringCIEqual parent:loc137 var
  138: sc_isCharStringCILess parent:loc138 var
  139: sc_isCharStringCIGreater parent:loc139 var
  140: sc_isCharStringCILessEqual parent:loc140 var
  141: sc_isCharStringCIGreaterEqual parent:loc141 var
  142: sc_Char parent:loc142 var
  143: sc_isChar parent:loc143 var
  144: sc_isCharEqual parent:loc144 var
  145: sc_isCharLess parent:loc145 var
  146: sc_isCharGreater parent:loc146 var
  147: sc_isCharLessEqual parent:loc147 var
  148: sc_isCharGreaterEqual parent:loc148 var
  149: sc_isCharCIEqual parent:loc149 var
  150: sc_isCharCILess parent:loc150 var
  151: sc_isCharCIGreater parent:loc151 var
  152: sc_isCharCILessEqual parent:loc152 var
  153: sc_isCharCIGreaterEqual parent:loc153 var
  154: SC_NUMBER_CLASS parent:loc154 var
  155: SC_WHITESPACE_CLASS parent:loc155 var
  156: SC_LOWER_CLASS parent:loc156 var
  157: SC_UPPER_CLASS parent:loc157 var
  158: sc_isCharOfClass parent:loc158 var
  159: sc_isCharAlphabetic parent:loc159 var
  160: sc_isCharNumeric parent:loc160 var
  161: sc_isCharWhitespace parent:loc161 var
  162: sc_isCharUpperCase parent:loc162 var
  163: sc_isCharLowerCase parent:loc163 var
  164: sc_char2integer parent:loc164 var
  165: sc_integer2char parent:loc165 var
  166: sc_charUpcase parent:loc166 var
  167: sc_charDowncase parent:loc167 var
  168: sc_makeJSStringOfLength parent:loc168 var
  169: sc_makejsString parent:loc169 var
  170: sc_jsstring2list parent:loc170 var
  171: sc_list2jsstring parent:loc171 var
  172: sc_Vector parent:loc172 var
  173: sc_isVector parent:loc173 var
  174: sc_isVectorEqual parent:loc174 var
  175: sc_makeVector parent:loc175 var
  176: sc_vector parent:loc176 var
  177: sc_vectorLength parent:loc177 var
  178: sc_vectorRef parent:loc178 var
  179: sc_vectorSetBang parent:loc179 var
  180: sc_vector2list parent:loc180 var
  181: sc_list2vector parent:loc181 var
  182: sc_vectorFillBang parent:loc182 var
  183: sc_copyVector parent:loc183 var
  184: sc_vectorCopy parent:loc184 var
  185: sc_vectorCopyBang parent:loc185 var
  186: sc_isProcedure parent:loc186 var
  187: sc_apply parent:loc187 var
  188: sc_map parent:loc188 var
  189: sc_mapBang parent:loc189 var
  190: sc_forEach parent:loc190 var
  191: sc_filter parent:loc191 var
  192: sc_filterBang parent:loc192 var
  193: sc_filterMap1 parent:loc193 var
  194: sc_filterMap2 parent:loc194 var
  195: sc_filterMap parent:loc195 var
  196: sc_any parent:loc196 var
  197: sc_anyPred parent:loc197 var
  198: sc_every parent:loc198 var
  199: sc_everyPred parent:loc199 var
  200: sc_force parent:loc200 var
  201: sc_makePromise parent:loc201 var
  202: sc_Values parent:loc202 var
  203: sc_values parent:loc203 var
  204: sc_callWithValues parent:loc204 var
  205: sc_dynamicWind parent:loc205 var
  206: sc_Struct parent:loc206 var
  207: sc_makeStruct parent:loc207 var
  208: sc_isStruct parent:loc208 var
  209: sc_isStructNamed parent:loc209 var
  210: sc_getStructField parent:loc210 var
  211: sc_setStructFieldBang parent:loc211 var
  212: sc_bitNot parent:loc212 var
  213: sc_bitAnd parent:loc213 var
  214: sc_bitOr parent:loc214 var
  215: sc_bitXor parent:loc215 var
  216: sc_bitLsh parent:loc216 var
  217: sc_bitRsh parent:loc217 var
  218: sc_bitUrsh parent:loc218 var
  219: sc_jsField parent:loc219 var
  220: sc_setJsFieldBang parent:loc220 var
  221: sc_deleteJsFieldBang parent:loc221 var
  222: sc_jsCall parent:loc222 var
  223: sc_jsMethodCall parent:loc223 var
  224: sc_jsNew parent:loc224 var
  225: sc_pregexp parent:loc225 var
  226: sc_pregexpMatch parent:loc226 var
  227: sc_pregexpReplace parent:loc227 var
  228: sc_pregexpReplaceAll parent:loc228 var
  229: sc_pregexpSplit parent:loc229 var
  230: sc_random parent:loc230 var
  231: sc_currentDate parent:loc231 var
  232: sc_Hashtable parent:loc232 var
  233: sc_HashtableElement parent:loc233 var
  234: sc_makeHashtable parent:loc234 var
  235: sc_hashtablePutBang parent:loc235 var
  236: sc_hashtableGet parent:loc236 var
  237: sc_hashtableForEach parent:loc237 var
  238: sc_hashtableContains parent:loc238 var
  239: SC_HASH_COUNTER parent:loc239 var
  240: sc_hash parent:loc240 var
  241: sc_counterHash parent:loc241 var
  242: sc_Trampoline parent:loc242 var
  243: sc_bindExitLambda parent:loc243 var
  244: sc_BindExitException parent:loc244 var
  245: SC_SCM2JS_GLOBALS parent:loc245 var
  246: SC_TAIL_OBJECT parent:loc246 var
  247: sc_EOF parent:loc247 var
  248: SC_EOF_OBJECT parent:loc248 var
  249: sc_Port parent:loc249 var
  250: sc_InputPort parent:loc250 var
  251: sc_ErrorInputPort parent:loc251 var
  252: sc_StringInputPort parent:loc252 var
  253: sc_Token parent:loc253 var
  254: SC_ID_CLASS parent:loc254 var
  255: sc_Tokenizer parent:loc255 var
  256: sc_Reader parent:loc256 var
  257: sc_read parent:loc257 var
  258: sc_readChar parent:loc258 var
  259: sc_peekChar parent:loc259 var
  260: sc_isCharReady parent:loc260 var
  261: sc_closeInputPort parent:loc261 var
  262: sc_isInputPort parent:loc262 var
  263: sc_isEOFObject parent:loc263 var
  264: sc_currentInputPort parent:loc264 var
  265: sc_callWithInputFile parent:loc265 var
  266: sc_callWithOutputFile parent:loc266 var
  267: sc_withInputFromFile parent:loc267 var
  268: sc_withOutputToFile parent:loc268 var
  269: sc_openInputFile parent:loc269 var
  270: sc_openOutputFile parent:loc270 var
  271: sc_basename parent:loc271 var
  272: sc_dirname parent:loc272 var
  273: sc_withInputFromPort parent:loc273 var
  274: sc_withInputFromString parent:loc274 var
  275: sc_withOutputToPort parent:loc275 var
  276: sc_withOutputToString parent:loc276 var
  277: sc_withOutputToProcedure parent:loc277 var
  278: sc_openOutputString parent:loc278 var
  279: sc_openInputString parent:loc279 var
  280: sc_OutputPort parent:loc280 var
  281: sc_StringOutputPort parent:loc281 var
  282: sc_getOutputString parent:loc282 var
  283: sc_ErrorOutputPort parent:loc283 var
  284: sc_GenericOutputPort parent:loc284 var
  285: sc_isOutputPort parent:loc285 var
  286: sc_closeOutputPort parent:loc286 var
  287: sc_write parent:loc287 var
  288: sc_toWriteString parent:loc288 var
  289: sc_escapeWriteString parent:loc289 var
  290: sc_display parent:loc290 var
  291: sc_toDisplayString parent:loc291 var
  292: sc_newline parent:loc292 var
  293: sc_writeChar parent:loc293 var
  294: sc_writeCircle parent:loc294 var
  295: sc_toWriteCircleString parent:loc295 var
  296: sc_prepWriteCircle parent:loc296 var
  297: sc_genToWriteCircleString parent:loc297 var
  298: sc_print parent:loc298 var
  299: sc_format parent:loc299 var
  300: SC_DEFAULT_IN parent:loc300 var
  301: SC_DEFAULT_OUT parent:loc301 var
  302: SC_ERROR_OUT parent:loc302 var
  303: sc_SYMBOL_PREFIX parent:loc303 var
  304: sc_KEYWORD_PREFIX parent:loc304 var
  305: sc_jsstring2string parent:loc305 var
  306: sc_jsstring2symbol parent:loc306 var
  307: sc_string2jsstring parent:loc307 var
  308: sc_symbol2jsstring parent:loc308 var
  309: sc_keyword2jsstring parent:loc309 var
  310: sc_jsstring2keyword parent:loc310 var
  311: sc_isKeyword parent:loc311 var
  312: sc_gensym parent:loc312 var
  313: sc_isEqual parent:loc313 var
  314: sc_number2symbol parent:loc314 var
  315: sc_number2string parent:loc315 var
  316: sc_symbol2number parent:loc316 var
  317: sc_string2number parent:loc317 var
  318: sc_string2integer parent:loc318 var
  319: sc_string2real parent:loc319 var
  320: sc_isSymbol parent:loc320 var
  321: sc_symbol2string parent:loc321 var
  322: sc_string2symbol parent:loc322 var
  323: sc_symbolAppend parent:loc323 var
  324: sc_char2string parent:loc324 var
  325: sc_char2symbol parent:loc325 var
  326: sc_isString parent:loc326 var
  327: sc_makeString parent:loc327 var
  328: sc_string parent:loc328 var
  329: sc_stringLength parent:loc329 var
  330: sc_stringRef parent:loc330 var
  331: sc_isStringEqual parent:loc331 var
  332: sc_isStringLess parent:loc332 var
  333: sc_isStringGreater parent:loc333 var
  334: sc_isStringLessEqual parent:loc334 var
  335: sc_isStringGreaterEqual parent:loc335 var
  336: sc_isStringCIEqual parent:loc336 var
  337: sc_isStringCILess parent:loc337 var
  338: sc_isStringCIGreater parent:loc338 var
  339: sc_isStringCILessEqual parent:loc339 var
  340: sc_isStringCIGreaterEqual parent:loc340 var
  341: sc_substring parent:loc341 var
  342: sc_isSubstring_at parent:loc342 var
  343: sc_stringAppend parent:loc343 var
  344: sc_string2list parent:loc344 var
  345: sc_list2string parent:loc345 var
  346: sc_stringCopy parent:loc346 var
  347: sc_keyword2string parent:loc347 var
  348: sc_string2keyword parent:loc348 var
  349: BgL_testzd2boyerzd2 parent:loc349 var
  350: BgL_nboyerzd2benchmarkzd2 parent:loc350 var
  351: BgL_setupzd2boyerzd2 parent:loc351 var
  352: translate_term_nboyer parent:loc352 var
  353: translate_args_nboyer parent:loc353 var
  354: untranslate_term_nboyer parent:loc354 var
  355: BgL_sc_symbolzd2ze3symbolzd2record_1ze3_nboyer parent:loc355 var
  356: BgL_sc_za2symbolzd2recordszd2alistza2_2z00_nboyer parent:loc356 var
  357: translate_alist_nboyer parent:loc357 var
  358: apply_subst_nboyer parent:loc358 var
  359: apply_subst_lst_nboyer parent:loc359 var
  360: tautologyp_nboyer parent:loc360 var
  361: if_constructor_nboyer parent:loc361 var
  362: rewrite_count_nboyer parent:loc362 var
  363: rewrite_nboyer parent:loc363 var
  364: rewrite_args_nboyer parent:loc364 var
  365: unify_subst_nboyer parent:loc365 var
  366: one_way_unify1_nboyer parent:loc366 var
  367: false_term_nboyer parent:loc367 var
  368: true_term_nboyer parent:loc368 var
  369: trans_of_implies1_nboyer parent:loc369 var
  370: is_term_equal_nboyer parent:loc370 var
  371: is_term_member_nboyer parent:loc371 var
  372: const_nboyer parent:loc372 var
  373: sc_const_3_nboyer parent:loc373 var
  374: sc_const_4_nboyer parent:loc374 var
  375: BgL_parsezd2ze3nbzd2treesze3 parent:loc375 var
  376: BgL_earleyzd2benchmarkzd2 parent:loc376 var
  377: BgL_parsezd2ze3parsedzf3zc2 parent:loc377 var
  378: test parent:loc378 var
  379: BgL_parsezd2ze3treesz31 parent:loc379 var
  380: BgL_makezd2parserzd2 parent:loc380 var
  381: const_earley parent:loc381 var
  382: RunBenchmark parent:loc382 var
  383: BgL_runzd2benchmarkzd2 parent:loc383 var
  stack_size: 3
  opcodes:
        special_object 3
        put_loc3 3: "new.target"
        push_this
        put_loc2 2: this
        special_object 0
        put_loc8 4: arguments
        push_atom_value "new c("
        set_loc0 0: evalStr
        get_loc8 4: arguments
        get_length
        push_1 1
        gt
        if_false8 29
        push_atom_value "arguments[1]"
        goto8 30
   29:  push_empty_string
   30:  add
        put_loc0 0: evalStr
        push_2 2
        put_loc1 1: i
   34:  get_loc1 1: i
        get_loc8 4: arguments
        get_length
        lt
        if_false8 61
        get_loc0 0: evalStr
        push_atom_value ", arguments["
        get_loc1 1: i
        add
        push_atom_value "]"
        add
        add
        put_loc0 0: evalStr
        inc_loc 1: i
        goto8 34
   61:  push_atom_value ")"
        add_loc 0: evalStr
        get_var eval
        get_loc0 0: evalStr
        eval 1,1
        return

__tests__/fixtures_quickjs/octane/earley-boyer.js:1738:1: function: sc_pregexp
  mode: strict
  args: re
  closure vars:
    0: sc_string2jsstring parent:loc307 var
  stack_size: 4
  opcodes:
        get_var RegExp
        dup
        get_var_ref0 0: sc_string2jsstring
        get_arg0 0: re
        call1 1
        call_constructor 1
        return

__tests__/fixtures_quickjs/octane/earley-boyer.js:1742:1: function: sc_pregexpMatch
  mode: strict
  args: re s
  locals:
    0: var reg
    1: var tmp
    2: var res
    3: var i
  closure vars:
    0: sc_pregexp parent:loc225 var
    1: sc_string2jsstring parent:loc307 var
    2: sc_cons parent:loc72 var
    3: sc_jsstring2string parent:loc305 var
  stack_size: 4
  opcodes:
        get_arg0 0: re
        get_var RegExp
        instanceof
        if_false8 12
        get_arg0 0: re
        goto8 15
   12:  get_var_ref0 0: sc_pregexp
        get_arg0 0: re
        call1 1
   15:  set_loc0 0: reg
        get_field2 exec
        get_var_ref1 1: sc_string2jsstring
        get_arg1 1: s
        call1 1
        call_method 1
        set_loc1 1: tmp
        null
        eq
        if_false8 34
        push_false
        return
   34:  null
        put_loc2 2: res
        get_loc1 1: tmp
        get_length
        push_1 1
        sub
        put_loc3 3: i
   41:  get_loc3 3: i
        push_0 0
        gte
        if_false8 72
        get_loc1 1: tmp
        get_loc3 3: i
        get_array_el
        is_null
        if_true8 63
        get_var_ref2 2: sc_cons
        get_var_ref3 3: sc_jsstring2string
        get_loc1 1: tmp
        get_loc3 3: i
        get_array_el
        call1 1
        get_loc2 2: res
        call2 2
        put_loc2 2: res
        goto8 68
   63:  get_var_ref2 2: sc_cons
        push_false
        get_loc2 2: res
        call2 2
        put_loc2 2: res
   68:  dec_loc 3: i
        goto8 41
   72:  get_loc2 2: res
        return

__tests__/fixtures_quickjs/octane/earley-boyer.js:1759:1: function: sc_pregexpReplace
  mode: strict
  args: re s1 s2
  locals:
    0: var reg
    1: var jss1
    2: var jss2
  closure vars:
    0: sc_string2jsstring parent:loc307 var
  stack_size: 4
  opcodes:
        get_var_ref0 0: sc_string2jsstring
        get_arg1 1: s1
        call1 1
        put_loc1 1: jss1
        get_var_ref0 0: sc_string2jsstring
        get_arg2 2: s2
        call1 1
        put_loc2 2: jss2
        get_arg0 0: re
        get_var RegExp
        instanceof
        if_false8 47
        get_arg0 0: re
        get_field global
        if_false8 29
        get_arg0 0: re
        put_loc0 0: reg
        goto8 60
   29:  get_var RegExp
        dup
        get_arg0 0: re
        get_field source
        call_constructor 1
        put_loc0 0: reg
        goto8 60
   47:  get_var RegExp
        dup
        get_var_ref0 0: sc_string2jsstring
        get_arg0 0: re
        call1 1
        call_constructor 1
        put_loc0 0: reg
   60:  get_loc1 1: jss1
        get_field2 replace
        get_loc0 0: reg
        get_loc2 2: jss2
        tail_call_method 2

__tests__/fixtures_quickjs/octane/earley-boyer.js:1775:1: function: sc_pregexpReplaceAll
  mode: strict
  args: re s1 s2
  locals:
    0: var reg
    1: var jss1
    2: var jss2
  closure vars:
    0: sc_string2jsstring parent:loc307 var
  stack_size: 4
  opcodes:
        get_var_ref0 0: sc_string2jsstring
        get_arg1 1: s1
        call1 1
        put_loc1 1: jss1
        get_var_ref0 0: sc_string2jsstring
        get_arg2 2: s2
        call1 1
        put_loc2 2: jss2
        get_arg0 0: re
        get_var RegExp
        instanceof
        if_false8 52
        get_arg0 0: re
        get_field global
        if_false8 29
        get_arg0 0: re
        put_loc0 0: reg
        goto8 70
   29:  get_var RegExp
        dup
        get_arg0 0: re
        get_field source
        push_atom_value g
        call_constructor 2
        put_loc0 0: reg
        goto8 70
   52:  get_var RegExp
        dup
        get_var_ref0 0: sc_string2jsstring
        get_arg0 0: re
        call1 1
        push_atom_value g
        call_constructor 2
        put_loc0 0: reg
   70:  get_loc1 1: jss1
        get_field2 replace
        get_loc0 0: reg
        get_loc2 2: jss2
        tail_call_method 2

__tests__/fixtures_quickjs/octane/earley-boyer.js:1791:1: function: sc_pregexpSplit
  mode: strict
  args: re s
  locals:
    0: var reg
    1: var jss
    2: var tmp
  closure vars:
    0: sc_string2jsstring parent:loc307 var
    1: sc_vector2list parent:loc180 var
  stack_size: 4
  opcodes:
        get_arg0 0: re
        get_var RegExp
        instanceof
        if_false8 12
        get_arg0 0: re
        goto8 24
   12:  get_var RegExp
        dup
        get_var_ref0 0: sc_string2jsstring
        get_arg0 0: re
        call1 1
        call_constructor 1
   24:  put_loc0 0: reg
        get_var_ref0 0: sc_string2jsstring
        get_arg1 1: s
        call1 1
        set_loc1 1: jss
        get_field2 split
        get_loc0 0: reg
        call_method 1
        set_loc2 2: tmp
        null
        eq
        if_false8 45
        push_false
        return
   45:  get_var_ref1 1: sc_vector2list
        get_loc2 2: tmp
        tail_call 1

__tests__/fixtures_quickjs/octane/earley-boyer.js:1807:1: function: sc_random
  mode: strict
  args: n
  stack_size: 4
  opcodes:
        get_var Math
        get_field2 floor
        get_var Math
        get_field2 random
        call_method 0
        get_arg0 0: n
        mul
        tail_call_method 1

__tests__/fixtures_quickjs/octane/earley-boyer.js:1813:1: function: sc_currentDate
  mode: strict
  stack_size: 2
  opcodes:
        get_var Date
        dup
        call_constructor 0
        return

__tests__/fixtures_quickjs/octane/earley-boyer.js:1816:1: function: sc_Hashtable
  mode: strict
  stack_size: 0
  opcodes:
        return_undef

__tests__/fixtures_quickjs/octane/earley-boyer.js:1818:35: function: <null>
  mode: strict
  stack_size: 1
  opcodes:
        push_atom_value "#{%hashtable}"
        return

__tests__/fixtures_quickjs/octane/earley-boyer.js:1822:1: function: sc_HashtableElement
  mode: strict
  args: key val
  locals:
    0: var this
  stack_size: 2
  opcodes:
        push_this
        put_loc0 0: this
        get_loc0 0: this
        get_arg0 0: key
        put_field key
        get_loc0 0: this
        get_arg1 1: val
        put_field val
        return_undef

__tests__/fixtures_quickjs/octane/earley-boyer.js:1829:1: function: sc_makeHashtable
  mode: strict
  closure vars:
    0: sc_Hashtable parent:loc232 var
  stack_size: 2
  opcodes:
        get_var_ref0 0: sc_Hashtable
        dup
        call_constructor 0
        return

__tests__/fixtures_quickjs/octane/earley-boyer.js:1833:1: function: sc_hashtablePutBang
  mode: strict
  args: ht key val
  locals:
    0: var hash
  closure vars:
    0: sc_hash parent:loc240 var
    1: sc_HashtableElement parent:loc233 var
  stack_size: 6
  opcodes:
        get_var_ref0 0: sc_hash
        get_arg1 1: key
        call1 1
        put_loc0 0: hash
        get_arg0 0: ht
        get_loc0 0: hash
        get_var_ref1 1: sc_HashtableElement
        dup
        get_arg1 1: key
        get_arg2 2: val
        call_constructor 2
        put_array_el
        return_undef

__tests__/fixtures_quickjs/octane/earley-boyer.js:1838:1: function: sc_hashtableGet
  mode: strict
  args: ht key
  locals:
    0: var hash
  closure vars:
    0: sc_hash parent:loc240 var
  stack_size: 2
  opcodes:
        get_var_ref0 0: sc_hash
        get_arg1 1: key
        call1 1
        set_loc0 0: hash
        get_arg0 0: ht
        in
        if_false8 17
        get_arg0 0: ht
        get_loc0 0: hash
        get_array_el
        get_field val
        return
   17:  push_false
        return

__tests__/fixtures_quickjs/octane/earley-boyer.js:1846:1: function: sc_hashtableForEach
  mode: strict
  args: ht f
  locals:
    0: var v
  closure vars:
    0: sc_HashtableElement parent:loc233 var
  stack_size: 5
  opcodes:
        get_arg0 0: ht
        for_in_start
        goto8 31
    4:  put_loc0 0: v
        get_arg0 0: ht
        get_loc0 0: v
        get_array_el
        get_var_ref0 0: sc_HashtableElement
        instanceof
        if_false8 31
        get_arg1 1: f
        get_arg0 0: ht
        get_loc0 0: v
        get_array_el
        get_field key
        get_arg0 0: ht
        get_loc0 0: v
        get_array_el
        get_field val
        call2 2
        drop
   31:  for_in_next
        if_false8 4
        drop
        return_undef

__tests__/fixtures_quickjs/octane/earley-boyer.js:1855:1: function: sc_hashtableContains
  mode: strict
  args: ht key
  locals:
    0: var hash
  closure vars:
    0: sc_hash parent:loc240 var
  stack_size: 2
  opcodes:
        get_var_ref0 0: sc_hash
        get_arg1 1: key
        call1 1
        set_loc0 0: hash
        get_arg0 0: ht
        in
        if_false8 10
        push_true
        return
   10:  push_false
        return

__tests__/fixtures_quickjs/octane/earley-boyer.js:1863:1: function: sc_hash
  mode: strict
  args: o
  closure vars:
    0: sc_counterHash parent:loc241 var
  stack_size: 3
  opcodes:
        get_arg0 0: o
        is_null
        if_false8 10
        push_atom_value null
        return
   10:  get_arg0 0: o
        get_var undefined
        strict_eq
        if_false8 25
        push_atom_value undefined
        return
   25:  get_arg0 0: o
        push_true
        strict_eq
        if_false8 36
        push_atom_value true
        return
   36:  get_arg0 0: o
        push_false
        strict_eq
        if_false8 47
        push_atom_value false
        return
   47:  get_arg0 0: o
        typeof
        push_atom_value number
        strict_eq
        if_false8 65
        push_atom_value "num-"
        get_arg0 0: o
        add
        return
   65:  get_arg0 0: o
        typeof
        push_atom_value string
        strict_eq
        if_false8 83
        push_atom_value "jsstr-"
        get_arg0 0: o
        add
        return
   83:  get_arg0 0: o
        get_field sc_getHash
        if_false8 100
        get_arg0 0: o
        get_field2 sc_getHash
        tail_call_method 0
  100:  get_var_ref0 0: sc_counterHash
        get_field2 call
        get_arg0 0: o
        tail_call_method 1

__tests__/fixtures_quickjs/octane/earley-boyer.js:1881:1: function: sc_counterHash
  mode: strict
  locals:
    0: var this
  closure vars:
    0: SC_HASH_COUNTER parent:loc239 var
  stack_size: 3
  opcodes:
        push_this
        put_loc0 0: this
        get_loc0 0: this
        get_field sc_hash
        lnot
        if_false8 27
        get_loc0 0: this
        push_atom_value "hash-"
        get_var_ref0 0: SC_HASH_COUNTER
        add
        put_field sc_hash
        get_var_ref0 0: SC_HASH_COUNTER
        inc
        put_var_ref0 0: SC_HASH_COUNTER
   27:  get_loc0 0: this
        get_field sc_hash
        return

__tests__/fixtures_quickjs/octane/earley-boyer.js:1888:1: function: sc_Trampoline
  mode: strict
  args: args maxTailCalls
  locals:
    0: var this
  stack_size: 3
  opcodes:
        push_this
        put_loc0 0: this
        get_loc0 0: this
        push_atom_value "__trampoline return__"
        push_true
        put_array_el
        get_loc0 0: this
        get_arg0 0: args
        put_field args
        get_loc0 0: this
        get_arg1 1: maxTailCalls
        put_field MAX_TAIL_CALLs
        return_undef

__tests__/fixtures_quickjs/octane/earley-boyer.js:1894:35: function: <null>
  mode: strict
  locals:
    0: var o
    1: var fun
    2: var res
    3: var this
  closure vars:
    0: SC_TAIL_OBJECT parent:loc246 var
    1: sc_Trampoline parent:loc242 var
  stack_size: 4
  opcodes:
        push_this
        put_loc3 3: this
        get_loc3 3: this
        put_loc0 0: o
    4:  get_var_ref0 0: SC_TAIL_OBJECT
        get_loc0 0: o
        get_field MAX_TAIL_CALLs
        push_1 1
        sub
        put_field calls
        get_loc0 0: o
        get_field args
        get_field callee
        set_loc1 1: fun
        get_field2 apply
        get_var_ref0 0: SC_TAIL_OBJECT
        get_loc0 0: o
        get_field args
        call_method 2
        set_loc2 2: res
        get_var_ref1 1: sc_Trampoline
        instanceof
        if_false8 54
        get_loc2 2: res
        put_loc0 0: o
        goto8 4
   54:  get_loc2 2: res
        return

__tests__/fixtures_quickjs/octane/earley-boyer.js:1910:18: function: <null>
  mode: strict
  args: res
  closure vars:
    0: escape_obj local:loc0 var
  stack_size: 2
  opcodes:
        get_var_ref0 0: escape_obj
        get_arg0 0: res
        put_field res
        get_var_ref0 0: escape_obj
        throw

__tests__/fixtures_quickjs/octane/earley-boyer.js:1908:1: function: sc_bindExitLambda
  mode: strict
  args: proc
  locals:
    0: var escape_obj
    1: var escape
    2: catch e [level:3 next:-1]
  closure vars:
    0: sc_BindExitException parent:loc244 var
  stack_size: 3
  opcodes:
        get_var_ref0 0: sc_BindExitException
        dup
        call_constructor 0
        put_loc0 0: escape_obj
        fclosure8 0: [bytecode <null>]
        set_name escape
        put_loc1 1: escape
        catch 24
        get_arg0 0: proc
        get_loc1 1: escape
        call1 1
        nip_catch
        return
   24:  put_loc2 2: e
        catch 45
        get_loc2 2: e
        get_loc0 0: escape_obj
        strict_eq
        if_false8 43
        get_loc2 2: e
        get_field res
        nip_catch
        return
   43:  get_loc2 2: e
        throw
   45:  throw

__tests__/fixtures_quickjs/octane/earley-boyer.js:1924:1: function: sc_BindExitException
  mode: strict
  locals:
    0: var this
  stack_size: 2
  opcodes:
        push_this
        put_loc0 0: this
        get_loc0 0: this
        push_true
        put_field _internalException
        return_undef

__tests__/fixtures_quickjs/octane/earley-boyer.js:1934:1: function: sc_EOF
  mode: strict
  stack_size: 0
  opcodes:
        return_undef

__tests__/fixtures_quickjs/octane/earley-boyer.js:1937:1: function: sc_Port
  mode: strict
  stack_size: 0
  opcodes:
        return_undef

__tests__/fixtures_quickjs/octane/earley-boyer.js:1940:1: function: sc_InputPort
  mode: strict
  stack_size: 0
  opcodes:
        return_undef

__tests__/fixtures_quickjs/octane/earley-boyer.js:1943:35: function: <null>
  mode: strict
  locals:
    0: var this
  stack_size: 3
  opcodes:
        push_this
        put_loc0 0: this
        push_atom_value peeked
        get_loc0 0: this
        in
        lnot
        if_false8 27
        get_loc0 0: this
        get_loc0 0: this
        get_field2 getNextChar
        call_method 0
        put_field peeked
   27:  get_loc0 0: this
        get_field peeked
        return

__tests__/fixtures_quickjs/octane/earley-boyer.js:1948:35: function: <null>
  mode: strict
  locals:
    0: var tmp
    1: var this
  stack_size: 2
  opcodes:
        push_this
        put_loc1 1: this
        get_loc1 1: this
        get_field2 peekChar
        call_method 0
        put_loc0 0: tmp
        get_loc1 1: this
        push_atom_value peeked
        delete
        drop
        get_loc0 0: tmp
        return

__tests__/fixtures_quickjs/octane/earley-boyer.js:1953:38: function: <null>
  mode: strict
  stack_size: 1
  opcodes:
        push_true
        return

__tests__/fixtures_quickjs/octane/earley-boyer.js:1956:32: function: <null>
  mode: strict
  stack_size: 0
  opcodes:
        return_undef

__tests__/fixtures_quickjs/octane/earley-boyer.js:1960:1: function: sc_ErrorInputPort
  mode: strict
  stack_size: 0
  opcodes:
        return_undef

__tests__/fixtures_quickjs/octane/earley-boyer.js:1964:43: function: <null>
  mode: strict
  stack_size: 1
  opcodes:
        push_atom_value "can't read from error-port."
        throw

__tests__/fixtures_quickjs/octane/earley-boyer.js:1967:43: function: <null>
  mode: strict
  stack_size: 1
  opcodes:
        push_false
        return

__tests__/fixtures_quickjs/octane/earley-boyer.js:1971:1: function: sc_StringInputPort
  mode: strict
  args: jsStr
  locals:
    0: var this
  stack_size: 4
  opcodes:
        push_this
        put_loc0 0: this
        get_loc0 0: this
        get_var String
        dup
        get_arg0 0: jsStr
        call_constructor 1
        put_field str
        get_loc0 0: this
        push_0 0
        put_field pos
        return_undef

__tests__/fixtures_quickjs/octane/earley-boyer.js:1979:44: function: <null>
  mode: strict
  locals:
    0: var this
  closure vars:
    0: SC_EOF_OBJECT parent:loc248 var
  stack_size: 5
  opcodes:
        push_this
        put_loc0 0: this
        get_loc0 0: this
        get_field pos
        get_loc0 0: this
        get_field str
        get_length
        gte
        if_false8 20
        get_var_ref0 0: SC_EOF_OBJECT
        return
   20:  get_loc0 0: this
        get_field str
        get_field2 charAt
        get_loc0 0: this
        get_field2 pos
        post_inc
        perm3
        put_field pos
        tail_call_method 1

__tests__/fixtures_quickjs/octane/earley-boyer.js:1985:1: function: sc_Token
  mode: strict
  args: type val pos
  locals:
    0: var this
  stack_size: 2
  opcodes:
        push_this
        put_loc0 0: this
        get_loc0 0: this
        get_arg0 0: type
        put_field type
        get_loc0 0: this
        get_arg1 1: val
        put_field val
        get_loc0 0: this
        get_arg2 2: pos
        put_field pos
        return_undef

__tests__/fixtures_quickjs/octane/earley-boyer.js:2012:1: function: sc_Tokenizer
  mode: strict
  args: port
  locals:
    0: var this
  stack_size: 2
  opcodes:
        push_this
        put_loc0 0: this
        get_loc0 0: this
        get_arg0 0: port
        put_field port
        return_undef

__tests__/fixtures_quickjs/octane/earley-boyer.js:2015:36: function: <null>
  mode: strict
  locals:
    0: var newToken
    1: var this
  stack_size: 2
  opcodes:
        push_this
        put_loc1 1: this
        get_loc1 1: this
        get_field peeked
        if_false8 17
        get_loc1 1: this
        get_field peeked
        return
   17:  get_loc1 1: this
        get_field2 nextToken
        call_method 0
        put_loc0 0: newToken
        get_loc1 1: this
        get_loc0 0: newToken
        put_field peeked
        get_loc0 0: newToken
        return

__tests__/fixtures_quickjs/octane/earley-boyer.js:2022:36: function: <null>
  mode: strict
  locals:
    0: var tmp
    1: var this
  stack_size: 2
  opcodes:
        push_this
        put_loc1 1: this
        get_loc1 1: this
        get_field2 peekToken
        call_method 0
        put_loc0 0: tmp
        get_loc1 1: this
        push_atom_value peeked
        delete
        drop
        get_loc0 0: tmp
        return

__tests__/fixtures_quickjs/octane/earley-boyer.js:2029:5: function: isNumberChar
  mode: strict
  args: c
  stack_size: 2
  opcodes:
        get_arg0 0: c
        push_const8 0: "0"
        gte
        dup
        if_false8 12
        drop
        get_arg0 0: c
        push_const8 1: "9"
        lte
   12:  return

__tests__/fixtures_quickjs/octane/earley-boyer.js:2033:5: function: isIdOrNumberChar
  mode: strict
  args: c
  closure vars:
    0: SC_ID_CLASS parent:loc0 var
  stack_size: 3
  opcodes:
        get_var_ref0 0: SC_ID_CLASS
        get_field2 indexOf
        get_arg0 0: c
        call_method 1
        push_minus1 -1
        neq
        dup
        if_true8 28
        drop
        get_arg0 0: c
        push_const8 0: "0"
        gte
        dup
        if_false8 28
        drop
        get_arg0 0: c
        push_const8 1: "9"
        lte
   28:  return

__tests__/fixtures_quickjs/octane/earley-boyer.js:2037:5: function: isWhitespace
  mode: strict
  args: c
  stack_size: 2
  opcodes:
        get_arg0 0: c
        push_atom_value " "
        strict_eq
        dup
        if_true8 51
        drop
        get_arg0 0: c
        push_atom_value "\u000d"
        strict_eq
        dup
        if_true8 51
        drop
        get_arg0 0: c
        push_atom_value "\n"
        strict_eq
        dup
        if_true8 51
        drop
        get_arg0 0: c
        push_atom_value "\u0009"
        strict_eq
        dup
        if_true8 51
        drop
        get_arg0 0: c
        push_atom_value "\u000c"
        strict_eq
   51:  return

__tests__/fixtures_quickjs/octane/earley-boyer.js:2041:5: function: isWhitespaceOrEOF
  mode: strict
  args: c
  closure vars:
    0: isWhitespace local:loc3 var
    1: SC_EOF_OBJECT parent:loc1 var
  stack_size: 2
  opcodes:
        get_var_ref0 0: isWhitespace
        get_arg0 0: c
        call1 1
        dup
        if_true8 10
        drop
        get_arg0 0: c
        get_var_ref1 1: SC_EOF_OBJECT
        strict_eq
   10:  return

__tests__/fixtures_quickjs/octane/earley-boyer.js:2045:5: function: readString
  mode: strict
  locals:
    0: var c
    1: var tmp
    2: var nb
    3: var hexC
  closure vars:
    0: port local:loc0 var
    1: sc_Token parent:loc2 var
    2: SC_EOF_OBJECT parent:loc1 var
  stack_size: 7
  opcodes:
        check_var res
        push_empty_string
        put_var_strict res
   11:  get_var_ref0 0: port
        get_field2 readChar
        call_method 0
        set_loc0 0: c
        dup
        push_atom_value "\""
        strict_eq
        if_false8 43
        get_var_ref1 1: sc_Token
        dup
        push_i8 11
        get_var res
        call_constructor 2
        return
   43:  dup
        push_atom_value "\\"
        strict_eq
        if_false 666
        get_var_ref0 0: port
        get_field2 readChar
        call_method 0
        set_loc1 1: tmp
        dup
        push_const8 0: "0"
        strict_eq
        if_false8 95
        check_var res
        get_var res
        push_atom_value "\\0"
        add
        put_var_strict res
        goto16 663
   95:  dup
        push_atom_value a
        strict_eq
        if_false8 128
        check_var res
        get_var res
        push_atom_value a
        add
        put_var_strict res
        goto16 663
  128:  dup
        push_atom_value b
        strict_eq
        if_false8 161
        check_var res
        get_var res
        push_atom_value "\u0008"
        add
        put_var_strict res
        goto16 663
  161:  dup
        push_atom_value f
        strict_eq
        if_false8 194
        check_var res
        get_var res
        push_atom_value "\u000c"
        add
        put_var_strict res
        goto16 663
  194:  dup
        push_atom_value n
        strict_eq
        if_false8 227
        check_var res
        get_var res
        push_atom_value "\n"
        add
        put_var_strict res
        goto16 663
  227:  dup
        push_atom_value r
        strict_eq
        if_false8 260
        check_var res
        get_var res
        push_atom_value "\u000d"
        add
        put_var_strict res
        goto16 663
  260:  dup
        push_atom_value t
        strict_eq
        if_false8 293
        check_var res
        get_var res
        push_atom_value "\u0009"
        add
        put_var_strict res
        goto16 663
  293:  dup
        push_atom_value v
        strict_eq
        if_false8 326
        check_var res
        get_var res
        push_atom_value "\u000b"
        add
        put_var_strict res
        goto16 663
  326:  dup
        push_atom_value "\""
        strict_eq
        if_false8 359
        check_var res
        get_var res
        push_atom_value "\""
        add
        put_var_strict res
        goto16 663
  359:  dup
        push_atom_value "\\"
        strict_eq
        if_false8 392
        check_var res
        get_var res
        push_atom_value "\\"
        add
        put_var_strict res
        goto16 663
  392:  dup
        push_atom_value x
        strict_eq
        if_false 622
        push_0 0
        put_loc2 2: nb
  406:  get_var_ref0 0: port
        get_field2 peekChar
        call_method 0
        set_loc3 3: hexC
        push_const8 1: "0"
        gte
        if_false8 467
        get_loc3 3: hexC
        push_const8 2: "9"
        lte
        if_false8 467
        get_var_ref0 0: port
        get_field2 readChar
        call_method 0
        drop
        get_loc2 2: nb
        push_i8 16
        mul
        get_loc3 3: hexC
        get_field2 charCodeAt
        push_0 0
        call_method 1
        add
        push_const8 3: "0"
        get_field2 charCodeAt
        push_0 0
        call_method 1
        sub
        put_loc2 2: nb
        goto8 406
  467:  get_loc3 3: hexC
        push_atom_value a
        gte
        if_false8 528
        get_loc3 3: hexC
        push_atom_value f
        lte
        if_false8 528
        get_var_ref0 0: port
        get_field2 readChar
        call_method 0
        drop
        get_loc2 2: nb
        push_i8 16
        mul
        get_loc3 3: hexC
        get_field2 charCodeAt
        push_0 0
        call_method 1
        add
        push_atom_value a
        get_field2 charCodeAt
        push_0 0
        call_method 1
        sub
        put_loc2 2: nb
        goto8 406
  528:  get_loc3 3: hexC
        push_atom_value A
        gte
        if_false8 590
        get_loc3 3: hexC
        push_atom_value F
        lte
        if_false8 590
        get_var_ref0 0: port
        get_field2 readChar
        call_method 0
        drop
        get_loc2 2: nb
        push_i8 16
        mul
        get_loc3 3: hexC
        get_field2 charCodeAt
        push_0 0
        call_method 1
        add
        push_atom_value A
        get_field2 charCodeAt
        push_0 0
        call_method 1
        sub
        put_loc2 2: nb
        goto16 406
  590:  check_var res
        get_var res
        get_var String
        get_field2 fromCharCode
        get_loc2 2: nb
        call_method 1
        add
        put_var_strict res
        goto8 663
  622:  get_loc1 1: tmp
        get_var_ref2 2: SC_EOF_OBJECT
        strict_eq
        if_false8 646
        get_var_ref1 1: sc_Token
        dup
        push_i8 13
        push_atom_value "unclosed string-literal"
        get_var res
        add
        call_constructor 2
        return
  646:  check_var res
        get_var res
        get_loc1 1: tmp
        add
        put_var_strict res
  663:  drop
        goto8 707
  666:  get_loc0 0: c
        get_var_ref2 2: SC_EOF_OBJECT
        strict_eq
        if_false8 690
        get_var_ref1 1: sc_Token
        dup
        push_i8 13
        push_atom_value "unclosed string-literal"
        get_var res
        add
        call_constructor 2
        return
  690:  check_var res
        get_var res
        get_loc0 0: c
        add
        put_var_strict res
  707:  drop
        goto16 11

__tests__/fixtures_quickjs/octane/earley-boyer.js:2125:5: function: readIdOrNumber
  mode: strict
  args: firstChar
  locals:
    0: var res
  closure vars:
    0: isIdOrNumberChar local:loc2 var
    1: port local:loc0 var
    2: sc_Token parent:loc2 var
  stack_size: 5
  opcodes:
        get_arg0 0: firstChar
        put_loc0 0: res
    2:  get_var_ref0 0: isIdOrNumberChar
        get_var_ref1 1: port
        get_field2 peekChar
        call_method 0
        call1 1
        if_false8 29
        get_loc0 0: res
        get_var_ref1 1: port
        get_field2 readChar
        call_method 0
        add
        put_loc0 0: res
        goto8 2
   29:  get_var isNaN
        get_loc0 0: res
        call1 1
        if_false8 47
        get_var_ref2 2: sc_Token
        dup
        push_i8 9
        get_loc0 0: res
        call_constructor 2
        return
   47:  get_var_ref2 2: sc_Token
        dup
        push_i8 12
        get_loc0 0: res
        push_0 0
        sub
        call_constructor 2
        return

__tests__/fixtures_quickjs/octane/earley-boyer.js:2135:5: function: skipWhitespaceAndComments
  mode: strict
  locals:
    0: var done
  closure vars:
    0: isWhitespace local:loc3 var
    1: port local:loc0 var
    2: curChar local:loc10 var
    3: SC_EOF_OBJECT parent:loc1 var
  stack_size: 3
  opcodes:
        push_false
        put_loc0 0: done
    2:  get_loc0 0: done
        lnot
        if_false8 91
        push_true
        put_loc0 0: done
    8:  get_var_ref0 0: isWhitespace
        get_var_ref1 1: port
        get_field2 peekChar
        call_method 0
        call1 1
        if_false8 33
        get_var_ref1 1: port
        get_field2 readChar
        call_method 0
        drop
        goto8 8
   33:  get_var_ref1 1: port
        get_field2 peekChar
        call_method 0
        push_atom_value ";"
        strict_eq
        if_false8 2
        get_var_ref1 1: port
        get_field2 readChar
        call_method 0
        drop
        push_false
        put_loc0 0: done
   62:  get_var_ref1 1: port
        get_field2 readChar
        call_method 0
        set_var_ref2 2: curChar
        get_var_ref3 3: SC_EOF_OBJECT
        strict_eq
        dup
        if_true8 85
        drop
        get_var_ref2 2: curChar
        push_atom_value "\n"
        strict_eq
   85:  if_true8 89
        goto8 62
   89:  goto8 2
   91:  return_undef

__tests__/fixtures_quickjs/octane/earley-boyer.js:2154:5: function: readDot
  mode: strict
  closure vars:
    0: isWhitespace local:loc3 var
    1: port local:loc0 var
    2: sc_Token parent:loc2 var
    3: readIdOrNumber local:loc6 var
  stack_size: 3
  opcodes:
        get_var_ref0 0: isWhitespace
        get_var_ref1 1: port
        get_field2 peekChar
        call_method 0
        call1 1
        if_false8 21
        get_var_ref2 2: sc_Token
        dup
        push_i8 10
        call_constructor 1
        return
   21:  get_var_ref3 3: readIdOrNumber
        push_atom_value "."
        tail_call 1

__tests__/fixtures_quickjs/octane/earley-boyer.js:2161:5: function: readSharp
  mode: strict
  locals:
    0: var c
    1: var nb
    2: var tmp
    3: var entry
    4: var res
    5: var needing
  closure vars:
    0: port local:loc0 var
    1: isWhitespace local:loc3 var
    2: sc_Token parent:loc2 var
    3: isNumberChar local:loc1 var
    4: isWhitespaceOrEOF local:loc4 var
    5: sc_isEOFObject parent:loc3 var
    6: sc_Char parent:loc4 var
  stack_size: 6
  opcodes:
        get_var_ref0 0: port
        get_field2 readChar
        call_method 0
        put_loc0 0: c
        get_var_ref1 1: isWhitespace
        get_loc0 0: c
        call1 1
        if_false8 28
        get_var_ref2 2: sc_Token
        dup
        push_i8 13
        push_atom_value "bad #-pattern0."
        call_constructor 2
        return
   28:  get_var_ref3 3: isNumberChar
        get_loc0 0: c
        call1 1
        if_false8 129
        get_loc0 0: c
        push_0 0
        sub
        put_loc1 1: nb
   37:  get_var_ref3 3: isNumberChar
        get_var_ref0 0: port
        get_field2 peekChar
        call_method 0
        call1 1
        if_false8 69
        get_loc1 1: nb
        push_i8 10
        mul
        get_var_ref0 0: port
        get_field2 readChar
        call_method 0
        push_0 0
        sub
        add
        put_loc1 1: nb
        goto8 37
   69:  get_var_ref0 0: port
        get_field2 readChar
        call_method 0
        dup
        push_atom_value "#"
        strict_eq
        if_false8 96
        get_var_ref2 2: sc_Token
        dup
        push_i8 18
        get_loc1 1: nb
        call_constructor 2
        return
   96:  dup
        push_atom_value "="
        strict_eq
        if_false8 114
        get_var_ref2 2: sc_Token
        dup
        push_i8 19
        get_loc1 1: nb
        call_constructor 2
        return
  114:  get_var_ref2 2: sc_Token
        dup
        push_i8 13
        push_atom_value "bad #-pattern1."
        get_loc1 1: nb
        add
        call_constructor 2
        return
  129:  get_loc0 0: c
        push_atom_value "("
        strict_eq
        if_false8 146
        get_var_ref2 2: sc_Token
        dup
        push_i8 14
        call_constructor 1
        return
  146:  get_loc0 0: c
        push_atom_value "\\"
        strict_eq
        if_false 298
        push_empty_string
        put_loc2 2: tmp
  160:  get_var_ref 4: isWhitespaceOrEOF
        get_var_ref0 0: port
        get_field2 peekChar
        call_method 0
        call1 1
        lnot
        if_false8 190
        get_loc2 2: tmp
        get_var_ref0 0: port
        get_field2 readChar
        call_method 0
        add
        put_loc2 2: tmp
        goto8 160
  190:  get_loc2 2: tmp
        get_length
        dup
        push_0 0
        strict_eq
        if_false8 239
        get_var_ref 5: sc_isEOFObject
        get_var_ref0 0: port
        get_field peekChar
        call1 1
        if_false8 222
        get_var_ref2 2: sc_Token
        dup
        push_i8 13
        push_atom_value "bad #-pattern2."
        call_constructor 2
        return
  222:  get_var_ref2 2: sc_Token
        dup
        push_i8 20
        get_var_ref0 0: port
        get_field2 readChar
        call_method 0
        call_constructor 2
        return
  239:  dup
        push_1 1
        strict_eq
        if_false8 253
        get_var_ref2 2: sc_Token
        dup
        push_i8 20
        get_loc2 2: tmp
        call_constructor 2
        return
  253:  get_var_ref 6: sc_Char
        get_field readable2char
        get_loc2 2: tmp
        get_field2 toLowerCase
        call_method 0
        get_array_el
        set_loc3 3: entry
        if_false8 283
        get_var_ref2 2: sc_Token
        dup
        push_i8 20
        get_loc3 3: entry
        call_constructor 2
        return
  283:  get_var_ref2 2: sc_Token
        dup
        push_i8 13
        push_atom_value "unknown character description: #\\"
        get_loc2 2: tmp
        add
        call_constructor 2
        return
  298:  get_loc0 0: c
        dup
        push_atom_value t
        strict_eq
        if_false8 323
        get_var_ref2 2: sc_Token
        dup
        push_i8 15
        push_true
        call_constructor 2
        put_loc8 4: res
        push_empty_string
        put_loc8 5: needing
        goto8 394
  323:  dup
        push_atom_value f
        strict_eq
        if_false8 347
        get_var_ref2 2: sc_Token
        dup
        push_i8 16
        push_false
        call_constructor 2
        put_loc8 4: res
        push_empty_string
        put_loc8 5: needing
        goto8 394
  347:  dup
        push_atom_value u
        strict_eq
        if_false8 379
        get_var_ref2 2: sc_Token
        dup
        push_i8 17
        get_var undefined
        call_constructor 2
        put_loc8 4: res
        push_atom_value nspecified
        put_loc8 5: needing
        goto8 394
  379:  get_var_ref2 2: sc_Token
        dup
        push_i8 13
        push_atom_value "bad #-pattern3: "
        get_loc0 0: c
        add
        call_constructor 2
        return
  394:  drop
  395:  get_var_ref0 0: port
        get_field2 peekChar
        call_method 0
        put_loc0 0: c
        get_var_ref 4: isWhitespaceOrEOF
        get_loc0 0: c
        call1 1
        dup
        if_true8 421
        drop
        get_loc0 0: c
        push_atom_value ")"
        strict_eq
  421:  if_false8 432
        get_loc8 5: needing
        push_empty_string
        eq
        if_false8 432
        get_loc8 4: res
        return
  432:  get_var_ref1 1: isWhitespace
        get_loc0 0: c
        call1 1
        dup
        if_true8 443
        drop
        get_loc8 5: needing
        push_empty_string
        eq
  443:  if_false8 469
        get_var_ref2 2: sc_Token
        dup
        push_i8 13
        push_atom_value "bad #-pattern4 "
        get_loc0 0: c
        add
        push_atom_value " "
        add
        get_loc8 5: needing
        add
        call_constructor 2
        return
  469:  get_loc8 5: needing
        get_field2 charAt
        push_0 0
        call_method 1
        get_loc0 0: c
        eq
        if_false8 509
        get_var_ref0 0: port
        get_field2 readChar
        call_method 0
        drop
        get_loc8 5: needing
        get_field2 slice
        push_1 1
        call_method 1
        put_loc8 5: needing
        goto8 395
  509:  get_var_ref2 2: sc_Token
        dup
        push_i8 13
        push_atom_value "bad #-pattern5"
        call_constructor 2
        return

__tests__/fixtures_quickjs/octane/earley-boyer.js:2027:36: function: <null>
  mode: strict
  locals:
    0: var port
    1: var isNumberChar
    2: var isIdOrNumberChar
    3: var isWhitespace
    4: var isWhitespaceOrEOF
    5: var readString
    6: var readIdOrNumber
    7: var skipWhitespaceAndComments
    8: var readDot
    9: var readSharp
   10: var curChar
   11: var this
  closure vars:
    0: SC_ID_CLASS parent:loc254 var
    1: SC_EOF_OBJECT parent:loc248 var
    2: sc_Token parent:loc253 var
    3: sc_isEOFObject parent:loc263 var
    4: sc_Char parent:loc142 var
  stack_size: 4
  opcodes:
        push_this
        put_loc8 11: this
        fclosure8 0: [bytecode isNumberChar]
        put_loc1 1: isNumberChar
        fclosure8 1: [bytecode isIdOrNumberChar]
        put_loc2 2: isIdOrNumberChar
        fclosure8 2: [bytecode isWhitespace]
        put_loc3 3: isWhitespace
        fclosure8 3: [bytecode isWhitespaceOrEOF]
        put_loc8 4: isWhitespaceOrEOF
        fclosure8 4: [bytecode readString]
        put_loc8 5: readString
        fclosure8 5: [bytecode readIdOrNumber]
        put_loc8 6: readIdOrNumber
        fclosure8 6: [bytecode skipWhitespaceAndComments]
        put_loc8 7: skipWhitespaceAndComments
        fclosure8 7: [bytecode readDot]
        put_loc8 8: readDot
        fclosure8 8: [bytecode readSharp]
        put_loc8 9: readSharp
        get_loc8 11: this
        get_field port
        put_loc0 0: port
        get_loc8 7: skipWhitespaceAndComments
        call0 0
        drop
        get_loc0 0: port
        get_field2 readChar
        call_method 0
        set_loc8 10: curChar
        get_var_ref1 1: SC_EOF_OBJECT
        strict_eq
        if_false8 72
        get_var_ref2 2: sc_Token
        dup
        push_0 0
        get_loc8 10: curChar
        call_constructor 2
        return
   72:  get_loc8 10: curChar
        dup
        push_atom_value " "
        strict_eq
        if_true8 101
        dup
        push_atom_value "\n"
        strict_eq
        if_true8 101
        dup
        push_atom_value "\u0009"
        strict_eq
        if_false8 109
  101:  get_var readWhitespace
        tail_call 0
  109:  dup
        push_atom_value "("
        strict_eq
        if_false8 125
        get_var_ref2 2: sc_Token
        dup
        push_1 1
        call_constructor 1
        return
  125:  dup
        push_atom_value ")"
        strict_eq
        if_false8 141
        get_var_ref2 2: sc_Token
        dup
        push_2 2
        call_constructor 1
        return
  141:  dup
        push_atom_value "{"
        strict_eq
        if_false8 157
        get_var_ref2 2: sc_Token
        dup
        push_3 3
        call_constructor 1
        return
  157:  dup
        push_atom_value "}"
        strict_eq
        if_false8 173
        get_var_ref2 2: sc_Token
        dup
        push_4 4
        call_constructor 1
        return
  173:  dup
        push_atom_value "["
        strict_eq
        if_false8 189
        get_var_ref2 2: sc_Token
        dup
        push_5 5
        call_constructor 1
        return
  189:  dup
        push_atom_value "]"
        strict_eq
        if_false8 205
        get_var_ref2 2: sc_Token
        dup
        push_6 6
        call_constructor 1
        return
  205:  dup
        push_atom_value "'"
        strict_eq
        if_false8 222
        get_var_ref2 2: sc_Token
        dup
        push_i8 8
        call_constructor 1
        return
  222:  dup
        push_atom_value "#"
        strict_eq
        if_false8 236
        get_loc8 9: readSharp
        tail_call 0
  236:  dup
        push_atom_value "."
        strict_eq
        if_false8 250
        get_loc8 8: readDot
        tail_call 0
  250:  dup
        push_atom_value "\""
        strict_eq
        if_false8 264
        get_loc8 5: readString
        tail_call 0
  264:  get_loc2 2: isIdOrNumberChar
        get_loc8 10: curChar
        call1 1
        if_false8 277
        get_loc8 6: readIdOrNumber
        get_loc8 10: curChar
        tail_call 1
  277:  push_atom_value "unexpected character: "
        get_loc8 10: curChar
        add
        throw

__tests__/fixtures_quickjs/octane/earley-boyer.js:2271:1: function: sc_Reader
  mode: strict
  args: tokenizer
  locals:
    0: var this
  stack_size: 3
  opcodes:
        push_this
        put_loc0 0: this
        get_loc0 0: this
        get_arg0 0: tokenizer
        put_field tokenizer
        get_loc0 0: this
        get_var Array
        dup
        call_constructor 0
        put_field backref
        return_undef

__tests__/fixtures_quickjs/octane/earley-boyer.js:2277:9: function: matchesPeer
  mode: strict
  args: open close
  stack_size: 2
  opcodes:
        get_arg0 0: open
        push_1 1
        strict_eq
        dup
        if_false8 10
        drop
        get_arg1 1: close
        push_2 2
        strict_eq
   10:  dup
        if_true8 38
        drop
        get_arg0 0: open
        push_3 3
        strict_eq
        dup
        if_false8 24
        drop
        get_arg1 1: close
        push_4 4
        strict_eq
   24:  dup
        if_true8 38
        drop
        get_arg0 0: open
        push_5 5
        strict_eq
        dup
        if_false8 38
        drop
        get_arg1 1: close
        push_6 6
        strict_eq
   38:  return

__tests__/fixtures_quickjs/octane/earley-boyer.js:2276:5: function: readList
  mode: strict
  args: listBeginType
  locals:
    0: var matchesPeer
    1: var res
    2: var token
    3: var cdr
    4: var par
    5: var this
  closure vars:
    0: tokenizer local:loc5 var
    1: sc_reverseBang parent:loc0 var
    2: sc_reverseAppendBang parent:loc1 var
    3: sc_cons parent:loc2 var
  stack_size: 4
  opcodes:
        push_this
        put_loc8 5: this
        fclosure8 0: [bytecode matchesPeer]
        put_loc0 0: matchesPeer
        null
        put_loc1 1: res
    8:  get_var_ref0 0: tokenizer
        get_field2 peekToken
        call_method 0
        set_loc2 2: token
        get_field type
        dup
        push_2 2
        strict_eq
        if_true8 38
        dup
        push_4 4
        strict_eq
        if_true8 38
        dup
        push_6 6
        strict_eq
        if_false8 84
   38:  get_loc0 0: matchesPeer
        get_arg0 0: listBeginType
        get_loc2 2: token
        get_field type
        call2 2
        if_false8 64
        get_var_ref0 0: tokenizer
        get_field2 readToken
        call_method 0
        drop
        get_var_ref1 1: sc_reverseBang
        get_loc1 1: res
        tail_call 1
   64:  push_atom_value "closing par doesn't match: "
        get_arg0 0: listBeginType
        add
        push_atom_value " "
        add
        get_var listEndType
        add
        throw
   84:  dup
        push_0 0
        strict_eq
        if_false8 95
        push_atom_value "unexpected end of file"
        throw
   95:  dup
        push_i8 10
        strict_eq
        if_false8 174
        get_var_ref0 0: tokenizer
        get_field2 readToken
        call_method 0
        drop
        get_loc8 5: this
        get_field2 read
        call_method 0
        put_loc3 3: cdr
        get_var_ref0 0: tokenizer
        get_field2 readToken
        call_method 0
        put_loc8 4: par
        get_loc0 0: matchesPeer
        get_arg0 0: listBeginType
        get_loc8 4: par
        get_field type
        call2 2
        lnot
        if_false8 168
        push_atom_value "closing par doesn't match: "
        get_arg0 0: listBeginType
        add
        push_atom_value " "
        add
        get_loc8 4: par
        get_field type
        add
        throw
  168:  get_var_ref2 2: sc_reverseAppendBang
        get_loc1 1: res
        get_loc3 3: cdr
        tail_call 2
  174:  get_var_ref3 3: sc_cons
        get_loc8 5: this
        get_field2 read
        call_method 0
        get_loc1 1: res
        call2 2
        put_loc1 1: res
        drop
        goto16 8

__tests__/fixtures_quickjs/octane/earley-boyer.js:2314:5: function: readQuote
  mode: strict
  locals:
    0: var this
  closure vars:
    0: sc_cons parent:loc2 var
  stack_size: 5
  opcodes:
        push_this
        put_loc0 0: this
        get_var_ref0 0: sc_cons
        push_atom_value quote
        get_var_ref0 0: sc_cons
        get_loc0 0: this
        get_field2 read
        call_method 0
        null
        call2 2
        tail_call 2

__tests__/fixtures_quickjs/octane/earley-boyer.js:2318:5: function: readVector
  mode: strict
  locals:
    0: var a
    1: var token
    2: var this
  closure vars:
    0: tokenizer local:loc5 var
  stack_size: 5
  opcodes:
        push_this
        put_loc2 2: this
        get_var Array
        dup
        call_constructor 0
        put_loc0 0: a
   12:  get_var_ref0 0: tokenizer
        get_field2 peekToken
        call_method 0
        set_loc1 1: token
        get_field type
        dup
        push_2 2
        strict_eq
        if_false8 44
        get_var_ref0 0: tokenizer
        get_field2 readToken
        call_method 0
        drop
        get_loc0 0: a
        return
   44:  get_loc0 0: a
        get_field2 push
        get_loc2 2: this
        get_field2 read
        call_method 0
        call_method 1
        drop
        drop
        goto8 12

__tests__/fixtures_quickjs/octane/earley-boyer.js:2333:5: function: storeRefence
  mode: strict
  args: nb
  locals:
    0: var tmp
    1: var this
  stack_size: 3
  opcodes:
        push_this
        put_loc1 1: this
        get_loc1 1: this
        get_field2 read
        call_method 0
        put_loc0 0: tmp
        get_loc1 1: this
        get_field backref
        get_arg0 0: nb
        get_loc0 0: tmp
        put_array_el
        get_loc0 0: tmp
        return

__tests__/fixtures_quickjs/octane/earley-boyer.js:2339:5: function: readReference
  mode: strict
  args: nb
  locals:
    0: var this
  stack_size: 2
  opcodes:
        push_this
        put_loc0 0: this
        get_arg0 0: nb
        get_loc0 0: this
        get_field backref
        in
        if_false8 21
        get_loc0 0: this
        get_field backref
        get_arg0 0: nb
        get_array_el
        return
   21:  push_atom_value "bad reference: "
        get_arg0 0: nb
        add
        throw

__tests__/fixtures_quickjs/octane/earley-boyer.js:2275:28: function: <null>
  mode: strict
  locals:
    0: var readList
    1: var readQuote
    2: var readVector
    3: var storeRefence
    4: var readReference
    5: var tokenizer
    6: var token
    7: var this
  closure vars:
    0: sc_reverseBang parent:loc123 var
    1: sc_reverseAppendBang parent:loc117 var
    2: sc_cons parent:loc72 var
    3: sc_jsstring2string parent:loc305 var
    4: sc_Char parent:loc142 var
    5: sc_jsstring2symbol parent:loc306 var
  stack_size: 5
  opcodes:
        push_this
        put_loc8 7: this
        fclosure8 0: [bytecode readList]
        put_loc0 0: readList
        fclosure8 1: [bytecode readQuote]
        put_loc1 1: readQuote
        fclosure8 2: [bytecode readVector]
        put_loc2 2: readVector
        fclosure8 3: [bytecode storeRefence]
        put_loc3 3: storeRefence
        fclosure8 4: [bytecode readReference]
        put_loc8 4: readReference
        get_loc8 7: this
        get_field tokenizer
        set_loc8 5: tokenizer
        get_field2 readToken
        call_method 0
        set_loc8 6: token
        get_field type
        push_i8 13
        strict_eq
        if_false8 56
        get_loc8 6: token
        get_field val
        throw
   56:  get_loc8 6: token
        get_field type
        dup
        push_1 1
        strict_eq
        if_true8 78
        dup
        push_3 3
        strict_eq
        if_true8 78
        dup
        push_5 5
        strict_eq
        if_false8 96
   78:  get_loc0 0: readList
        get_field2 call
        get_loc8 7: this
        get_loc8 6: token
        get_field type
        tail_call_method 2
   96:  dup
        push_i8 8
        strict_eq
        if_false8 113
        get_loc1 1: readQuote
        get_field2 call
        get_loc8 7: this
        tail_call_method 1
  113:  dup
        push_i8 11
        strict_eq
        if_false8 130
        get_var_ref3 3: sc_jsstring2string
        get_loc8 6: token
        get_field val
        tail_call 1
  130:  dup
        push_i8 20
        strict_eq
        if_false8 151
        get_var_ref 4: sc_Char
        dup
        get_loc8 6: token
        get_field val
        call_constructor 1
        return
  151:  dup
        push_i8 14
        strict_eq
        if_false8 168
        get_loc2 2: readVector
        get_field2 call
        get_loc8 7: this
        tail_call_method 1
  168:  dup
        push_i8 18
        strict_eq
        if_false8 193
        get_loc8 4: readReference
        get_field2 call
        get_loc8 7: this
        get_loc8 6: token
        get_field val
        tail_call_method 2
  193:  dup
        push_i8 19
        strict_eq
        if_false8 217
        get_loc3 3: storeRefence
        get_field2 call
        get_loc8 7: this
        get_loc8 6: token
        get_field val
        tail_call_method 2
  217:  dup
        push_i8 9
        strict_eq
        if_false8 236
        get_var_ref 5: sc_jsstring2symbol
        get_loc8 6: token
        get_field val
        tail_call 1
  236:  dup
        push_0 0
        strict_eq
        if_true8 265
        dup
        push_i8 12
        strict_eq
        if_true8 265
        dup
        push_i8 15
        strict_eq
        if_true8 265
        dup
        push_i8 16
        strict_eq
        if_true8 265
        dup
        push_i8 17
        strict_eq
        if_false8 273
  265:  get_loc8 6: token
        get_field val
        return
  273:  push_atom_value "unexpected token "
        get_loc8 6: token
        get_field type
        add
        push_atom_value " "
        add
        get_loc8 6: token
        get_field val
        add
        throw

__tests__/fixtures_quickjs/octane/earley-boyer.js:2381:1: function: sc_read
  mode: strict
  args: port
  locals:
    0: var reader
  closure vars:
    0: SC_DEFAULT_IN parent:loc300 var
    1: sc_Reader parent:loc256 var
    2: sc_Tokenizer parent:loc255 var
  stack_size: 5
  opcodes:
        get_arg0 0: port
        get_var undefined
        strict_eq
        if_false8 11
        get_var_ref0 0: SC_DEFAULT_IN
        put_arg0 0: port
   11:  get_var_ref1 1: sc_Reader
        dup
        get_var_ref2 2: sc_Tokenizer
        dup
        get_arg0 0: port
        call_constructor 1
        call_constructor 1
        set_loc0 0: reader
        get_field2 read
        tail_call_method 0

__tests__/fixtures_quickjs/octane/earley-boyer.js:2388:1: function: sc_readChar
  mode: strict
  args: port
  locals:
    0: var t
  closure vars:
    0: SC_DEFAULT_IN parent:loc300 var
    1: SC_EOF_OBJECT parent:loc248 var
    2: sc_Char parent:loc142 var
  stack_size: 3
  opcodes:
        get_arg0 0: port
        get_var undefined
        strict_eq
        if_false8 11
        get_var_ref0 0: SC_DEFAULT_IN
        put_arg0 0: port
   11:  get_arg0 0: port
        get_field2 readChar
        call_method 0
        set_loc0 0: t
        get_var_ref1 1: SC_EOF_OBJECT
        strict_eq
        if_false8 27
        get_loc0 0: t
        return
   27:  get_var_ref2 2: sc_Char
        dup
        get_loc0 0: t
        call_constructor 1
        return

__tests__/fixtures_quickjs/octane/earley-boyer.js:2395:1: function: sc_peekChar
  mode: strict
  args: port
  locals:
    0: var t
  closure vars:
    0: SC_DEFAULT_IN parent:loc300 var
    1: SC_EOF_OBJECT parent:loc248 var
    2: sc_Char parent:loc142 var
  stack_size: 3
  opcodes:
        get_arg0 0: port
        get_var undefined
        strict_eq
        if_false8 11
        get_var_ref0 0: SC_DEFAULT_IN
        put_arg0 0: port
   11:  get_arg0 0: port
        get_field2 peekChar
        call_method 0
        set_loc0 0: t
        get_var_ref1 1: SC_EOF_OBJECT
        strict_eq
        if_false8 27
        get_loc0 0: t
        return
   27:  get_var_ref2 2: sc_Char
        dup
        get_loc0 0: t
        call_constructor 1
        return

__tests__/fixtures_quickjs/octane/earley-boyer.js:2404:1: function: sc_isCharReady
  mode: strict
  args: port
  closure vars:
    0: SC_DEFAULT_IN parent:loc300 var
  stack_size: 2
  opcodes:
        get_arg0 0: port
        get_var undefined
        strict_eq
        if_false8 11
        get_var_ref0 0: SC_DEFAULT_IN
        put_arg0 0: port
   11:  get_arg0 0: port
        get_field2 isCharReady
        tail_call_method 0

__tests__/fixtures_quickjs/octane/earley-boyer.js:2412:1: function: sc_closeInputPort
  mode: strict
  args: p
  stack_size: 2
  opcodes:
        get_arg0 0: p
        get_field2 close
        tail_call_method 0

__tests__/fixtures_quickjs/octane/earley-boyer.js:2419:1: function: sc_isInputPort
  mode: strict
  args: o
  closure vars:
    0: sc_InputPort parent:loc250 var
  stack_size: 2
  opcodes:
        get_arg0 0: o
        get_var_ref0 0: sc_InputPort
        instanceof
        return

__tests__/fixtures_quickjs/octane/earley-boyer.js:2426:1: function: sc_isEOFObject
  mode: strict
  args: o
  closure vars:
    0: SC_EOF_OBJECT parent:loc248 var
  stack_size: 2
  opcodes:
        get_arg0 0: o
        get_var_ref0 0: SC_EOF_OBJECT
        strict_eq
        return

__tests__/fixtures_quickjs/octane/earley-boyer.js:2432:1: function: sc_currentInputPort
  mode: strict
  closure vars:
    0: SC_DEFAULT_IN parent:loc300 var
  stack_size: 1
  opcodes:
        get_var_ref0 0: SC_DEFAULT_IN
        return

__tests__/fixtures_quickjs/octane/earley-boyer.js:2437:1: function: sc_callWithInputFile
  mode: strict
  args: s proc
  stack_size: 2
  opcodes:
        push_atom_value "can't open "
        get_arg0 0: s
        add
        throw

__tests__/fixtures_quickjs/octane/earley-boyer.js:2441:1: function: sc_callWithOutputFile
  mode: strict
  args: s proc
  stack_size: 2
  opcodes:
        push_atom_value "can't open "
        get_arg0 0: s
        add
        throw

__tests__/fixtures_quickjs/octane/earley-boyer.js:2445:1: function: sc_withInputFromFile
  mode: strict
  args: s thunk
  stack_size: 2
  opcodes:
        push_atom_value "can't open "
        get_arg0 0: s
        add
        throw

__tests__/fixtures_quickjs/octane/earley-boyer.js:2449:1: function: sc_withOutputToFile
  mode: strict
  args: s thunk
  stack_size: 2
  opcodes:
        push_atom_value "can't open "
        get_arg0 0: s
        add
        throw

__tests__/fixtures_quickjs/octane/earley-boyer.js:2453:1: function: sc_openInputFile
  mode: strict
  args: s
  stack_size: 2
  opcodes:
        push_atom_value "can't open "
        get_arg0 0: s
        add
        throw

__tests__/fixtures_quickjs/octane/earley-boyer.js:2457:1: function: sc_openOutputFile
  mode: strict
  args: s
  stack_size: 2
  opcodes:
        push_atom_value "can't open "
        get_arg0 0: s
        add
        throw

__tests__/fixtures_quickjs/octane/earley-boyer.js:2462:1: function: sc_basename
  mode: strict
  args: p
  locals:
    0: var i
  stack_size: 4
  opcodes:
        get_arg0 0: p
        get_field2 lastIndexOf
        push_atom_value "/"
        call_method 1
        set_loc0 0: i
        push_0 0
        gte
        if_false8 33
        get_arg0 0: p
        get_field2 substring
        get_loc0 0: i
        push_1 1
        add
        get_arg0 0: p
        get_length
        tail_call_method 2
   33:  push_empty_string
        return

__tests__/fixtures_quickjs/octane/earley-boyer.js:2470:1: function: sc_dirname
  mode: strict
  args: p
  locals:
    0: var i
  stack_size: 4
  opcodes:
        get_arg0 0: p
        get_field2 lastIndexOf
        push_atom_value "/"
        call_method 1
        set_loc0 0: i
        push_0 0
        gte
        if_false8 30
        get_arg0 0: p
        get_field2 substring
        push_0 0
        get_loc0 0: i
        tail_call_method 2
   30:  push_empty_string
        return

__tests__/fixtures_quickjs/octane/earley-boyer.js:2479:1: function: sc_withInputFromPort
  mode: strict
  args: p thunk
  locals:
    0: var tmp
  closure vars:
    0: SC_DEFAULT_IN parent:loc300 var
  stack_size: 3
  opcodes:
        catch 18
        get_var_ref0 0: SC_DEFAULT_IN
        put_loc0 0: tmp
        get_arg0 0: p
        put_var_ref0 0: SC_DEFAULT_IN
        get_arg1 1: thunk
        call0 0
        nip_catch
        gosub 24
        return
   18:  gosub 24
        throw
   24:  get_loc0 0: tmp
        put_var_ref0 0: SC_DEFAULT_IN
        ret

__tests__/fixtures_quickjs/octane/earley-boyer.js:2490:1: function: sc_withInputFromString
  mode: strict
  args: s thunk
  closure vars:
    0: sc_withInputFromPort parent:loc273 var
    1: sc_StringInputPort parent:loc252 var
    2: sc_string2jsstring parent:loc307 var
  stack_size: 5
  opcodes:
        get_var_ref0 0: sc_withInputFromPort
        get_var_ref1 1: sc_StringInputPort
        dup
        get_var_ref2 2: sc_string2jsstring
        get_arg0 0: s
        call1 1
        call_constructor 1
        get_arg1 1: thunk
        tail_call 2

__tests__/fixtures_quickjs/octane/earley-boyer.js:2494:1: function: sc_withOutputToPort
  mode: strict
  args: p thunk
  locals:
    0: var tmp
  closure vars:
    0: SC_DEFAULT_OUT parent:loc301 var
  stack_size: 3
  opcodes:
        catch 18
        get_var_ref0 0: SC_DEFAULT_OUT
        put_loc0 0: tmp
        get_arg0 0: p
        put_var_ref0 0: SC_DEFAULT_OUT
        get_arg1 1: thunk
        call0 0
        nip_catch
        gosub 24
        return
   18:  gosub 24
        throw
   24:  get_loc0 0: tmp
        put_var_ref0 0: SC_DEFAULT_OUT
        ret

__tests__/fixtures_quickjs/octane/earley-boyer.js:2505:1: function: sc_withOutputToString
  mode: strict
  args: thunk
  locals:
    0: var p
  closure vars:
    0: sc_StringOutputPort parent:loc281 var
    1: sc_withOutputToPort parent:loc275 var
  stack_size: 3
  opcodes:
        get_var_ref0 0: sc_StringOutputPort
        dup
        call_constructor 0
        put_loc0 0: p
        get_var_ref1 1: sc_withOutputToPort
        get_loc0 0: p
        get_arg0 0: thunk
        call2 2
        drop
        get_loc0 0: p
        get_field2 close
        tail_call_method 0

__tests__/fixtures_quickjs/octane/earley-boyer.js:2512:13: function: <null>
  mode: strict
  args: s
  closure vars:
    0: proc local:arg0 var
    1: sc_jsstring2string parent:loc0 var
  stack_size: 3
  opcodes:
        get_var_ref0 0: proc
        get_var_ref1 1: sc_jsstring2string
        get_arg0 0: s
        call1 1
        call1 1
        return_undef

__tests__/fixtures_quickjs/octane/earley-boyer.js:2511:1: function: sc_withOutputToProcedure
  mode: strict
  args: proc thunk
  locals:
    0: var t
  closure vars:
    0: sc_jsstring2string parent:loc305 var
    1: sc_withOutputToPort parent:loc275 var
    2: sc_GenericOutputPort parent:loc284 var
  stack_size: 4
  opcodes:
        fclosure8 0: [bytecode <null>]
        set_name t
        put_loc0 0: t
        get_var_ref1 1: sc_withOutputToPort
        get_var_ref2 2: sc_GenericOutputPort
        dup
        get_loc0 0: t
        call_constructor 1
        get_arg1 1: thunk
        tail_call 2

__tests__/fixtures_quickjs/octane/earley-boyer.js:2518:1: function: sc_openOutputString
  mode: strict
  closure vars:
    0: sc_StringOutputPort parent:loc281 var
  stack_size: 2
  opcodes:
        get_var_ref0 0: sc_StringOutputPort
        dup
        call_constructor 0
        return

__tests__/fixtures_quickjs/octane/earley-boyer.js:2522:1: function: sc_openInputString
  mode: strict
  args: str
  closure vars:
    0: sc_StringInputPort parent:loc252 var
    1: sc_string2jsstring parent:loc307 var
  stack_size: 4
  opcodes:
        get_var_ref0 0: sc_StringInputPort
        dup
        get_var_ref1 1: sc_string2jsstring
        get_arg0 0: str
        call1 1
        call_constructor 1
        return

__tests__/fixtures_quickjs/octane/earley-boyer.js:2526:1: function: sc_OutputPort
  mode: strict
  stack_size: 0
  opcodes:
        return_undef

__tests__/fixtures_quickjs/octane/earley-boyer.js:2529:42: function: <null>
  mode: strict
  args: obj
  stack_size: 0
  opcodes:
        return_undef

__tests__/fixtures_quickjs/octane/earley-boyer.js:2532:33: function: <null>
  mode: strict
  stack_size: 0
  opcodes:
        return_undef

__tests__/fixtures_quickjs/octane/earley-boyer.js:2535:1: function: sc_StringOutputPort
  mode: strict
  locals:
    0: var this
  stack_size: 2
  opcodes:
        push_this
        put_loc0 0: this
        get_loc0 0: this
        push_empty_string
        put_field res
        return_undef

__tests__/fixtures_quickjs/octane/earley-boyer.js:2539:48: function: <null>
  mode: strict
  args: s
  locals:
    0: var this
  stack_size: 3
  opcodes:
        push_this
        put_loc0 0: this
        get_loc0 0: this
        get_field2 res
        get_arg0 0: s
        add
        put_field res
        return_undef

__tests__/fixtures_quickjs/octane/earley-boyer.js:2542:39: function: <null>
  mode: strict
  locals:
    0: var this
  closure vars:
    0: sc_jsstring2string parent:loc305 var
  stack_size: 2
  opcodes:
        push_this
        put_loc0 0: this
        get_var_ref0 0: sc_jsstring2string
        get_loc0 0: this
        get_field res
        tail_call 1

__tests__/fixtures_quickjs/octane/earley-boyer.js:2546:1: function: sc_getOutputString
  mode: strict
  args: sp
  closure vars:
    0: sc_jsstring2string parent:loc305 var
  stack_size: 2
  opcodes:
        get_var_ref0 0: sc_jsstring2string
        get_arg0 0: sp
        get_field res
        tail_call 1

__tests__/fixtures_quickjs/octane/earley-boyer.js:2549:1: function: sc_ErrorOutputPort
  mode: strict
  stack_size: 0
  opcodes:
        return_undef

__tests__/fixtures_quickjs/octane/earley-boyer.js:2552:47: function: <null>
  mode: strict
  args: s
  stack_size: 1
  opcodes:
        push_atom_value "don't write on ErrorPort!"
        throw

__tests__/fixtures_quickjs/octane/earley-boyer.js:2555:38: function: <null>
  mode: strict
  stack_size: 0
  opcodes:
        return_undef

__tests__/fixtures_quickjs/octane/earley-boyer.js:2558:1: function: sc_GenericOutputPort
  mode: strict
  args: appendJSString close
  locals:
    0: var this
  stack_size: 2
  opcodes:
        push_this
        put_loc0 0: this
        get_loc0 0: this
        get_arg0 0: appendJSString
        put_field appendJSString
        get_arg1 1: close
        if_false8 19
        get_loc0 0: this
        get_arg1 1: close
        put_field close
   19:  return_undef

__tests__/fixtures_quickjs/octane/earley-boyer.js:2568:1: function: sc_isOutputPort
  mode: strict
  args: o
  closure vars:
    0: sc_OutputPort parent:loc280 var
  stack_size: 2
  opcodes:
        get_arg0 0: o
        get_var_ref0 0: sc_OutputPort
        instanceof
        return

__tests__/fixtures_quickjs/octane/earley-boyer.js:2574:1: function: sc_closeOutputPort
  mode: strict
  args: p
  stack_size: 2
  opcodes:
        get_arg0 0: p
        get_field2 close
        tail_call_method 0

__tests__/fixtures_quickjs/octane/earley-boyer.js:2579:1: function: sc_write
  mode: strict
  args: o p
  closure vars:
    0: SC_DEFAULT_OUT parent:loc301 var
    1: sc_toWriteString parent:loc288 var
  stack_size: 4
  opcodes:
        get_arg1 1: p
        get_var undefined
        strict_eq
        if_false8 11
        get_var_ref0 0: SC_DEFAULT_OUT
        put_arg1 1: p
   11:  get_arg1 1: p
        get_field2 appendJSString
        get_var_ref1 1: sc_toWriteString
        get_arg0 0: o
        call1 1
        call_method 1
        return_undef

__tests__/fixtures_quickjs/octane/earley-boyer.js:2584:1: function: sc_toWriteString
  mode: strict
  args: o
  closure vars:
    0: sc_hash parent:loc240 var
  stack_size: 3
  opcodes:
        get_arg0 0: o
        is_null
        if_false8 10
        push_atom_value "()"
        return
   10:  get_arg0 0: o
        push_true
        strict_eq
        if_false8 21
        push_atom_value "#t"
        return
   21:  get_arg0 0: o
        push_false
        strict_eq
        if_false8 32
        push_atom_value "#f"
        return
   32:  get_arg0 0: o
        get_var undefined
        strict_eq
        if_false8 47
        push_atom_value "#unspecified"
        return
   47:  get_arg0 0: o
        typeof_is_function
        if_false8 67
        push_atom_value "#<procedure "
        get_var_ref0 0: sc_hash
        get_arg0 0: o
        call1 1
        add
        push_atom_value ">"
        add
        return
   67:  get_arg0 0: o
        get_field sc_toWriteString
        if_false8 84
        get_arg0 0: o
        get_field2 sc_toWriteString
        tail_call_method 0
   84:  get_arg0 0: o
        get_field2 toString
        tail_call_method 0

__tests__/fixtures_quickjs/octane/earley-boyer.js:2600:1: function: sc_escapeWriteString
  mode: strict
  args: s
  locals:
    0: var res
    1: var j
    2: var c
  stack_size: 6
  opcodes:
        push_empty_string
        put_loc0 0: res
        push_0 0
        put_loc1 1: j
        check_var i
        push_0 0
        put_var_strict i
   15:  get_var i
        get_arg0 0: s
        get_length
        lt
        if_false 667
        get_arg0 0: s
        get_field2 charAt
        get_var i
        call_method 1
        dup
        push_atom_value "\\0"
        strict_eq
        if_false8 86
        get_loc0 0: res
        get_arg0 0: s
        get_field2 substring
        get_loc1 1: j
        get_var i
        call_method 2
        push_atom_value "\\0"
        add
        add
        put_loc0 0: res
        get_var i
        push_1 1
        add
        put_loc1 1: j
        goto16 647
   86:  dup
        push_atom_value "\u0008"
        strict_eq
        if_false8 130
        get_loc0 0: res
        get_arg0 0: s
        get_field2 substring
        get_loc1 1: j
        get_var i
        call_method 2
        push_atom_value "\\b"
        add
        add
        put_loc0 0: res
        get_var i
        push_1 1
        add
        put_loc1 1: j
        goto16 647
  130:  dup
        push_atom_value "\u000c"
        strict_eq
        if_false8 174
        get_loc0 0: res
        get_arg0 0: s
        get_field2 substring
        get_loc1 1: j
        get_var i
        call_method 2
        push_atom_value "\\f"
        add
        add
        put_loc0 0: res
        get_var i
        push_1 1
        add
        put_loc1 1: j
        goto16 647
  174:  dup
        push_atom_value "\n"
        strict_eq
        if_false8 218
        get_loc0 0: res
        get_arg0 0: s
        get_field2 substring
        get_loc1 1: j
        get_var i
        call_method 2
        push_atom_value "\\n"
        add
        add
        put_loc0 0: res
        get_var i
        push_1 1
        add
        put_loc1 1: j
        goto16 647
  218:  dup
        push_atom_value "\u000d"
        strict_eq
        if_false8 262
        get_loc0 0: res
        get_arg0 0: s
        get_field2 substring
        get_loc1 1: j
        get_var i
        call_method 2
        push_atom_value "\\r"
        add
        add
        put_loc0 0: res
        get_var i
        push_1 1
        add
        put_loc1 1: j
        goto16 647
  262:  dup
        push_atom_value "\u0009"
        strict_eq
        if_false8 306
        get_loc0 0: res
        get_arg0 0: s
        get_field2 substring
        get_loc1 1: j
        get_var i
        call_method 2
        push_atom_value "\\t"
        add
        add
        put_loc0 0: res
        get_var i
        push_1 1
        add
        put_loc1 1: j
        goto16 647
  306:  dup
        push_atom_value "\u000b"
        strict_eq
        if_false8 350
        get_loc0 0: res
        get_arg0 0: s
        get_field2 substring
        get_loc1 1: j
        get_var i
        call_method 2
        push_atom_value "\\v"
        add
        add
        put_loc0 0: res
        get_var i
        push_1 1
        add
        put_loc1 1: j
        goto16 647
  350:  dup
        push_atom_value "\""
        strict_eq
        if_false8 394
        get_loc0 0: res
        get_arg0 0: s
        get_field2 substring
        get_loc1 1: j
        get_var i
        call_method 2
        push_atom_value "\\\""
        add
        add
        put_loc0 0: res
        get_var i
        push_1 1
        add
        put_loc1 1: j
        goto16 647
  394:  dup
        push_atom_value "\\"
        strict_eq
        if_false8 438
        get_loc0 0: res
        get_arg0 0: s
        get_field2 substring
        get_loc1 1: j
        get_var i
        call_method 2
        push_atom_value "\\\\"
        add
        add
        put_loc0 0: res
        get_var i
        push_1 1
        add
        put_loc1 1: j
        goto16 647
  438:  get_arg0 0: s
        get_field2 charAt
        get_var i
        call_method 1
        put_loc2 2: c
        push_atom_value a
        push_atom_value a
        strict_neq
        if_false8 511
        get_loc2 2: c
        push_atom_value a
        eq
        if_false8 511
        get_loc0 0: res
        get_arg0 0: s
        get_field2 substring
        get_loc1 1: j
        get_var i
        call_method 2
        push_atom_value "\\a"
        add
        add
        put_loc0 0: res
        get_var i
        push_1 1
        add
        put_loc1 1: j
        drop
        goto16 648
  511:  push_atom_value "\u000b"
        push_atom_value v
        strict_neq
        if_false8 568
        get_loc2 2: c
        push_atom_value "\u000b"
        eq
        if_false8 568
        get_loc0 0: res
        get_arg0 0: s
        get_field2 substring
        get_loc1 1: j
        get_var i
        call_method 2
        push_atom_value "\\v"
        add
        add
        put_loc0 0: res
        get_var i
        push_1 1
        add
        put_loc1 1: j
        drop
        goto8 648
  568:  get_arg0 0: s
        get_field2 charAt
        get_var i
        call_method 1
        push_atom_value " "
        lt
        if_false8 647
        get_loc0 0: res
        get_arg0 0: s
        get_field2 substring
        get_loc1 1: j
        get_var i
        call_method 2
        push_atom_value "\\x"
        add
        get_arg0 0: s
        get_field2 charCodeAt
        get_var i
        call_method 1
        get_field2 toString
        push_i8 16
        call_method 1
        add
        add
        put_loc0 0: res
        get_var i
        push_1 1
        add
        put_loc1 1: j
  647:  drop
  648:  check_var i
        get_var i
        inc
        put_var_strict i
        goto16 15
  667:  get_loc0 0: res
        get_arg0 0: s
        get_field2 substring
        get_loc1 1: j
        get_var i
        call_method 2
        add
        set_loc0 0: res
        return

__tests__/fixtures_quickjs/octane/earley-boyer.js:2668:1: function: sc_display
  mode: strict
  args: o p
  closure vars:
    0: SC_DEFAULT_OUT parent:loc301 var
    1: sc_toDisplayString parent:loc291 var
  stack_size: 4
  opcodes:
        get_arg1 1: p
        get_var undefined
        strict_eq
        if_false8 11
        get_var_ref0 0: SC_DEFAULT_OUT
        put_arg1 1: p
   11:  get_arg1 1: p
        get_field2 appendJSString
        get_var_ref1 1: sc_toDisplayString
        get_arg0 0: o
        call1 1
        call_method 1
        return_undef

__tests__/fixtures_quickjs/octane/earley-boyer.js:2673:1: function: sc_toDisplayString
  mode: strict
  args: o
  closure vars:
    0: sc_hash parent:loc240 var
  stack_size: 3
  opcodes:
        get_arg0 0: o
        is_null
        if_false8 10
        push_atom_value "()"
        return
   10:  get_arg0 0: o
        push_true
        strict_eq
        if_false8 21
        push_atom_value "#t"
        return
   21:  get_arg0 0: o
        push_false
        strict_eq
        if_false8 32
        push_atom_value "#f"
        return
   32:  get_arg0 0: o
        get_var undefined
        strict_eq
        if_false8 47
        push_atom_value "#unspecified"
        return
   47:  get_arg0 0: o
        typeof_is_function
        if_false8 67
        push_atom_value "#<procedure "
        get_var_ref0 0: sc_hash
        get_arg0 0: o
        call1 1
        add
        push_atom_value ">"
        add
        return
   67:  get_arg0 0: o
        get_field sc_toDisplayString
        if_false8 84
        get_arg0 0: o
        get_field2 sc_toDisplayString
        tail_call_method 0
   84:  get_arg0 0: o
        get_field2 toString
        tail_call_method 0

__tests__/fixtures_quickjs/octane/earley-boyer.js:2691:1: function: sc_newline
  mode: strict
  args: p
  closure vars:
    0: SC_DEFAULT_OUT parent:loc301 var
  stack_size: 3
  opcodes:
        get_arg0 0: p
        get_var undefined
        strict_eq
        if_false8 11
        get_var_ref0 0: SC_DEFAULT_OUT
        put_arg0 0: p
   11:  get_arg0 0: p
        get_field2 appendJSString
        push_atom_value "\n"
        call_method 1
        return_undef

__tests__/fixtures_quickjs/octane/earley-boyer.js:2698:1: function: sc_writeChar
  mode: strict
  args: c p
  closure vars:
    0: SC_DEFAULT_OUT parent:loc301 var
  stack_size: 3
  opcodes:
        get_arg1 1: p
        get_var undefined
        strict_eq
        if_false8 11
        get_var_ref0 0: SC_DEFAULT_OUT
        put_arg1 1: p
   11:  get_arg1 1: p
        get_field2 appendJSString
        get_arg0 0: c
        get_field val
        call_method 1
        return_undef

__tests__/fixtures_quickjs/octane/earley-boyer.js:2705:1: function: sc_writeCircle
  mode: strict
  args: o p
  closure vars:
    0: SC_DEFAULT_OUT parent:loc301 var
    1: sc_toWriteCircleString parent:loc295 var
  stack_size: 4
  opcodes:
        get_arg1 1: p
        get_var undefined
        strict_eq
        if_false8 11
        get_var_ref0 0: SC_DEFAULT_OUT
        put_arg1 1: p
   11:  get_arg1 1: p
        get_field2 appendJSString
        get_var_ref1 1: sc_toWriteCircleString
        get_arg0 0: o
        call1 1
        call_method 1
        return_undef

__tests__/fixtures_quickjs/octane/earley-boyer.js:2710:1: function: sc_toWriteCircleString
  mode: strict
  args: o
  locals:
    0: var symb
    1: var nbPointer
  closure vars:
    0: sc_gensym parent:loc312 var
    1: sc_prepWriteCircle parent:loc296 var
    2: sc_genToWriteCircleString parent:loc297 var
  stack_size: 4
  opcodes:
        get_var_ref0 0: sc_gensym
        push_atom_value writeCircle
        call1 1
        put_loc0 0: symb
        get_var Object
        dup
        call_constructor 0
        set_loc1 1: nbPointer
        push_0 0
        put_field nb
        get_var_ref1 1: sc_prepWriteCircle
        get_arg0 0: o
        get_loc0 0: symb
        get_loc1 1: nbPointer
        call3 3
        drop
        get_var_ref2 2: sc_genToWriteCircleString
        get_arg0 0: o
        get_loc0 0: symb
        tail_call 2

__tests__/fixtures_quickjs/octane/earley-boyer.js:2717:1: function: sc_prepWriteCircle
  mode: strict
  args: o symb nbPointer
  locals:
    0: var i
  closure vars:
    0: sc_Pair parent:loc69 var
    1: sc_Vector parent:loc172 var
    2: sc_prepWriteCircle parent:loc296 var
  stack_size: 5
  opcodes:
        get_arg0 0: o
        get_var_ref0 0: sc_Pair
        instanceof
        dup
        if_true8 10
        drop
        get_arg0 0: o
        get_var_ref1 1: sc_Vector
        instanceof
   10:  if_false8 115
        get_arg0 0: o
        get_arg1 1: symb
        get_array_el
        get_var undefined
        strict_neq
        if_false8 63
        get_arg0 0: o
        get_arg1 1: symb
        get_array_el3
        inc
        put_array_el
        get_arg0 0: o
        get_arg1 1: symb
        push_atom_value nb
        add
        get_array_el
        lnot
        if_false8 62
        get_arg0 0: o
        get_arg1 1: symb
        push_atom_value nb
        add
        get_arg2 2: nbPointer
        get_field2 nb
        post_inc
        perm3
        put_field nb
        put_array_el
   62:  return_undef
   63:  get_arg0 0: o
        get_arg1 1: symb
        push_0 0
        put_array_el
        get_arg0 0: o
        get_var_ref0 0: sc_Pair
        instanceof
        if_false8 95
        get_var_ref2 2: sc_prepWriteCircle
        get_arg0 0: o
        get_field car
        get_arg1 1: symb
        get_arg2 2: nbPointer
        call3 3
        drop
        get_var_ref2 2: sc_prepWriteCircle
        get_arg0 0: o
        get_field cdr
        get_arg1 1: symb
        get_arg2 2: nbPointer
        call3 3
        drop
        return_undef
   95:  push_0 0
        put_loc0 0: i
   97:  get_loc0 0: i
        get_arg0 0: o
        get_length
        lt
        if_false8 115
        get_var_ref2 2: sc_prepWriteCircle
        get_arg0 0: o
        get_loc0 0: i
        get_array_el
        get_arg1 1: symb
        get_arg2 2: nbPointer
        call3 3
        drop
        inc_loc 0: i
        goto8 97
  115:  return_undef

__tests__/fixtures_quickjs/octane/earley-boyer.js:2740:1: function: sc_genToWriteCircleString
  mode: strict
  args: o symb
  closure vars:
    0: sc_Pair parent:loc69 var
    1: sc_Vector parent:loc172 var
    2: sc_toWriteString parent:loc288 var
  stack_size: 3
  opcodes:
        get_arg0 0: o
        get_var_ref0 0: sc_Pair
        instanceof
        dup
        if_true8 10
        drop
        get_arg0 0: o
        get_var_ref1 1: sc_Vector
        instanceof
   10:  lnot
        if_false8 18
        get_var_ref2 2: sc_toWriteString
        get_arg0 0: o
        tail_call 1
   18:  get_arg0 0: o
        get_field2 sc_toWriteCircleString
        get_arg1 1: symb
        tail_call_method 1

__tests__/fixtures_quickjs/octane/earley-boyer.js:2746:44: function: <null>
  mode: strict
  args: symb inList
  locals:
    0: var nb
    1: var res
    2: var this
  closure vars:
    0: sc_genToWriteCircleString parent:loc297 var
    1: sc_isPair parent:loc70 var
  stack_size: 6
  opcodes:
        push_this
        put_loc2 2: this
        get_loc2 2: this
        get_arg0 0: symb
        push_atom_value use
        add
        get_array_el
        if_false8 88
        get_loc2 2: this
        get_arg0 0: symb
        push_atom_value nb
        add
        get_array_el
        put_loc0 0: nb
        get_loc2 2: this
        get_arg0 0: symb
        get_array_el3
        post_dec
        perm4
        put_array_el
        push_0 0
        strict_eq
        if_false8 57
        get_loc2 2: this
        get_arg0 0: symb
        delete
        drop
        get_loc2 2: this
        get_arg0 0: symb
        push_atom_value nb
        add
        delete
        drop
        get_loc2 2: this
        get_arg0 0: symb
        push_atom_value use
        add
        delete
        drop
   57:  get_arg1 1: inList
        if_false8 74
        push_atom_value ". #"
        get_loc0 0: nb
        add
        push_atom_value "#"
        add
        return
   74:  push_atom_value "#"
        get_loc0 0: nb
        add
        push_atom_value "#"
        add
        return
   88:  get_loc2 2: this
        get_arg0 0: symb
        get_array_el3
        post_dec
        perm4
        put_array_el
        push_0 0
        strict_eq
        if_false8 122
        get_loc2 2: this
        get_arg0 0: symb
        delete
        drop
        get_loc2 2: this
        get_arg0 0: symb
        push_atom_value nb
        add
        delete
        drop
        get_loc2 2: this
        get_arg0 0: symb
        push_atom_value use
        add
        delete
        drop
  122:  push_empty_string
        put_loc1 1: res
        get_loc2 2: this
        get_arg0 0: symb
        get_array_el
        get_var undefined
        strict_neq
        if_false8 200
        get_loc2 2: this
        get_arg0 0: symb
        push_atom_value use
        add
        push_true
        put_array_el
        get_arg1 1: inList
        if_false8 174
        get_loc1 1: res
        push_atom_value ". #"
        get_loc2 2: this
        get_arg0 0: symb
        push_atom_value nb
        add
        get_array_el
        add
        push_atom_value "="
        add
        add
        put_loc1 1: res
        goto8 198
  174:  get_loc1 1: res
        push_atom_value "#"
        get_loc2 2: this
        get_arg0 0: symb
        push_atom_value nb
        add
        get_array_el
        add
        push_atom_value "="
        add
        add
        put_loc1 1: res
  198:  push_false
        put_arg1 1: inList
  200:  get_arg1 1: inList
        lnot
        if_false8 211
        push_atom_value "("
        add_loc 1: res
  211:  get_loc1 1: res
        get_var_ref0 0: sc_genToWriteCircleString
        get_loc2 2: this
        get_field car
        get_arg0 0: symb
        call2 2
        add
        put_loc1 1: res
        get_var_ref1 1: sc_isPair
        get_loc2 2: this
        get_field cdr
        call1 1
        if_false8 260
        get_loc1 1: res
        push_atom_value " "
        get_loc2 2: this
        get_field cdr
        get_field2 sc_toWriteCircleString
        get_arg0 0: symb
        push_true
        call_method 2
        add
        add
        put_loc1 1: res
        goto8 287
  260:  get_loc2 2: this
        get_field cdr
        is_null
        if_true8 287
        get_loc1 1: res
        push_atom_value " . "
        get_var_ref0 0: sc_genToWriteCircleString
        get_loc2 2: this
        get_field cdr
        get_arg0 0: symb
        call2 2
        add
        add
        put_loc1 1: res
  287:  get_arg1 1: inList
        lnot
        if_false8 298
        push_atom_value ")"
        add_loc 1: res
  298:  get_loc1 1: res
        return

__tests__/fixtures_quickjs/octane/earley-boyer.js:2787:46: function: <null>
  mode: strict
  args: symb
  locals:
    0: var nb
    1: var res
    2: var i
    3: var this
  closure vars:
    0: sc_genToWriteCircleString parent:loc297 var
  stack_size: 5
  opcodes:
        push_this
        put_loc3 3: this
        get_loc3 3: this
        get_arg0 0: symb
        push_atom_value use
        add
        get_array_el
        if_false8 71
        get_loc3 3: this
        get_arg0 0: symb
        push_atom_value nb
        add
        get_array_el
        put_loc0 0: nb
        get_loc3 3: this
        get_arg0 0: symb
        get_array_el3
        post_dec
        perm4
        put_array_el
        push_0 0
        strict_eq
        if_false8 57
        get_loc3 3: this
        get_arg0 0: symb
        delete
        drop
        get_loc3 3: this
        get_arg0 0: symb
        push_atom_value nb
        add
        delete
        drop
        get_loc3 3: this
        get_arg0 0: symb
        push_atom_value use
        add
        delete
        drop
   57:  push_atom_value "#"
        get_loc0 0: nb
        add
        push_atom_value "#"
        add
        return
   71:  get_loc3 3: this
        get_arg0 0: symb
        get_array_el3
        post_dec
        perm4
        put_array_el
        push_0 0
        strict_eq
        if_false8 105
        get_loc3 3: this
        get_arg0 0: symb
        delete
        drop
        get_loc3 3: this
        get_arg0 0: symb
        push_atom_value nb
        add
        delete
        drop
        get_loc3 3: this
        get_arg0 0: symb
        push_atom_value use
        add
        delete
        drop
  105:  push_empty_string
        put_loc1 1: res
        get_loc3 3: this
        get_arg0 0: symb
        get_array_el
        get_var undefined
        strict_neq
        if_false8 152
        get_loc3 3: this
        get_arg0 0: symb
        push_atom_value use
        add
        push_true
        put_array_el
        get_loc1 1: res
        push_atom_value "#"
        get_loc3 3: this
        get_arg0 0: symb
        push_atom_value nb
        add
        get_array_el
        add
        push_atom_value "="
        add
        add
        put_loc1 1: res
  152:  push_atom_value "#("
        add_loc 1: res
        push_0 0
        put_loc2 2: i
  161:  get_loc2 2: i
        get_loc3 3: this
        get_length
        lt
        if_false8 195
        get_loc1 1: res
        get_var_ref0 0: sc_genToWriteCircleString
        get_loc3 3: this
        get_loc2 2: i
        get_array_el
        get_arg0 0: symb
        call2 2
        add
        put_loc1 1: res
        get_loc2 2: i
        get_loc3 3: this
        get_length
        push_1 1
        sub
        lt
        if_false8 191
        push_atom_value " "
        add_loc 1: res
  191:  inc_loc 2: i
        goto8 161
  195:  push_atom_value ")"
        add_loc 1: res
        get_loc1 1: res
        return

__tests__/fixtures_quickjs/octane/earley-boyer.js:2818:1: function: sc_print
  mode: strict
  args: s
  locals:
    0: var i
    1: var arguments
  closure vars:
    0: sc_display parent:loc290 var
    1: sc_newline parent:loc292 var
  stack_size: 3
  opcodes:
        special_object 0
        put_loc1 1: arguments
        get_loc1 1: arguments
        get_length
        push_1 1
        strict_eq
        if_false8 17
        get_var_ref0 0: sc_display
        get_arg0 0: s
        call1 1
        drop
        get_var_ref1 1: sc_newline
        call0 0
        drop
        return_undef
   17:  push_0 0
        put_loc0 0: i
   19:  get_loc0 0: i
        get_loc1 1: arguments
        get_length
        lt
        if_false8 35
        get_var_ref0 0: sc_display
        get_loc1 1: arguments
        get_loc0 0: i
        get_array_el
        call1 1
        drop
        inc_loc 0: i
        goto8 19
   35:  get_var_ref1 1: sc_newline
        call0 0
        drop
        return_undef

__tests__/fixtures_quickjs/octane/earley-boyer.js:2831:1: function: sc_format
  mode: strict
  args: s args
  locals:
    0: var len
    1: var p
    2: var i
    3: var j
    4: var i2
    5: var arguments
  closure vars:
    0: sc_StringOutputPort parent:loc281 var
    1: sc_display parent:loc290 var
    2: sc_write parent:loc287 var
    3: sc_error parent:loc9 var
  stack_size: 9
  opcodes:
        special_object 0
        put_loc8 5: arguments
        get_arg0 0: s
        get_length
        put_loc0 0: len
        get_var_ref0 0: sc_StringOutputPort
        dup
        call_constructor 0
        put_loc1 1: p
        push_0 0
        put_loc2 2: i
        push_1 1
        put_loc3 3: j
   17:  get_loc2 2: i
        get_loc0 0: len
        lt
        if_false 565
        get_arg0 0: s
        get_field2 indexOf
        push_atom_value "~"
        get_loc2 2: i
        call_method 2
        set_loc8 4: i2
        push_minus1 -1
        eq
        if_false8 76
        get_loc1 1: p
        get_field2 appendJSString
        get_arg0 0: s
        get_field2 substring
        get_loc2 2: i
        get_loc0 0: len
        call_method 2
        call_method 1
        drop
        get_loc1 1: p
        get_field2 close
        tail_call_method 0
   76:  get_loc8 4: i2
        get_loc2 2: i
        gt
        if_false8 145
        get_loc8 4: i2
        get_loc0 0: len
        push_1 1
        sub
        eq
        if_false8 120
        get_loc1 1: p
        get_field2 appendJSString
        get_arg0 0: s
        get_field2 substring
        get_loc2 2: i
        get_loc0 0: len
        call_method 2
        call_method 1
        drop
        get_loc1 1: p
        get_field2 close
        tail_call_method 0
  120:  get_loc1 1: p
        get_field2 appendJSString
        get_arg0 0: s
        get_field2 substring
        get_loc2 2: i
        get_loc8 4: i2
        call_method 2
        call_method 1
        drop
        get_loc8 4: i2
        put_loc2 2: i
  145:  get_arg0 0: s
        get_field2 charCodeAt
        get_loc8 4: i2
        push_1 1
        add
        call_method 1
        dup
        push_i8 65
        strict_eq
        if_true8 170
        dup
        push_i8 97
        strict_eq
        if_false8 186
  170:  get_var_ref1 1: sc_display
        get_loc8 5: arguments
        get_loc3 3: j
        get_array_el
        get_loc1 1: p
        call2 2
        drop
        push_2 2
        add_loc 2: i
        inc_loc 3: j
        goto16 561
  186:  dup
        push_i8 83
        strict_eq
        if_true8 198
        dup
        push_i8 115
        strict_eq
        if_false8 214
  198:  get_var_ref2 2: sc_write
        get_loc8 5: arguments
        get_loc3 3: j
        get_array_el
        get_loc1 1: p
        call2 2
        drop
        push_2 2
        add_loc 2: i
        inc_loc 3: j
        goto16 561
  214:  dup
        push_i8 86
        strict_eq
        if_true8 226
        dup
        push_i8 118
        strict_eq
        if_false8 257
  226:  get_var_ref1 1: sc_display
        get_loc8 5: arguments
        get_loc3 3: j
        get_array_el
        get_loc1 1: p
        call2 2
        drop
        get_loc1 1: p
        get_field2 appendJSString
        push_atom_value "\n"
        call_method 1
        drop
        push_2 2
        add_loc 2: i
        inc_loc 3: j
        goto16 561
  257:  dup
        push_i8 67
        strict_eq
        if_true8 269
        dup
        push_i8 99
        strict_eq
        if_false8 304
  269:  get_loc1 1: p
        get_field2 appendJSString
        get_var String
        get_field2 fromCharCode
        get_loc8 5: arguments
        get_loc3 3: j
        get_array_el
        call_method 1
        call_method 1
        drop
        push_2 2
        add_loc 2: i
        inc_loc 3: j
        goto16 561
  304:  dup
        push_i8 88
        strict_eq
        if_true8 316
        dup
        push_i8 120
        strict_eq
        if_false8 347
  316:  get_loc1 1: p
        get_field2 appendJSString
        get_loc8 5: arguments
        get_loc3 3: j
        get_array_el
        get_field2 toString
        push_6 6
        call_method 1
        call_method 1
        drop
        push_2 2
        add_loc 2: i
        inc_loc 3: j
        goto16 561
  347:  dup
        push_i8 79
        strict_eq
        if_true8 359
        dup
        push_i8 111
        strict_eq
        if_false8 391
  359:  get_loc1 1: p
        get_field2 appendJSString
        get_loc8 5: arguments
        get_loc3 3: j
        get_array_el
        get_field2 toString
        push_i8 8
        call_method 1
        call_method 1
        drop
        push_2 2
        add_loc 2: i
        inc_loc 3: j
        goto16 561
  391:  dup
        push_i8 66
        strict_eq
        if_true8 403
        dup
        push_i8 98
        strict_eq
        if_false8 434
  403:  get_loc1 1: p
        get_field2 appendJSString
        get_loc8 5: arguments
        get_loc3 3: j
        get_array_el
        get_field2 toString
        push_2 2
        call_method 1
        call_method 1
        drop
        push_2 2
        add_loc 2: i
        inc_loc 3: j
        goto16 561
  434:  dup
        push_i8 37
        strict_eq
        if_true8 446
        dup
        push_i8 110
        strict_eq
        if_false8 466
  446:  get_loc1 1: p
        get_field2 appendJSString
        push_atom_value "\n"
        call_method 1
        drop
        push_2 2
        add_loc 2: i
        goto8 561
  466:  dup
        push_i8 114
        strict_eq
        if_false8 492
        get_loc1 1: p
        get_field2 appendJSString
        push_atom_value "\u000d"
        call_method 1
        drop
        push_2 2
        add_loc 2: i
        goto8 561
  492:  dup
        push_i8 126
        strict_eq
        if_false8 518
        get_loc1 1: p
        get_field2 appendJSString
        push_atom_value "~"
        call_method 1
        drop
        push_2 2
        add_loc 2: i
        goto8 561
  518:  get_var_ref3 3: sc_error
        push_atom_value "format: illegal ~"
        get_var String
        get_field2 fromCharCode
        get_arg0 0: s
        get_field2 charCodeAt
        get_loc8 4: i2
        push_1 1
        add
        call_method 1
        call_method 1
        add
        push_atom_value " sequence"
        add
        call1 1
        drop
        push_empty_string
        return
  561:  drop
        goto16 17
  565:  get_loc1 1: p
        get_field2 close
        tail_call_method 0

__tests__/fixtures_quickjs/octane/earley-boyer.js:2937:1: function: sc_jsstring2string
  mode: strict
  args: s
  stack_size: 1
  opcodes:
        get_arg0 0: s
        return

__tests__/fixtures_quickjs/octane/earley-boyer.js:2943:1: function: sc_jsstring2symbol
  mode: strict
  args: s
  closure vars:
    0: sc_SYMBOL_PREFIX parent:loc303 var
  stack_size: 2
  opcodes:
        get_var_ref0 0: sc_SYMBOL_PREFIX
        get_arg0 0: s
        add
        return

__tests__/fixtures_quickjs/octane/earley-boyer.js:2949:1: function: sc_string2jsstring
  mode: strict
  args: s
  stack_size: 1
  opcodes:
        get_arg0 0: s
        return

__tests__/fixtures_quickjs/octane/earley-boyer.js:2955:1: function: sc_symbol2jsstring
  mode: strict
  args: s
  stack_size: 3
  opcodes:
        get_arg0 0: s
        get_field2 slice
        push_1 1
        tail_call_method 1

__tests__/fixtures_quickjs/octane/earley-boyer.js:2961:1: function: sc_keyword2jsstring
  mode: strict
  args: k
  stack_size: 3
  opcodes:
        get_arg0 0: k
        get_field2 slice
        push_1 1
        tail_call_method 1

__tests__/fixtures_quickjs/octane/earley-boyer.js:2967:1: function: sc_jsstring2keyword
  mode: strict
  args: s
  closure vars:
    0: sc_KEYWORD_PREFIX parent:loc304 var
  stack_size: 2
  opcodes:
        get_var_ref0 0: sc_KEYWORD_PREFIX
        get_arg0 0: s
        add
        return

__tests__/fixtures_quickjs/octane/earley-boyer.js:2973:1: function: sc_isKeyword
  mode: strict
  args: s
  closure vars:
    0: sc_KEYWORD_PREFIX parent:loc304 var
  stack_size: 3
  opcodes:
        get_arg0 0: s
        typeof
        push_atom_value string
        strict_eq
        dup
        if_false8 24
        drop
        get_arg0 0: s
        get_field2 charAt
        push_0 0
        call_method 1
        get_var_ref0 0: sc_KEYWORD_PREFIX
        strict_eq
   24:  return

__tests__/fixtures_quickjs/octane/earley-boyer.js:2980:12: function: <null>
  mode: strict
  args: sym
  closure vars:
    0: counter local:loc0 var
    1: sc_SYMBOL_PREFIX parent:loc0 var
  stack_size: 2
  opcodes:
        get_var_ref0 0: counter
        inc
        put_var_ref0 0: counter
        get_arg0 0: sym
        lnot
        if_false8 9
        get_var_ref1 1: sc_SYMBOL_PREFIX
        put_arg0 0: sym
    9:  get_arg0 0: sym
        push_atom_value s
        add
        get_var_ref0 0: counter
        add
        push_atom_value "~"
        add
        push_atom_value "^sC-GeNsYm "
        add
        return

__tests__/fixtures_quickjs/octane/earley-boyer.js:2978:17: function: <null>
  mode: strict
  locals:
    0: var counter
  closure vars:
    0: sc_SYMBOL_PREFIX parent:loc303 var
  stack_size: 1
  opcodes:
        push_i16 1000
        put_loc0 0: counter
        fclosure8 0: [bytecode <null>]
        return

__tests__/fixtures_quickjs/octane/earley-boyer.js:2990:1: function: sc_isEqual
  mode: strict
  args: o1 o2
  closure vars:
    0: sc_isPair parent:loc70 var
    1: sc_isPairEqual parent:loc71 var
    2: sc_isEqual parent:loc313 var
    3: sc_isVector parent:loc173 var
    4: sc_isVectorEqual parent:loc174 var
  stack_size: 4
  opcodes:
        get_arg0 0: o1
        get_arg1 1: o2
        strict_eq
        dup
        if_true8 51
        drop
        get_var_ref0 0: sc_isPair
        get_arg0 0: o1
        call1 1
        dup
        if_false8 26
        drop
        get_var_ref0 0: sc_isPair
        get_arg1 1: o2
        call1 1
        dup
        if_false8 26
        drop
        get_var_ref1 1: sc_isPairEqual
        get_arg0 0: o1
        get_arg1 1: o2
        get_var_ref2 2: sc_isEqual
        call3 3
   26:  dup
        if_true8 51
        drop
        get_var_ref3 3: sc_isVector
        get_arg0 0: o1
        call1 1
        dup
        if_false8 51
        drop
        get_var_ref3 3: sc_isVector
        get_arg1 1: o2
        call1 1
        dup
        if_false8 51
        drop
        get_var_ref 4: sc_isVectorEqual
        get_arg0 0: o1
        get_arg1 1: o2
        get_var_ref2 2: sc_isEqual
        call3 3
   51:  return

__tests__/fixtures_quickjs/octane/earley-boyer.js:2998:1: function: sc_number2symbol
  mode: strict
  args: x radix
  closure vars:
    0: sc_SYMBOL_PREFIX parent:loc303 var
    1: sc_number2jsstring parent:loc65 var
  stack_size: 4
  opcodes:
        get_var_ref0 0: sc_SYMBOL_PREFIX
        get_var_ref1 1: sc_number2jsstring
        get_arg0 0: x
        get_arg1 1: radix
        call2 2
        add
        return

__tests__/fixtures_quickjs/octane/earley-boyer.js:3004:1: function: sc_symbol2number
  mode: strict
  args: s radix
  closure vars:
    0: sc_jsstring2number parent:loc66 var
  stack_size: 4
  opcodes:
        get_var_ref0 0: sc_jsstring2number
        get_arg0 0: s
        get_field2 slice
        push_1 1
        call_method 1
        get_arg1 1: radix
        tail_call 2

__tests__/fixtures_quickjs/octane/earley-boyer.js:3013:1: function: sc_string2integer
  mode: strict
  args: s radix
  stack_size: 3
  opcodes:
        get_arg1 1: radix
        lnot
        if_false8 7
        get_arg0 0: s
        plus
        return
    7:  get_var parseInt
        get_arg0 0: s
        get_arg1 1: radix
        tail_call 2

__tests__/fixtures_quickjs/octane/earley-boyer.js:3021:1: function: sc_string2real
  mode: strict
  args: s
  stack_size: 1
  opcodes:
        get_arg0 0: s
        plus
        return

__tests__/fixtures_quickjs/octane/earley-boyer.js:3027:1: function: sc_isSymbol
  mode: strict
  args: s
  closure vars:
    0: sc_SYMBOL_PREFIX parent:loc303 var
  stack_size: 3
  opcodes:
        get_arg0 0: s
        typeof
        push_atom_value string
        strict_eq
        dup
        if_false8 24
        drop
        get_arg0 0: s
        get_field2 charAt
        push_0 0
        call_method 1
        get_var_ref0 0: sc_SYMBOL_PREFIX
        strict_eq
   24:  return

__tests__/fixtures_quickjs/octane/earley-boyer.js:3034:1: function: sc_symbol2string
  mode: strict
  args: s
  stack_size: 3
  opcodes:
        get_arg0 0: s
        get_field2 slice
        push_1 1
        tail_call_method 1

__tests__/fixtures_quickjs/octane/earley-boyer.js:3040:1: function: sc_string2symbol
  mode: strict
  args: s
  closure vars:
    0: sc_SYMBOL_PREFIX parent:loc303 var
  stack_size: 2
  opcodes:
        get_var_ref0 0: sc_SYMBOL_PREFIX
        get_arg0 0: s
        add
        return

__tests__/fixtures_quickjs/octane/earley-boyer.js:3046:1: function: sc_symbolAppend
  mode: strict
  locals:
    0: var res
    1: var i
    2: var arguments
  closure vars:
    0: sc_SYMBOL_PREFIX parent:loc303 var
  stack_size: 4
  opcodes:
        special_object 0
        put_loc2 2: arguments
        get_var_ref0 0: sc_SYMBOL_PREFIX
        put_loc0 0: res
        push_0 0
        put_loc1 1: i
    7:  get_loc1 1: i
        get_loc2 2: arguments
        get_length
        lt
        if_false8 32
        get_loc0 0: res
        get_loc2 2: arguments
        get_loc1 1: i
        get_array_el
        get_field2 slice
        push_1 1
        call_method 1
        add
        put_loc0 0: res
        inc_loc 1: i
        goto8 7
   32:  get_loc0 0: res
        return

__tests__/fixtures_quickjs/octane/earley-boyer.js:3055:1: function: sc_char2string
  mode: strict
  args: c
  stack_size: 1
  opcodes:
        get_arg0 0: c
        get_field val
        return

__tests__/fixtures_quickjs/octane/earley-boyer.js:3059:1: function: sc_char2symbol
  mode: strict
  args: c
  closure vars:
    0: sc_SYMBOL_PREFIX parent:loc303 var
  stack_size: 2
  opcodes:
        get_var_ref0 0: sc_SYMBOL_PREFIX
        get_arg0 0: c
        get_field val
        add
        return

__tests__/fixtures_quickjs/octane/earley-boyer.js:3063:1: function: sc_isString
  mode: strict
  args: s
  closure vars:
    0: sc_SYMBOL_PREFIX parent:loc303 var
  stack_size: 3
  opcodes:
        get_arg0 0: s
        typeof
        push_atom_value string
        strict_eq
        dup
        if_false8 24
        drop
        get_arg0 0: s
        get_field2 charAt
        push_0 0
        call_method 1
        get_var_ref0 0: sc_SYMBOL_PREFIX
        strict_neq
   24:  return

__tests__/fixtures_quickjs/octane/earley-boyer.js:3070:1: function: sc_string
  mode: strict
  locals:
    0: var i
    1: var arguments
  stack_size: 4
  opcodes:
        special_object 0
        put_loc1 1: arguments
        push_0 0
        put_loc0 0: i
    5:  get_loc0 0: i
        get_loc1 1: arguments
        get_length
        lt
        if_false8 26
        get_loc1 1: arguments
        get_loc0 0: i
        get_loc1 1: arguments
        get_loc0 0: i
        get_array_el
        get_field val
        put_array_el
        inc_loc 0: i
        goto8 5
   26:  push_empty_string
        get_field concat
        get_field2 apply
        push_empty_string
        get_loc1 1: arguments
        tail_call_method 2

__tests__/fixtures_quickjs/octane/earley-boyer.js:3078:1: function: sc_stringLength
  mode: strict
  args: s
  stack_size: 1
  opcodes:
        get_arg0 0: s
        get_length
        return

__tests__/fixtures_quickjs/octane/earley-boyer.js:3080:1: function: sc_stringRef
  mode: strict
  args: s k
  closure vars:
    0: sc_Char parent:loc142 var
  stack_size: 5
  opcodes:
        get_var_ref0 0: sc_Char
        dup
        get_arg0 0: s
        get_field2 charAt
        get_arg1 1: k
        call_method 1
        call_constructor 1
        return

__tests__/fixtures_quickjs/octane/earley-boyer.js:3090:1: function: sc_isStringEqual
  mode: strict
  args: s1 s2
  stack_size: 2
  opcodes:
        get_arg0 0: s1
        get_arg1 1: s2
        strict_eq
        return

__tests__/fixtures_quickjs/octane/earley-boyer.js:3097:1: function: sc_isStringLess
  mode: strict
  args: s1 s2
  stack_size: 2
  opcodes:
        get_arg0 0: s1
        get_arg1 1: s2
        lt
        return

__tests__/fixtures_quickjs/octane/earley-boyer.js:3104:1: function: sc_isStringGreater
  mode: strict
  args: s1 s2
  stack_size: 2
  opcodes:
        get_arg0 0: s1
        get_arg1 1: s2
        gt
        return

__tests__/fixtures_quickjs/octane/earley-boyer.js:3111:1: function: sc_isStringLessEqual
  mode: strict
  args: s1 s2
  stack_size: 2
  opcodes:
        get_arg0 0: s1
        get_arg1 1: s2
        lte
        return

__tests__/fixtures_quickjs/octane/earley-boyer.js:3118:1: function: sc_isStringGreaterEqual
  mode: strict
  args: s1 s2
  stack_size: 2
  opcodes:
        get_arg0 0: s1
        get_arg1 1: s2
        gte
        return

__tests__/fixtures_quickjs/octane/earley-boyer.js:3125:1: function: sc_isStringCIEqual
  mode: strict
  args: s1 s2
  stack_size: 3
  opcodes:
        get_arg0 0: s1
        get_field2 toLowerCase
        call_method 0
        get_arg1 1: s2
        get_field2 toLowerCase
        call_method 0
        strict_eq
        return

__tests__/fixtures_quickjs/octane/earley-boyer.js:3132:1: function: sc_isStringCILess
  mode: strict
  args: s1 s2
  stack_size: 3
  opcodes:
        get_arg0 0: s1
        get_field2 toLowerCase
        call_method 0
        get_arg1 1: s2
        get_field2 toLowerCase
        call_method 0
        lt
        return

__tests__/fixtures_quickjs/octane/earley-boyer.js:3139:1: function: sc_isStringCIGreater
  mode: strict
  args: s1 s2
  stack_size: 3
  opcodes:
        get_arg0 0: s1
        get_field2 toLowerCase
        call_method 0
        get_arg1 1: s2
        get_field2 toLowerCase
        call_method 0
        gt
        return

__tests__/fixtures_quickjs/octane/earley-boyer.js:3146:1: function: sc_isStringCILessEqual
  mode: strict
  args: s1 s2
  stack_size: 3
  opcodes:
        get_arg0 0: s1
        get_field2 toLowerCase
        call_method 0
        get_arg1 1: s2
        get_field2 toLowerCase
        call_method 0
        lte
        return

__tests__/fixtures_quickjs/octane/earley-boyer.js:3153:1: function: sc_isStringCIGreaterEqual
  mode: strict
  args: s1 s2
  stack_size: 3
  opcodes:
        get_arg0 0: s1
        get_field2 toLowerCase
        call_method 0
        get_arg1 1: s2
        get_field2 toLowerCase
        call_method 0
        gte
        return

__tests__/fixtures_quickjs/octane/earley-boyer.js:3159:1: function: sc_substring
  mode: strict
  args: s start end
  stack_size: 4
  opcodes:
        get_arg0 0: s
        get_field2 substring
        get_arg1 1: start
        get_arg2 2: end
        tail_call_method 2

__tests__/fixtures_quickjs/octane/earley-boyer.js:3164:1: function: sc_isSubstring_at
  mode: strict
  args: s1 s2 i
  stack_size: 6
  opcodes:
        get_arg1 1: s2
        get_arg0 0: s1
        get_field2 substring
        get_arg2 2: i
        get_arg2 2: i
        get_arg1 1: s2
        get_length
        add
        call_method 2
        eq
        return

__tests__/fixtures_quickjs/octane/earley-boyer.js:3170:1: function: sc_stringAppend
  mode: strict
  locals:
    0: var arguments
  stack_size: 4
  opcodes:
        special_object 0
        put_loc0 0: arguments
        push_empty_string
        get_field concat
        get_field2 apply
        push_empty_string
        get_loc0 0: arguments
        tail_call_method 2

__tests__/fixtures_quickjs/octane/earley-boyer.js:3180:1: function: sc_stringCopy
  mode: strict
  args: s
  stack_size: 1
  opcodes:
        get_arg0 0: s
        return

__tests__/fixtures_quickjs/octane/earley-boyer.js:3189:1: function: sc_keyword2string
  mode: strict
  args: o
  stack_size: 3
  opcodes:
        get_arg0 0: o
        get_field2 slice
        push_1 1
        tail_call_method 1

__tests__/fixtures_quickjs/octane/earley-boyer.js:3195:1: function: sc_string2keyword
  mode: strict
  args: o
  closure vars:
    0: sc_KEYWORD_PREFIX parent:loc304 var
  stack_size: 2
  opcodes:
        get_var_ref0 0: sc_KEYWORD_PREFIX
        get_arg0 0: o
        add
        return

__tests__/fixtures_quickjs/octane/earley-boyer.js:3198:39: function: <null>
  mode: strict
  locals:
    0: var this
  closure vars:
    0: sc_SYMBOL_PREFIX parent:loc303 var
    1: sc_KEYWORD_PREFIX parent:loc304 var
  stack_size: 4
  opcodes:
        push_this
        put_loc0 0: this
        get_loc0 0: this
        get_field2 charAt
        push_0 0
        call_method 1
        get_var_ref0 0: sc_SYMBOL_PREFIX
        strict_eq
        if_false8 26
        get_loc0 0: this
        get_field2 slice
        push_1 1
        tail_call_method 1
   26:  get_loc0 0: this
        get_field2 charAt
        push_0 0
        call_method 1
        get_var_ref1 1: sc_KEYWORD_PREFIX
        strict_eq
        if_false8 57
        push_atom_value ":"
        get_loc0 0: this
        get_field2 slice
        push_1 1
        call_method 1
        add
        return
   57:  get_loc0 0: this
        get_field2 toString
        tail_call_method 0

__tests__/fixtures_quickjs/octane/earley-boyer.js:3207:37: function: <null>
  mode: strict
  locals:
    0: var this
  closure vars:
    0: sc_SYMBOL_PREFIX parent:loc303 var
    1: sc_KEYWORD_PREFIX parent:loc304 var
    2: sc_escapeWriteString parent:loc289 var
  stack_size: 4
  opcodes:
        push_this
        put_loc0 0: this
        get_loc0 0: this
        get_field2 charAt
        push_0 0
        call_method 1
        get_var_ref0 0: sc_SYMBOL_PREFIX
        strict_eq
        if_false8 26
        get_loc0 0: this
        get_field2 slice
        push_1 1
        tail_call_method 1
   26:  get_loc0 0: this
        get_field2 charAt
        push_0 0
        call_method 1
        get_var_ref1 1: sc_KEYWORD_PREFIX
        strict_eq
        if_false8 57
        push_atom_value ":"
        get_loc0 0: this
        get_field2 slice
        push_1 1
        call_method 1
        add
        return
   57:  push_atom_value "\""
        get_var_ref2 2: sc_escapeWriteString
        get_loc0 0: this
        call1 1
        add
        push_atom_value "\""
        add
        return

__tests__/fixtures_quickjs/octane/earley-boyer.js:3254:152: function: <null>
  mode: strict
  closure vars:
    0: BgL_testzd2boyerzd2 parent:loc0 var
    1: n local:loc2 var
  stack_size: 2
  opcodes:
        get_var_ref0 0: BgL_testzd2boyerzd2
        get_var_ref1 1: n
        tail_call 1

__tests__/fixtures_quickjs/octane/earley-boyer.js:3256:12: function: <null>
  mode: strict
  args: rewrites
  closure vars:
    0: sc_isNumber parent:loc1 var
    1: n local:loc2 var
  stack_size: 3
  opcodes:
        get_var_ref0 0: sc_isNumber
        get_arg0 0: rewrites
        call1 1
        if_false8 86
        get_var_ref1 1: n
        dup
        push_0 0
        strict_eq
        if_false8 19
        get_arg0 0: rewrites
        push_i32 95024
        strict_eq
        return
   19:  dup
        push_1 1
        strict_eq
        if_false8 32
        get_arg0 0: rewrites
        push_i32 591777
        strict_eq
        return
   32:  dup
        push_2 2
        strict_eq
        if_false8 45
        get_arg0 0: rewrites
        push_i32 1813975
        strict_eq
        return
   45:  dup
        push_3 3
        strict_eq
        if_false8 58
        get_arg0 0: rewrites
        push_i32 5375678
        strict_eq
        return
   58:  dup
        push_4 4
        strict_eq
        if_false8 71
        get_arg0 0: rewrites
        push_i32 16445406
        strict_eq
        return
   71:  dup
        push_5 5
        strict_eq
        if_false8 84
        get_arg0 0: rewrites
        push_i32 51507739
        strict_eq
        return
   84:  push_true
        return
   86:  push_false
        return

__tests__/fixtures_quickjs/octane/earley-boyer.js:3248:33: function: <null>
  mode: strict
  locals:
    0: var args
    1: var sc_tmp
    2: var n
    3: var arguments
  closure vars:
    0: BgL_testzd2boyerzd2 parent:loc349 var
    1: sc_isNumber parent:loc19 var
    2: sc_cons parent:loc72 var
    3: BgL_setupzd2boyerzd2 parent:loc351 var
    4: BgL_runzd2benchmarkzd2 parent:loc383 var
    5: sc_number2string parent:loc315 var
  stack_size: 5
  opcodes:
        special_object 0
        put_loc3 3: arguments
        null
        put_loc0 0: args
        get_loc3 3: arguments
        get_length
        push_1 1
        sub
        put_loc1 1: sc_tmp
   10:  get_loc1 1: sc_tmp
        push_0 0
        gte
        if_false8 26
        get_var_ref2 2: sc_cons
        get_loc3 3: arguments
        get_loc1 1: sc_tmp
        get_array_el
        get_loc0 0: args
        call2 2
        put_loc0 0: args
        dec_loc 1: sc_tmp
        goto8 10
   26:  get_loc0 0: args
        is_null
        if_false8 33
        push_0 0
        goto8 39
   33:  get_loc0 0: args
        get_field car
   39:  put_loc2 2: n
        get_var_ref3 3: BgL_setupzd2boyerzd2
        call0 0
        drop
        get_var_ref 4: BgL_runzd2benchmarkzd2
        push_atom_value nboyer
        get_var_ref 5: sc_number2string
        get_loc2 2: n
        call1 1
        add
        push_1 1
        fclosure8 0: [bytecode <null>]
        fclosure8 1: [bytecode <null>]
        tail_call 4

__tests__/fixtures_quickjs/octane/earley-boyer.js:3285:28: function: <null>
  mode: strict
  stack_size: 1
  opcodes:
        push_true
        return

__tests__/fixtures_quickjs/octane/earley-boyer.js:3288:27: function: <null>
  mode: strict
  stack_size: 1
  opcodes:
        push_true
        return

__tests__/fixtures_quickjs/octane/earley-boyer.js:3291:29: function: <null>
  mode: strict
  args: term
  locals:
    0: var lst
  closure vars:
    0: sc_Pair parent:loc69 var
    1: BgL_sc_symbolzd2ze3symbolzd2record_1ze3_nboyer parent:loc355 var
    2: translate_term_nboyer parent:loc352 var
    3: translate_args_nboyer parent:loc353 var
  stack_size: 8
  opcodes:
        get_arg0 0: term
        get_var_ref0 0: sc_Pair
        instanceof
        lnot
        if_false8 8
        get_arg0 0: term
        return
    8:  get_var_ref0 0: sc_Pair
        dup
        get_var_ref1 1: BgL_sc_symbolzd2ze3symbolzd2record_1ze3_nboyer
        get_arg0 0: term
        get_field car
        call1 1
        get_arg0 0: term
        get_field cdr
        set_loc0 0: lst
        is_null
        if_false8 31
        null
        goto8 52
   31:  get_var_ref0 0: sc_Pair
        dup
        get_var_ref2 2: translate_term_nboyer
        get_loc0 0: lst
        get_field car
        call1 1
        get_var_ref3 3: translate_args_nboyer
        get_loc0 0: lst
        get_field cdr
        call1 1
        call_constructor 2
   52:  call_constructor 2
        return

__tests__/fixtures_quickjs/octane/earley-boyer.js:3295:29: function: <null>
  mode: strict
  args: lst
  locals:
    0: var sc_lst_5
    1: var term
  closure vars:
    0: sc_Pair parent:loc69 var
    1: BgL_sc_symbolzd2ze3symbolzd2record_1ze3_nboyer parent:loc355 var
    2: translate_args_nboyer parent:loc353 var
    3: translate_term_nboyer parent:loc352 var
  stack_size: 8
  opcodes:
        get_arg0 0: lst
        is_null
        if_false8 6
        null
        return
    6:  get_var_ref0 0: sc_Pair
        dup
        get_arg0 0: lst
        get_field car
        set_loc1 1: term
        get_var_ref0 0: sc_Pair
        instanceof
        lnot
        if_false8 23
        get_loc1 1: term
        goto8 44
   23:  get_var_ref0 0: sc_Pair
        dup
        get_var_ref1 1: BgL_sc_symbolzd2ze3symbolzd2record_1ze3_nboyer
        get_loc1 1: term
        get_field car
        call1 1
        get_var_ref2 2: translate_args_nboyer
        get_loc1 1: term
        get_field cdr
        call1 1
        call_constructor 2
   44:  get_arg0 0: lst
        get_field cdr
        set_loc0 0: sc_lst_5
        is_null
        if_false8 57
        null
        goto8 78
   57:  get_var_ref0 0: sc_Pair
        dup
        get_var_ref3 3: translate_term_nboyer
        get_loc0 0: sc_lst_5
        get_field car
        call1 1
        get_var_ref2 2: translate_args_nboyer
        get_loc0 0: sc_lst_5
        get_field cdr
        call1 1
        call_constructor 2
   78:  call_constructor 2
        return

__tests__/fixtures_quickjs/octane/earley-boyer.js:3300:31: function: <null>
  mode: strict
  args: term
  locals:
    0: var optrOpnd
    1: var tail1131
    2: var L1127
    3: var falseHead1130
    4: var symbol_record
  closure vars:
    0: sc_Pair parent:loc69 var
    1: untranslate_term_nboyer parent:loc354 var
  stack_size: 5
  opcodes:
        get_arg0 0: term
        get_var_ref0 0: sc_Pair
        instanceof
        lnot
        if_false8 8
        get_arg0 0: term
        return
    8:  get_var_ref0 0: sc_Pair
        dup
        null
        null
        call_constructor 2
        put_loc3 3: falseHead1130
        get_arg0 0: term
        get_field cdr
        put_loc2 2: L1127
        get_loc3 3: falseHead1130
        put_loc1 1: tail1131
   25:  get_loc2 2: L1127
        is_null
        lnot
        if_false8 66
        get_loc1 1: tail1131
        get_var_ref0 0: sc_Pair
        dup
        get_var_ref1 1: untranslate_term_nboyer
        get_loc2 2: L1127
        get_field car
        call1 1
        null
        call_constructor 2
        put_field cdr
        get_loc1 1: tail1131
        get_field cdr
        put_loc1 1: tail1131
        get_loc2 2: L1127
        get_field cdr
        put_loc2 2: L1127
        goto8 25
   66:  get_loc3 3: falseHead1130
        get_field cdr
        put_loc0 0: optrOpnd
        get_var_ref0 0: sc_Pair
        dup
        get_arg0 0: term
        get_field car
        set_loc8 4: symbol_record
        push_0 0
        get_array_el
        get_loc0 0: optrOpnd
        call_constructor 2
        return

__tests__/fixtures_quickjs/octane/earley-boyer.js:3323:54: function: <null>
  mode: strict
  args: sym
  locals:
    0: var r
    1: var x
  closure vars:
    0: sc_assq parent:loc129 var
    1: BgL_sc_za2symbolzd2recordszd2alistza2_2z00_nboyer parent:loc356 var
    2: sc_Pair parent:loc69 var
  stack_size: 6
  opcodes:
        get_var_ref0 0: sc_assq
        get_arg0 0: sym
        get_var_ref1 1: BgL_sc_za2symbolzd2recordszd2alistza2_2z00_nboyer
        call2 2
        set_loc1 1: x
        push_false
        strict_neq
        if_false8 16
        get_loc1 1: x
        get_field cdr
        return
   16:  get_arg0 0: sym
        null
        array_from 2
        put_loc0 0: r
        get_var_ref2 2: sc_Pair
        dup
        get_var_ref2 2: sc_Pair
        dup
        get_arg0 0: sym
        get_loc0 0: r
        call_constructor 2
        get_var_ref1 1: BgL_sc_za2symbolzd2recordszd2alistza2_2z00_nboyer
        call_constructor 2
        put_var_ref1 1: BgL_sc_za2symbolzd2recordszd2alistza2_2z00_nboyer
        get_loc0 0: r
        return

__tests__/fixtures_quickjs/octane/earley-boyer.js:3329:30: function: <null>
  mode: strict
  args: alist
  locals:
    0: var sc_alist_6
    1: var term
  closure vars:
    0: sc_Pair parent:loc69 var
    1: BgL_sc_symbolzd2ze3symbolzd2record_1ze3_nboyer parent:loc355 var
    2: translate_args_nboyer parent:loc353 var
    3: translate_term_nboyer parent:loc352 var
    4: translate_alist_nboyer parent:loc357 var
  stack_size: 10
  opcodes:
        get_arg0 0: alist
        is_null
        if_false8 6
        null
        return
    6:  get_var_ref0 0: sc_Pair
        dup
        get_var_ref0 0: sc_Pair
        dup
        get_arg0 0: alist
        get_field car
        get_field car
        get_arg0 0: alist
        get_field car
        get_field cdr
        set_loc1 1: term
        get_var_ref0 0: sc_Pair
        instanceof
        lnot
        if_false8 41
        get_loc1 1: term
        goto8 62
   41:  get_var_ref0 0: sc_Pair
        dup
        get_var_ref1 1: BgL_sc_symbolzd2ze3symbolzd2record_1ze3_nboyer
        get_loc1 1: term
        get_field car
        call1 1
        get_var_ref2 2: translate_args_nboyer
        get_loc1 1: term
        get_field cdr
        call1 1
        call_constructor 2
   62:  call_constructor 2
        get_arg0 0: alist
        get_field cdr
        set_loc0 0: sc_alist_6
        is_null
        if_false8 78
        null
        goto8 122
   78:  get_var_ref0 0: sc_Pair
        dup
        get_var_ref0 0: sc_Pair
        dup
        get_loc0 0: sc_alist_6
        get_field car
        get_field car
        get_var_ref3 3: translate_term_nboyer
        get_loc0 0: sc_alist_6
        get_field car
        get_field cdr
        call1 1
        call_constructor 2
        get_var_ref 4: translate_alist_nboyer
        get_loc0 0: sc_alist_6
        get_field cdr
        call1 1
        call_constructor 2
  122:  call_constructor 2
        return

__tests__/fixtures_quickjs/octane/earley-boyer.js:3334:26: function: <null>
  mode: strict
  args: alist term
  locals:
    0: var lst
    1: var temp_temp
  closure vars:
    0: sc_Pair parent:loc69 var
    1: sc_assq parent:loc129 var
    2: apply_subst_nboyer parent:loc358 var
    3: apply_subst_lst_nboyer parent:loc359 var
  stack_size: 9
  opcodes:
        get_arg1 1: term
        get_var_ref0 0: sc_Pair
        instanceof
        lnot
        if_false8 24
        get_var_ref1 1: sc_assq
        get_arg1 1: term
        get_arg0 0: alist
        call2 2
        set_loc1 1: temp_temp
        push_false
        strict_neq
        if_false8 22
        get_loc1 1: temp_temp
        get_field cdr
        return
   22:  get_arg1 1: term
        return
   24:  get_var_ref0 0: sc_Pair
        dup
        get_arg1 1: term
        get_field car
        get_arg1 1: term
        get_field cdr
        set_loc0 0: lst
        is_null
        if_false8 45
        null
        goto8 68
   45:  get_var_ref0 0: sc_Pair
        dup
        get_var_ref2 2: apply_subst_nboyer
        get_arg0 0: alist
        get_loc0 0: lst
        get_field car
        call2 2
        get_var_ref3 3: apply_subst_lst_nboyer
        get_arg0 0: alist
        get_loc0 0: lst
        get_field cdr
        call2 2
        call_constructor 2
   68:  call_constructor 2
        return

__tests__/fixtures_quickjs/octane/earley-boyer.js:3339:30: function: <null>
  mode: strict
  args: alist lst
  locals:
    0: var sc_lst_7
  closure vars:
    0: sc_Pair parent:loc69 var
    1: apply_subst_nboyer parent:loc358 var
    2: apply_subst_lst_nboyer parent:loc359 var
  stack_size: 9
  opcodes:
        get_arg1 1: lst
        is_null
        if_false8 6
        null
        return
    6:  get_var_ref0 0: sc_Pair
        dup
        get_var_ref1 1: apply_subst_nboyer
        get_arg0 0: alist
        get_arg1 1: lst
        get_field car
        call2 2
        get_arg1 1: lst
        get_field cdr
        set_loc0 0: sc_lst_7
        is_null
        if_false8 30
        null
        goto8 53
   30:  get_var_ref0 0: sc_Pair
        dup
        get_var_ref1 1: apply_subst_nboyer
        get_arg0 0: alist
        get_loc0 0: sc_lst_7
        get_field car
        call2 2
        get_var_ref2 2: apply_subst_lst_nboyer
        get_arg0 0: alist
        get_loc0 0: sc_lst_7
        get_field cdr
        call2 2
        call_constructor 2
   53:  call_constructor 2
        return

__tests__/fixtures_quickjs/octane/earley-boyer.js:3343:25: function: <null>
  mode: strict
  args: sc_x_11 true_lst false_lst
  locals:
    0: var tmp1125
    1: var x
    2: var tmp1126
    3: var sc_x_8
    4: var sc_tmp1125_9
    5: var sc_tmp1126_10
  closure vars:
    0: is_term_equal_nboyer parent:loc370 var
    1: true_term_nboyer parent:loc368 var
    2: is_term_member_nboyer parent:loc371 var
    3: false_term_nboyer parent:loc367 var
    4: sc_Pair parent:loc69 var
    5: if_constructor_nboyer parent:loc361 var
    6: tautologyp_nboyer parent:loc360 var
  stack_size: 6
  opcodes:
    0:  get_var_ref0 0: is_term_equal_nboyer
        get_arg0 0: sc_x_11
        get_var_ref1 1: true_term_nboyer
        call2 2
        set_loc8 5: sc_tmp1126_10
        push_false
        strict_neq
        if_false8 14
        get_loc8 5: sc_tmp1126_10
        goto8 18
   14:  get_var_ref2 2: is_term_member_nboyer
        get_arg0 0: sc_x_11
        get_arg1 1: true_lst
        call2 2
   18:  push_false
        strict_neq
        if_false8 24
        push_true
        return
   24:  get_var_ref0 0: is_term_equal_nboyer
        get_arg0 0: sc_x_11
        get_var_ref3 3: false_term_nboyer
        call2 2
        set_loc8 4: sc_tmp1125_9
        push_false
        strict_neq
        if_false8 38
        get_loc8 4: sc_tmp1125_9
        goto8 42
   38:  get_var_ref2 2: is_term_member_nboyer
        get_arg0 0: sc_x_11
        get_arg2 2: false_lst
        call2 2
   42:  push_false
        strict_neq
        if_false8 48
        push_false
        return
   48:  get_arg0 0: sc_x_11
        get_var_ref 4: sc_Pair
        instanceof
        lnot
        if_false8 58
        push_false
        return
   58:  get_arg0 0: sc_x_11
        get_field car
        get_var_ref 5: if_constructor_nboyer
        strict_eq
        if_false 272
        get_arg0 0: sc_x_11
        get_field cdr
        get_field car
        put_loc3 3: sc_x_8
        get_var_ref0 0: is_term_equal_nboyer
        get_loc3 3: sc_x_8
        get_var_ref1 1: true_term_nboyer
        call2 2
        set_loc2 2: tmp1126
        push_false
        strict_neq
        if_false8 97
        get_loc2 2: tmp1126
        goto8 101
   97:  get_var_ref2 2: is_term_member_nboyer
        get_loc3 3: sc_x_8
        get_arg1 1: true_lst
        call2 2
  101:  push_false
        strict_neq
        if_false8 124
        get_arg0 0: sc_x_11
        get_field cdr
        get_field cdr
        get_field car
        put_arg0 0: sc_x_11
        goto8 0
  124:  get_arg0 0: sc_x_11
        get_field cdr
        get_field car
        put_loc1 1: x
        get_var_ref0 0: is_term_equal_nboyer
        get_loc1 1: x
        get_var_ref3 3: false_term_nboyer
        call2 2
        set_loc0 0: tmp1125
        push_false
        strict_neq
        if_false8 148
        get_loc0 0: tmp1125
        goto8 152
  148:  get_var_ref2 2: is_term_member_nboyer
        get_loc1 1: x
        get_arg2 2: false_lst
        call2 2
  152:  push_false
        strict_neq
        if_false8 181
        get_arg0 0: sc_x_11
        get_field cdr
        get_field cdr
        get_field cdr
        get_field car
        put_arg0 0: sc_x_11
        goto16 0
  181:  get_var_ref 6: tautologyp_nboyer
        get_arg0 0: sc_x_11
        get_field cdr
        get_field cdr
        get_field car
        get_var_ref 4: sc_Pair
        dup
        get_arg0 0: sc_x_11
        get_field cdr
        get_field car
        get_arg1 1: true_lst
        call_constructor 2
        get_arg2 2: false_lst
        call3 3
        push_false
        strict_neq
        if_false8 270
        get_var_ref 4: sc_Pair
        dup
        get_arg0 0: sc_x_11
        get_field cdr
        get_field car
        get_arg2 2: false_lst
        call_constructor 2
        put_arg2 2: false_lst
        get_arg0 0: sc_x_11
        get_field cdr
        get_field cdr
        get_field cdr
        get_field car
        put_arg0 0: sc_x_11
        goto16 0
  270:  push_false
        return
  272:  push_false
        return

__tests__/fixtures_quickjs/octane/earley-boyer.js:3377:22: function: <null>
  mode: strict
  args: term
  locals:
    0: var term2
    1: var sc_term_12
    2: var lst
    3: var symbol_record
    4: var sc_lst_13
  closure vars:
    0: rewrite_count_nboyer parent:loc362 var
    1: sc_Pair parent:loc69 var
    2: rewrite_nboyer parent:loc363 var
    3: rewrite_args_nboyer parent:loc364 var
    4: unify_subst_nboyer parent:loc365 var
    5: one_way_unify1_nboyer parent:loc366 var
    6: apply_subst_nboyer parent:loc358 var
  stack_size: 8
  opcodes:
        get_var_ref0 0: rewrite_count_nboyer
        inc
        put_var_ref0 0: rewrite_count_nboyer
        get_arg0 0: term
        get_var_ref1 1: sc_Pair
        instanceof
        lnot
        if_false8 11
        get_arg0 0: term
        return
   11:  get_var_ref1 1: sc_Pair
        dup
        get_arg0 0: term
        get_field car
        get_arg0 0: term
        get_field cdr
        set_loc8 4: sc_lst_13
        is_null
        if_false8 33
        null
        goto8 56
   33:  get_var_ref1 1: sc_Pair
        dup
        get_var_ref2 2: rewrite_nboyer
        get_loc8 4: sc_lst_13
        get_field car
        call1 1
        get_var_ref3 3: rewrite_args_nboyer
        get_loc8 4: sc_lst_13
        get_field cdr
        call1 1
        call_constructor 2
   56:  call_constructor 2
        put_loc1 1: sc_term_12
        get_arg0 0: term
        get_field car
        set_loc3 3: symbol_record
        push_1 1
        get_array_el
        put_loc2 2: lst
   70:  get_loc2 2: lst
        is_null
        if_false8 76
        get_loc1 1: sc_term_12
        return
   76:  get_loc2 2: lst
        get_field car
        get_field cdr
        get_field car
        put_loc0 0: term2
        null
        put_var_ref 4: unify_subst_nboyer
        get_var_ref 5: one_way_unify1_nboyer
        get_loc1 1: sc_term_12
        get_loc0 0: term2
        call2 2
        push_false
        strict_neq
        if_false8 139
        get_var_ref2 2: rewrite_nboyer
        get_var_ref 6: apply_subst_nboyer
        get_var_ref 4: unify_subst_nboyer
        get_loc2 2: lst
        get_field car
        get_field cdr
        get_field cdr
        get_field car
        call2 2
        tail_call 1
  139:  get_loc2 2: lst
        get_field cdr
        put_loc2 2: lst
        goto8 70

__tests__/fixtures_quickjs/octane/earley-boyer.js:3401:27: function: <null>
  mode: strict
  args: lst
  locals:
    0: var sc_lst_14
  closure vars:
    0: sc_Pair parent:loc69 var
    1: rewrite_nboyer parent:loc363 var
    2: rewrite_args_nboyer parent:loc364 var
  stack_size: 8
  opcodes:
        get_arg0 0: lst
        is_null
        if_false8 6
        null
        return
    6:  get_var_ref0 0: sc_Pair
        dup
        get_var_ref1 1: rewrite_nboyer
        get_arg0 0: lst
        get_field car
        call1 1
        get_arg0 0: lst
        get_field cdr
        set_loc0 0: sc_lst_14
        is_null
        if_false8 29
        null
        goto8 50
   29:  get_var_ref0 0: sc_Pair
        dup
        get_var_ref1 1: rewrite_nboyer
        get_loc0 0: sc_lst_14
        get_field car
        call1 1
        get_var_ref2 2: rewrite_args_nboyer
        get_loc0 0: sc_lst_14
        get_field cdr
        call1 1
        call_constructor 2
   50:  call_constructor 2
        return

__tests__/fixtures_quickjs/octane/earley-boyer.js:3406:29: function: <null>
  mode: strict
  args: term1 term2
  locals:
    0: var lst1
    1: var lst2
    2: var temp_temp
  closure vars:
    0: sc_Pair parent:loc69 var
    1: sc_assq parent:loc129 var
    2: unify_subst_nboyer parent:loc365 var
    3: is_term_equal_nboyer parent:loc370 var
    4: sc_isNumber parent:loc19 var
    5: sc_isEqual parent:loc313 var
    6: one_way_unify1_nboyer parent:loc366 var
  stack_size: 6
  opcodes:
        get_arg1 1: term2
        get_var_ref0 0: sc_Pair
        instanceof
        lnot
        if_false8 57
        get_var_ref1 1: sc_assq
        get_arg1 1: term2
        get_var_ref2 2: unify_subst_nboyer
        call2 2
        set_loc2 2: temp_temp
        push_false
        strict_neq
        if_false8 26
        get_var_ref3 3: is_term_equal_nboyer
        get_arg0 0: term1
        get_loc2 2: temp_temp
        get_field cdr
        tail_call 2
   26:  get_var_ref 4: sc_isNumber
        get_arg1 1: term2
        call1 1
        if_false8 41
        get_var_ref 5: sc_isEqual
        get_arg0 0: term1
        get_arg1 1: term2
        tail_call 2
   41:  get_var_ref0 0: sc_Pair
        dup
        get_var_ref0 0: sc_Pair
        dup
        get_arg1 1: term2
        get_arg0 0: term1
        call_constructor 2
        get_var_ref2 2: unify_subst_nboyer
        call_constructor 2
        put_var_ref2 2: unify_subst_nboyer
        push_true
        return
   57:  get_arg0 0: term1
        get_var_ref0 0: sc_Pair
        instanceof
        lnot
        if_false8 65
        push_false
        return
   65:  get_arg0 0: term1
        get_field car
        get_arg1 1: term2
        get_field car
        strict_eq
        if_false8 145
        get_arg0 0: term1
        get_field cdr
        put_loc0 0: lst1
        get_arg1 1: term2
        get_field cdr
        put_loc1 1: lst2
   94:  get_loc0 0: lst1
        is_null
        if_false8 101
        get_loc1 1: lst2
        is_null
        return
  101:  get_loc1 1: lst2
        is_null
        if_false8 107
        push_false
        return
  107:  get_var_ref 6: one_way_unify1_nboyer
        get_loc0 0: lst1
        get_field car
        get_loc1 1: lst2
        get_field car
        call2 2
        push_false
        strict_neq
        if_false8 143
        get_loc0 0: lst1
        get_field cdr
        put_loc0 0: lst1
        get_loc1 1: lst2
        get_field cdr
        put_loc1 1: lst2
        goto8 94
  143:  push_false
        return
  145:  push_false
        return

__tests__/fixtures_quickjs/octane/earley-boyer.js:3444:32: function: <null>
  mode: strict
  args: n
  locals:
    0: var sc_n_15
  closure vars:
    0: sc_isEqual parent:loc313 var
    1: sc_list parent:loc109 var
    2: trans_of_implies1_nboyer parent:loc369 var
  stack_size: 9
  opcodes:
        get_var_ref0 0: sc_isEqual
        get_arg0 0: n
        push_1 1
        call2 2
        if_false8 16
        get_var_ref1 1: sc_list
        push_atom_value "\u1e9cimplies"
        push_0 0
        push_1 1
        call3 3
        return
   16:  get_var_ref1 1: sc_list
        push_atom_value "\u1e9cand"
        get_var_ref1 1: sc_list
        push_atom_value "\u1e9cimplies"
        get_arg0 0: n
        push_1 1
        sub
        get_arg0 0: n
        call3 3
        get_arg0 0: n
        push_1 1
        sub
        put_loc0 0: sc_n_15
        get_var_ref0 0: sc_isEqual
        get_loc0 0: sc_n_15
        push_1 1
        call2 2
        if_false8 54
        get_var_ref1 1: sc_list
        push_atom_value "\u1e9cimplies"
        push_0 0
        push_1 1
        call3 3
        goto8 77
   54:  get_var_ref1 1: sc_list
        push_atom_value "\u1e9cand"
        get_var_ref1 1: sc_list
        push_atom_value "\u1e9cimplies"
        get_loc0 0: sc_n_15
        push_1 1
        sub
        get_loc0 0: sc_n_15
        call3 3
        get_var_ref2 2: trans_of_implies1_nboyer
        get_loc0 0: sc_n_15
        push_1 1
        sub
        call1 1
        call3 3
   77:  call3 3
        return

__tests__/fixtures_quickjs/octane/earley-boyer.js:3448:28: function: <null>
  mode: strict
  args: x y
  locals:
    0: var lst1
    1: var lst2
    2: var r2
    3: var r1
  closure vars:
    0: sc_Pair parent:loc69 var
    1: is_term_equal_nboyer parent:loc370 var
    2: sc_isEqual parent:loc313 var
  stack_size: 3
  opcodes:
        get_arg0 0: x
        get_var_ref0 0: sc_Pair
        instanceof
        if_false8 98
        get_arg1 1: y
        get_var_ref0 0: sc_Pair
        instanceof
        if_false8 96
        get_arg0 0: x
        get_field car
        put_loc3 3: r1
        get_arg1 1: y
        get_field car
        put_loc2 2: r2
        get_loc3 3: r1
        get_loc2 2: r2
        strict_eq
        push_false
        strict_neq
        if_false8 94
        get_arg0 0: x
        get_field cdr
        put_loc0 0: lst1
        get_arg1 1: y
        get_field cdr
        put_loc1 1: lst2
   45:  get_loc0 0: lst1
        is_null
        if_false8 52
        get_loc1 1: lst2
        is_null
        return
   52:  get_loc1 1: lst2
        is_null
        if_false8 58
        push_false
        return
   58:  get_var_ref1 1: is_term_equal_nboyer
        get_loc0 0: lst1
        get_field car
        get_loc1 1: lst2
        get_field car
        call2 2
        push_false
        strict_neq
        if_false8 92
        get_loc0 0: lst1
        get_field cdr
        put_loc0 0: lst1
        get_loc1 1: lst2
        get_field cdr
        put_loc1 1: lst2
        goto8 45
   92:  push_false
        return
   94:  push_false
        return
   96:  push_false
        return
   98:  get_var_ref2 2: sc_isEqual
        get_arg0 0: x
        get_arg1 1: y
        tail_call 2

__tests__/fixtures_quickjs/octane/earley-boyer.js:3478:29: function: <null>
  mode: strict
  args: x lst
  closure vars:
    0: is_term_equal_nboyer parent:loc370 var
  stack_size: 3
  opcodes:
    0:  get_arg1 1: lst
        is_null
        if_false8 6
        push_false
        return
    6:  get_var_ref0 0: is_term_equal_nboyer
        get_arg0 0: x
        get_arg1 1: lst
        get_field car
        call2 2
        push_false
        strict_neq
        if_false8 21
        push_true
        return
   21:  get_arg1 1: lst
        get_field cdr
        put_arg1 1: lst
        goto8 0

__tests__/fixtures_quickjs/octane/earley-boyer.js:3490:28: function: <null>
  mode: strict
  locals:
    0: var symbol_record
    1: var value
    2: var BgL_sc_symbolzd2record_16zd2
    3: var sym
    4: var sc_sym_17
    5: var term
    6: var lst
    7: var sc_term_18
    8: var sc_term_19
  closure vars:
    0: BgL_sc_za2symbolzd2recordszd2alistza2_2z00_nboyer parent:loc356 var
    1: if_constructor_nboyer parent:loc361 var
    2: BgL_sc_symbolzd2ze3symbolzd2record_1ze3_nboyer parent:loc355 var
    3: false_term_nboyer parent:loc367 var
    4: sc_Pair parent:loc69 var
    5: translate_args_nboyer parent:loc353 var
    6: true_term_nboyer parent:loc368 var
    7: sc_const_3_nboyer parent:loc373 var
    8: sc_error parent:loc9 var
  stack_size: 7
  opcodes:
        null
        put_var_ref0 0: BgL_sc_za2symbolzd2recordszd2alistza2_2z00_nboyer
        get_var_ref2 2: BgL_sc_symbolzd2ze3symbolzd2record_1ze3_nboyer
        push_atom_value "\u1e9cif"
        call1 1
        put_var_ref1 1: if_constructor_nboyer
        get_var_ref 4: sc_Pair
        dup
        push_atom_value "\u1e9cf"
        null
        call_constructor 2
        set_loc8 8: sc_term_19
        get_var_ref 4: sc_Pair
        instanceof
        lnot
        if_false8 36
        get_loc8 8: sc_term_19
        goto8 63
   36:  get_var_ref 4: sc_Pair
        dup
        get_var_ref2 2: BgL_sc_symbolzd2ze3symbolzd2record_1ze3_nboyer
        get_loc8 8: sc_term_19
        get_field car
        call1 1
        get_var_ref 5: translate_args_nboyer
        get_loc8 8: sc_term_19
        get_field cdr
        call1 1
        call_constructor 2
   63:  put_var_ref3 3: false_term_nboyer
        get_var_ref 4: sc_Pair
        dup
        push_atom_value "\u1e9ct"
        null
        call_constructor 2
        set_loc8 7: sc_term_18
        get_var_ref 4: sc_Pair
        instanceof
        lnot
        if_false8 90
        get_loc8 7: sc_term_18
        goto8 117
   90:  get_var_ref 4: sc_Pair
        dup
        get_var_ref2 2: BgL_sc_symbolzd2ze3symbolzd2record_1ze3_nboyer
        get_loc8 7: sc_term_18
        get_field car
        call1 1
        get_var_ref 5: translate_args_nboyer
        get_loc8 7: sc_term_18
        get_field cdr
        call1 1
        call_constructor 2
  117:  put_var_ref 6: true_term_nboyer
        get_var_ref 7: sc_const_3_nboyer
        put_loc8 6: lst
  125:  get_loc8 6: lst
        is_null
        lnot
        if_false 310
        get_loc8 6: lst
        get_field car
        set_loc8 5: term
        get_var_ref 4: sc_Pair
        instanceof
        if_false 286
        get_loc8 5: term
        get_field car
        push_atom_value "\u1e9cequal"
        strict_eq
        if_false8 286
        get_loc8 5: term
        get_field cdr
        get_field car
        get_var_ref 4: sc_Pair
        instanceof
        if_false8 286
        get_loc8 5: term
        get_field cdr
        get_field car
        get_field car
        put_loc8 4: sc_sym_17
        get_var_ref 4: sc_Pair
        dup
        get_loc8 5: term
        get_var_ref 4: sc_Pair
        instanceof
        lnot
        if_false8 221
        get_loc8 5: term
        goto8 248
  221:  get_var_ref 4: sc_Pair
        dup
        get_var_ref2 2: BgL_sc_symbolzd2ze3symbolzd2record_1ze3_nboyer
        get_loc8 5: term
        get_field car
        call1 1
        get_var_ref 5: translate_args_nboyer
        get_loc8 5: term
        get_field cdr
        call1 1
        call_constructor 2
  248:  get_loc8 5: term
        get_field cdr
        get_field car
        get_field car
        put_loc3 3: sym
        get_var_ref2 2: BgL_sc_symbolzd2ze3symbolzd2record_1ze3_nboyer
        get_loc3 3: sym
        call1 1
        set_loc2 2: BgL_sc_symbolzd2record_16zd2
        push_1 1
        get_array_el
        call_constructor 2
        put_loc1 1: value
        get_var_ref2 2: BgL_sc_symbolzd2ze3symbolzd2record_1ze3_nboyer
        get_loc8 4: sc_sym_17
        call1 1
        set_loc0 0: symbol_record
        push_1 1
        get_loc1 1: value
        put_array_el
        goto8 298
  286:  get_var_ref 8: sc_error
        push_atom_value "ADD-LEMMA did not like term:  "
        get_loc8 5: term
        call2 2
        drop
  298:  get_loc8 6: lst
        get_field cdr
        put_loc8 6: lst
        goto16 125
  310:  push_true
        return

__tests__/fixtures_quickjs/octane/earley-boyer.js:3523:27: function: <null>
  mode: strict
  args: n
  locals:
    0: var optrOpnd
    1: var term
    2: var sc_n_20
    3: var answer
    4: var sc_term_21
    5: var sc_term_22
  closure vars:
    0: rewrite_count_nboyer parent:loc362 var
    1: sc_const_4_nboyer parent:loc374 var
    2: sc_list parent:loc109 var
    3: sc_Pair parent:loc69 var
    4: BgL_sc_symbolzd2ze3symbolzd2record_1ze3_nboyer parent:loc355 var
    5: translate_args_nboyer parent:loc353 var
    6: apply_subst_nboyer parent:loc358 var
    7: const_nboyer parent:loc372 var
    8: translate_term_nboyer parent:loc352 var
    9: translate_alist_nboyer parent:loc357 var
   10: tautologyp_nboyer parent:loc360 var
   11: rewrite_nboyer parent:loc363 var
   12: sc_write parent:loc287 var
   13: sc_display parent:loc290 var
   14: sc_newline parent:loc292 var
  stack_size: 8
  opcodes:
        push_0 0
        put_var_ref0 0: rewrite_count_nboyer
        get_var_ref1 1: sc_const_4_nboyer
        put_loc1 1: term
        get_arg0 0: n
        put_loc2 2: sc_n_20
    6:  get_loc2 2: sc_n_20
        push_0 0
        strict_eq
        lnot
        if_false8 36
        get_var_ref2 2: sc_list
        push_atom_value "\u1e9cor"
        get_loc1 1: term
        get_var_ref3 3: sc_Pair
        dup
        push_atom_value "\u1e9cf"
        null
        call_constructor 2
        call3 3
        put_loc1 1: term
        dec_loc 2: sc_n_20
        goto8 6
   36:  get_loc1 1: term
        set_loc8 5: sc_term_22
        get_var_ref3 3: sc_Pair
        instanceof
        lnot
        if_false8 49
        get_loc8 5: sc_term_22
        put_loc0 0: optrOpnd
        goto8 77
   49:  get_var_ref3 3: sc_Pair
        dup
        get_var_ref 4: BgL_sc_symbolzd2ze3symbolzd2record_1ze3_nboyer
        get_loc8 5: sc_term_22
        get_field car
        call1 1
        get_var_ref 5: translate_args_nboyer
        get_loc8 5: sc_term_22
        get_field cdr
        call1 1
        call_constructor 2
        put_loc0 0: optrOpnd
   77:  get_var_ref 6: apply_subst_nboyer
        get_var_ref 7: const_nboyer
        is_null
        if_false8 89
        null
        goto8 141
   89:  get_var_ref3 3: sc_Pair
        dup
        get_var_ref3 3: sc_Pair
        dup
        get_var_ref 7: const_nboyer
        get_field car
        get_field car
        get_var_ref 8: translate_term_nboyer
        get_var_ref 7: const_nboyer
        get_field car
        get_field cdr
        call1 1
        call_constructor 2
        get_var_ref 9: translate_alist_nboyer
        get_var_ref 7: const_nboyer
        get_field cdr
        call1 1
        call_constructor 2
  141:  get_loc0 0: optrOpnd
        call2 2
        put_loc8 4: sc_term_21
        get_var_ref 10: tautologyp_nboyer
        get_var_ref 11: rewrite_nboyer
        get_loc8 4: sc_term_21
        call1 1
        null
        null
        call3 3
        put_loc3 3: answer
        get_var_ref 12: sc_write
        get_var_ref0 0: rewrite_count_nboyer
        call1 1
        drop
        get_var_ref 13: sc_display
        push_atom_value " rewrites"
        call1 1
        drop
        get_var_ref 14: sc_newline
        call0 0
        drop
        get_loc3 3: answer
        push_false
        strict_neq
        if_false8 186
        get_var_ref0 0: rewrite_count_nboyer
        return
  186:  push_false
        return

__tests__/fixtures_quickjs/octane/earley-boyer.js:3591:19: function: <null>
  mode: strict
  args: nt sc_nts_10
  locals:
    0: var i
  closure vars:
    0: sc_isEqual parent:loc0 var
  stack_size: 3
  opcodes:
        get_arg1 1: sc_nts_10
        get_length
        push_1 1
        sub
        put_loc0 0: i
    5:  get_loc0 0: i
        push_0 0
        gte
        if_false8 24
        get_var_ref0 0: sc_isEqual
        get_arg1 1: sc_nts_10
        get_loc0 0: i
        get_array_el
        get_arg0 0: nt
        call2 2
        if_false8 20
        get_loc0 0: i
        return
   20:  dec_loc 0: i
        goto8 5
   24:  push_false
        return

__tests__/fixtures_quickjs/octane/earley-boyer.js:3610:107: function: <null>
  mode: strict
  args: rules sc_nts_12
  locals:
    0: var nt
    1: var l
    2: var sc_nts_13
    3: var rule
  closure vars:
    0: sc_Pair parent:loc0 var
    1: sc_member parent:loc1 var
    2: rule_loop local:loc0 var
    3: BgL_sc_defzd2loop_9zd2 parent:loc2 var
    4: defs local:arg0 var
  stack_size: 4
  opcodes:
        get_arg0 0: rules
        get_var_ref0 0: sc_Pair
        instanceof
        if_false8 66
        get_arg0 0: rules
        get_field car
        set_loc3 3: rule
        put_loc1 1: l
        get_arg1 1: sc_nts_12
        put_loc2 2: sc_nts_13
   15:  get_loc1 1: l
        get_var_ref0 0: sc_Pair
        instanceof
        if_false8 55
        get_loc1 1: l
        get_field car
        put_loc0 0: nt
        get_loc1 1: l
        get_field cdr
        put_loc1 1: l
        get_var_ref1 1: sc_member
        get_loc0 0: nt
        get_loc2 2: sc_nts_13
        call2 2
        push_false
        strict_neq
        if_false8 45
        get_loc2 2: sc_nts_13
        goto8 52
   45:  get_var_ref0 0: sc_Pair
        dup
        get_loc0 0: nt
        get_loc2 2: sc_nts_13
        call_constructor 2
   52:  put_loc2 2: sc_nts_13
        goto8 15
   55:  get_var_ref2 2: rule_loop
        get_arg0 0: rules
        get_field cdr
        get_loc2 2: sc_nts_13
        tail_call 2
   66:  get_var_ref3 3: BgL_sc_defzd2loop_9zd2
        get_var_ref 4: defs
        get_field cdr
        get_arg1 1: sc_nts_12
        tail_call 2

__tests__/fixtures_quickjs/octane/earley-boyer.js:3606:52: function: <null>
  mode: strict
  args: defs sc_nts_11
  locals:
    0: var rule_loop
    1: var head
    2: var def
  closure vars:
    0: sc_Pair parent:loc1 var
    1: sc_member parent:loc2 var
    2: BgL_sc_defzd2loop_9zd2 local:loc19 var
    3: sc_list2vector parent:loc3 var
    4: sc_reverse parent:loc4 var
  stack_size: 6
  opcodes:
        get_arg0 0: defs
        get_var_ref0 0: sc_Pair
        instanceof
        if_false8 52
        get_arg0 0: defs
        get_field car
        set_loc2 2: def
        get_field car
        put_loc1 1: head
        fclosure8 0: [bytecode <null>]
        set_name rule_loop
        set_loc0 0: rule_loop
        get_loc2 2: def
        get_field cdr
        get_var_ref1 1: sc_member
        get_loc1 1: head
        get_arg1 1: sc_nts_11
        call2 2
        push_false
        strict_neq
        if_false8 43
        get_arg1 1: sc_nts_11
        goto8 50
   43:  get_var_ref0 0: sc_Pair
        dup
        get_loc1 1: head
        get_arg1 1: sc_nts_11
        call_constructor 2
   50:  call2 2
        return
   52:  get_var_ref3 3: sc_list2vector
        get_var_ref 4: sc_reverse
        get_arg1 1: sc_nts_11
        call1 1
        call1 1
        return

__tests__/fixtures_quickjs/octane/earley-boyer.js:3636:87: function: <null>
  mode: strict
  args: rules BgL_sc_nbzd2confs_15zd2
  locals:
    0: var l
    1: var BgL_sc_nbzd2confs_16zd2
    2: var rule
  closure vars:
    0: sc_Pair parent:loc0 var
    1: rule_loop local:loc0 var
    2: BgL_sc_defzd2loop_6zd2 parent:loc1 var
    3: defs local:arg0 var
  stack_size: 4
  opcodes:
        get_arg0 0: rules
        get_var_ref0 0: sc_Pair
        instanceof
        if_false8 44
        get_arg0 0: rules
        get_field car
        set_loc2 2: rule
        put_loc0 0: l
        get_arg1 1: BgL_sc_nbzd2confs_15zd2
        put_loc1 1: BgL_sc_nbzd2confs_16zd2
   15:  get_loc0 0: l
        get_var_ref0 0: sc_Pair
        instanceof
        if_false8 31
        get_loc0 0: l
        get_field cdr
        put_loc0 0: l
        inc_loc 1: BgL_sc_nbzd2confs_16zd2
        goto8 15
   31:  get_var_ref1 1: rule_loop
        get_arg0 0: rules
        get_field cdr
        get_loc1 1: BgL_sc_nbzd2confs_16zd2
        push_1 1
        add
        tail_call 2
   44:  get_var_ref2 2: BgL_sc_defzd2loop_6zd2
        get_var_ref3 3: defs
        get_field cdr
        get_arg1 1: BgL_sc_nbzd2confs_15zd2
        tail_call 2

__tests__/fixtures_quickjs/octane/earley-boyer.js:3633:53: function: <null>
  mode: strict
  args: defs BgL_sc_nbzd2confs_14zd2
  locals:
    0: var rule_loop
    1: var def
  closure vars:
    0: sc_Pair parent:loc1 var
    1: BgL_sc_defzd2loop_6zd2 local:loc16 var
  stack_size: 3
  opcodes:
        get_arg0 0: defs
        get_var_ref0 0: sc_Pair
        instanceof
        if_false8 29
        get_arg0 0: defs
        get_field car
        put_loc1 1: def
        fclosure8 0: [bytecode <null>]
        set_name rule_loop
        set_loc0 0: rule_loop
        get_loc1 1: def
        get_field cdr
        get_arg1 1: BgL_sc_nbzd2confs_14zd2
        call2 2
        return
   29:  get_arg1 1: BgL_sc_nbzd2confs_14zd2
        return

__tests__/fixtures_quickjs/octane/earley-boyer.js:3681:107: function: <null>
  mode: strict
  args: rules conf rule_num
  locals:
    0: var i
    1: var sc_i_17
    2: var nt
    3: var l
    4: var sc_conf_18
    5: var sc_i_19
    6: var rule
  closure vars:
    0: sc_Pair parent:loc0 var
    1: names parent:loc1 var
    2: sc_list parent:loc2 var
    3: head local:loc1 var
    4: ind parent:loc3 var
    5: nts parent:loc4 var
    6: starters parent:loc5 var
    7: steps parent:loc6 var
    8: predictors parent:loc7 var
    9: nb_nts parent:loc8 var
   10: enders parent:loc9 var
   11: rule_loop local:loc0 var
   12: def_loop parent:loc10 var
   13: defs local:arg0 var
  stack_size: 7
  opcodes:
        get_arg0 0: rules
        get_var_ref0 0: sc_Pair
        instanceof
        if_false 183
        get_arg0 0: rules
        get_field car
        put_loc8 6: rule
        get_var_ref1 1: names
        get_arg1 1: conf
        get_var_ref2 2: sc_list
        get_var_ref3 3: head
        get_arg2 2: rule_num
        call2 2
        put_array_el
        get_var_ref 4: ind
        get_var_ref3 3: head
        get_var_ref 5: nts
        call2 2
        put_loc8 5: sc_i_19
        get_var_ref 6: starters
        get_loc8 5: sc_i_19
        get_var_ref0 0: sc_Pair
        dup
        get_arg1 1: conf
        get_var_ref 6: starters
        get_loc8 5: sc_i_19
        get_array_el
        call_constructor 2
        put_array_el
        get_loc8 6: rule
        put_loc3 3: l
        get_arg1 1: conf
        put_loc8 4: sc_conf_18
   57:  get_loc3 3: l
        get_var_ref0 0: sc_Pair
        instanceof
        if_false8 120
        get_loc3 3: l
        get_field car
        put_loc2 2: nt
        get_var_ref 7: steps
        get_loc8 4: sc_conf_18
        get_var_ref 4: ind
        get_loc2 2: nt
        get_var_ref 5: nts
        call2 2
        put_array_el
        get_var_ref 4: ind
        get_loc2 2: nt
        get_var_ref 5: nts
        call2 2
        put_loc1 1: sc_i_17
        get_var_ref 8: predictors
        get_loc1 1: sc_i_17
        get_var_ref0 0: sc_Pair
        dup
        get_loc8 4: sc_conf_18
        get_var_ref 8: predictors
        get_loc1 1: sc_i_17
        get_array_el
        call_constructor 2
        put_array_el
        get_loc3 3: l
        get_field cdr
        put_loc3 3: l
        inc_loc 4: sc_conf_18
        goto8 57
  120:  get_var_ref 7: steps
        get_loc8 4: sc_conf_18
        get_var_ref 4: ind
        get_var_ref3 3: head
        get_var_ref 5: nts
        call2 2
        get_var_ref 9: nb_nts
        sub
        put_array_el
        get_var_ref 4: ind
        get_var_ref3 3: head
        get_var_ref 5: nts
        call2 2
        put_loc0 0: i
        get_var_ref 10: enders
        get_loc0 0: i
        get_var_ref0 0: sc_Pair
        dup
        get_loc8 4: sc_conf_18
        get_var_ref 10: enders
        get_loc0 0: i
        get_array_el
        call_constructor 2
        put_array_el
        get_var_ref 11: rule_loop
        get_arg0 0: rules
        get_field cdr
        get_loc8 4: sc_conf_18
        push_1 1
        add
        get_arg2 2: rule_num
        push_1 1
        add
        tail_call 3
  183:  get_var_ref 12: def_loop
        get_var_ref 13: defs
        get_field cdr
        get_arg1 1: conf
        tail_call 2

__tests__/fixtures_quickjs/octane/earley-boyer.js:3677:24: function: <null>
  mode: strict
  args: defs conf
  locals:
    0: var rule_loop
    1: var head
    2: var def
  closure vars:
    0: sc_Pair parent:loc1 var
    1: names local:loc4 var
    2: sc_list parent:loc5 var
    3: ind local:loc20 var
    4: nts local:loc9 var
    5: starters local:loc8 var
    6: steps local:loc5 var
    7: predictors local:loc6 var
    8: nb_nts local:loc3 var
    9: enders local:loc7 var
   10: def_loop local:loc2 var
  stack_size: 4
  opcodes:
        get_arg0 0: defs
        get_var_ref0 0: sc_Pair
        instanceof
        if_false8 36
        get_arg0 0: defs
        get_field car
        set_loc2 2: def
        get_field car
        put_loc1 1: head
        fclosure8 0: [bytecode <null>]
        set_name rule_loop
        set_loc0 0: rule_loop
        get_loc2 2: def
        get_field cdr
        get_arg1 1: conf
        push_1 1
        call3 3
        return
   36:  get_var undefined
        return

__tests__/fixtures_quickjs/octane/earley-boyer.js:3775:33: function: <null>
  mode: strict
  args: nt sc_nts_49
  locals:
    0: var i
  closure vars:
    0: sc_isEqual parent:loc0 var
  stack_size: 3
  opcodes:
        get_arg1 1: sc_nts_49
        get_length
        push_1 1
        sub
        put_loc0 0: i
    5:  get_loc0 0: i
        push_0 0
        gte
        if_false8 24
        get_var_ref0 0: sc_isEqual
        get_arg1 1: sc_nts_49
        get_loc0 0: i
        get_array_el
        get_arg0 0: nt
        call2 2
        if_false8 20
        get_loc0 0: i
        return
   20:  dec_loc 0: i
        goto8 5
   24:  push_false
        return

__tests__/fixtures_quickjs/octane/earley-boyer.js:3790:35: function: <null>
  mode: strict
  args: BgL_sc_nbzd2toks_50zd2 BgL_sc_nbzd2confs_51zd2
  locals:
    0: var v
    1: var i
    2: var sc_states_52
  closure vars:
    0: sc_makeVector parent:loc1 var
  stack_size: 3
  opcodes:
        get_var_ref0 0: sc_makeVector
        get_arg0 0: BgL_sc_nbzd2toks_50zd2
        push_1 1
        add
        push_false
        call2 2
        put_loc2 2: sc_states_52
        get_arg0 0: BgL_sc_nbzd2toks_50zd2
        put_loc1 1: i
    9:  get_loc1 1: i
        push_0 0
        gte
        if_false8 32
        get_var_ref0 0: sc_makeVector
        get_arg1 1: BgL_sc_nbzd2confs_51zd2
        push_1 1
        add
        push_false
        call2 2
        set_loc0 0: v
        push_0 0
        push_minus1 -1
        put_array_el
        get_loc2 2: sc_states_52
        get_loc1 1: i
        get_loc0 0: v
        put_array_el
        dec_loc 1: i
        goto8 9
   32:  get_loc2 2: sc_states_52
        return

__tests__/fixtures_quickjs/octane/earley-boyer.js:3808:56: function: <null>
  mode: strict
  args: state BgL_sc_statezd2num_53zd2 sc_conf_54
  locals:
    0: var conf_set
    1: var BgL_sc_confzd2set_55zd2
  closure vars:
    0: sc_makeVector parent:loc1 var
  stack_size: 3
  opcodes:
        get_arg0 0: state
        get_arg2 2: sc_conf_54
        push_1 1
        add
        get_array_el
        set_loc1 1: BgL_sc_confzd2set_55zd2
        push_false
        strict_neq
        if_false8 12
        get_loc1 1: BgL_sc_confzd2set_55zd2
        return
   12:  get_var_ref0 0: sc_makeVector
        get_arg1 1: BgL_sc_statezd2num_53zd2
        push_6 6
        add
        push_false
        call2 2
        set_loc0 0: conf_set
        push_1 1
        push_i8 -3
        put_array_el
        get_loc0 0: conf_set
        push_2 2
        push_minus1 -1
        put_array_el
        get_loc0 0: conf_set
        push_3 3
        push_minus1 -1
        put_array_el
        get_loc0 0: conf_set
        push_4 4
        push_minus1 -1
        put_array_el
        get_arg0 0: state
        get_arg2 2: sc_conf_54
        push_1 1
        add
        get_loc0 0: conf_set
        put_array_el
        get_loc0 0: conf_set
        return

__tests__/fixtures_quickjs/octane/earley-boyer.js:3813:47: function: <null>
  mode: strict
  args: conf_set
  stack_size: 4
  opcodes:
        get_arg0 0: conf_set
        get_arg0 0: conf_set
        push_1 1
        get_array_el
        push_5 5
        add
        get_arg0 0: conf_set
        push_4 4
        get_array_el
        put_array_el
        get_arg0 0: conf_set
        push_1 1
        get_arg0 0: conf_set
        push_3 3
        get_array_el
        put_array_el
        get_arg0 0: conf_set
        push_3 3
        push_minus1 -1
        put_array_el
        get_arg0 0: conf_set
        push_4 4
        push_minus1 -1
        insert3
        put_array_el
        return

__tests__/fixtures_quickjs/octane/earley-boyer.js:3816:39: function: <null>
  mode: strict
  args: state conf_set sc_conf_56 i
  locals:
    0: var tail
  stack_size: 4
  opcodes:
        get_arg1 1: conf_set
        push_3 3
        get_array_el
        put_loc0 0: tail
        get_arg1 1: conf_set
        get_arg3 3: i
        push_5 5
        add
        push_minus1 -1
        put_array_el
        get_arg1 1: conf_set
        get_loc0 0: tail
        push_5 5
        add
        get_arg3 3: i
        put_array_el
        get_arg1 1: conf_set
        push_3 3
        get_arg3 3: i
        put_array_el
        get_loc0 0: tail
        push_0 0
        lt
        if_false8 37
        get_arg1 1: conf_set
        push_0 0
        get_arg0 0: state
        push_0 0
        get_array_el
        put_array_el
        get_arg0 0: state
        push_0 0
        get_arg2 2: sc_conf_56
        insert3
        put_array_el
        return
   37:  get_var undefined
        return

__tests__/fixtures_quickjs/octane/earley-boyer.js:3820:59: function: <null>
  mode: strict
  args: sc_states_57 BgL_sc_statezd2num_58zd2 l i
  locals:
    0: var conf_set
    1: var sc_conf_59
    2: var l1
    3: var state
  closure vars:
    0: sc_Pair parent:loc2 var
    1: BgL_sc_confzd2setzd2getza2_44za2 local:loc44 var
    2: conf_set_adjoin local:loc46 var
  stack_size: 5
  opcodes:
        get_arg0 0: sc_states_57
        get_arg1 1: BgL_sc_statezd2num_58zd2
        get_array_el
        put_loc3 3: state
        get_arg2 2: l
        put_loc2 2: l1
    6:  get_loc2 2: l1
        get_var_ref0 0: sc_Pair
        instanceof
        if_false8 59
        get_loc2 2: l1
        get_field car
        put_loc1 1: sc_conf_59
        get_var_ref1 1: BgL_sc_confzd2setzd2getza2_44za2
        get_loc3 3: state
        get_arg1 1: BgL_sc_statezd2num_58zd2
        get_loc1 1: sc_conf_59
        call3 3
        set_loc0 0: conf_set
        get_arg3 3: i
        push_5 5
        add
        get_array_el
        push_false
        strict_eq
        if_false8 50
        get_var_ref2 2: conf_set_adjoin
        get_loc3 3: state
        get_loc0 0: conf_set
        get_loc1 1: sc_conf_59
        get_arg3 3: i
        call 4
        drop
        get_loc2 2: l1
        get_field cdr
        put_loc2 2: l1
        goto8 6
   50:  get_loc2 2: l1
        get_field cdr
        put_loc2 2: l1
        goto8 6
   59:  get_var undefined
        return

__tests__/fixtures_quickjs/octane/earley-boyer.js:3843:62: function: <null>
  mode: strict
  args: sc_states_60 BgL_sc_statesza2_61za2 BgL_sc_statezd2num_62zd2 sc_conf_63 i
  locals:
    0: var BgL_sc_confzd2setza2_64z70
    1: var BgL_sc_stateza2_65za2
    2: var conf_set
    3: var state
  closure vars:
    0: BgL_sc_confzd2setzd2getza2_44za2 local:loc44 var
    1: conf_set_adjoin local:loc46 var
  stack_size: 5
  opcodes:
        get_arg0 0: sc_states_60
        get_arg2 2: BgL_sc_statezd2num_62zd2
        get_array_el
        set_loc3 3: state
        get_arg3 3: sc_conf_63
        push_1 1
        add
        get_array_el
        set_loc2 2: conf_set
        push_false
        strict_neq
        if_false8 22
        get_loc2 2: conf_set
        get_arg 4: i
        push_5 5
        add
        get_array_el
        goto8 23
   22:  push_false
   23:  push_false
        strict_neq
        if_false8 67
        get_arg1 1: BgL_sc_statesza2_61za2
        get_arg2 2: BgL_sc_statezd2num_62zd2
        get_array_el
        put_loc1 1: BgL_sc_stateza2_65za2
        get_var_ref0 0: BgL_sc_confzd2setzd2getza2_44za2
        get_loc1 1: BgL_sc_stateza2_65za2
        get_arg2 2: BgL_sc_statezd2num_62zd2
        get_arg3 3: sc_conf_63
        call3 3
        set_loc0 0: BgL_sc_confzd2setza2_64z70
        get_arg 4: i
        push_5 5
        add
        get_array_el
        push_false
        strict_eq
        if_false8 59
        get_var_ref1 1: conf_set_adjoin
        get_loc1 1: BgL_sc_stateza2_65za2
        get_loc0 0: BgL_sc_confzd2setza2_64z70
        get_arg3 3: sc_conf_63
        get_arg 4: i
        call 4
        goto8 64
   59:  get_var undefined
   64:  drop
        push_true
        return
   67:  push_false
        return

__tests__/fixtures_quickjs/octane/earley-boyer.js:3850:38: function: <null>
  mode: strict
  args: state conf_set sc_conf_66 other_set
  locals:
    0: var i
  closure vars:
    0: conf_set_adjoin local:loc46 var
  stack_size: 5
  opcodes:
        get_arg3 3: other_set
        push_2 2
        get_array_el
        put_loc0 0: i
    4:  get_loc0 0: i
        push_0 0
        gte
        if_false8 43
        get_arg1 1: conf_set
        get_loc0 0: i
        push_5 5
        add
        get_array_el
        push_false
        strict_eq
        if_false8 35
        get_var_ref0 0: conf_set_adjoin
        get_arg0 0: state
        get_arg1 1: conf_set
        get_arg2 2: sc_conf_66
        get_loc0 0: i
        call 4
        drop
        get_arg3 3: other_set
        get_loc0 0: i
        push_5 5
        add
        get_array_el
        put_loc0 0: i
        goto8 4
   35:  get_arg3 3: other_set
        get_loc0 0: i
        push_5 5
        add
        get_array_el
        put_loc0 0: i
        goto8 4
   43:  get_var undefined
        return

__tests__/fixtures_quickjs/octane/earley-boyer.js:3933:59: function: <null>
  mode: strict
  args: l
  locals:
    0: var sc_state_83
    1: var BgL_sc_nextzd2set_84zd2
    2: var sc_next_85
    3: var pred_set
    4: var i
    5: var pred
  closure vars:
    0: sc_Pair parent:loc0 var
    1: head local:loc9 var
    2: sc_states_78 local:loc13 var
    3: BgL_sc_confzd2setzd2getza2_44za2 parent:loc1 var
    4: state local:loc12 var
    5: BgL_sc_statezd2num_77zd2 local:loc11 var
    6: conf_set_union parent:loc2 var
    7: BgL_sc_confzd2set_76zd2 local:loc10 var
    8: sc_loop1_75 local:loc8 var
  stack_size: 5
  opcodes:
        get_arg0 0: l
        get_var_ref0 0: sc_Pair
        instanceof
        if_false8 89
        get_arg0 0: l
        get_field car
        put_loc8 5: pred
        get_var_ref1 1: head
        put_loc8 4: i
   16:  get_loc8 4: i
        push_0 0
        gte
        if_false8 77
        get_var_ref2 2: sc_states_78
        get_loc8 4: i
        get_array_el
        set_loc0 0: sc_state_83
        get_loc8 5: pred
        push_1 1
        add
        get_array_el
        set_loc3 3: pred_set
        push_false
        strict_neq
        if_false8 65
        get_loc8 5: pred
        push_1 1
        add
        put_loc2 2: sc_next_85
        get_var_ref3 3: BgL_sc_confzd2setzd2getza2_44za2
        get_var_ref 4: state
        get_var_ref 5: BgL_sc_statezd2num_77zd2
        get_loc2 2: sc_next_85
        call3 3
        put_loc1 1: BgL_sc_nextzd2set_84zd2
        get_var_ref 6: conf_set_union
        get_var_ref 4: state
        get_loc1 1: BgL_sc_nextzd2set_84zd2
        get_loc2 2: sc_next_85
        get_loc3 3: pred_set
        call 4
        drop
   65:  get_var_ref 7: BgL_sc_confzd2set_76zd2
        get_loc8 4: i
        push_5 5
        add
        get_array_el
        put_loc8 4: i
        goto8 16
   77:  get_var_ref 8: sc_loop1_75
        get_arg0 0: l
        get_field cdr
        tail_call 1
   89:  get_var undefined
        return

__tests__/fixtures_quickjs/octane/earley-boyer.js:3865:28: function: <null>
  mode: strict
  args: sc_states_67 BgL_sc_statezd2num_68zd2 sc_starters_69 sc_enders_70 sc_predictors_71 sc_steps_72 sc_nts_73
  locals:
    0: var next_set
    1: var next
    2: var conf_set
    3: var ender
    4: var l
    5: var starter_set
    6: var starter
    7: var sc_l_74
    8: var sc_loop1_75
    9: var head
   10: var BgL_sc_confzd2set_76zd2
   11: var BgL_sc_statezd2num_77zd2
   12: var state
   13: var sc_states_78
   14: var preds
   15: var BgL_sc_confzd2set_79zd2
   16: var step
   17: var sc_conf_80
   18: var BgL_sc_nbzd2nts_81zd2
   19: var sc_state_82
  closure vars:
    0: sc_Pair parent:loc2 var
    1: BgL_sc_confzd2setzd2getza2_44za2 local:loc44 var
    2: conf_set_union local:loc49 var
    3: conf_set_merge_new_bang local:loc45 var
    4: conf_set_adjoin local:loc46 var
  stack_size: 5
  opcodes:
        get_arg0 0: sc_states_67
        get_arg1 1: BgL_sc_statezd2num_68zd2
        get_array_el
        put_loc8 19: sc_state_82
        get_arg 6: sc_nts_73
        get_length
        put_loc8 18: BgL_sc_nbzd2nts_81zd2
   11:  get_loc8 19: sc_state_82
        push_0 0
        get_array_el
        set_loc8 17: sc_conf_80
        push_0 0
        gte
        if_false 273
        get_arg 5: sc_steps_72
        get_loc8 17: sc_conf_80
        get_array_el
        put_loc8 16: step
        get_loc8 19: sc_state_82
        get_loc8 17: sc_conf_80
        push_1 1
        add
        get_array_el
        set_loc8 15: BgL_sc_confzd2set_79zd2
        push_4 4
        get_array_el
        put_loc8 9: head
        get_loc8 19: sc_state_82
        push_0 0
        get_loc8 15: BgL_sc_confzd2set_79zd2
        push_0 0
        get_array_el
        put_array_el
        get_var_ref3 3: conf_set_merge_new_bang
        get_loc8 15: BgL_sc_confzd2set_79zd2
        call1 1
        drop
        get_loc8 16: step
        push_0 0
        gte
        if_false 232
        get_arg2 2: sc_starters_69
        get_loc8 16: step
        get_array_el
        put_loc8 7: sc_l_74
   73:  get_loc8 7: sc_l_74
        get_var_ref0 0: sc_Pair
        instanceof
        if_false8 141
        get_loc8 7: sc_l_74
        get_field car
        put_loc8 6: starter
        get_var_ref1 1: BgL_sc_confzd2setzd2getza2_44za2
        get_loc8 19: sc_state_82
        get_arg1 1: BgL_sc_statezd2num_68zd2
        get_loc8 6: starter
        call3 3
        set_loc8 5: starter_set
        get_arg1 1: BgL_sc_statezd2num_68zd2
        push_5 5
        add
        get_array_el
        push_false
        strict_eq
        if_false8 130
        get_var_ref 4: conf_set_adjoin
        get_loc8 19: sc_state_82
        get_loc8 5: starter_set
        get_loc8 6: starter
        get_arg1 1: BgL_sc_statezd2num_68zd2
        call 4
        drop
        get_loc8 7: sc_l_74
        get_field cdr
        put_loc8 7: sc_l_74
        goto8 73
  130:  get_loc8 7: sc_l_74
        get_field cdr
        put_loc8 7: sc_l_74
        goto8 73
  141:  get_arg3 3: sc_enders_70
        get_loc8 16: step
        get_array_el
        put_loc8 4: l
  147:  get_loc8 4: l
        get_var_ref0 0: sc_Pair
        instanceof
        if_false 11
        get_loc8 4: l
        get_field car
        put_loc3 3: ender
        get_loc8 19: sc_state_82
        get_loc3 3: ender
        push_1 1
        add
        get_array_el
        set_loc2 2: conf_set
        push_false
        strict_neq
        if_false8 182
        get_loc2 2: conf_set
        get_arg1 1: BgL_sc_statezd2num_68zd2
        push_5 5
        add
        get_array_el
        goto8 183
  182:  push_false
  183:  push_false
        strict_neq
        if_false8 221
        get_loc8 17: sc_conf_80
        push_1 1
        add
        put_loc1 1: next
        get_var_ref1 1: BgL_sc_confzd2setzd2getza2_44za2
        get_loc8 19: sc_state_82
        get_arg1 1: BgL_sc_statezd2num_68zd2
        get_loc1 1: next
        call3 3
        put_loc0 0: next_set
        get_var_ref2 2: conf_set_union
        get_loc8 19: sc_state_82
        get_loc0 0: next_set
        get_loc1 1: next
        get_loc8 15: BgL_sc_confzd2set_79zd2
        call 4
        drop
        get_loc8 4: l
        get_field cdr
        put_loc8 4: l
        goto8 147
  221:  get_loc8 4: l
        get_field cdr
        put_loc8 4: l
        goto8 147
  232:  get_arg 4: sc_predictors_71
        get_loc8 16: step
        get_loc8 18: BgL_sc_nbzd2nts_81zd2
        add
        get_array_el
        put_loc8 14: preds
        get_arg0 0: sc_states_67
        put_loc8 13: sc_states_78
        get_loc8 19: sc_state_82
        put_loc8 12: state
        get_arg1 1: BgL_sc_statezd2num_68zd2
        put_loc8 11: BgL_sc_statezd2num_77zd2
        get_loc8 15: BgL_sc_confzd2set_79zd2
        put_loc8 10: BgL_sc_confzd2set_76zd2
        fclosure8 0: [bytecode <null>]
        set_name sc_loop1_75
        set_loc8 8: sc_loop1_75
        get_loc8 14: preds
        call1 1
        drop
        goto16 11
  273:  get_var undefined
        return

__tests__/fixtures_quickjs/octane/earley-boyer.js:3968:33: function: <null>
  mode: strict
  args: nt i j sc_nts_86 sc_enders_87 sc_states_88
  locals:
    0: var conf_set
    1: var state
    2: var sc_conf_89
    3: var l
    4: var BgL_sc_ntza2_90za2
  closure vars:
    0: sc_ind_43 local:loc42 var
    1: sc_Pair parent:loc2 var
  stack_size: 3
  opcodes:
        get_var_ref0 0: sc_ind_43
        get_arg0 0: nt
        get_arg3 3: sc_nts_86
        call2 2
        set_loc8 4: BgL_sc_ntza2_90za2
        push_false
        strict_neq
        if_false8 72
        get_arg3 3: sc_nts_86
        get_length
        drop
        get_arg 4: sc_enders_87
        get_loc8 4: BgL_sc_ntza2_90za2
        get_array_el
        put_loc3 3: l
   20:  get_loc3 3: l
        get_var_ref1 1: sc_Pair
        instanceof
        if_false8 70
        get_loc3 3: l
        get_field car
        put_loc2 2: sc_conf_89
        get_arg 5: sc_states_88
        get_arg2 2: j
        get_array_el
        set_loc1 1: state
        get_loc2 2: sc_conf_89
        push_1 1
        add
        get_array_el
        set_loc0 0: conf_set
        push_false
        strict_neq
        if_false8 54
        get_loc0 0: conf_set
        get_arg1 1: i
        push_5 5
        add
        get_array_el
        goto8 55
   54:  push_false
   55:  push_false
        strict_neq
        if_false8 61
        push_true
        return
   61:  get_loc3 3: l
        get_field cdr
        put_loc3 3: l
        goto8 20
   70:  push_false
        return
   72:  push_false
        return

__tests__/fixtures_quickjs/octane/earley-boyer.js:4024:65: function: <null>
  mode: strict
  args: l3 l2
  locals:
    0: var l4
    1: var sc_l2_100
    2: var ender_tree
  closure vars:
    0: sc_Pair parent:loc0 var
    1: sc_list parent:loc1 var
    2: prev_trees local:loc2 var
    3: sc_append parent:loc2 var
    4: loop3 local:loc0 var
    5: loop2 parent:loc3 var
    6: ender_set parent:loc4 var
    7: k local:arg0 var
  stack_size: 5
  opcodes:
        get_arg0 0: l3
        get_var_ref0 0: sc_Pair
        instanceof
        if_false8 61
        get_var_ref1 1: sc_list
        get_arg0 0: l3
        get_field car
        call1 1
        put_loc2 2: ender_tree
        get_var_ref2 2: prev_trees
        put_loc0 0: l4
        get_arg1 1: l2
        put_loc1 1: sc_l2_100
   18:  get_loc0 0: l4
        get_var_ref0 0: sc_Pair
        instanceof
        if_false8 48
        get_var_ref0 0: sc_Pair
        dup
        get_var_ref3 3: sc_append
        get_loc0 0: l4
        get_field car
        get_loc2 2: ender_tree
        call2 2
        get_loc1 1: sc_l2_100
        call_constructor 2
        put_loc1 1: sc_l2_100
        get_loc0 0: l4
        get_field cdr
        put_loc0 0: l4
        goto8 18
   48:  get_var_ref 4: loop3
        get_arg0 0: l3
        get_field cdr
        get_loc1 1: sc_l2_100
        tail_call 2
   61:  get_var_ref 5: loop2
        get_var_ref 6: ender_set
        get_var_ref 7: k
        push_5 5
        add
        get_array_el
        get_arg1 1: l2
        tail_call 2

__tests__/fixtures_quickjs/octane/earley-boyer.js:4011:49: function: <null>
  mode: strict
  args: k l2
  locals:
    0: var loop3
    1: var ender_trees
    2: var prev_trees
    3: var conf_set
    4: var sc_state_99
  closure vars:
    0: sc_Pair parent:loc0 var
    1: sc_list parent:loc1 var
    2: sc_append parent:loc2 var
    3: loop2 local:loc0 var
    4: ender_set local:loc1 var
    5: i parent:arg3 var
    6: sc_states_96 parent:arg4 var
    7: prev parent:loc5 var
    8: deriv_trees parent:loc6 var
    9: sc_enders_92 parent:arg7 var
   10: sc_steps_93 parent:arg8 var
   11: sc_names_94 parent:arg9 var
   12: sc_toks_95 parent:arg10 var
   13: BgL_sc_nbzd2nts_97zd2 parent:arg11 var
   14: ender local:loc3 var
   15: j parent:arg12 var
   16: sc_loop1_98 parent:loc13 var
   17: l1 local:arg0 var
  stack_size: 10
  opcodes:
    0:  get_arg0 0: k
        push_0 0
        gte
        if_false 135
        get_arg0 0: k
        get_var_ref 5: i
        gte
        if_false8 124
        get_var_ref 6: sc_states_96
        get_arg0 0: k
        get_array_el
        set_loc8 4: sc_state_99
        get_var_ref 7: prev
        push_1 1
        add
        get_array_el
        set_loc3 3: conf_set
        push_false
        strict_neq
        if_false8 42
        get_loc3 3: conf_set
        get_var_ref 5: i
        push_5 5
        add
        get_array_el
        goto8 43
   42:  push_false
   43:  push_false
        strict_neq
        if_false8 124
        get_var_ref 8: deriv_trees
        get_var_ref 7: prev
        get_var_ref 5: i
        get_arg0 0: k
        get_var_ref 9: sc_enders_92
        get_var_ref 10: sc_steps_93
        get_var_ref 11: sc_names_94
        get_var_ref 12: sc_toks_95
        get_var_ref 6: sc_states_96
        get_var_ref 13: BgL_sc_nbzd2nts_97zd2
        call 9
        put_loc2 2: prev_trees
        get_var_ref 8: deriv_trees
        get_var_ref 14: ender
        get_arg0 0: k
        get_var_ref 15: j
        get_var_ref 9: sc_enders_92
        get_var_ref 10: sc_steps_93
        get_var_ref 11: sc_names_94
        get_var_ref 12: sc_toks_95
        get_var_ref 6: sc_states_96
        get_var_ref 13: BgL_sc_nbzd2nts_97zd2
        call 9
        put_loc1 1: ender_trees
        fclosure8 0: [bytecode <null>]
        set_name loop3
        set_loc0 0: loop3
        get_loc1 1: ender_trees
        get_arg1 1: l2
        tail_call 2
  124:  get_var_ref 4: ender_set
        get_arg0 0: k
        push_5 5
        add
        get_array_el
        put_arg0 0: k
        goto16 0
  135:  get_var_ref 16: sc_loop1_98
        get_var_ref 17: l1
        get_field cdr
        get_arg1 1: l2
        tail_call 2

__tests__/fixtures_quickjs/octane/earley-boyer.js:3999:256: function: <null>
  mode: strict
  args: l1 l2
  locals:
    0: var loop2
    1: var ender_set
    2: var state
    3: var ender
  closure vars:
    0: sc_Pair parent:loc0 var
    1: sc_list parent:loc1 var
    2: sc_append parent:loc2 var
    3: i local:arg1 var
    4: sc_states_96 local:arg7 var
    5: prev local:loc1 var
    6: deriv_trees parent:loc3 var
    7: sc_enders_92 local:arg3 var
    8: sc_steps_93 local:arg4 var
    9: sc_names_94 local:arg5 var
   10: sc_toks_95 local:arg6 var
   11: BgL_sc_nbzd2nts_97zd2 local:arg8 var
   12: j local:arg2 var
   13: sc_loop1_98 local:loc0 var
  stack_size: 3
  opcodes:
    0:  get_arg0 0: l1
        get_var_ref0 0: sc_Pair
        instanceof
        if_false8 53
        get_arg0 0: l1
        get_field car
        put_loc3 3: ender
        get_var_ref 4: sc_states_96
        get_var_ref 12: j
        get_array_el
        set_loc2 2: state
        get_loc3 3: ender
        push_1 1
        add
        get_array_el
        set_loc1 1: ender_set
        push_false
        strict_neq
        if_false8 44
        fclosure8 0: [bytecode <null>]
        set_name loop2
        set_loc0 0: loop2
        get_loc1 1: ender_set
        push_2 2
        get_array_el
        get_arg1 1: l2
        tail_call 2
   44:  get_arg0 0: l1
        get_field cdr
        put_arg0 0: l1
        goto8 0
   53:  get_arg1 1: l2
        return

__tests__/fixtures_quickjs/octane/earley-boyer.js:3995:35: function: <null>
  mode: strict
  args: sc_conf_91 i j sc_enders_92 sc_steps_93 sc_names_94 sc_toks_95 sc_states_96 BgL_sc_nbzd2nts_97zd2
  locals:
    0: var sc_loop1_98
    1: var prev
    2: var name
  closure vars:
    0: sc_Pair parent:loc2 var
    1: sc_list parent:loc3 var
    2: sc_append parent:loc4 var
    3: deriv_trees local:loc52 var
  stack_size: 5
  opcodes:
        get_arg 5: sc_names_94
        get_arg0 0: sc_conf_91
        get_array_el
        set_loc2 2: name
        push_false
        strict_neq
        if_false8 39
        get_arg0 0: sc_conf_91
        get_arg 8: BgL_sc_nbzd2nts_97zd2
        lt
        if_false8 33
        get_var_ref1 1: sc_list
        get_var_ref1 1: sc_list
        get_loc2 2: name
        get_arg 6: sc_toks_95
        get_arg1 1: i
        get_array_el
        get_field car
        call2 2
        call1 1
        return
   33:  get_var_ref1 1: sc_list
        get_var_ref1 1: sc_list
        get_loc2 2: name
        call1 1
        call1 1
        return
   39:  get_arg0 0: sc_conf_91
        push_1 1
        sub
        put_loc1 1: prev
        fclosure8 0: [bytecode <null>]
        set_name sc_loop1_98
        set_loc0 0: sc_loop1_98
        get_arg3 3: sc_enders_92
        get_arg 4: sc_steps_93
        get_loc1 1: prev
        get_array_el
        get_array_el
        null
        call2 2
        return

__tests__/fixtures_quickjs/octane/earley-boyer.js:4061:53: function: <null>
  mode: strict
  args: nt i j sc_nts_101 sc_enders_102 sc_steps_103 sc_names_104 sc_toks_105 sc_states_106
  locals:
    0: var conf_set
    1: var state
    2: var sc_conf_107
    3: var l
    4: var trees
    5: var BgL_sc_nbzd2nts_108zd2
    6: var BgL_sc_ntza2_109za2
  closure vars:
    0: sc_ind_43 local:loc42 var
    1: sc_Pair parent:loc2 var
    2: sc_append parent:loc4 var
    3: deriv_trees local:loc52 var
  stack_size: 11
  opcodes:
        get_var_ref0 0: sc_ind_43
        get_arg0 0: nt
        get_arg3 3: sc_nts_101
        call2 2
        set_loc8 6: BgL_sc_ntza2_109za2
        push_false
        strict_neq
        if_false8 114
        get_arg3 3: sc_nts_101
        get_length
        put_loc8 5: BgL_sc_nbzd2nts_108zd2
        get_arg 4: sc_enders_102
        get_loc8 6: BgL_sc_ntza2_109za2
        get_array_el
        put_loc3 3: l
        null
        put_loc8 4: trees
   24:  get_loc3 3: l
        get_var_ref1 1: sc_Pair
        instanceof
        if_false8 111
        get_loc3 3: l
        get_field car
        put_loc2 2: sc_conf_107
        get_arg 8: sc_states_106
        get_arg2 2: j
        get_array_el
        set_loc1 1: state
        get_loc2 2: sc_conf_107
        push_1 1
        add
        get_array_el
        set_loc0 0: conf_set
        push_false
        strict_neq
        if_false8 58
        get_loc0 0: conf_set
        get_arg1 1: i
        push_5 5
        add
        get_array_el
        goto8 59
   58:  push_false
   59:  push_false
        strict_neq
        if_false8 102
        get_loc3 3: l
        get_field cdr
        put_loc3 3: l
        get_var_ref2 2: sc_append
        get_var_ref3 3: deriv_trees
        get_loc2 2: sc_conf_107
        get_arg1 1: i
        get_arg2 2: j
        get_arg 4: sc_enders_102
        get_arg 5: sc_steps_103
        get_arg 6: sc_names_104
        get_arg 7: sc_toks_105
        get_arg 8: sc_states_106
        get_loc8 5: BgL_sc_nbzd2nts_108zd2
        call 9
        get_loc8 4: trees
        call2 2
        put_loc8 4: trees
        goto8 24
  102:  get_loc3 3: l
        get_field cdr
        put_loc3 3: l
        goto8 24
  111:  get_loc8 4: trees
        return
  114:  push_false
        return

__tests__/fixtures_quickjs/octane/earley-boyer.js:4096:218: function: <null>
  mode: strict
  args: l sc_n_118
  locals:
    0: var nb_ender_trees
    1: var nb_prev_trees
    2: var conf_set
    3: var state
    4: var k
    5: var n
    6: var ender_set
    7: var sc_state_117
    8: var ender
  closure vars:
    0: sc_Pair parent:loc0 var
    1: sc_states_114 local:arg6 var
    2: j local:arg2 var
    3: i local:arg1 var
    4: prev local:loc2 var
    5: nb_deriv_trees parent:loc1 var
    6: sc_enders_111 local:arg3 var
    7: sc_steps_112 local:arg4 var
    8: sc_toks_113 local:arg5 var
    9: BgL_sc_nbzd2nts_115zd2 local:arg7 var
   10: sc_loop1_116 local:loc0 var
  stack_size: 9
  opcodes:
    0:  get_arg0 0: l
        get_var_ref0 0: sc_Pair
        instanceof
        if_false 189
        get_arg0 0: l
        get_field car
        put_loc8 8: ender
        get_var_ref1 1: sc_states_114
        get_var_ref2 2: j
        get_array_el
        set_loc8 7: sc_state_117
        get_loc8 8: ender
        push_1 1
        add
        get_array_el
        set_loc8 6: ender_set
        push_false
        strict_neq
        if_false 179
        get_loc8 6: ender_set
        push_2 2
        get_array_el
        put_loc8 4: k
        get_arg1 1: sc_n_118
        put_loc8 5: n
   44:  get_loc8 4: k
        push_0 0
        gte
        if_false8 165
        get_loc8 4: k
        get_var_ref3 3: i
        gte
        if_false8 154
        get_var_ref1 1: sc_states_114
        get_loc8 4: k
        get_array_el
        set_loc3 3: state
        get_var_ref 4: prev
        push_1 1
        add
        get_array_el
        set_loc2 2: conf_set
        push_false
        strict_neq
        if_false8 79
        get_loc2 2: conf_set
        get_var_ref3 3: i
        push_5 5
        add
        get_array_el
        goto8 80
   79:  push_false
   80:  push_false
        strict_neq
        if_false8 154
        get_var_ref 5: nb_deriv_trees
        get_var_ref 4: prev
        get_var_ref3 3: i
        get_loc8 4: k
        get_var_ref 6: sc_enders_111
        get_var_ref 7: sc_steps_112
        get_var_ref 8: sc_toks_113
        get_var_ref1 1: sc_states_114
        get_var_ref 9: BgL_sc_nbzd2nts_115zd2
        call 8
        put_loc1 1: nb_prev_trees
        get_var_ref 5: nb_deriv_trees
        get_loc8 8: ender
        get_loc8 4: k
        get_var_ref2 2: j
        get_var_ref 6: sc_enders_111
        get_var_ref 7: sc_steps_112
        get_var_ref 8: sc_toks_113
        get_var_ref1 1: sc_states_114
        get_var_ref 9: BgL_sc_nbzd2nts_115zd2
        call 8
        put_loc0 0: nb_ender_trees
        get_loc8 6: ender_set
        get_loc8 4: k
        push_5 5
        add
        get_array_el
        put_loc8 4: k
        get_loc8 5: n
        get_loc1 1: nb_prev_trees
        get_loc0 0: nb_ender_trees
        mul
        add
        put_loc8 5: n
        goto8 44
  154:  get_loc8 6: ender_set
        get_loc8 4: k
        push_5 5
        add
        get_array_el
        put_loc8 4: k
        goto8 44
  165:  get_var_ref 10: sc_loop1_116
        get_arg0 0: l
        get_field cdr
        get_loc8 5: n
        tail_call 2
  179:  get_arg0 0: l
        get_field cdr
        put_arg0 0: l
        goto16 0
  189:  get_arg1 1: sc_n_118
        return

__tests__/fixtures_quickjs/octane/earley-boyer.js:4092:38: function: <null>
  mode: strict
  args: sc_conf_110 i j sc_enders_111 sc_steps_112 sc_toks_113 sc_states_114 BgL_sc_nbzd2nts_115zd2
  locals:
    0: var sc_loop1_116
    1: var tmp1124
    2: var prev
  closure vars:
    0: sc_Pair parent:loc2 var
    1: nb_deriv_trees local:loc54 var
  stack_size: 4
  opcodes:
        get_arg0 0: sc_conf_110
        push_1 1
        sub
        put_loc2 2: prev
        get_arg0 0: sc_conf_110
        get_arg 7: BgL_sc_nbzd2nts_115zd2
        lt
        set_loc1 1: tmp1124
        push_false
        strict_neq
        if_false8 17
        get_loc1 1: tmp1124
        goto8 24
   17:  get_arg 4: sc_steps_112
        get_loc2 2: prev
        get_array_el
        push_0 0
        lt
   24:  push_false
        strict_neq
        if_false8 30
        push_1 1
        return
   30:  fclosure8 0: [bytecode <null>]
        set_name sc_loop1_116
        set_loc0 0: sc_loop1_116
        get_arg3 3: sc_enders_111
        get_arg 4: sc_steps_112
        get_loc2 2: prev
        get_array_el
        get_array_el
        push_0 0
        call2 2
        return

__tests__/fixtures_quickjs/octane/earley-boyer.js:4135:58: function: <null>
  mode: strict
  args: nt i j sc_nts_119 sc_enders_120 sc_steps_121 sc_toks_122 sc_states_123
  locals:
    0: var conf_set
    1: var state
    2: var sc_conf_124
    3: var l
    4: var nb_trees
    5: var BgL_sc_nbzd2nts_125zd2
    6: var BgL_sc_ntza2_126za2
  closure vars:
    0: sc_ind_43 local:loc42 var
    1: sc_Pair parent:loc2 var
    2: nb_deriv_trees local:loc54 var
  stack_size: 9
  opcodes:
        get_var_ref0 0: sc_ind_43
        get_arg0 0: nt
        get_arg3 3: sc_nts_119
        call2 2
        set_loc8 6: BgL_sc_ntza2_126za2
        push_false
        strict_neq
        if_false8 110
        get_arg3 3: sc_nts_119
        get_length
        put_loc8 5: BgL_sc_nbzd2nts_125zd2
        get_arg 4: sc_enders_120
        get_loc8 6: BgL_sc_ntza2_126za2
        get_array_el
        put_loc3 3: l
        push_0 0
        put_loc8 4: nb_trees
   24:  get_loc3 3: l
        get_var_ref1 1: sc_Pair
        instanceof
        if_false8 107
        get_loc3 3: l
        get_field car
        put_loc2 2: sc_conf_124
        get_arg 7: sc_states_123
        get_arg2 2: j
        get_array_el
        set_loc1 1: state
        get_loc2 2: sc_conf_124
        push_1 1
        add
        get_array_el
        set_loc0 0: conf_set
        push_false
        strict_neq
        if_false8 58
        get_loc0 0: conf_set
        get_arg1 1: i
        push_5 5
        add
        get_array_el
        goto8 59
   58:  push_false
   59:  push_false
        strict_neq
        if_false8 98
        get_loc3 3: l
        get_field cdr
        put_loc3 3: l
        get_var_ref2 2: nb_deriv_trees
        get_loc2 2: sc_conf_124
        get_arg1 1: i
        get_arg2 2: j
        get_arg 4: sc_enders_120
        get_arg 5: sc_steps_121
        get_arg 6: sc_toks_122
        get_arg 7: sc_states_123
        get_loc8 5: BgL_sc_nbzd2nts_125zd2
        call 8
        get_loc8 4: nb_trees
        add
        put_loc8 4: nb_trees
        goto8 24
   98:  get_loc3 3: l
        get_field cdr
        put_loc3 3: l
        goto8 24
  107:  get_loc8 4: nb_trees
        return
  110:  push_false
        return

__tests__/fixtures_quickjs/octane/earley-boyer.js:4267:68: function: <null>
  mode: strict
  args: l
  locals:
    0: var k
    1: var ender_set
    2: var state
    3: var ender
  closure vars:
    0: sc_Pair parent:loc0 var
    1: sc_states_129 local:loc3 var
    2: j local:loc4 var
    3: i local:loc5 var
    4: BgL_sc_confzd2setzd2adjoinza2za2_46z00 parent:loc1 var
    5: BgL_sc_statesza2_128za2 local:loc2 var
    6: prev local:loc1 var
    7: sc_loop1_127 local:loc0 var
  stack_size: 6
  opcodes:
    0:  get_arg0 0: l
        get_var_ref0 0: sc_Pair
        instanceof
        if_false8 101
        get_arg0 0: l
        get_field car
        put_loc3 3: ender
        get_var_ref1 1: sc_states_129
        get_var_ref2 2: j
        get_array_el
        set_loc2 2: state
        get_loc3 3: ender
        push_1 1
        add
        get_array_el
        set_loc1 1: ender_set
        push_false
        strict_neq
        if_false8 92
        get_loc1 1: ender_set
        push_2 2
        get_array_el
        put_loc0 0: k
   29:  get_loc0 0: k
        push_0 0
        gte
        if_false8 80
        get_loc0 0: k
        get_var_ref3 3: i
        gte
        if_false8 72
        get_var_ref 4: BgL_sc_confzd2setzd2adjoinza2za2_46z00
        get_var_ref1 1: sc_states_129
        get_var_ref 5: BgL_sc_statesza2_128za2
        get_loc0 0: k
        get_var_ref 6: prev
        get_var_ref3 3: i
        call 5
        push_false
        strict_neq
        if_false8 72
        get_var_ref 4: BgL_sc_confzd2setzd2adjoinza2za2_46z00
        get_var_ref1 1: sc_states_129
        get_var_ref 5: BgL_sc_statesza2_128za2
        get_var_ref2 2: j
        get_loc3 3: ender
        get_loc0 0: k
        call 5
        drop
   72:  get_loc1 1: ender_set
        get_loc0 0: k
        push_5 5
        add
        get_array_el
        put_loc0 0: k
        goto8 29
   80:  get_var_ref 7: sc_loop1_127
        get_arg0 0: l
        get_field cdr
        tail_call 1
   92:  get_arg0 0: l
        get_field cdr
        put_arg0 0: l
        goto8 0
  101:  get_var undefined
        return

__tests__/fixtures_quickjs/octane/earley-boyer.js:4240:37: function: <null>
  mode: strict
  locals:
    0: var sc_loop1_127
    1: var prev
    2: var BgL_sc_statesza2_128za2
    3: var sc_states_129
    4: var j
    5: var i
    6: var sc_i_130
    7: var head
    8: var conf_set
    9: var sc_conf_131
  closure vars:
    0: sc_Pair parent:loc2 var
    1: BgL_sc_confzd2setzd2adjoinza2za2_46z00 local:loc48 var
    2: BgL_sc_stateza2_23za2 local:loc5 var
    3: conf_set_merge_new_bang local:loc45 var
    4: state_num local:loc10 var
    5: states local:loc12 var
    6: BgL_sc_statesza2_27za2 local:loc11 var
    7: BgL_sc_nbzd2nts_24zd2 local:loc7 var
    8: sc_steps_25 local:loc8 var
    9: sc_enders_26 local:loc9 var
   10: loop1 local:loc4 var
  stack_size: 4
  opcodes:
        get_var_ref2 2: BgL_sc_stateza2_23za2
        push_0 0
        get_array_el
        set_loc8 9: sc_conf_131
        push_0 0
        gte
        if_false8 118
        get_var_ref2 2: BgL_sc_stateza2_23za2
        get_loc8 9: sc_conf_131
        push_1 1
        add
        get_array_el
        set_loc8 8: conf_set
        push_4 4
        get_array_el
        put_loc8 7: head
        get_var_ref2 2: BgL_sc_stateza2_23za2
        push_0 0
        get_loc8 8: conf_set
        push_0 0
        get_array_el
        put_array_el
        get_var_ref3 3: conf_set_merge_new_bang
        get_loc8 8: conf_set
        call1 1
        drop
        get_loc8 7: head
        put_loc8 6: sc_i_130
   37:  get_loc8 6: sc_i_130
        push_0 0
        gte
        if_false8 112
        get_loc8 6: sc_i_130
        put_loc8 5: i
        get_var_ref 4: state_num
        put_loc8 4: j
        get_var_ref 5: states
        put_loc3 3: sc_states_129
        get_var_ref 6: BgL_sc_statesza2_27za2
        put_loc2 2: BgL_sc_statesza2_128za2
        get_loc8 9: sc_conf_131
        push_1 1
        sub
        put_loc1 1: prev
        get_loc8 9: sc_conf_131
        get_var_ref 7: BgL_sc_nbzd2nts_24zd2
        gte
        if_false8 101
        get_var_ref 8: sc_steps_25
        get_loc1 1: prev
        get_array_el
        push_0 0
        gte
        if_false8 101
        fclosure8 0: [bytecode <null>]
        set_name sc_loop1_127
        set_loc0 0: sc_loop1_127
        get_var_ref 9: sc_enders_26
        get_var_ref 8: sc_steps_25
        get_loc1 1: prev
        get_array_el
        get_array_el
        call1 1
        drop
  101:  get_loc8 8: conf_set
        get_loc8 6: sc_i_130
        push_5 5
        add
        get_array_el
        put_loc8 6: sc_i_130
        goto8 37
  112:  get_var_ref 10: loop1
        tail_call 0
  118:  get_var undefined
        return

__tests__/fixtures_quickjs/octane/earley-boyer.js:3717:20: function: <null>
  mode: strict
  args: input
  locals:
    0: var optrOpnd
    1: var sc_optrOpnd_20
    2: var sc_optrOpnd_21
    3: var sc_optrOpnd_22
    4: var loop1
    5: var BgL_sc_stateza2_23za2
    6: var toks
    7: var BgL_sc_nbzd2nts_24zd2
    8: var sc_steps_25
    9: var sc_enders_26
   10: var state_num
   11: var BgL_sc_statesza2_27za2
   12: var states
   13: var i
   14: var conf
   15: var l
   16: var tok_nts
   17: var sc_i_28
   18: var sc_i_29
   19: var l1
   20: var l2
   21: var tok
   22: var tail1129
   23: var L1125
   24: var goal_enders
   25: var BgL_sc_statesza2_30za2
   26: var BgL_sc_nbzd2nts_31zd2
   27: var BgL_sc_nbzd2confs_32zd2
   28: var nb_toks
   29: var goal_starters
   30: var sc_states_33
   31: var BgL_sc_nbzd2confs_34zd2
   32: var BgL_sc_nbzd2toks_35zd2
   33: var sc_toks_36
   34: var falseHead1128
   35: var sc_names_37
   36: var sc_steps_38
   37: var sc_predictors_39
   38: var sc_enders_40
   39: var sc_starters_41
   40: var sc_nts_42
   41: var lexer
   42: var sc_ind_43
   43: var make_states
   44: var BgL_sc_confzd2setzd2getza2_44za2
   45: var conf_set_merge_new_bang
   46: var conf_set_adjoin
   47: var BgL_sc_confzd2setzd2adjoinza2_45za2
   48: var BgL_sc_confzd2setzd2adjoinza2za2_46z00
   49: var conf_set_union
   50: var forw
   51: var is_parsed
   52: var deriv_trees
   53: var BgL_sc_derivzd2treesza2_47z70
   54: var nb_deriv_trees
   55: var BgL_sc_nbzd2derivzd2treesza2_48za2
  closure vars:
    0: sc_isEqual parent:loc0 var
    1: sc_makeVector parent:loc6 var
    2: sc_Pair parent:loc1 var
    3: sc_list parent:loc5 var
    4: sc_append parent:loc7 var
    5: parser_descr local:loc1 var
    6: sc_reverse parent:loc4 var
    7: sc_list2vector parent:loc3 var
  stack_size: 11
  opcodes:
        fclosure8 0: [bytecode <null>]
        set_name sc_ind_43
        put_loc8 42: sc_ind_43
        fclosure8 1: [bytecode <null>]
        set_name make_states
        put_loc8 43: make_states
        fclosure8 2: [bytecode <null>]
        set_name BgL_sc_confzd2setzd2getza2_44za2
        put_loc8 44: BgL_sc_confzd2setzd2getza2_44za2
        fclosure8 3: [bytecode <null>]
        set_name conf_set_merge_new_bang
        put_loc8 45: conf_set_merge_new_bang
        fclosure8 4: [bytecode <null>]
        set_name conf_set_adjoin
        put_loc8 46: conf_set_adjoin
        fclosure8 5: [bytecode <null>]
        set_name BgL_sc_confzd2setzd2adjoinza2_45za2
        put_loc8 47: BgL_sc_confzd2setzd2adjoinza2_45za2
        fclosure8 6: [bytecode <null>]
        set_name BgL_sc_confzd2setzd2adjoinza2za2_46z00
        put_loc8 48: BgL_sc_confzd2setzd2adjoinza2za2_46z00
        fclosure8 7: [bytecode <null>]
        set_name conf_set_union
        put_loc8 49: conf_set_union
        fclosure8 8: [bytecode <null>]
        set_name forw
        put_loc8 50: forw
        fclosure8 9: [bytecode <null>]
        set_name is_parsed
        put_loc8 51: is_parsed
        fclosure8 10: [bytecode <null>]
        set_name deriv_trees
        put_loc8 52: deriv_trees
        fclosure8 11: [bytecode <null>]
        set_name BgL_sc_derivzd2treesza2_47z70
        put_loc8 53: BgL_sc_derivzd2treesza2_47z70
        fclosure8 12: [bytecode <null>]
        set_name nb_deriv_trees
        put_loc8 54: nb_deriv_trees
        fclosure8 13: [bytecode <null>]
        set_name BgL_sc_nbzd2derivzd2treesza2_48za2
        put_loc8 55: BgL_sc_nbzd2derivzd2treesza2_48za2
        get_var_ref 5: parser_descr
        push_0 0
        get_array_el
        put_loc8 41: lexer
        get_var_ref 5: parser_descr
        push_1 1
        get_array_el
        put_loc8 40: sc_nts_42
        get_var_ref 5: parser_descr
        push_2 2
        get_array_el
        put_loc8 39: sc_starters_41
        get_var_ref 5: parser_descr
        push_3 3
        get_array_el
        put_loc8 38: sc_enders_40
        get_var_ref 5: parser_descr
        push_4 4
        get_array_el
        put_loc8 37: sc_predictors_39
        get_var_ref 5: parser_descr
        push_5 5
        get_array_el
        put_loc8 36: sc_steps_38
        get_var_ref 5: parser_descr
        push_6 6
        get_array_el
        put_loc8 35: sc_names_37
        get_var_ref2 2: sc_Pair
        dup
        null
        null
        call_constructor 2
        put_loc8 34: falseHead1128
        get_loc8 41: lexer
        get_arg0 0: input
        call1 1
        put_loc8 23: L1125
        get_loc8 34: falseHead1128
        put_loc8 22: tail1129
  194:  get_loc8 23: L1125
        is_null
        lnot
        if_false 335
        get_loc8 23: L1125
        get_field car
        set_loc8 21: tok
        get_field cdr
        put_loc8 19: l1
        null
        put_loc8 20: l2
  222:  get_loc8 19: l1
        get_var_ref2 2: sc_Pair
        instanceof
        if_false8 279
        get_loc8 42: sc_ind_43
        get_loc8 19: l1
        get_field car
        get_loc8 40: sc_nts_42
        call2 2
        set_loc8 18: sc_i_29
        push_false
        strict_neq
        if_false8 268
        get_loc8 19: l1
        get_field cdr
        put_loc8 19: l1
        get_var_ref2 2: sc_Pair
        dup
        get_loc8 18: sc_i_29
        get_loc8 20: l2
        call_constructor 2
        put_loc8 20: l2
        goto8 222
  268:  get_loc8 19: l1
        get_field cdr
        put_loc8 19: l1
        goto8 222
  279:  get_var_ref2 2: sc_Pair
        dup
        get_loc8 21: tok
        get_field car
        get_var_ref 6: sc_reverse
        get_loc8 20: l2
        call1 1
        call_constructor 2
        put_loc3 3: sc_optrOpnd_22
        get_var_ref2 2: sc_Pair
        dup
        get_loc3 3: sc_optrOpnd_22
        null
        call_constructor 2
        put_loc2 2: sc_optrOpnd_21
        get_loc8 22: tail1129
        get_loc2 2: sc_optrOpnd_21
        put_field cdr
        get_loc8 22: tail1129
        get_field cdr
        put_loc8 22: tail1129
        get_loc8 23: L1125
        get_field cdr
        put_loc8 23: L1125
        goto16 194
  335:  get_loc8 34: falseHead1128
        get_field cdr
        put_loc1 1: sc_optrOpnd_20
        get_var_ref 7: sc_list2vector
        get_loc1 1: sc_optrOpnd_20
        call1 1
        set_loc8 33: sc_toks_36
        get_length
        put_loc8 32: BgL_sc_nbzd2toks_35zd2
        get_loc8 36: sc_steps_38
        get_length
        put_loc8 31: BgL_sc_nbzd2confs_34zd2
        get_loc8 43: make_states
        get_loc8 32: BgL_sc_nbzd2toks_35zd2
        get_loc8 31: BgL_sc_nbzd2confs_34zd2
        call2 2
        put_loc8 30: sc_states_33
        get_loc8 39: sc_starters_41
        push_0 0
        get_array_el
        put_loc8 29: goal_starters
        get_loc8 47: BgL_sc_confzd2setzd2adjoinza2_45za2
        get_loc8 30: sc_states_33
        push_0 0
        get_loc8 29: goal_starters
        push_0 0
        call 4
        drop
        get_loc8 50: forw
        get_loc8 30: sc_states_33
        push_0 0
        get_loc8 39: sc_starters_41
        get_loc8 38: sc_enders_40
        get_loc8 37: sc_predictors_39
        get_loc8 36: sc_steps_38
        get_loc8 40: sc_nts_42
        call 7
        drop
        push_0 0
        put_loc8 17: sc_i_28
  407:  get_loc8 17: sc_i_28
        get_loc8 32: BgL_sc_nbzd2toks_35zd2
        lt
        if_false8 468
        get_loc8 33: sc_toks_36
        get_loc8 17: sc_i_28
        get_array_el
        get_field cdr
        put_loc8 16: tok_nts
        get_loc8 47: BgL_sc_confzd2setzd2adjoinza2_45za2
        get_loc8 30: sc_states_33
        get_loc8 17: sc_i_28
        push_1 1
        add
        get_loc8 16: tok_nts
        get_loc8 17: sc_i_28
        call 4
        drop
        get_loc8 50: forw
        get_loc8 30: sc_states_33
        get_loc8 17: sc_i_28
        push_1 1
        add
        get_loc8 39: sc_starters_41
        get_loc8 38: sc_enders_40
        get_loc8 37: sc_predictors_39
        get_loc8 36: sc_steps_38
        get_loc8 40: sc_nts_42
        call 7
        drop
        inc_loc 17: sc_i_28
        goto8 407
  468:  get_loc8 33: sc_toks_36
        get_length
        put_loc8 28: nb_toks
        get_loc8 36: sc_steps_38
        get_length
        put_loc8 27: BgL_sc_nbzd2confs_32zd2
        get_loc8 40: sc_nts_42
        get_length
        put_loc8 26: BgL_sc_nbzd2nts_31zd2
        get_loc8 43: make_states
        get_loc8 28: nb_toks
        get_loc8 27: BgL_sc_nbzd2confs_32zd2
        call2 2
        put_loc8 25: BgL_sc_statesza2_30za2
        get_loc8 38: sc_enders_40
        push_0 0
        get_array_el
        set_loc8 24: goal_enders
        put_loc8 15: l
  500:  get_loc8 15: l
        get_var_ref2 2: sc_Pair
        instanceof
        if_false8 541
        get_loc8 15: l
        get_field car
        put_loc8 14: conf
        get_loc8 48: BgL_sc_confzd2setzd2adjoinza2za2_46z00
        get_loc8 30: sc_states_33
        get_loc8 25: BgL_sc_statesza2_30za2
        get_loc8 28: nb_toks
        get_loc8 14: conf
        push_0 0
        call 5
        drop
        get_loc8 15: l
        get_field cdr
        put_loc8 15: l
        goto8 500
  541:  get_loc8 28: nb_toks
        put_loc8 13: i
  545:  get_loc8 13: i
        push_0 0
        gte
        if_false8 601
        get_loc8 30: sc_states_33
        put_loc8 12: states
        get_loc8 25: BgL_sc_statesza2_30za2
        put_loc8 11: BgL_sc_statesza2_27za2
        get_loc8 13: i
        put_loc8 10: state_num
        get_loc8 38: sc_enders_40
        put_loc8 9: sc_enders_26
        get_loc8 36: sc_steps_38
        put_loc8 8: sc_steps_25
        get_loc8 26: BgL_sc_nbzd2nts_31zd2
        put_loc8 7: BgL_sc_nbzd2nts_24zd2
        get_loc8 33: sc_toks_36
        put_loc8 6: toks
        get_loc8 25: BgL_sc_statesza2_30za2
        get_loc8 13: i
        get_array_el
        put_loc8 5: BgL_sc_stateza2_23za2
        fclosure8 14: [bytecode <null>]
        set_name loop1
        set_loc8 4: loop1
        call0 0
        drop
        dec_loc 13: i
        goto8 545
  601:  get_loc8 25: BgL_sc_statesza2_30za2
        put_loc0 0: optrOpnd
        get_loc8 40: sc_nts_42
        get_loc8 39: sc_starters_41
        get_loc8 38: sc_enders_40
        get_loc8 37: sc_predictors_39
        get_loc8 36: sc_steps_38
        get_loc8 35: sc_names_37
        get_loc8 33: sc_toks_36
        get_loc0 0: optrOpnd
        get_loc8 51: is_parsed
        get_loc8 53: BgL_sc_derivzd2treesza2_47z70
        get_loc8 55: BgL_sc_nbzd2derivzd2treesza2_48za2
        array_from 11
        return

__tests__/fixtures_quickjs/octane/earley-boyer.js:3568:28: function: <null>
  mode: strict
  args: grammar lexer
  locals:
    0: var i
    1: var parser_descr
    2: var def_loop
    3: var nb_nts
    4: var names
    5: var steps
    6: var predictors
    7: var enders
    8: var starters
    9: var nts
   10: var sc_names_1
   11: var sc_steps_2
   12: var sc_predictors_3
   13: var sc_enders_4
   14: var sc_starters_5
   15: var nb_confs
   16: var BgL_sc_defzd2loop_6zd2
   17: var BgL_sc_nbzd2nts_7zd2
   18: var sc_nts_8
   19: var BgL_sc_defzd2loop_9zd2
   20: var ind
  closure vars:
    0: sc_isEqual parent:loc313 var
    1: sc_Pair parent:loc69 var
    2: sc_member parent:loc128 var
    3: sc_list2vector parent:loc181 var
    4: sc_reverse parent:loc122 var
    5: sc_list parent:loc109 var
    6: sc_makeVector parent:loc175 var
    7: sc_append parent:loc119 var
  stack_size: 7
  opcodes:
        fclosure8 0: [bytecode <null>]
        set_name ind
        put_loc8 20: ind
        fclosure8 1: [bytecode <null>]
        set_name BgL_sc_defzd2loop_9zd2
        set_loc8 19: BgL_sc_defzd2loop_9zd2
        get_arg0 0: grammar
        null
        call2 2
        set_loc8 18: sc_nts_8
        get_length
        put_loc8 17: BgL_sc_nbzd2nts_7zd2
        fclosure8 2: [bytecode <null>]
        set_name BgL_sc_defzd2loop_6zd2
        set_loc8 16: BgL_sc_defzd2loop_6zd2
        get_arg0 0: grammar
        push_0 0
        call2 2
        get_loc8 17: BgL_sc_nbzd2nts_7zd2
        add
        put_loc8 15: nb_confs
        get_var_ref 6: sc_makeVector
        get_loc8 17: BgL_sc_nbzd2nts_7zd2
        null
        call2 2
        put_loc8 14: sc_starters_5
        get_var_ref 6: sc_makeVector
        get_loc8 17: BgL_sc_nbzd2nts_7zd2
        null
        call2 2
        put_loc8 13: sc_enders_4
        get_var_ref 6: sc_makeVector
        get_loc8 17: BgL_sc_nbzd2nts_7zd2
        null
        call2 2
        put_loc8 12: sc_predictors_3
        get_var_ref 6: sc_makeVector
        get_loc8 15: nb_confs
        push_false
        call2 2
        put_loc8 11: sc_steps_2
        get_var_ref 6: sc_makeVector
        get_loc8 15: nb_confs
        push_false
        call2 2
        put_loc8 10: sc_names_1
        get_loc8 18: sc_nts_8
        put_loc8 9: nts
        get_loc8 14: sc_starters_5
        put_loc8 8: starters
        get_loc8 13: sc_enders_4
        put_loc8 7: enders
        get_loc8 12: sc_predictors_3
        put_loc8 6: predictors
        get_loc8 11: sc_steps_2
        put_loc8 5: steps
        get_loc8 10: sc_names_1
        put_loc8 4: names
        get_loc8 18: sc_nts_8
        get_length
        set_loc3 3: nb_nts
        push_1 1
        sub
        put_loc0 0: i
  119:  get_loc0 0: i
        push_0 0
        gte
        if_false8 157
        get_loc8 11: sc_steps_2
        get_loc0 0: i
        get_loc0 0: i
        get_loc3 3: nb_nts
        sub
        put_array_el
        get_loc8 10: sc_names_1
        get_loc0 0: i
        get_var_ref 5: sc_list
        get_loc8 18: sc_nts_8
        get_loc0 0: i
        get_array_el
        push_0 0
        call2 2
        put_array_el
        get_loc8 13: sc_enders_4
        get_loc0 0: i
        get_var_ref 5: sc_list
        get_loc0 0: i
        call1 1
        put_array_el
        dec_loc 0: i
        goto8 119
  157:  fclosure8 3: [bytecode <null>]
        set_name def_loop
        set_loc2 2: def_loop
        get_arg0 0: grammar
        get_loc8 18: sc_nts_8
        get_length
        call2 2
        drop
        get_arg1 1: lexer
        get_loc8 18: sc_nts_8
        get_loc8 14: sc_starters_5
        get_loc8 13: sc_enders_4
        get_loc8 12: sc_predictors_3
        get_loc8 11: sc_steps_2
        get_loc8 10: sc_names_1
        array_from 7
        put_loc1 1: parser_descr
        fclosure8 4: [bytecode <null>]
        return

__tests__/fixtures_quickjs/octane/earley-boyer.js:4317:35: function: <null>
  mode: strict
  args: parse nt i j
  locals:
    0: var is_parsed
    1: var states
    2: var enders
    3: var nts
  stack_size: 7
  opcodes:
        get_arg0 0: parse
        push_0 0
        get_array_el
        put_loc3 3: nts
        get_arg0 0: parse
        push_2 2
        get_array_el
        put_loc2 2: enders
        get_arg0 0: parse
        push_7 7
        get_array_el
        put_loc1 1: states
        get_arg0 0: parse
        push_i8 8
        get_array_el
        set_loc0 0: is_parsed
        get_arg1 1: nt
        get_arg2 2: i
        get_arg3 3: j
        get_loc3 3: nts
        get_loc2 2: enders
        get_loc1 1: states
        tail_call 6

__tests__/fixtures_quickjs/octane/earley-boyer.js:4324:31: function: <null>
  mode: strict
  args: parse nt i j
  locals:
    0: var BgL_sc_derivzd2treesza2_132z70
    1: var states
    2: var toks
    3: var names
    4: var steps
    5: var enders
    6: var nts
  stack_size: 10
  opcodes:
        get_arg0 0: parse
        push_0 0
        get_array_el
        put_loc8 6: nts
        get_arg0 0: parse
        push_2 2
        get_array_el
        put_loc8 5: enders
        get_arg0 0: parse
        push_4 4
        get_array_el
        put_loc8 4: steps
        get_arg0 0: parse
        push_5 5
        get_array_el
        put_loc3 3: names
        get_arg0 0: parse
        push_6 6
        get_array_el
        put_loc2 2: toks
        get_arg0 0: parse
        push_7 7
        get_array_el
        put_loc1 1: states
        get_arg0 0: parse
        push_i8 9
        get_array_el
        set_loc0 0: BgL_sc_derivzd2treesza2_132z70
        get_arg1 1: nt
        get_arg2 2: i
        get_arg3 3: j
        get_loc8 6: nts
        get_loc8 5: enders
        get_loc8 4: steps
        get_loc3 3: names
        get_loc2 2: toks
        get_loc1 1: states
        tail_call 9

__tests__/fixtures_quickjs/octane/earley-boyer.js:4334:36: function: <null>
  mode: strict
  args: parse nt i j
  locals:
    0: var BgL_sc_nbzd2derivzd2treesza2_133za2
    1: var states
    2: var toks
    3: var steps
    4: var enders
    5: var nts
  stack_size: 9
  opcodes:
        get_arg0 0: parse
        push_0 0
        get_array_el
        put_loc8 5: nts
        get_arg0 0: parse
        push_2 2
        get_array_el
        put_loc8 4: enders
        get_arg0 0: parse
        push_4 4
        get_array_el
        put_loc3 3: steps
        get_arg0 0: parse
        push_6 6
        get_array_el
        put_loc2 2: toks
        get_arg0 0: parse
        push_7 7
        get_array_el
        put_loc1 1: states
        get_arg0 0: parse
        push_i8 10
        get_array_el
        set_loc0 0: BgL_sc_nbzd2derivzd2treesza2_133za2
        get_arg1 1: nt
        get_arg2 2: i
        get_arg3 3: j
        get_loc8 5: nts
        get_loc8 4: enders
        get_loc3 3: steps
        get_loc2 2: toks
        get_loc1 1: states
        tail_call 8

__tests__/fixtures_quickjs/octane/earley-boyer.js:4346:58: function: <null>
  mode: strict
  args: l
  locals:
    0: var sc_x_134
    1: var tail1134
    2: var L1130
    3: var falseHead1133
  closure vars:
    0: sc_Pair parent:loc0 var
    1: sc_list parent:loc1 var
  stack_size: 6
  opcodes:
        get_var_ref0 0: sc_Pair
        dup
        null
        null
        call_constructor 2
        set_loc3 3: falseHead1133
        put_loc1 1: tail1134
        get_arg0 0: l
        put_loc2 2: L1130
   11:  get_loc2 2: L1130
        is_null
        lnot
        if_false8 55
        get_loc1 1: tail1134
        get_var_ref0 0: sc_Pair
        dup
        get_loc2 2: L1130
        get_field car
        put_loc0 0: sc_x_134
        get_var_ref1 1: sc_list
        get_loc0 0: sc_x_134
        get_loc0 0: sc_x_134
        call2 2
        null
        call_constructor 2
        put_field cdr
        get_loc1 1: tail1134
        get_field cdr
        put_loc1 1: tail1134
        get_loc2 2: L1130
        get_field cdr
        put_loc2 2: L1130
        goto8 11
   55:  get_loc3 3: falseHead1133
        get_field cdr
        return

__tests__/fixtures_quickjs/octane/earley-boyer.js:4343:12: function: <null>
  mode: strict
  args: k
  locals:
    0: var x
    1: var p
  closure vars:
    0: sc_Pair parent:loc69 var
    1: sc_list parent:loc109 var
    2: BgL_makezd2parserzd2 parent:loc380 var
    3: const_earley parent:loc381 var
    4: sc_vector2list parent:loc180 var
    5: sc_makeVector parent:loc175 var
    6: sc_length parent:loc112 var
    7: BgL_parsezd2ze3treesz31 parent:loc379 var
  stack_size: 6
  opcodes:
        get_var_ref2 2: BgL_makezd2parserzd2
        get_var_ref3 3: const_earley
        fclosure8 0: [bytecode <null>]
        call2 2
        set_loc1 1: p
        get_var_ref 4: sc_vector2list
        get_var_ref 5: sc_makeVector
        get_arg0 0: k
        push_atom_value "\u1e9ca"
        call2 2
        call1 1
        call1 1
        put_loc0 0: x
        get_var_ref 6: sc_length
        get_var_ref 7: BgL_parsezd2ze3treesz31
        get_loc0 0: x
        push_atom_value "\u1e9cs"
        push_0 0
        get_arg0 0: k
        call 4
        tail_call 1

__tests__/fixtures_quickjs/octane/earley-boyer.js:4372:100: function: <null>
  mode: strict
  closure vars:
    0: test parent:loc0 var
    1: k local:loc2 var
  stack_size: 2
  opcodes:
        get_var_ref0 0: test
        get_var_ref1 1: k
        tail_call 1

__tests__/fixtures_quickjs/octane/earley-boyer.js:4374:12: function: <null>
  mode: strict
  args: result
  closure vars:
    0: sc_display parent:loc1 var
    1: sc_newline parent:loc2 var
  stack_size: 2
  opcodes:
        get_var_ref0 0: sc_display
        get_arg0 0: result
        call1 1
        drop
        get_var_ref1 1: sc_newline
        call0 0
        drop
        get_arg0 0: result
        push_i16 132
        eq
        return

__tests__/fixtures_quickjs/octane/earley-boyer.js:4366:33: function: <null>
  mode: strict
  locals:
    0: var args
    1: var sc_tmp
    2: var k
    3: var arguments
  closure vars:
    0: test parent:loc378 var
    1: sc_display parent:loc290 var
    2: sc_newline parent:loc292 var
    3: sc_cons parent:loc72 var
    4: BgL_runzd2benchmarkzd2 parent:loc383 var
  stack_size: 5
  opcodes:
        special_object 0
        put_loc3 3: arguments
        null
        put_loc0 0: args
        get_loc3 3: arguments
        get_length
        push_1 1
        sub
        put_loc1 1: sc_tmp
   10:  get_loc1 1: sc_tmp
        push_0 0
        gte
        if_false8 26
        get_var_ref3 3: sc_cons
        get_loc3 3: arguments
        get_loc1 1: sc_tmp
        get_array_el
        get_loc0 0: args
        call2 2
        put_loc0 0: args
        dec_loc 1: sc_tmp
        goto8 10
   26:  get_loc0 0: args
        is_null
        if_false8 33
        push_7 7
        goto8 39
   33:  get_loc0 0: args
        get_field car
   39:  put_loc2 2: k
        get_var_ref 4: BgL_runzd2benchmarkzd2
        push_atom_value earley
        push_1 1
        fclosure8 0: [bytecode <null>]
        fclosure8 1: [bytecode <null>]
        tail_call 4

__tests__/fixtures_quickjs/octane/earley-boyer.js:4394:43: function: <null>
  mode: strict
  args: s
  stack_size: 0
  opcodes:
        return_undef

__tests__/fixtures_quickjs/octane/earley-boyer.js:4396:1: function: RunBenchmark
  mode: strict
  args: name count run warn
  locals:
    0: var n
    1: var result
  stack_size: 3
  opcodes:
        push_0 0
        put_loc0 0: n
    2:  get_loc0 0: n
        get_arg1 1: count
        lt
        if_false8 35
        get_arg2 2: run
        call0 0
        put_loc1 1: result
        get_arg3 3: warn
        get_loc1 1: result
        call1 1
        lnot
        if_false8 31
        get_var Error
        dup
        push_atom_value "Earley or Boyer did incorrect number of rewrites"
        call_constructor 1
        throw
   31:  inc_loc 0: n
        goto8 2
   35:  return_undef

__tests__/fixtures_quickjs/octane/earley-boyer.js:1:1: function: <eval>
  mode: strict
  locals:
    0: var this
  closure vars:
    0: Benchmark parent:loc0 const
    1: BenchmarkSuite parent:loc1 const
    2: EarleyBoyer local:loc0 var
    3: sc_print_debug local:loc1 var
    4: sc_JS_GLOBALS local:loc2 var
    5: __sc_LINE local:loc3 var
    6: __sc_FILE local:loc4 var
    7: sc_alert local:loc5 var
    8: sc_typeof local:loc6 var
    9: sc_error local:loc7 var
   10: sc_raise local:loc8 var
   11: sc_withHandlerLambda local:loc9 var
   12: sc_properties local:loc10 var
   13: sc_putpropBang local:loc11 var
   14: sc_getprop local:loc12 var
   15: sc_rempropBang local:loc13 var
   16: sc_any2String local:loc14 var
   17: sc_isEqv local:loc15 var
   18: sc_isEq local:loc16 var
   19: sc_isNumber local:loc17 var
   20: sc_isComplex local:loc18 var
   21: sc_isReal local:loc19 var
   22: sc_isRational local:loc20 var
   23: sc_isInteger local:loc21 var
   24: sc_isExact local:loc22 var
   25: sc_isInexact local:loc23 var
   26: sc_equal local:loc24 var
   27: sc_less local:loc25 var
   28: sc_greater local:loc26 var
   29: sc_lessEqual local:loc27 var
   30: sc_greaterEqual local:loc28 var
   31: sc_isZero local:loc29 var
   32: sc_isPositive local:loc30 var
   33: sc_isNegative local:loc31 var
   34: sc_isOdd local:loc32 var
   35: sc_isEven local:loc33 var
   36: sc_max local:loc34 var
   37: sc_min local:loc35 var
   38: sc_plus local:loc36 var
   39: sc_multi local:loc37 var
   40: sc_minus local:loc38 var
   41: sc_div local:loc39 var
   42: sc_abs local:loc40 var
   43: sc_quotient local:loc41 var
   44: sc_remainder local:loc42 var
   45: sc_modulo local:loc43 var
   46: sc_euclid_gcd local:loc44 var
   47: sc_gcd local:loc45 var
   48: sc_lcm local:loc46 var
   49: sc_floor local:loc47 var
   50: sc_ceiling local:loc48 var
   51: sc_truncate local:loc49 var
   52: sc_round local:loc50 var
   53: sc_exp local:loc51 var
   54: sc_log local:loc52 var
   55: sc_sin local:loc53 var
   56: sc_cos local:loc54 var
   57: sc_tan local:loc55 var
   58: sc_asin local:loc56 var
   59: sc_acos local:loc57 var
   60: sc_atan local:loc58 var
   61: sc_sqrt local:loc59 var
   62: sc_expt local:loc60 var
   63: sc_exact2inexact local:loc61 var
   64: sc_inexact2exact local:loc62 var
   65: sc_number2jsstring local:loc63 var
   66: sc_jsstring2number local:loc64 var
   67: sc_not local:loc65 var
   68: sc_isBoolean local:loc66 var
   69: sc_Pair local:loc67 var
   70: sc_isPair local:loc68 var
   71: sc_isPairEqual local:loc69 var
   72: sc_cons local:loc70 var
   73: sc_consStar local:loc71 var
   74: sc_car local:loc72 var
   75: sc_cdr local:loc73 var
   76: sc_setCarBang local:loc74 var
   77: sc_setCdrBang local:loc75 var
   78: sc_caar local:loc76 var
   79: sc_cadr local:loc77 var
   80: sc_cdar local:loc78 var
   81: sc_cddr local:loc79 var
   82: sc_caaar local:loc80 var
   83: sc_cadar local:loc81 var
   84: sc_caadr local:loc82 var
   85: sc_caddr local:loc83 var
   86: sc_cdaar local:loc84 var
   87: sc_cdadr local:loc85 var
   88: sc_cddar local:loc86 var
   89: sc_cdddr local:loc87 var
   90: sc_caaaar local:loc88 var
   91: sc_caadar local:loc89 var
   92: sc_caaadr local:loc90 var
   93: sc_caaddr local:loc91 var
   94: sc_cdaaar local:loc92 var
   95: sc_cdadar local:loc93 var
   96: sc_cdaadr local:loc94 var
   97: sc_cdaddr local:loc95 var
   98: sc_cadaar local:loc96 var
   99: sc_caddar local:loc97 var
  100: sc_cadadr local:loc98 var
  101: sc_cadddr local:loc99 var
  102: sc_cddaar local:loc100 var
  103: sc_cdddar local:loc101 var
  104: sc_cddadr local:loc102 var
  105: sc_cddddr local:loc103 var
  106: sc_lastPair local:loc104 var
  107: sc_isNull local:loc105 var
  108: sc_isList local:loc106 var
  109: sc_list local:loc107 var
  110: sc_iota local:loc108 var
  111: sc_makeList local:loc109 var
  112: sc_length local:loc110 var
  113: sc_remq local:loc111 var
  114: sc_remqBang local:loc112 var
  115: sc_delete local:loc113 var
  116: sc_deleteBang local:loc114 var
  117: sc_reverseAppendBang local:loc115 var
  118: sc_dualAppend local:loc116 var
  119: sc_append local:loc117 var
  120: sc_dualAppendBang local:loc118 var
  121: sc_appendBang local:loc119 var
  122: sc_reverse local:loc120 var
  123: sc_reverseBang local:loc121 var
  124: sc_listTail local:loc122 var
  125: sc_listRef local:loc123 var
  126: sc_memq local:loc124 var
  127: sc_memv local:loc125 var
  128: sc_member local:loc126 var
  129: sc_assq local:loc127 var
  130: sc_assv local:loc128 var
  131: sc_assoc local:loc129 var
  132: sc_isCharStringEqual local:loc130 var
  133: sc_isCharStringLess local:loc131 var
  134: sc_isCharStringGreater local:loc132 var
  135: sc_isCharStringLessEqual local:loc133 var
  136: sc_isCharStringGreaterEqual local:loc134 var
  137: sc_isCharStringCIEqual local:loc135 var
  138: sc_isCharStringCILess local:loc136 var
  139: sc_isCharStringCIGreater local:loc137 var
  140: sc_isCharStringCILessEqual local:loc138 var
  141: sc_isCharStringCIGreaterEqual local:loc139 var
  142: sc_Char local:loc140 var
  143: sc_isChar local:loc141 var
  144: sc_isCharEqual local:loc142 var
  145: sc_isCharLess local:loc143 var
  146: sc_isCharGreater local:loc144 var
  147: sc_isCharLessEqual local:loc145 var
  148: sc_isCharGreaterEqual local:loc146 var
  149: sc_isCharCIEqual local:loc147 var
  150: sc_isCharCILess local:loc148 var
  151: sc_isCharCIGreater local:loc149 var
  152: sc_isCharCILessEqual local:loc150 var
  153: sc_isCharCIGreaterEqual local:loc151 var
  154: SC_NUMBER_CLASS local:loc152 var
  155: SC_WHITESPACE_CLASS local:loc153 var
  156: SC_LOWER_CLASS local:loc154 var
  157: SC_UPPER_CLASS local:loc155 var
  158: sc_isCharOfClass local:loc156 var
  159: sc_isCharAlphabetic local:loc157 var
  160: sc_isCharNumeric local:loc158 var
  161: sc_isCharWhitespace local:loc159 var
  162: sc_isCharUpperCase local:loc160 var
  163: sc_isCharLowerCase local:loc161 var
  164: sc_char2integer local:loc162 var
  165: sc_integer2char local:loc163 var
  166: sc_charUpcase local:loc164 var
  167: sc_charDowncase local:loc165 var
  168: sc_makeJSStringOfLength local:loc166 var
  169: sc_makejsString local:loc167 var
  170: sc_jsstring2list local:loc168 var
  171: sc_list2jsstring local:loc169 var
  172: sc_Vector local:loc170 var
  173: sc_isVector local:loc171 var
  174: sc_isVectorEqual local:loc172 var
  175: sc_makeVector local:loc173 var
  176: sc_vector local:loc174 var
  177: sc_vectorLength local:loc175 var
  178: sc_vectorRef local:loc176 var
  179: sc_vectorSetBang local:loc177 var
  180: sc_vector2list local:loc178 var
  181: sc_list2vector local:loc179 var
  182: sc_vectorFillBang local:loc180 var
  183: sc_copyVector local:loc181 var
  184: sc_vectorCopy local:loc182 var
  185: sc_vectorCopyBang local:loc183 var
  186: sc_isProcedure local:loc184 var
  187: sc_apply local:loc185 var
  188: sc_map local:loc186 var
  189: sc_mapBang local:loc187 var
  190: sc_forEach local:loc188 var
  191: sc_filter local:loc189 var
  192: sc_filterBang local:loc190 var
  193: sc_filterMap1 local:loc191 var
  194: sc_filterMap2 local:loc192 var
  195: sc_filterMap local:loc193 var
  196: sc_any local:loc194 var
  197: sc_anyPred local:loc195 var
  198: sc_every local:loc196 var
  199: sc_everyPred local:loc197 var
  200: sc_force local:loc198 var
  201: sc_makePromise local:loc199 var
  202: sc_Values local:loc200 var
  203: sc_values local:loc201 var
  204: sc_callWithValues local:loc202 var
  205: sc_dynamicWind local:loc203 var
  206: sc_Struct local:loc204 var
  207: sc_makeStruct local:loc205 var
  208: sc_isStruct local:loc206 var
  209: sc_isStructNamed local:loc207 var
  210: sc_getStructField local:loc208 var
  211: sc_setStructFieldBang local:loc209 var
  212: sc_bitNot local:loc210 var
  213: sc_bitAnd local:loc211 var
  214: sc_bitOr local:loc212 var
  215: sc_bitXor local:loc213 var
  216: sc_bitLsh local:loc214 var
  217: sc_bitRsh local:loc215 var
  218: sc_bitUrsh local:loc216 var
  219: sc_jsField local:loc217 var
  220: sc_setJsFieldBang local:loc218 var
  221: sc_deleteJsFieldBang local:loc219 var
  222: sc_jsCall local:loc220 var
  223: sc_jsMethodCall local:loc221 var
  224: sc_jsNew local:loc222 var
  225: sc_pregexp local:loc223 var
  226: sc_pregexpMatch local:loc224 var
  227: sc_pregexpReplace local:loc225 var
  228: sc_pregexpReplaceAll local:loc226 var
  229: sc_pregexpSplit local:loc227 var
  230: sc_random local:loc228 var
  231: sc_currentDate local:loc229 var
  232: sc_Hashtable local:loc230 var
  233: sc_HashtableElement local:loc231 var
  234: sc_makeHashtable local:loc232 var
  235: sc_hashtablePutBang local:loc233 var
  236: sc_hashtableGet local:loc234 var
  237: sc_hashtableForEach local:loc235 var
  238: sc_hashtableContains local:loc236 var
  239: SC_HASH_COUNTER local:loc237 var
  240: sc_hash local:loc238 var
  241: sc_counterHash local:loc239 var
  242: sc_Trampoline local:loc240 var
  243: sc_bindExitLambda local:loc241 var
  244: sc_BindExitException local:loc242 var
  245: SC_SCM2JS_GLOBALS local:loc243 var
  246: SC_TAIL_OBJECT local:loc244 var
  247: sc_EOF local:loc245 var
  248: SC_EOF_OBJECT local:loc246 var
  249: sc_Port local:loc247 var
  250: sc_InputPort local:loc248 var
  251: sc_ErrorInputPort local:loc249 var
  252: sc_StringInputPort local:loc250 var
  253: sc_Token local:loc251 var
  254: SC_ID_CLASS local:loc252 var
  255: sc_Tokenizer local:loc253 var
  256: sc_Reader local:loc254 var
  257: sc_read local:loc255 var
  258: sc_readChar local:loc256 var
  259: sc_peekChar local:loc257 var
  260: sc_isCharReady local:loc258 var
  261: sc_closeInputPort local:loc259 var
  262: sc_isInputPort local:loc260 var
  263: sc_isEOFObject local:loc261 var
  264: sc_currentInputPort local:loc262 var
  265: sc_callWithInputFile local:loc263 var
  266: sc_callWithOutputFile local:loc264 var
  267: sc_withInputFromFile local:loc265 var
  268: sc_withOutputToFile local:loc266 var
  269: sc_openInputFile local:loc267 var
  270: sc_openOutputFile local:loc268 var
  271: sc_basename local:loc269 var
  272: sc_dirname local:loc270 var
  273: sc_withInputFromPort local:loc271 var
  274: sc_withInputFromString local:loc272 var
  275: sc_withOutputToPort local:loc273 var
  276: sc_withOutputToString local:loc274 var
  277: sc_withOutputToProcedure local:loc275 var
  278: sc_openOutputString local:loc276 var
  279: sc_openInputString local:loc277 var
  280: sc_OutputPort local:loc278 var
  281: sc_StringOutputPort local:loc279 var
  282: sc_getOutputString local:loc280 var
  283: sc_ErrorOutputPort local:loc281 var
  284: sc_GenericOutputPort local:loc282 var
  285: sc_isOutputPort local:loc283 var
  286: sc_closeOutputPort local:loc284 var
  287: sc_write local:loc285 var
  288: sc_toWriteString local:loc286 var
  289: sc_escapeWriteString local:loc287 var
  290: sc_display local:loc288 var
  291: sc_toDisplayString local:loc289 var
  292: sc_newline local:loc290 var
  293: sc_writeChar local:loc291 var
  294: sc_writeCircle local:loc292 var
  295: sc_toWriteCircleString local:loc293 var
  296: sc_prepWriteCircle local:loc294 var
  297: sc_genToWriteCircleString local:loc295 var
  298: sc_print local:loc296 var
  299: sc_format local:loc297 var
  300: SC_DEFAULT_IN local:loc298 var
  301: SC_DEFAULT_OUT local:loc299 var
  302: SC_ERROR_OUT local:loc300 var
  303: sc_SYMBOL_PREFIX local:loc301 var
  304: sc_KEYWORD_PREFIX local:loc302 var
  305: sc_jsstring2string local:loc303 var
  306: sc_jsstring2symbol local:loc304 var
  307: sc_string2jsstring local:loc305 var
  308: sc_symbol2jsstring local:loc306 var
  309: sc_keyword2jsstring local:loc307 var
  310: sc_jsstring2keyword local:loc308 var
  311: sc_isKeyword local:loc309 var
  312: sc_gensym local:loc310 var
  313: sc_isEqual local:loc311 var
  314: sc_number2symbol local:loc312 var
  315: sc_number2string local:loc313 var
  316: sc_symbol2number local:loc314 var
  317: sc_string2number local:loc315 var
  318: sc_string2integer local:loc316 var
  319: sc_string2real local:loc317 var
  320: sc_isSymbol local:loc318 var
  321: sc_symbol2string local:loc319 var
  322: sc_string2symbol local:loc320 var
  323: sc_symbolAppend local:loc321 var
  324: sc_char2string local:loc322 var
  325: sc_char2symbol local:loc323 var
  326: sc_isString local:loc324 var
  327: sc_makeString local:loc325 var
  328: sc_string local:loc326 var
  329: sc_stringLength local:loc327 var
  330: sc_stringRef local:loc328 var
  331: sc_isStringEqual local:loc329 var
  332: sc_isStringLess local:loc330 var
  333: sc_isStringGreater local:loc331 var
  334: sc_isStringLessEqual local:loc332 var
  335: sc_isStringGreaterEqual local:loc333 var
  336: sc_isStringCIEqual local:loc334 var
  337: sc_isStringCILess local:loc335 var
  338: sc_isStringCIGreater local:loc336 var
  339: sc_isStringCILessEqual local:loc337 var
  340: sc_isStringCIGreaterEqual local:loc338 var
  341: sc_substring local:loc339 var
  342: sc_isSubstring_at local:loc340 var
  343: sc_stringAppend local:loc341 var
  344: sc_string2list local:loc342 var
  345: sc_list2string local:loc343 var
  346: sc_stringCopy local:loc344 var
  347: sc_keyword2string local:loc345 var
  348: sc_string2keyword local:loc346 var
  349: BgL_testzd2boyerzd2 local:loc347 var
  350: BgL_nboyerzd2benchmarkzd2 local:loc348 var
  351: BgL_setupzd2boyerzd2 local:loc349 var
  352: translate_term_nboyer local:loc350 var
  353: translate_args_nboyer local:loc351 var
  354: untranslate_term_nboyer local:loc352 var
  355: BgL_sc_symbolzd2ze3symbolzd2record_1ze3_nboyer local:loc353 var
  356: BgL_sc_za2symbolzd2recordszd2alistza2_2z00_nboyer local:loc354 var
  357: translate_alist_nboyer local:loc355 var
  358: apply_subst_nboyer local:loc356 var
  359: apply_subst_lst_nboyer local:loc357 var
  360: tautologyp_nboyer local:loc358 var
  361: if_constructor_nboyer local:loc359 var
  362: rewrite_count_nboyer local:loc360 var
  363: rewrite_nboyer local:loc361 var
  364: rewrite_args_nboyer local:loc362 var
  365: unify_subst_nboyer local:loc363 var
  366: one_way_unify1_nboyer local:loc364 var
  367: false_term_nboyer local:loc365 var
  368: true_term_nboyer local:loc366 var
  369: trans_of_implies1_nboyer local:loc367 var
  370: is_term_equal_nboyer local:loc368 var
  371: is_term_member_nboyer local:loc369 var
  372: const_nboyer local:loc370 var
  373: sc_const_3_nboyer local:loc371 var
  374: sc_const_4_nboyer local:loc372 var
  375: BgL_parsezd2ze3nbzd2treesze3 local:loc373 var
  376: BgL_earleyzd2benchmarkzd2 local:loc374 var
  377: BgL_parsezd2ze3parsedzf3zc2 local:loc375 var
  378: test local:loc376 var
  379: BgL_parsezd2ze3treesz31 local:loc377 var
  380: BgL_makezd2parserzd2 local:loc378 var
  381: const_earley local:loc379 var
  382: RunBenchmark local:loc380 var
  383: BgL_runzd2benchmarkzd2 local:loc381 var
  stack_size: 151
  opcodes:
        push_this
        put_loc0 0: this
        push_this
        if_false 1674
        fclosure8 2: [bytecode sc_print_debug]
        put_var_ref3 3: sc_print_debug
        fclosure8 3: [bytecode sc_alert]
        put_var_ref 7: sc_alert
        fclosure8 4: [bytecode sc_typeof]
        put_var_ref 8: sc_typeof
        fclosure8 5: [bytecode sc_error]
        put_var_ref 9: sc_error
        fclosure8 6: [bytecode sc_raise]
        put_var_ref 10: sc_raise
        fclosure8 7: [bytecode sc_withHandlerLambda]
        put_var_ref 11: sc_withHandlerLambda
        fclosure8 8: [bytecode sc_putpropBang]
        put_var_ref 13: sc_putpropBang
        fclosure8 9: [bytecode sc_getprop]
        put_var_ref 14: sc_getprop
        fclosure8 10: [bytecode sc_rempropBang]
        put_var_ref 15: sc_rempropBang
        fclosure8 11: [bytecode sc_any2String]
        put_var_ref 16: sc_any2String
        fclosure8 12: [bytecode sc_isEqv]
        put_var_ref 17: sc_isEqv
        fclosure8 13: [bytecode sc_isEq]
        put_var_ref 18: sc_isEq
        fclosure8 14: [bytecode sc_isNumber]
        put_var_ref 19: sc_isNumber
        fclosure8 15: [bytecode sc_isComplex]
        put_var_ref 20: sc_isComplex
        fclosure8 16: [bytecode sc_isReal]
        put_var_ref 21: sc_isReal
        fclosure8 17: [bytecode sc_isRational]
        put_var_ref 22: sc_isRational
        fclosure8 18: [bytecode sc_isInteger]
        put_var_ref 23: sc_isInteger
        fclosure8 19: [bytecode sc_isExact]
        put_var_ref 24: sc_isExact
        fclosure8 20: [bytecode sc_isInexact]
        put_var_ref 25: sc_isInexact
        fclosure8 21: [bytecode sc_equal]
        put_var_ref 26: sc_equal
        fclosure8 22: [bytecode sc_less]
        put_var_ref 27: sc_less
        fclosure8 23: [bytecode sc_greater]
        put_var_ref 28: sc_greater
        fclosure8 24: [bytecode sc_lessEqual]
        put_var_ref 29: sc_lessEqual
        fclosure8 25: [bytecode sc_greaterEqual]
        put_var_ref 30: sc_greaterEqual
        fclosure8 26: [bytecode sc_isZero]
        put_var_ref 31: sc_isZero
        fclosure8 27: [bytecode sc_isPositive]
        put_var_ref 32: sc_isPositive
        fclosure8 28: [bytecode sc_isNegative]
        put_var_ref 33: sc_isNegative
        fclosure8 29: [bytecode sc_isOdd]
        put_var_ref 34: sc_isOdd
        fclosure8 30: [bytecode sc_isEven]
        put_var_ref 35: sc_isEven
        fclosure8 31: [bytecode sc_plus]
        put_var_ref 38: sc_plus
        fclosure8 32: [bytecode sc_multi]
        put_var_ref 39: sc_multi
        fclosure8 33: [bytecode sc_minus]
        put_var_ref 40: sc_minus
        fclosure8 34: [bytecode sc_div]
        put_var_ref 41: sc_div
        fclosure8 35: [bytecode sc_quotient]
        put_var_ref 43: sc_quotient
        fclosure8 36: [bytecode sc_remainder]
        put_var_ref 44: sc_remainder
        fclosure8 37: [bytecode sc_modulo]
        put_var_ref 45: sc_modulo
        fclosure8 38: [bytecode sc_euclid_gcd]
        put_var_ref 46: sc_euclid_gcd
        fclosure8 39: [bytecode sc_gcd]
        put_var_ref 47: sc_gcd
        fclosure8 40: [bytecode sc_lcm]
        put_var_ref 48: sc_lcm
        fclosure8 41: [bytecode sc_exact2inexact]
        put_var_ref 63: sc_exact2inexact
        fclosure8 42: [bytecode sc_inexact2exact]
        put_var_ref 64: sc_inexact2exact
        fclosure8 43: [bytecode sc_number2jsstring]
        put_var_ref 65: sc_number2jsstring
        fclosure8 44: [bytecode sc_jsstring2number]
        put_var_ref 66: sc_jsstring2number
        fclosure8 45: [bytecode sc_not]
        put_var_ref 67: sc_not
        fclosure8 46: [bytecode sc_isBoolean]
        put_var_ref 68: sc_isBoolean
        fclosure8 47: [bytecode sc_Pair]
        put_var_ref 69: sc_Pair
        fclosure8 52: [bytecode sc_isPair]
        put_var_ref 70: sc_isPair
        fclosure8 53: [bytecode sc_isPairEqual]
        put_var_ref 71: sc_isPairEqual
        fclosure8 54: [bytecode sc_cons]
        put_var_ref 72: sc_cons
        fclosure8 55: [bytecode sc_consStar]
        put_var_ref 73: sc_consStar
        fclosure8 56: [bytecode sc_car]
        put_var_ref 74: sc_car
        fclosure8 57: [bytecode sc_cdr]
        put_var_ref 75: sc_cdr
        fclosure8 58: [bytecode sc_setCarBang]
        put_var_ref 76: sc_setCarBang
        fclosure8 59: [bytecode sc_setCdrBang]
        put_var_ref 77: sc_setCdrBang
        fclosure8 60: [bytecode sc_caar]
        put_var_ref 78: sc_caar
        fclosure8 61: [bytecode sc_cadr]
        put_var_ref 79: sc_cadr
        fclosure8 62: [bytecode sc_cdar]
        put_var_ref 80: sc_cdar
        fclosure8 63: [bytecode sc_cddr]
        put_var_ref 81: sc_cddr
        fclosure8 64: [bytecode sc_caaar]
        put_var_ref 82: sc_caaar
        fclosure8 65: [bytecode sc_cadar]
        put_var_ref 83: sc_cadar
        fclosure8 66: [bytecode sc_caadr]
        put_var_ref 84: sc_caadr
        fclosure8 67: [bytecode sc_caddr]
        put_var_ref 85: sc_caddr
        fclosure8 68: [bytecode sc_cdaar]
        put_var_ref 86: sc_cdaar
        fclosure8 69: [bytecode sc_cdadr]
        put_var_ref 87: sc_cdadr
        fclosure8 70: [bytecode sc_cddar]
        put_var_ref 88: sc_cddar
        fclosure8 71: [bytecode sc_cdddr]
        put_var_ref 89: sc_cdddr
        fclosure8 72: [bytecode sc_caaaar]
        put_var_ref 90: sc_caaaar
        fclosure8 73: [bytecode sc_caadar]
        put_var_ref 91: sc_caadar
        fclosure8 74: [bytecode sc_caaadr]
        put_var_ref 92: sc_caaadr
        fclosure8 75: [bytecode sc_caaddr]
        put_var_ref 93: sc_caaddr
        fclosure8 76: [bytecode sc_cdaaar]
        put_var_ref 94: sc_cdaaar
        fclosure8 77: [bytecode sc_cdadar]
        put_var_ref 95: sc_cdadar
        fclosure8 78: [bytecode sc_cdaadr]
        put_var_ref 96: sc_cdaadr
        fclosure8 79: [bytecode sc_cdaddr]
        put_var_ref 97: sc_cdaddr
        fclosure8 80: [bytecode sc_cadaar]
        put_var_ref 98: sc_cadaar
        fclosure8 81: [bytecode sc_caddar]
        put_var_ref 99: sc_caddar
        fclosure8 82: [bytecode sc_cadadr]
        put_var_ref 100: sc_cadadr
        fclosure8 83: [bytecode sc_cadddr]
        put_var_ref 101: sc_cadddr
        fclosure8 84: [bytecode sc_cddaar]
        put_var_ref 102: sc_cddaar
        fclosure8 85: [bytecode sc_cdddar]
        put_var_ref 103: sc_cdddar
        fclosure8 86: [bytecode sc_cddadr]
        put_var_ref 104: sc_cddadr
        fclosure8 87: [bytecode sc_cddddr]
        put_var_ref 105: sc_cddddr
        fclosure8 88: [bytecode sc_lastPair]
        put_var_ref 106: sc_lastPair
        fclosure8 89: [bytecode sc_isNull]
        put_var_ref 107: sc_isNull
        fclosure8 90: [bytecode sc_isList]
        put_var_ref 108: sc_isList
        fclosure8 91: [bytecode sc_list]
        put_var_ref 109: sc_list
        fclosure8 92: [bytecode sc_iota]
        put_var_ref 110: sc_iota
        fclosure8 93: [bytecode sc_makeList]
        put_var_ref 111: sc_makeList
        fclosure8 94: [bytecode sc_length]
        put_var_ref 112: sc_length
        fclosure8 95: [bytecode sc_remq]
        put_var_ref 113: sc_remq
        fclosure8 96: [bytecode sc_remqBang]
        put_var_ref 114: sc_remqBang
        fclosure8 97: [bytecode sc_delete]
        put_var_ref 115: sc_delete
        fclosure8 98: [bytecode sc_deleteBang]
        put_var_ref 116: sc_deleteBang
        fclosure8 99: [bytecode sc_reverseAppendBang]
        put_var_ref 117: sc_reverseAppendBang
        fclosure8 100: [bytecode sc_dualAppend]
        put_var_ref 118: sc_dualAppend
        fclosure8 101: [bytecode sc_append]
        put_var_ref 119: sc_append
        fclosure8 102: [bytecode sc_dualAppendBang]
        put_var_ref 120: sc_dualAppendBang
        fclosure8 103: [bytecode sc_appendBang]
        put_var_ref 121: sc_appendBang
        fclosure8 104: [bytecode sc_reverse]
        put_var_ref 122: sc_reverse
        fclosure8 105: [bytecode sc_reverseBang]
        put_var_ref 123: sc_reverseBang
        fclosure8 106: [bytecode sc_listTail]
        put_var_ref 124: sc_listTail
        fclosure8 107: [bytecode sc_listRef]
        put_var_ref 125: sc_listRef
        fclosure8 108: [bytecode sc_memq]
        put_var_ref 126: sc_memq
        fclosure8 109: [bytecode sc_memv]
        put_var_ref 127: sc_memv
        fclosure8 110: [bytecode sc_member]
        put_var_ref 128: sc_member
        fclosure8 111: [bytecode sc_assq]
        put_var_ref 129: sc_assq
        fclosure8 112: [bytecode sc_assv]
        put_var_ref 130: sc_assv
        fclosure8 113: [bytecode sc_assoc]
        put_var_ref 131: sc_assoc
        fclosure8 114: [bytecode sc_isCharStringEqual]
        put_var_ref 132: sc_isCharStringEqual
        fclosure8 115: [bytecode sc_isCharStringLess]
        put_var_ref 133: sc_isCharStringLess
        fclosure8 116: [bytecode sc_isCharStringGreater]
        put_var_ref 134: sc_isCharStringGreater
        fclosure8 117: [bytecode sc_isCharStringLessEqual]
        put_var_ref 135: sc_isCharStringLessEqual
        fclosure8 118: [bytecode sc_isCharStringGreaterEqual]
        put_var_ref 136: sc_isCharStringGreaterEqual
        fclosure8 119: [bytecode sc_isCharStringCIEqual]
        put_var_ref 137: sc_isCharStringCIEqual
        fclosure8 120: [bytecode sc_isCharStringCILess]
        put_var_ref 138: sc_isCharStringCILess
        fclosure8 121: [bytecode sc_isCharStringCIGreater]
        put_var_ref 139: sc_isCharStringCIGreater
        fclosure8 122: [bytecode sc_isCharStringCILessEqual]
        put_var_ref 140: sc_isCharStringCILessEqual
        fclosure8 123: [bytecode sc_isCharStringCIGreaterEqual]
        put_var_ref 141: sc_isCharStringCIGreaterEqual
        fclosure8 124: [bytecode sc_Char]
        put_var_ref 142: sc_Char
        fclosure8 127: [bytecode sc_isChar]
        put_var_ref 143: sc_isChar
        fclosure8 128: [bytecode sc_isCharOfClass]
        put_var_ref 158: sc_isCharOfClass
        fclosure8 129: [bytecode sc_isCharAlphabetic]
        put_var_ref 159: sc_isCharAlphabetic
        fclosure8 130: [bytecode sc_isCharNumeric]
        put_var_ref 160: sc_isCharNumeric
        fclosure8 131: [bytecode sc_isCharWhitespace]
        put_var_ref 161: sc_isCharWhitespace
        fclosure8 132: [bytecode sc_isCharUpperCase]
        put_var_ref 162: sc_isCharUpperCase
        fclosure8 133: [bytecode sc_isCharLowerCase]
        put_var_ref 163: sc_isCharLowerCase
        fclosure8 134: [bytecode sc_char2integer]
        put_var_ref 164: sc_char2integer
        fclosure8 135: [bytecode sc_integer2char]
        put_var_ref 165: sc_integer2char
        fclosure8 136: [bytecode sc_charUpcase]
        put_var_ref 166: sc_charUpcase
        fclosure8 137: [bytecode sc_charDowncase]
        put_var_ref 167: sc_charDowncase
        fclosure8 138: [bytecode sc_makeJSStringOfLength]
        put_var_ref 168: sc_makeJSStringOfLength
        fclosure8 139: [bytecode sc_makejsString]
        put_var_ref 169: sc_makejsString
        fclosure8 140: [bytecode sc_jsstring2list]
        put_var_ref 170: sc_jsstring2list
        fclosure8 141: [bytecode sc_list2jsstring]
        put_var_ref 171: sc_list2jsstring
        fclosure8 145: [bytecode sc_isVector]
        put_var_ref 173: sc_isVector
        fclosure8 146: [bytecode sc_isVectorEqual]
        put_var_ref 174: sc_isVectorEqual
        fclosure8 147: [bytecode sc_makeVector]
        put_var_ref 175: sc_makeVector
        fclosure8 148: [bytecode sc_vector]
        put_var_ref 176: sc_vector
        fclosure8 149: [bytecode sc_vectorLength]
        put_var_ref 177: sc_vectorLength
        fclosure8 150: [bytecode sc_vectorRef]
        put_var_ref 178: sc_vectorRef
        fclosure8 151: [bytecode sc_vectorSetBang]
        put_var_ref 179: sc_vectorSetBang
        fclosure8 152: [bytecode sc_vector2list]
        put_var_ref 180: sc_vector2list
        fclosure8 153: [bytecode sc_list2vector]
        put_var_ref 181: sc_list2vector
        fclosure8 154: [bytecode sc_vectorFillBang]
        put_var_ref 182: sc_vectorFillBang
        fclosure8 155: [bytecode sc_copyVector]
        put_var_ref 183: sc_copyVector
        fclosure8 156: [bytecode sc_vectorCopy]
        put_var_ref 184: sc_vectorCopy
        fclosure8 157: [bytecode sc_vectorCopyBang]
        put_var_ref 185: sc_vectorCopyBang
        fclosure8 158: [bytecode sc_isProcedure]
        put_var_ref 186: sc_isProcedure
        fclosure8 159: [bytecode sc_apply]
        put_var_ref 187: sc_apply
        fclosure8 160: [bytecode sc_map]
        put_var_ref 188: sc_map
        fclosure8 161: [bytecode sc_mapBang]
        put_var_ref 189: sc_mapBang
        fclosure8 162: [bytecode sc_forEach]
        put_var_ref 190: sc_forEach
        fclosure8 163: [bytecode sc_filter]
        put_var_ref 191: sc_filter
        fclosure8 164: [bytecode sc_filterBang]
        put_var_ref 192: sc_filterBang
        fclosure8 165: [bytecode sc_filterMap1]
        put_var_ref 193: sc_filterMap1
        fclosure8 166: [bytecode sc_filterMap2]
        put_var_ref 194: sc_filterMap2
        fclosure8 167: [bytecode sc_filterMap]
        put_var_ref 195: sc_filterMap
        fclosure8 168: [bytecode sc_any]
        put_var_ref 196: sc_any
        fclosure8 169: [bytecode sc_anyPred]
        put_var_ref 197: sc_anyPred
        fclosure8 170: [bytecode sc_every]
        put_var_ref 198: sc_every
        fclosure8 171: [bytecode sc_everyPred]
        put_var_ref 199: sc_everyPred
        fclosure8 172: [bytecode sc_force]
        put_var_ref 200: sc_force
        fclosure8 173: [bytecode sc_makePromise]
        put_var_ref 201: sc_makePromise
        fclosure8 174: [bytecode sc_Values]
        put_var_ref 202: sc_Values
        fclosure8 175: [bytecode sc_values]
        put_var_ref 203: sc_values
        fclosure8 176: [bytecode sc_callWithValues]
        put_var_ref 204: sc_callWithValues
        fclosure8 177: [bytecode sc_dynamicWind]
        put_var_ref 205: sc_dynamicWind
        fclosure8 178: [bytecode sc_Struct]
        put_var_ref 206: sc_Struct
        fclosure8 180: [bytecode sc_makeStruct]
        put_var_ref 207: sc_makeStruct
        fclosure8 181: [bytecode sc_isStruct]
        put_var_ref 208: sc_isStruct
        fclosure8 182: [bytecode sc_isStructNamed]
        put_var_ref 209: sc_isStructNamed
        fclosure8 183: [bytecode sc_getStructField]
        put_var_ref 210: sc_getStructField
        fclosure8 184: [bytecode sc_setStructFieldBang]
        put_var_ref 211: sc_setStructFieldBang
        fclosure8 185: [bytecode sc_bitNot]
        put_var_ref 212: sc_bitNot
        fclosure8 186: [bytecode sc_bitAnd]
        put_var_ref 213: sc_bitAnd
        fclosure8 187: [bytecode sc_bitOr]
        put_var_ref 214: sc_bitOr
        fclosure8 188: [bytecode sc_bitXor]
        put_var_ref 215: sc_bitXor
        fclosure8 189: [bytecode sc_bitLsh]
        put_var_ref 216: sc_bitLsh
        fclosure8 190: [bytecode sc_bitRsh]
        put_var_ref 217: sc_bitRsh
        fclosure8 191: [bytecode sc_bitUrsh]
        put_var_ref 218: sc_bitUrsh
        fclosure8 192: [bytecode sc_jsField]
        put_var_ref 219: sc_jsField
        fclosure8 193: [bytecode sc_setJsFieldBang]
        put_var_ref 220: sc_setJsFieldBang
        fclosure8 194: [bytecode sc_deleteJsFieldBang]
        put_var_ref 221: sc_deleteJsFieldBang
        fclosure8 195: [bytecode sc_jsCall]
        put_var_ref 222: sc_jsCall
        fclosure8 196: [bytecode sc_jsMethodCall]
        put_var_ref 223: sc_jsMethodCall
        fclosure8 197: [bytecode sc_jsNew]
        put_var_ref 224: sc_jsNew
        fclosure8 198: [bytecode sc_pregexp]
        put_var_ref 225: sc_pregexp
        fclosure8 199: [bytecode sc_pregexpMatch]
        put_var_ref 226: sc_pregexpMatch
        fclosure8 200: [bytecode sc_pregexpReplace]
        put_var_ref 227: sc_pregexpReplace
        fclosure8 201: [bytecode sc_pregexpReplaceAll]
        put_var_ref 228: sc_pregexpReplaceAll
        fclosure8 202: [bytecode sc_pregexpSplit]
        put_var_ref 229: sc_pregexpSplit
        fclosure8 203: [bytecode sc_random]
        put_var_ref 230: sc_random
        fclosure8 204: [bytecode sc_currentDate]
        put_var_ref 231: sc_currentDate
        fclosure8 205: [bytecode sc_Hashtable]
        put_var_ref 232: sc_Hashtable
        fclosure8 207: [bytecode sc_HashtableElement]
        put_var_ref 233: sc_HashtableElement
        fclosure8 208: [bytecode sc_makeHashtable]
        put_var_ref 234: sc_makeHashtable
        fclosure8 209: [bytecode sc_hashtablePutBang]
        put_var_ref 235: sc_hashtablePutBang
        fclosure8 210: [bytecode sc_hashtableGet]
        put_var_ref 236: sc_hashtableGet
        fclosure8 211: [bytecode sc_hashtableForEach]
        put_var_ref 237: sc_hashtableForEach
        fclosure8 212: [bytecode sc_hashtableContains]
        put_var_ref 238: sc_hashtableContains
        fclosure8 213: [bytecode sc_hash]
        put_var_ref 240: sc_hash
        fclosure8 214: [bytecode sc_counterHash]
        put_var_ref 241: sc_counterHash
        fclosure8 215: [bytecode sc_Trampoline]
        put_var_ref 242: sc_Trampoline
        fclosure8 217: [bytecode sc_bindExitLambda]
        put_var_ref 243: sc_bindExitLambda
        fclosure8 218: [bytecode sc_BindExitException]
        put_var_ref 244: sc_BindExitException
        fclosure8 219: [bytecode sc_EOF]
        put_var_ref 247: sc_EOF
        fclosure8 220: [bytecode sc_Port]
        put_var_ref 249: sc_Port
        fclosure8 221: [bytecode sc_InputPort]
        put_var_ref 250: sc_InputPort
        fclosure8 226: [bytecode sc_ErrorInputPort]
        put_var_ref 251: sc_ErrorInputPort
        fclosure8 229: [bytecode sc_StringInputPort]
        put_var_ref 252: sc_StringInputPort
        fclosure8 231: [bytecode sc_Token]
        put_var_ref 253: sc_Token
        fclosure8 232: [bytecode sc_Tokenizer]
        put_var_ref 255: sc_Tokenizer
        fclosure8 236: [bytecode sc_Reader]
        put_var_ref 256: sc_Reader
        fclosure8 238: [bytecode sc_read]
        put_var_ref 257: sc_read
        fclosure8 239: [bytecode sc_readChar]
        put_var_ref 258: sc_readChar
        fclosure8 240: [bytecode sc_peekChar]
        put_var_ref 259: sc_peekChar
        fclosure8 241: [bytecode sc_isCharReady]
        put_var_ref 260: sc_isCharReady
        fclosure8 242: [bytecode sc_closeInputPort]
        put_var_ref 261: sc_closeInputPort
        fclosure8 243: [bytecode sc_isInputPort]
        put_var_ref 262: sc_isInputPort
        fclosure8 244: [bytecode sc_isEOFObject]
        put_var_ref 263: sc_isEOFObject
        fclosure8 245: [bytecode sc_currentInputPort]
        put_var_ref 264: sc_currentInputPort
        fclosure8 246: [bytecode sc_callWithInputFile]
        put_var_ref 265: sc_callWithInputFile
        fclosure8 247: [bytecode sc_callWithOutputFile]
        put_var_ref 266: sc_callWithOutputFile
        fclosure8 248: [bytecode sc_withInputFromFile]
        put_var_ref 267: sc_withInputFromFile
        fclosure8 249: [bytecode sc_withOutputToFile]
        put_var_ref 268: sc_withOutputToFile
        fclosure8 250: [bytecode sc_openInputFile]
        put_var_ref 269: sc_openInputFile
        fclosure8 251: [bytecode sc_openOutputFile]
        put_var_ref 270: sc_openOutputFile
        fclosure8 252: [bytecode sc_basename]
        put_var_ref 271: sc_basename
        fclosure8 253: [bytecode sc_dirname]
        put_var_ref 272: sc_dirname
        fclosure8 254: [bytecode sc_withInputFromPort]
        put_var_ref 273: sc_withInputFromPort
        fclosure8 255: [bytecode sc_withInputFromString]
        put_var_ref 274: sc_withInputFromString
        fclosure 256: [bytecode sc_withOutputToPort]
        put_var_ref 275: sc_withOutputToPort
        fclosure 257: [bytecode sc_withOutputToString]
        put_var_ref 276: sc_withOutputToString
        fclosure 258: [bytecode sc_withOutputToProcedure]
        put_var_ref 277: sc_withOutputToProcedure
        fclosure 259: [bytecode sc_openOutputString]
        put_var_ref 278: sc_openOutputString
        fclosure 260: [bytecode sc_openInputString]
        put_var_ref 279: sc_openInputString
        fclosure 261: [bytecode sc_OutputPort]
        put_var_ref 280: sc_OutputPort
        fclosure 264: [bytecode sc_StringOutputPort]
        put_var_ref 281: sc_StringOutputPort
        fclosure 267: [bytecode sc_getOutputString]
        put_var_ref 282: sc_getOutputString
        fclosure 268: [bytecode sc_ErrorOutputPort]
        put_var_ref 283: sc_ErrorOutputPort
        fclosure 271: [bytecode sc_GenericOutputPort]
        put_var_ref 284: sc_GenericOutputPort
        fclosure 272: [bytecode sc_isOutputPort]
        put_var_ref 285: sc_isOutputPort
        fclosure 273: [bytecode sc_closeOutputPort]
        put_var_ref 286: sc_closeOutputPort
        fclosure 274: [bytecode sc_write]
        put_var_ref 287: sc_write
        fclosure 275: [bytecode sc_toWriteString]
        put_var_ref 288: sc_toWriteString
        fclosure 276: [bytecode sc_escapeWriteString]
        put_var_ref 289: sc_escapeWriteString
        fclosure 277: [bytecode sc_display]
        put_var_ref 290: sc_display
        fclosure 278: [bytecode sc_toDisplayString]
        put_var_ref 291: sc_toDisplayString
        fclosure 279: [bytecode sc_newline]
        put_var_ref 292: sc_newline
        fclosure 280: [bytecode sc_writeChar]
        put_var_ref 293: sc_writeChar
        fclosure 281: [bytecode sc_writeCircle]
        put_var_ref 294: sc_writeCircle
        fclosure 282: [bytecode sc_toWriteCircleString]
        put_var_ref 295: sc_toWriteCircleString
        fclosure 283: [bytecode sc_prepWriteCircle]
        put_var_ref 296: sc_prepWriteCircle
        fclosure 284: [bytecode sc_genToWriteCircleString]
        put_var_ref 297: sc_genToWriteCircleString
        fclosure 287: [bytecode sc_print]
        put_var_ref 298: sc_print
        fclosure 288: [bytecode sc_format]
        put_var_ref 299: sc_format
        fclosure 289: [bytecode sc_jsstring2string]
        put_var_ref 305: sc_jsstring2string
        fclosure 290: [bytecode sc_jsstring2symbol]
        put_var_ref 306: sc_jsstring2symbol
        fclosure 291: [bytecode sc_string2jsstring]
        put_var_ref 307: sc_string2jsstring
        fclosure 292: [bytecode sc_symbol2jsstring]
        put_var_ref 308: sc_symbol2jsstring
        fclosure 293: [bytecode sc_keyword2jsstring]
        put_var_ref 309: sc_keyword2jsstring
        fclosure 294: [bytecode sc_jsstring2keyword]
        put_var_ref 310: sc_jsstring2keyword
        fclosure 295: [bytecode sc_isKeyword]
        put_var_ref 311: sc_isKeyword
        fclosure 297: [bytecode sc_isEqual]
        put_var_ref 313: sc_isEqual
        fclosure 298: [bytecode sc_number2symbol]
        put_var_ref 314: sc_number2symbol
        fclosure 299: [bytecode sc_symbol2number]
        put_var_ref 316: sc_symbol2number
        fclosure 300: [bytecode sc_string2integer]
        put_var_ref 318: sc_string2integer
        fclosure 301: [bytecode sc_string2real]
        put_var_ref 319: sc_string2real
        fclosure 302: [bytecode sc_isSymbol]
        put_var_ref 320: sc_isSymbol
        fclosure 303: [bytecode sc_symbol2string]
        put_var_ref 321: sc_symbol2string
        fclosure 304: [bytecode sc_string2symbol]
        put_var_ref 322: sc_string2symbol
        fclosure 305: [bytecode sc_symbolAppend]
        put_var_ref 323: sc_symbolAppend
        fclosure 306: [bytecode sc_char2string]
        put_var_ref 324: sc_char2string
        fclosure 307: [bytecode sc_char2symbol]
        put_var_ref 325: sc_char2symbol
        fclosure 308: [bytecode sc_isString]
        put_var_ref 326: sc_isString
        fclosure 309: [bytecode sc_string]
        put_var_ref 328: sc_string
        fclosure 310: [bytecode sc_stringLength]
        put_var_ref 329: sc_stringLength
        fclosure 311: [bytecode sc_stringRef]
        put_var_ref 330: sc_stringRef
        fclosure 312: [bytecode sc_isStringEqual]
        put_var_ref 331: sc_isStringEqual
        fclosure 313: [bytecode sc_isStringLess]
        put_var_ref 332: sc_isStringLess
        fclosure 314: [bytecode sc_isStringGreater]
        put_var_ref 333: sc_isStringGreater
        fclosure 315: [bytecode sc_isStringLessEqual]
        put_var_ref 334: sc_isStringLessEqual
        fclosure 316: [bytecode sc_isStringGreaterEqual]
        put_var_ref 335: sc_isStringGreaterEqual
        fclosure 317: [bytecode sc_isStringCIEqual]
        put_var_ref 336: sc_isStringCIEqual
        fclosure 318: [bytecode sc_isStringCILess]
        put_var_ref 337: sc_isStringCILess
        fclosure 319: [bytecode sc_isStringCIGreater]
        put_var_ref 338: sc_isStringCIGreater
        fclosure 320: [bytecode sc_isStringCILessEqual]
        put_var_ref 339: sc_isStringCILessEqual
        fclosure 321: [bytecode sc_isStringCIGreaterEqual]
        put_var_ref 340: sc_isStringCIGreaterEqual
        fclosure 322: [bytecode sc_substring]
        put_var_ref 341: sc_substring
        fclosure 323: [bytecode sc_isSubstring_at]
        put_var_ref 342: sc_isSubstring_at
        fclosure 324: [bytecode sc_stringAppend]
        put_var_ref 343: sc_stringAppend
        fclosure 325: [bytecode sc_stringCopy]
        put_var_ref 346: sc_stringCopy
        fclosure 326: [bytecode sc_keyword2string]
        put_var_ref 347: sc_keyword2string
        fclosure 327: [bytecode sc_string2keyword]
        put_var_ref 348: sc_string2keyword
        fclosure 356: [bytecode RunBenchmark]
        put_var_ref 382: RunBenchmark
        return_undef
 1674:  get_var_ref_check 1: BenchmarkSuite
        dup
        push_atom_value EarleyBoyer
        push_i32 666463
        array_from 1
        get_var_ref_check 0: Benchmark
        dup
        push_atom_value Earley
        push_true
        push_false
        push_i16 2500
        fclosure8 0: [bytecode <null>]
        call_constructor 5
        get_var_ref_check 0: Benchmark
        dup
        push_atom_value Boyer
        push_true
        push_false
        push_i16 200
        fclosure8 1: [bytecode <null>]
        call_constructor 5
        array_from 2
        call_constructor 3
        put_var_ref2 2: EarleyBoyer
        get_loc0 0: this
        put_var_ref 4: sc_JS_GLOBALS
        push_minus1 -1
        put_var_ref 5: __sc_LINE
        push_empty_string
        put_var_ref 6: __sc_FILE
        get_var Object
        dup
        call_constructor 0
        put_var_ref 12: sc_properties
        get_var Math
        get_field max
        put_var_ref 36: sc_max
        get_var Math
        get_field min
        put_var_ref 37: sc_min
        get_var Math
        get_field abs
        put_var_ref 42: sc_abs
        get_var Math
        get_field floor
        put_var_ref 49: sc_floor
        get_var Math
        get_field ceil
        put_var_ref 50: sc_ceiling
        get_var parseInt
        put_var_ref 51: sc_truncate
        get_var Math
        get_field round
        put_var_ref 52: sc_round
        get_var Math
        get_field exp
        put_var_ref 53: sc_exp
        get_var Math
        get_field log
        put_var_ref 54: sc_log
        get_var Math
        get_field sin
        put_var_ref 55: sc_sin
        get_var Math
        get_field cos
        put_var_ref 56: sc_cos
        get_var Math
        get_field tan
        put_var_ref 57: sc_tan
        get_var Math
        get_field asin
        put_var_ref 58: sc_asin
        get_var Math
        get_field acos
        put_var_ref 59: sc_acos
        get_var Math
        get_field atan
        put_var_ref 60: sc_atan
        get_var Math
        get_field sqrt
        put_var_ref 61: sc_sqrt
        get_var Math
        get_field pow
        put_var_ref 62: sc_expt
        get_var_ref 69: sc_Pair
        get_field prototype
        fclosure8 48: [bytecode <null>]
        put_field toString
        get_var_ref 69: sc_Pair
        get_field prototype
        fclosure8 49: [bytecode <null>]
        put_field sc_toWriteOrDisplayString
        get_var_ref 69: sc_Pair
        get_field prototype
        fclosure8 50: [bytecode <null>]
        put_field sc_toDisplayString
        get_var_ref 69: sc_Pair
        get_field prototype
        fclosure8 51: [bytecode <null>]
        put_field sc_toWriteString
        get_var_ref 142: sc_Char
        get_var Object
        dup
        call_constructor 0
        put_field lazy
        get_var_ref 142: sc_Char
        object
        push_atom_value "#\\null"
        define_field "\\000"
        push_atom_value "#\\bell"
        define_field "\\007"
        push_atom_value "#\\backspace"
        define_field "\\010"
        push_atom_value "#\\tab"
        define_field "\\011"
        push_atom_value "#\\newline"
        define_field "\\012"
        push_atom_value "#\\page"
        define_field "\\014"
        push_atom_value "#\\return"
        define_field "\\015"
        push_atom_value "#\\escape"
        define_field "\\033"
        push_atom_value "#\\space"
        define_field "\\040"
        push_atom_value "#\\delete"
        define_field "\\177"
        push_atom_value "#\\soh"
        define_field "\\001"
        push_atom_value "#\\stx"
        define_field "\\002"
        push_atom_value "#\\etx"
        define_field "\\003"
        push_atom_value "#\\eot"
        define_field "\\004"
        push_atom_value "#\\enq"
        define_field "\\005"
        push_atom_value "#\\ack"
        define_field "\\006"
        push_atom_value "#\\vt"
        define_field "\\013"
        push_atom_value "#\\so"
        define_field "\\016"
        push_atom_value "#\\si"
        define_field "\\017"
        push_atom_value "#\\dle"
        define_field "\\020"
        push_atom_value "#\\dc1"
        define_field "\\021"
        push_atom_value "#\\dc2"
        define_field "\\022"
        push_atom_value "#\\dc3"
        define_field "\\023"
        push_atom_value "#\\dc4"
        define_field "\\024"
        push_atom_value "#\\nak"
        define_field "\\025"
        push_atom_value "#\\syn"
        define_field "\\026"
        push_atom_value "#\\etb"
        define_field "\\027"
        push_atom_value "#\\can"
        define_field "\\030"
        push_atom_value "#\\em"
        define_field "\\031"
        push_atom_value "#\\sub"
        define_field "\\032"
        push_atom_value "#\\esc"
        define_field "\\033"
        push_atom_value "#\\fs"
        define_field "\\034"
        push_atom_value "#\\gs"
        define_field "\\035"
        push_atom_value "#\\rs"
        define_field "\\036"
        push_atom_value "#\\us"
        define_field "\\037"
        put_field char2readable
        get_var_ref 142: sc_Char
        object
        push_atom_value "\\000"
        define_field null
        push_atom_value "\\007"
        define_field bell
        push_atom_value "\\010"
        define_field backspace
        push_atom_value "\\011"
        define_field tab
        push_atom_value "\\012"
        define_field newline
        push_atom_value "\\014"
        define_field page
        push_atom_value "\\015"
        define_field return
        push_atom_value "\\033"
        define_field escape
        push_atom_value "\\040"
        define_field space
        push_atom_value "\\000"
        define_field delete
        push_atom_value "\\001"
        define_field soh
        push_atom_value "\\002"
        define_field stx
        push_atom_value "\\003"
        define_field etx
        push_atom_value "\\004"
        define_field eot
        push_atom_value "\\005"
        define_field enq
        push_atom_value "\\006"
        define_field ack
        push_atom_value "\\007"
        define_field bel
        push_atom_value "\\010"
        define_field bs
        push_atom_value "\\011"
        define_field ht
        push_atom_value "\\012"
        define_field nl
        push_atom_value "\\013"
        define_field vt
        push_atom_value "\\014"
        define_field np
        push_atom_value "\\015"
        define_field cr
        push_atom_value "\\016"
        define_field so
        push_atom_value "\\017"
        define_field si
        push_atom_value "\\020"
        define_field dle
        push_atom_value "\\021"
        define_field dc1
        push_atom_value "\\022"
        define_field dc2
        push_atom_value "\\023"
        define_field dc3
        push_atom_value "\\024"
        define_field dc4
        push_atom_value "\\025"
        define_field nak
        push_atom_value "\\026"
        define_field syn
        push_atom_value "\\027"
        define_field etb
        push_atom_value "\\030"
        define_field can
        push_atom_value "\\031"
        define_field em
        push_atom_value "\\032"
        define_field sub
        push_atom_value "\\033"
        define_field esc
        push_atom_value "\\034"
        define_field fs
        push_atom_value "\\035"
        define_field gs
        push_atom_value "\\036"
        define_field rs
        push_atom_value "\\037"
        define_field us
        push_atom_value "\\040"
        define_field sp
        push_atom_value "\\177"
        define_field del
        put_field readable2char
        get_var_ref 142: sc_Char
        get_field prototype
        fclosure8 125: [bytecode <null>]
        put_field toString
        get_var_ref 142: sc_Char
        get_field prototype
        fclosure8 126: [bytecode <null>]
        put_field sc_toWriteString
        get_var_ref 132: sc_isCharStringEqual
        put_var_ref 144: sc_isCharEqual
        get_var_ref 133: sc_isCharStringLess
        put_var_ref 145: sc_isCharLess
        get_var_ref 134: sc_isCharStringGreater
        put_var_ref 146: sc_isCharGreater
        get_var_ref 135: sc_isCharStringLessEqual
        put_var_ref 147: sc_isCharLessEqual
        get_var_ref 136: sc_isCharStringGreaterEqual
        put_var_ref 148: sc_isCharGreaterEqual
        get_var_ref 137: sc_isCharStringCIEqual
        put_var_ref 149: sc_isCharCIEqual
        get_var_ref 138: sc_isCharStringCILess
        put_var_ref 150: sc_isCharCILess
        get_var_ref 139: sc_isCharStringCIGreater
        put_var_ref 151: sc_isCharCIGreater
        get_var_ref 140: sc_isCharStringCILessEqual
        put_var_ref 152: sc_isCharCILessEqual
        get_var_ref 141: sc_isCharStringCIGreaterEqual
        put_var_ref 153: sc_isCharCIGreaterEqual
        push_atom_value "0123456789"
        put_var_ref 154: SC_NUMBER_CLASS
        push_atom_value " \u000d\n\u0009\u000c"
        put_var_ref 155: SC_WHITESPACE_CLASS
        push_atom_value abcdefghijklmnopqrstuvwxyz
        put_var_ref 156: SC_LOWER_CLASS
        push_atom_value ABCDEFGHIJKLMNOPQRSTUVWXYZ
        put_var_ref 157: SC_UPPER_CLASS
        get_var Array
        set_var_ref 172: sc_Vector
        get_field prototype
        fclosure8 142: [bytecode <null>]
        put_field sc_toWriteOrDisplayString
        get_var_ref 172: sc_Vector
        get_field prototype
        fclosure8 143: [bytecode <null>]
        put_field sc_toDisplayString
        get_var_ref 172: sc_Vector
        get_field prototype
        fclosure8 144: [bytecode <null>]
        put_field sc_toWriteString
        get_var_ref 206: sc_Struct
        get_field prototype
        fclosure8 179: [bytecode <null>]
        put_field sc_toDisplayString
        get_var_ref 206: sc_Struct
        get_field prototype
        get_var_ref 206: sc_Struct
        get_field prototype
        get_field sc_toDisplayString
        put_field sc_toWriteString
        get_var_ref 232: sc_Hashtable
        get_field prototype
        fclosure8 206: [bytecode <null>]
        put_field toString
        push_0 0
        put_var_ref 239: SC_HASH_COUNTER
        get_var_ref 242: sc_Trampoline
        get_field prototype
        fclosure8 216: [bytecode <null>]
        put_field restart
        get_var Object
        dup
        call_constructor 0
        put_var_ref 245: SC_SCM2JS_GLOBALS
        get_var Object
        dup
        call_constructor 0
        put_var_ref 246: SC_TAIL_OBJECT
        get_var_ref 245: SC_SCM2JS_GLOBALS
        get_var_ref 246: SC_TAIL_OBJECT
        put_field TAIL_OBJECT
        get_var_ref 247: sc_EOF
        dup
        call_constructor 0
        put_var_ref 248: SC_EOF_OBJECT
        get_var_ref 250: sc_InputPort
        get_var_ref 249: sc_Port
        dup
        call_constructor 0
        put_field prototype
        get_var_ref 250: sc_InputPort
        get_field prototype
        fclosure8 222: [bytecode <null>]
        put_field peekChar
        get_var_ref 250: sc_InputPort
        get_field prototype
        fclosure8 223: [bytecode <null>]
        put_field readChar
        get_var_ref 250: sc_InputPort
        get_field prototype
        fclosure8 224: [bytecode <null>]
        put_field isCharReady
        get_var_ref 250: sc_InputPort
        get_field prototype
        fclosure8 225: [bytecode <null>]
        put_field close
        get_var_ref 251: sc_ErrorInputPort
        get_var_ref 250: sc_InputPort
        dup
        call_constructor 0
        put_field prototype
        get_var_ref 251: sc_ErrorInputPort
        get_field prototype
        fclosure8 227: [bytecode <null>]
        put_field getNextChar
        get_var_ref 251: sc_ErrorInputPort
        get_field prototype
        fclosure8 228: [bytecode <null>]
        put_field isCharReady
        get_var_ref 252: sc_StringInputPort
        get_var_ref 250: sc_InputPort
        dup
        call_constructor 0
        put_field prototype
        get_var_ref 252: sc_StringInputPort
        get_field prototype
        fclosure8 230: [bytecode <null>]
        put_field getNextChar
        get_var_ref 253: sc_Token
        push_0 0
        put_field EOF
        get_var_ref 253: sc_Token
        push_1 1
        put_field OPEN_PAR
        get_var_ref 253: sc_Token
        push_2 2
        put_field CLOSE_PAR
        get_var_ref 253: sc_Token
        push_3 3
        put_field OPEN_BRACE
        get_var_ref 253: sc_Token
        push_4 4
        put_field CLOSE_BRACE
        get_var_ref 253: sc_Token
        push_5 5
        put_field OPEN_BRACKET
        get_var_ref 253: sc_Token
        push_6 6
        put_field CLOSE_BRACKET
        get_var_ref 253: sc_Token
        push_7 7
        put_field WHITESPACE
        get_var_ref 253: sc_Token
        push_i8 8
        put_field QUOTE
        get_var_ref 253: sc_Token
        push_i8 9
        put_field ID
        get_var_ref 253: sc_Token
        push_i8 10
        put_field DOT
        get_var_ref 253: sc_Token
        push_i8 11
        put_field STRING
        get_var_ref 253: sc_Token
        push_i8 12
        put_field NUMBER
        get_var_ref 253: sc_Token
        push_i8 13
        put_field ERROR
        get_var_ref 253: sc_Token
        push_i8 14
        put_field VECTOR_BEGIN
        get_var_ref 253: sc_Token
        push_i8 15
        put_field TRUE
        get_var_ref 253: sc_Token
        push_i8 16
        put_field FALSE
        get_var_ref 253: sc_Token
        push_i8 17
        put_field UNSPECIFIED
        get_var_ref 253: sc_Token
        push_i8 18
        put_field REFERENCE
        get_var_ref 253: sc_Token
        push_i8 19
        put_field STORE
        get_var_ref 253: sc_Token
        push_i8 20
        put_field CHAR
        get_var_ref 156: SC_LOWER_CLASS
        get_var_ref 157: SC_UPPER_CLASS
        add
        push_atom_value "!$%*+-./:<=>?@^_~"
        add
        put_var_ref 254: SC_ID_CLASS
        get_var_ref 255: sc_Tokenizer
        get_field prototype
        fclosure8 233: [bytecode <null>]
        put_field peekToken
        get_var_ref 255: sc_Tokenizer
        get_field prototype
        fclosure8 234: [bytecode <null>]
        put_field readToken
        get_var_ref 255: sc_Tokenizer
        get_field prototype
        fclosure8 235: [bytecode <null>]
        put_field nextToken
        get_var_ref 256: sc_Reader
        get_field prototype
        fclosure8 237: [bytecode <null>]
        put_field read
        get_var_ref 280: sc_OutputPort
        get_var_ref 249: sc_Port
        dup
        call_constructor 0
        put_field prototype
        get_var_ref 280: sc_OutputPort
        get_field prototype
        fclosure 262: [bytecode <null>]
        put_field appendJSString
        get_var_ref 280: sc_OutputPort
        get_field prototype
        fclosure 263: [bytecode <null>]
        put_field close
        get_var_ref 281: sc_StringOutputPort
        get_var_ref 280: sc_OutputPort
        dup
        call_constructor 0
        put_field prototype
        get_var_ref 281: sc_StringOutputPort
        get_field prototype
        fclosure 265: [bytecode <null>]
        put_field appendJSString
        get_var_ref 281: sc_StringOutputPort
        get_field prototype
        fclosure 266: [bytecode <null>]
        put_field close
        get_var_ref 283: sc_ErrorOutputPort
        get_var_ref 280: sc_OutputPort
        dup
        call_constructor 0
        put_field prototype
        get_var_ref 283: sc_ErrorOutputPort
        get_field prototype
        fclosure 269: [bytecode <null>]
        put_field appendJSString
        get_var_ref 283: sc_ErrorOutputPort
        get_field prototype
        fclosure 270: [bytecode <null>]
        put_field close
        get_var_ref 284: sc_GenericOutputPort
        get_var_ref 280: sc_OutputPort
        dup
        call_constructor 0
        put_field prototype
        get_var_ref 69: sc_Pair
        get_field prototype
        fclosure 285: [bytecode <null>]
        put_field sc_toWriteCircleString
        get_var_ref 172: sc_Vector
        get_field prototype
        fclosure 286: [bytecode <null>]
        put_field sc_toWriteCircleString
        get_var_ref 251: sc_ErrorInputPort
        dup
        call_constructor 0
        put_var_ref 300: SC_DEFAULT_IN
        get_var_ref 283: sc_ErrorOutputPort
        dup
        call_constructor 0
        put_var_ref 301: SC_DEFAULT_OUT
        get_var_ref 283: sc_ErrorOutputPort
        dup
        call_constructor 0
        put_var_ref 302: SC_ERROR_OUT
        push_atom_value "\u1e9c"
        put_var_ref 303: sc_SYMBOL_PREFIX
        push_atom_value "\u1e9d"
        put_var_ref 304: sc_KEYWORD_PREFIX
        fclosure 296: [bytecode <null>]
        call0 0
        put_var_ref 312: sc_gensym
        get_var_ref 65: sc_number2jsstring
        put_var_ref 315: sc_number2string
        get_var_ref 66: sc_jsstring2number
        put_var_ref 317: sc_string2number
        get_var_ref 169: sc_makejsString
        put_var_ref 327: sc_makeString
        get_var_ref 170: sc_jsstring2list
        put_var_ref 344: sc_string2list
        get_var_ref 171: sc_list2jsstring
        put_var_ref 345: sc_list2string
        get_var String
        get_field prototype
        fclosure 328: [bytecode <null>]
        put_field sc_toDisplayString
        get_var String
        get_field prototype
        fclosure 329: [bytecode <null>]
        put_field sc_toWriteString
        get_var_ref 69: sc_Pair
        dup
        push_atom_value "\u1e9cimplies"
        get_var_ref 69: sc_Pair
        dup
        get_var_ref 69: sc_Pair
        dup
        push_atom_value "\u1e9cand"
        get_var_ref 69: sc_Pair
        dup
        get_var_ref 69: sc_Pair
        dup
        push_atom_value "\u1e9cimplies"
        get_var_ref 69: sc_Pair
        dup
        push_atom_value "\u1e9cx"
        get_var_ref 69: sc_Pair
        dup
        push_atom_value "\u1e9cy"
        null
        call_constructor 2
        call_constructor 2
        call_constructor 2
        get_var_ref 69: sc_Pair
        dup
        get_var_ref 69: sc_Pair
        dup
        push_atom_value "\u1e9cand"
        get_var_ref 69: sc_Pair
        dup
        get_var_ref 69: sc_Pair
        dup
        push_atom_value "\u1e9cimplies"
        get_var_ref 69: sc_Pair
        dup
        push_atom_value "\u1e9cy"
        get_var_ref 69: sc_Pair
        dup
        push_atom_value "\u1e9cz"
        null
        call_constructor 2
        call_constructor 2
        call_constructor 2
        get_var_ref 69: sc_Pair
        dup
        get_var_ref 69: sc_Pair
        dup
        push_atom_value "\u1e9cand"
        get_var_ref 69: sc_Pair
        dup
        get_var_ref 69: sc_Pair
        dup
        push_atom_value "\u1e9cimplies"
        get_var_ref 69: sc_Pair
        dup
        push_atom_value "\u1e9cz"
        get_var_ref 69: sc_Pair
        dup
        push_atom_value "\u1e9cu"
        null
        call_constructor 2
        call_constructor 2
        call_constructor 2
        get_var_ref 69: sc_Pair
        dup
        get_var_ref 69: sc_Pair
        dup
        push_atom_value "\u1e9cimplies"
        get_var_ref 69: sc_Pair
        dup
        push_atom_value "\u1e9cu"
        get_var_ref 69: sc_Pair
        dup
        push_atom_value "\u1e9cw"
        null
        call_constructor 2
        call_constructor 2
        call_constructor 2
        null
        call_constructor 2
        call_constructor 2
        call_constructor 2
        null
        call_constructor 2
        call_constructor 2
        call_constructor 2
        null
        call_constructor 2
        call_constructor 2
        call_constructor 2
        get_var_ref 69: sc_Pair
        dup
        get_var_ref 69: sc_Pair
        dup
        push_atom_value "\u1e9cimplies"
        get_var_ref 69: sc_Pair
        dup
        push_atom_value "\u1e9cx"
        get_var_ref 69: sc_Pair
        dup
        push_atom_value "\u1e9cw"
        null
        call_constructor 2
        call_constructor 2
        call_constructor 2
        null
        call_constructor 2
        call_constructor 2
        call_constructor 2
        put_var_ref 374: sc_const_4_nboyer
        get_var_ref 109: sc_list
        get_var_ref 69: sc_Pair
        dup
        push_atom_value "\u1e9cequal"
        get_var_ref 69: sc_Pair
        dup
        get_var_ref 69: sc_Pair
        dup
        push_atom_value "\u1e9ccompile"
        get_var_ref 69: sc_Pair
        dup
        push_atom_value "\u1e9cform"
        null
        call_constructor 2
        call_constructor 2
        get_var_ref 69: sc_Pair
        dup
        get_var_ref 69: sc_Pair
        dup
        push_atom_value "\u1e9creverse"
        get_var_ref 69: sc_Pair
        dup
        get_var_ref 69: sc_Pair
        dup
        push_atom_value "\u1e9ccodegen"
        get_var_ref 69: sc_Pair
        dup
        get_var_ref 69: sc_Pair
        dup
        push_atom_value "\u1e9coptimize"
        get_var_ref 69: sc_Pair
        dup
        push_atom_value "\u1e9cform"
        null
        call_constructor 2
        call_constructor 2
        get_var_ref 69: sc_Pair
        dup
        get_var_ref 69: sc_Pair
        dup
        push_atom_value "\u1e9cnil"
        null
        call_constructor 2
        null
        call_constructor 2
        call_constructor 2
        call_constructor 2
        null
        call_constructor 2
        call_constructor 2
        null
        call_constructor 2
        call_constructor 2
        call_constructor 2
        get_var_ref 69: sc_Pair
        dup
        push_atom_value "\u1e9cequal"
        get_var_ref 69: sc_Pair
        dup
        get_var_ref 69: sc_Pair
        dup
        push_atom_value "\u1e9ceqp"
        get_var_ref 69: sc_Pair
        dup
        push_atom_value "\u1e9cx"
        get_var_ref 69: sc_Pair
        dup
        push_atom_value "\u1e9cy"
        null
        call_constructor 2
        call_constructor 2
        call_constructor 2
        get_var_ref 69: sc_Pair
        dup
        get_var_ref 69: sc_Pair
        dup
        push_atom_value "\u1e9cequal"
        get_var_ref 69: sc_Pair
        dup
        get_var_ref 69: sc_Pair
        dup
        push_atom_value "\u1e9cfix"
        get_var_ref 69: sc_Pair
        dup
        push_atom_value "\u1e9cx"
        null
        call_constructor 2
        call_constructor 2
        get_var_ref 69: sc_Pair
        dup
        get_var_ref 69: sc_Pair
        dup
        push_atom_value "\u1e9cfix"
        get_var_ref 69: sc_Pair
        dup
        push_atom_value "\u1e9cy"
        null
        call_constructor 2
        call_constructor 2
        null
        call_constructor 2
        call_constructor 2
        call_constructor 2
        null
        call_constructor 2
        call_constructor 2
        call_constructor 2
        get_var_ref 69: sc_Pair
        dup
        push_atom_value "\u1e9cequal"
        get_var_ref 69: sc_Pair
        dup
        get_var_ref 69: sc_Pair
        dup
        push_atom_value "\u1e9cgreaterp"
        get_var_ref 69: sc_Pair
        dup
        push_atom_value "\u1e9cx"
        get_var_ref 69: sc_Pair
        dup
        push_atom_value "\u1e9cy"
        null
        call_constructor 2
        call_constructor 2
        call_constructor 2
        get_var_ref 69: sc_Pair
        dup
        get_var_ref 69: sc_Pair
        dup
        push_atom_value "\u1e9clessp"
        get_var_ref 69: sc_Pair
        dup
        push_atom_value "\u1e9cy"
        get_var_ref 69: sc_Pair
        dup
        push_atom_value "\u1e9cx"
        null
        call_constructor 2
        call_constructor 2
        call_constructor 2
        null
        call_constructor 2
        call_constructor 2
        call_constructor 2
        get_var_ref 69: sc_Pair
        dup
        push_atom_value "\u1e9cequal"
        get_var_ref 69: sc_Pair
        dup
        get_var_ref 69: sc_Pair
        dup
        push_atom_value "\u1e9clesseqp"
        get_var_ref 69: sc_Pair
        dup
        push_atom_value "\u1e9cx"
        get_var_ref 69: sc_Pair
        dup
        push_atom_value "\u1e9cy"
        null
        call_constructor 2
        call_constructor 2
        call_constructor 2
        get_var_ref 69: sc_Pair
        dup
        get_var_ref 69: sc_Pair
        dup
        push_atom_value "\u1e9cnot"
        get_var_ref 69: sc_Pair
        dup
        get_var_ref 69: sc_Pair
        dup
        push_atom_value "\u1e9clessp"
        get_var_ref 69: sc_Pair
        dup
        push_atom_value "\u1e9cy"
        get_var_ref 69: sc_Pair
        dup
        push_atom_value "\u1e9cx"
        null
        call_constructor 2
        call_constructor 2
        call_constructor 2
        null
        call_constructor 2
        call_constructor 2
        null
        call_constructor 2
        call_constructor 2
        call_constructor 2
        get_var_ref 69: sc_Pair
        dup
        push_atom_value "\u1e9cequal"
        get_var_ref 69: sc_Pair
        dup
        get_var_ref 69: sc_Pair
        dup
        push_atom_value "\u1e9cgreatereqp"
        get_var_ref 69: sc_Pair
        dup
        push_atom_value "\u1e9cx"
        get_var_ref 69: sc_Pair
        dup
        push_atom_value "\u1e9cy"
        null
        call_constructor 2
        call_constructor 2
        call_constructor 2
        get_var_ref 69: sc_Pair
        dup
        get_var_ref 69: sc_Pair
        dup
        push_atom_value "\u1e9cnot"
        get_var_ref 69: sc_Pair
        dup
        get_var_ref 69: sc_Pair
        dup
        push_atom_value "\u1e9clessp"
        get_var_ref 69: sc_Pair
        dup
        push_atom_value "\u1e9cx"
        get_var_ref 69: sc_Pair
        dup
        push_atom_value "\u1e9cy"
        null
        call_constructor 2
        call_constructor 2
        call_constructor 2
        null
        call_constructor 2
        call_constructor 2
        null
        call_constructor 2
        call_constructor 2
        call_constructor 2
        get_var_ref 69: sc_Pair
        dup
        push_atom_value "\u1e9cequal"
        get_var_ref 69: sc_Pair
        dup
        get_var_ref 69: sc_Pair
        dup
        push_atom_value "\u1e9cboolean"
        get_var_ref 69: sc_Pair
        dup
        push_atom_value "\u1e9cx"
        null
        call_constructor 2
        call_constructor 2
        get_var_ref 69: sc_Pair
        dup
        get_var_ref 69: sc_Pair
        dup
        push_atom_value "\u1e9cor"
        get_var_ref 69: sc_Pair
        dup
        get_var_ref 69: sc_Pair
        dup
        push_atom_value "\u1e9cequal"
        get_var_ref 69: sc_Pair
        dup
        push_atom_value "\u1e9cx"
        get_var_ref 69: sc_Pair
        dup
        get_var_ref 69: sc_Pair
        dup
        push_atom_value "\u1e9ct"
        null
        call_constructor 2
        null
        call_constructor 2
        call_constructor 2
        call_constructor 2
        get_var_ref 69: sc_Pair
        dup
        get_var_ref 69: sc_Pair
        dup
        push_atom_value "\u1e9cequal"
        get_var_ref 69: sc_Pair
        dup
        push_atom_value "\u1e9cx"
        get_var_ref 69: sc_Pair
        dup
        get_var_ref 69: sc_Pair
        dup
        push_atom_value "\u1e9cf"
        null
        call_constructor 2
        null
        call_constructor 2
        call_constructor 2
        call_constructor 2
        null
        call_constructor 2
        call_constructor 2
        call_constructor 2
        null
        call_constructor 2
        call_constructor 2
        call_constructor 2
        get_var_ref 69: sc_Pair
        dup
        push_atom_value "\u1e9cequal"
        get_var_ref 69: sc_Pair
        dup
        get_var_ref 69: sc_Pair
        dup
        push_atom_value "\u1e9ciff"
        get_var_ref 69: sc_Pair
        dup
        push_atom_value "\u1e9cx"
        get_var_ref 69: sc_Pair
        dup
        push_atom_value "\u1e9cy"
        null
        call_constructor 2
        call_constructor 2
        call_constructor 2
        get_var_ref 69: sc_Pair
        dup
        get_var_ref 69: sc_Pair
        dup
        push_atom_value "\u1e9cand"
        get_var_ref 69: sc_Pair
        dup
        get_var_ref 69: sc_Pair
        dup
        push_atom_value "\u1e9cimplies"
        get_var_ref 69: sc_Pair
        dup
        push_atom_value "\u1e9cx"
        get_var_ref 69: sc_Pair
        dup
        push_atom_value "\u1e9cy"
        null
        call_constructor 2
        call_constructor 2
        call_constructor 2
        get_var_ref 69: sc_Pair
        dup
        get_var_ref 69: sc_Pair
        dup
        push_atom_value "\u1e9cimplies"
        get_var_ref 69: sc_Pair
        dup
        push_atom_value "\u1e9cy"
        get_var_ref 69: sc_Pair
        dup
        push_atom_value "\u1e9cx"
        null
        call_constructor 2
        call_constructor 2
        call_constructor 2
        null
        call_constructor 2
        call_constructor 2
        call_constructor 2
        null
        call_constructor 2
        call_constructor 2
        call_constructor 2
        get_var_ref 69: sc_Pair
        dup
        push_atom_value "\u1e9cequal"
        get_var_ref 69: sc_Pair
        dup
        get_var_ref 69: sc_Pair
        dup
        push_atom_value "\u1e9ceven1"
        get_var_ref 69: sc_Pair
        dup
        push_atom_value "\u1e9cx"
        null
        call_constructor 2
        call_constructor 2
        get_var_ref 69: sc_Pair
        dup
        get_var_ref 69: sc_Pair
        dup
        push_atom_value "\u1e9cif"
        get_var_ref 69: sc_Pair
        dup
        get_var_ref 69: sc_Pair
        dup
        push_atom_value "\u1e9czerop"
        get_var_ref 69: sc_Pair
        dup
        push_atom_value "\u1e9cx"
        null
        call_constructor 2
        call_constructor 2
        get_var_ref 69: sc_Pair
        dup
        get_var_ref 69: sc_Pair
        dup
        push_atom_value "\u1e9ct"
        null
        call_constructor 2
        get_var_ref 69: sc_Pair
        dup
        get_var_ref 69: sc_Pair
        dup
        push_atom_value "\u1e9codd"
        get_var_ref 69: sc_Pair
        dup
        get_var_ref 69: sc_Pair
        dup
        push_atom_value "\u1e9csub1"
        get_var_ref 69: sc_Pair
        dup
        push_atom_value "\u1e9cx"
        null
        call_constructor 2
        call_constructor 2
        null
        call_constructor 2
        call_constructor 2
        null
        call_constructor 2
        call_constructor 2
        call_constructor 2
        call_constructor 2
        null
        call_constructor 2
        call_constructor 2
        call_constructor 2
        get_var_ref 69: sc_Pair
        dup
        push_atom_value "\u1e9cequal"
        get_var_ref 69: sc_Pair
        dup
        get_var_ref 69: sc_Pair
        dup
        push_atom_value "\u1e9ccountps-"
        get_var_ref 69: sc_Pair
        dup
        push_atom_value "\u1e9cl"
        get_var_ref 69: sc_Pair
        dup
        push_atom_value "\u1e9cpred"
        null
        call_constructor 2
        call_constructor 2
        call_constructor 2
        get_var_ref 69: sc_Pair
        dup
        get_var_ref 69: sc_Pair
        dup
        push_atom_value "\u1e9ccountps-loop"
        get_var_ref 69: sc_Pair
        dup
        push_atom_value "\u1e9cl"
        get_var_ref 69: sc_Pair
        dup
        push_atom_value "\u1e9cpred"
        get_var_ref 69: sc_Pair
        dup
        get_var_ref 69: sc_Pair
        dup
        push_atom_value "\u1e9czero"
        null
        call_constructor 2
        null
        call_constructor 2
        call_constructor 2
        call_constructor 2
        call_constructor 2
        null
        call_constructor 2
        call_constructor 2
        call_constructor 2
        get_var_ref 69: sc_Pair
        dup
        push_atom_value "\u1e9cequal"
        get_var_ref 69: sc_Pair
        dup
        get_var_ref 69: sc_Pair
        dup
        push_atom_value "\u1e9cfact-"
        get_var_ref 69: sc_Pair
        dup
        push_atom_value "\u1e9ci"
        null
        call_constructor 2
        call_constructor 2
        get_var_ref 69: sc_Pair
        dup
        get_var_ref 69: sc_Pair
        dup
        push_atom_value "\u1e9cfact-loop"
        get_var_ref 69: sc_Pair
        dup
        push_atom_value "\u1e9ci"
        get_var_ref 69: sc_Pair
        dup
        push_1 1
        null
        call_constructor 2
        call_constructor 2
        call_constructor 2
        null
        call_constructor 2
        call_constructor 2
        call_constructor 2
        get_var_ref 69: sc_Pair
        dup
        push_atom_value "\u1e9cequal"
        get_var_ref 69: sc_Pair
        dup
        get_var_ref 69: sc_Pair
        dup
        push_atom_value "\u1e9creverse-"
        get_var_ref 69: sc_Pair
        dup
        push_atom_value "\u1e9cx"
        null
        call_constructor 2
        call_constructor 2
        get_var_ref 69: sc_Pair
        dup
        get_var_ref 69: sc_Pair
        dup
        push_atom_value "\u1e9creverse-loop"
        get_var_ref 69: sc_Pair
        dup
        push_atom_value "\u1e9cx"
        get_var_ref 69: sc_Pair
        dup
        get_var_ref 69: sc_Pair
        dup
        push_atom_value "\u1e9cnil"
        null
        call_constructor 2
        null
        call_constructor 2
        call_constructor 2
        call_constructor 2
        null
        call_constructor 2
        call_constructor 2
        call_constructor 2
        get_var_ref 69: sc_Pair
        dup
        push_atom_value "\u1e9cequal"
        get_var_ref 69: sc_Pair
        dup
        get_var_ref 69: sc_Pair
        dup
        push_atom_value "\u1e9cdivides"
        get_var_ref 69: sc_Pair
        dup
        push_atom_value "\u1e9cx"
        get_var_ref 69: sc_Pair
        dup
        push_atom_value "\u1e9cy"
        null
        call_constructor 2
        call_constructor 2
        call_constructor 2
        get_var_ref 69: sc_Pair
        dup
        get_var_ref 69: sc_Pair
        dup
        push_atom_value "\u1e9czerop"
        get_var_ref 69: sc_Pair
        dup
        get_var_ref 69: sc_Pair
        dup
        push_atom_value "\u1e9cremainder"
        get_var_ref 69: sc_Pair
        dup
        push_atom_value "\u1e9cy"
        get_var_ref 69: sc_Pair
        dup
        push_atom_value "\u1e9cx"
        null
        call_constructor 2
        call_constructor 2
        call_constructor 2
        null
        call_constructor 2
        call_constructor 2
        null
        call_constructor 2
        call_constructor 2
        call_constructor 2
        get_var_ref 69: sc_Pair
        dup
        push_atom_value "\u1e9cequal"
        get_var_ref 69: sc_Pair
        dup
        get_var_ref 69: sc_Pair
        dup
        push_atom_value "\u1e9cassume-true"
        get_var_ref 69: sc_Pair
        dup
        push_atom_value "\u1e9cvar"
        get_var_ref 69: sc_Pair
        dup
        push_atom_value "\u1e9calist"
        null
        call_constructor 2
        call_constructor 2
        call_constructor 2
        get_var_ref 69: sc_Pair
        dup
        get_var_ref 69: sc_Pair
        dup
        push_atom_value "\u1e9ccons"
        get_var_ref 69: sc_Pair
        dup
        get_var_ref 69: sc_Pair
        dup
        push_atom_value "\u1e9ccons"
        get_var_ref 69: sc_Pair
        dup
        push_atom_value "\u1e9cvar"
        get_var_ref 69: sc_Pair
        dup
        get_var_ref 69: sc_Pair
        dup
        push_atom_value "\u1e9ct"
        null
        call_constructor 2
        null
        call_constructor 2
        call_constructor 2
        call_constructor 2
        get_var_ref 69: sc_Pair
        dup
        push_atom_value "\u1e9calist"
        null
        call_constructor 2
        call_constructor 2
        call_constructor 2
        null
        call_constructor 2
        call_constructor 2
        call_constructor 2
        get_var_ref 69: sc_Pair
        dup
        push_atom_value "\u1e9cequal"
        get_var_ref 69: sc_Pair
        dup
        get_var_ref 69: sc_Pair
        dup
        push_atom_value "\u1e9cassume-false"
        get_var_ref 69: sc_Pair
        dup
        push_atom_value "\u1e9cvar"
        get_var_ref 69: sc_Pair
        dup
        push_atom_value "\u1e9calist"
        null
        call_constructor 2
        call_constructor 2
        call_constructor 2
        get_var_ref 69: sc_Pair
        dup
        get_var_ref 69: sc_Pair
        dup
        push_atom_value "\u1e9ccons"
        get_var_ref 69: sc_Pair
        dup
        get_var_ref 69: sc_Pair
        dup
        push_atom_value "\u1e9ccons"
        get_var_ref 69: sc_Pair
        dup
        push_atom_value "\u1e9cvar"
        get_var_ref 69: sc_Pair
        dup
        get_var_ref 69: sc_Pair
        dup
        push_atom_value "\u1e9cf"
        null
        call_constructor 2
        null
        call_constructor 2
        call_constructor 2
        call_constructor 2
        get_var_ref 69: sc_Pair
        dup
        push_atom_value "\u1e9calist"
        null
        call_constructor 2
        call_constructor 2
        call_constructor 2
        null
        call_constructor 2
        call_constructor 2
        call_constructor 2
        get_var_ref 69: sc_Pair
        dup
        push_atom_value "\u1e9cequal"
        get_var_ref 69: sc_Pair
        dup
        get_var_ref 69: sc_Pair
        dup
        push_atom_value "\u1e9ctautology-checker"
        get_var_ref 69: sc_Pair
        dup
        push_atom_value "\u1e9cx"
        null
        call_constructor 2
        call_constructor 2
        get_var_ref 69: sc_Pair
        dup
        get_var_ref 69: sc_Pair
        dup
        push_atom_value "\u1e9ctautologyp"
        get_var_ref 69: sc_Pair
        dup
        get_var_ref 69: sc_Pair
        dup
        push_atom_value "\u1e9cnormalize"
        get_var_ref 69: sc_Pair
        dup
        push_atom_value "\u1e9cx"
        null
        call_constructor 2
        call_constructor 2
        get_var_ref 69: sc_Pair
        dup
        get_var_ref 69: sc_Pair
        dup
        push_atom_value "\u1e9cnil"
        null
        call_constructor 2
        null
        call_constructor 2
        call_constructor 2
        call_constructor 2
        null
        call_constructor 2
        call_constructor 2
        call_constructor 2
        get_var_ref 69: sc_Pair
        dup
        push_atom_value "\u1e9cequal"
        get_var_ref 69: sc_Pair
        dup
        get_var_ref 69: sc_Pair
        dup
        push_atom_value "\u1e9cfalsify"
        get_var_ref 69: sc_Pair
        dup
        push_atom_value "\u1e9cx"
        null
        call_constructor 2
        call_constructor 2
        get_var_ref 69: sc_Pair
        dup
        get_var_ref 69: sc_Pair
        dup
        push_atom_value "\u1e9cfalsify1"
        get_var_ref 69: sc_Pair
        dup
        get_var_ref 69: sc_Pair
        dup
        push_atom_value "\u1e9cnormalize"
        get_var_ref 69: sc_Pair
        dup
        push_atom_value "\u1e9cx"
        null
        call_constructor 2
        call_constructor 2
        get_var_ref 69: sc_Pair
        dup
        get_var_ref 69: sc_Pair
        dup
        push_atom_value "\u1e9cnil"
        null
        call_constructor 2
        null
        call_constructor 2
        call_constructor 2
        call_constructor 2
        null
        call_constructor 2
        call_constructor 2
        call_constructor 2
        get_var_ref 69: sc_Pair
        dup
        push_atom_value "\u1e9cequal"
        get_var_ref 69: sc_Pair
        dup
        get_var_ref 69: sc_Pair
        dup
        push_atom_value "\u1e9cprime"
        get_var_ref 69: sc_Pair
        dup
        push_atom_value "\u1e9cx"
        null
        call_constructor 2
        call_constructor 2
        get_var_ref 69: sc_Pair
        dup
        get_var_ref 69: sc_Pair
        dup
        push_atom_value "\u1e9cand"
        get_var_ref 69: sc_Pair
        dup
        get_var_ref 69: sc_Pair
        dup
        push_atom_value "\u1e9cnot"
        get_var_ref 69: sc_Pair
        dup
        get_var_ref 69: sc_Pair
        dup
        push_atom_value "\u1e9czerop"
        get_var_ref 69: sc_Pair
        dup
        push_atom_value "\u1e9cx"
        null
        call_constructor 2
        call_constructor 2
        null
        call_constructor 2
        call_constructor 2
        get_var_ref 69: sc_Pair
        dup
        get_var_ref 69: sc_Pair
        dup
        push_atom_value "\u1e9cnot"
        get_var_ref 69: sc_Pair
        dup
        get_var_ref 69: sc_Pair
        dup
        push_atom_value "\u1e9cequal"
        get_var_ref 69: sc_Pair
        dup
        push_atom_value "\u1e9cx"
        get_var_ref 69: sc_Pair
        dup
        get_var_ref 69: sc_Pair
        dup
        push_atom_value "\u1e9cadd1"
        get_var_ref 69: sc_Pair
        dup
        get_var_ref 69: sc_Pair
        dup
        push_atom_value "\u1e9czero"
        null
        call_constructor 2
        null
        call_constructor 2
        call_constructor 2
        null
        call_constructor 2
        call_constructor 2
        call_constructor 2
        null
        call_constructor 2
        call_constructor 2
        get_var_ref 69: sc_Pair
        dup
        get_var_ref 69: sc_Pair
        dup
        push_atom_value "\u1e9cprime1"
        get_var_ref 69: sc_Pair
        dup
        push_atom_value "\u1e9cx"
        get_var_ref 69: sc_Pair
        dup
        get_var_ref 69: sc_Pair
        dup
        push_atom_value "\u1e9csub1"
        get_var_ref 69: sc_Pair
        dup
        push_atom_value "\u1e9cx"
        null
        call_constructor 2
        call_constructor 2
        null
        call_constructor 2
        call_constructor 2
        call_constructor 2
        null
        call_constructor 2
        call_constructor 2
        call_constructor 2
        call_constructor 2
        null
        call_constructor 2
        call_constructor 2
        call_constructor 2
        get_var_ref 69: sc_Pair
        dup
        push_atom_value "\u1e9cequal"
        get_var_ref 69: sc_Pair
        dup
        get_var_ref 69: sc_Pair
        dup
        push_atom_value "\u1e9cand"
        get_var_ref 69: sc_Pair
        dup
        push_atom_value "\u1e9cp"
        get_var_ref 69: sc_Pair
        dup
        push_atom_value "\u1e9cq"
        null
        call_constructor 2
        call_constructor 2
        call_constructor 2
        get_var_ref 69: sc_Pair
        dup
        get_var_ref 69: sc_Pair
        dup
        push_atom_value "\u1e9cif"
        get_var_ref 69: sc_Pair
        dup
        push_atom_value "\u1e9cp"
        get_var_ref 69: sc_Pair
        dup
        get_var_ref 69: sc_Pair
        dup
        push_atom_value "\u1e9cif"
        get_var_ref 69: sc_Pair
        dup
        push_atom_value "\u1e9cq"
        get_var_ref 69: sc_Pair
        dup
        get_var_ref 69: sc_Pair
        dup
        push_atom_value "\u1e9ct"
        null
        call_constructor 2
        get_var_ref 69: sc_Pair
        dup
        get_var_ref 69: sc_Pair
        dup
        push_atom_value "\u1e9cf"
        null
        call_constructor 2
        null
        call_constructor 2
        call_constructor 2
        call_constructor 2
        call_constructor 2
        get_var_ref 69: sc_Pair
        dup
        get_var_ref 69: sc_Pair
        dup
        push_atom_value "\u1e9cf"
        null
        call_constructor 2
        null
        call_constructor 2
        call_constructor 2
        call_constructor 2
        call_constructor 2
        null
        call_constructor 2
        call_constructor 2
        call_constructor 2
        get_var_ref 69: sc_Pair
        dup
        push_atom_value "\u1e9cequal"
        get_var_ref 69: sc_Pair
        dup
        get_var_ref 69: sc_Pair
        dup
        push_atom_value "\u1e9cor"
        get_var_ref 69: sc_Pair
        dup
        push_atom_value "\u1e9cp"
        get_var_ref 69: sc_Pair
        dup
        push_atom_value "\u1e9cq"
        null
        call_constructor 2
        call_constructor 2
        call_constructor 2
        get_var_ref 69: sc_Pair
        dup
        get_var_ref 69: sc_Pair
        dup
        push_atom_value "\u1e9cif"
        get_var_ref 69: sc_Pair
        dup
        push_atom_value "\u1e9cp"
        get_var_ref 69: sc_Pair
        dup
        get_var_ref 69: sc_Pair
        dup
        push_atom_value "\u1e9ct"
        null
        call_constructor 2
        get_var_ref 69: sc_Pair
        dup
        get_var_ref 69: sc_Pair
        dup
        push_atom_value "\u1e9cif"
        get_var_ref 69: sc_Pair
        dup
        push_atom_value "\u1e9cq"
        get_var_ref 69: sc_Pair
        dup
        get_var_ref 69: sc_Pair
        dup
        push_atom_value "\u1e9ct"
        null
        call_constructor 2
        get_var_ref 69: sc_Pair
        dup
        get_var_ref 69: sc_Pair
        dup
        push_atom_value "\u1e9cf"
        null
        call_constructor 2
        null
        call_constructor 2
        call_constructor 2
        call_constructor 2
        call_constructor 2
        null
        call_constructor 2
        call_constructor 2
        call_constructor 2
        call_constructor 2
        null
        call_constructor 2
        call_constructor 2
        call_constructor 2
        get_var_ref 69: sc_Pair
        dup
        push_atom_value "\u1e9cequal"
        get_var_ref 69: sc_Pair
        dup
        get_var_ref 69: sc_Pair
        dup
        push_atom_value "\u1e9cnot"
        get_var_ref 69: sc_Pair
        dup
        push_atom_value "\u1e9cp"
        null
        call_constructor 2
        call_constructor 2
        get_var_ref 69: sc_Pair
        dup
        get_var_ref 69: sc_Pair
        dup
        push_atom_value "\u1e9cif"
        get_var_ref 69: sc_Pair
        dup
        push_atom_value "\u1e9cp"
        get_var_ref 69: sc_Pair
        dup
        get_var_ref 69: sc_Pair
        dup
        push_atom_value "\u1e9cf"
        null
        call_constructor 2
        get_var_ref 69: sc_Pair
        dup
        get_var_ref 69: sc_Pair
        dup
        push_atom_value "\u1e9ct"
        null
        call_constructor 2
        null
        call_constructor 2
        call_constructor 2
        call_constructor 2
        call_constructor 2
        null
        call_constructor 2
        call_constructor 2
        call_constructor 2
        get_var_ref 69: sc_Pair
        dup
        push_atom_value "\u1e9cequal"
        get_var_ref 69: sc_Pair
        dup
        get_var_ref 69: sc_Pair
        dup
        push_atom_value "\u1e9cimplies"
        get_var_ref 69: sc_Pair
        dup
        push_atom_value "\u1e9cp"
        get_var_ref 69: sc_Pair
        dup
        push_atom_value "\u1e9cq"
        null
        call_constructor 2
        call_constructor 2
        call_constructor 2
        get_var_ref 69: sc_Pair
        dup
        get_var_ref 69: sc_Pair
        dup
        push_atom_value "\u1e9cif"
        get_var_ref 69: sc_Pair
        dup
        push_atom_value "\u1e9cp"
        get_var_ref 69: sc_Pair
        dup
        get_var_ref 69: sc_Pair
        dup
        push_atom_value "\u1e9cif"
        get_var_ref 69: sc_Pair
        dup
        push_atom_value "\u1e9cq"
        get_var_ref 69: sc_Pair
        dup
        get_var_ref 69: sc_Pair
        dup
        push_atom_value "\u1e9ct"
        null
        call_constructor 2
        get_var_ref 69: sc_Pair
        dup
        get_var_ref 69: sc_Pair
        dup
        push_atom_value "\u1e9cf"
        null
        call_constructor 2
        null
        call_constructor 2
        call_constructor 2
        call_constructor 2
        call_constructor 2
        get_var_ref 69: sc_Pair
        dup
        get_var_ref 69: sc_Pair
        dup
        push_atom_value "\u1e9ct"
        null
        call_constructor 2
        null
        call_constructor 2
        call_constructor 2
        call_constructor 2
        call_constructor 2
        null
        call_constructor 2
        call_constructor 2
        call_constructor 2
        get_var_ref 69: sc_Pair
        dup
        push_atom_value "\u1e9cequal"
        get_var_ref 69: sc_Pair
        dup
        get_var_ref 69: sc_Pair
        dup
        push_atom_value "\u1e9cfix"
        get_var_ref 69: sc_Pair
        dup
        push_atom_value "\u1e9cx"
        null
        call_constructor 2
        call_constructor 2
        get_var_ref 69: sc_Pair
        dup
        get_var_ref 69: sc_Pair
        dup
        push_atom_value "\u1e9cif"
        get_var_ref 69: sc_Pair
        dup
        get_var_ref 69: sc_Pair
        dup
        push_atom_value "\u1e9cnumberp"
        get_var_ref 69: sc_Pair
        dup
        push_atom_value "\u1e9cx"
        null
        call_constructor 2
        call_constructor 2
        get_var_ref 69: sc_Pair
        dup
        push_atom_value "\u1e9cx"
        get_var_ref 69: sc_Pair
        dup
        get_var_ref 69: sc_Pair
        dup
        push_atom_value "\u1e9czero"
        null
        call_constructor 2
        null
        call_constructor 2
        call_constructor 2
        call_constructor 2
        call_constructor 2
        null
        call_constructor 2
        call_constructor 2
        call_constructor 2
        get_var_ref 69: sc_Pair
        dup
        push_atom_value "\u1e9cequal"
        get_var_ref 69: sc_Pair
        dup
        get_var_ref 69: sc_Pair
        dup
        push_atom_value "\u1e9cif"
        get_var_ref 69: sc_Pair
        dup
        get_var_ref 69: sc_Pair
        dup
        push_atom_value "\u1e9cif"
        get_var_ref 69: sc_Pair
        dup
        push_atom_value "\u1e9ca"
        get_var_ref 69: sc_Pair
        dup
        push_atom_value "\u1e9cb"
        get_var_ref 69: sc_Pair
        dup
        push_atom_value "\u1e9cc"
        null
        call_constructor 2
        call_constructor 2
        call_constructor 2
        call_constructor 2
        get_var_ref 69: sc_Pair
        dup
        push_atom_value "\u1e9cd"
        get_var_ref 69: sc_Pair
        dup
        push_atom_value "\u1e9ce"
        null
        call_constructor 2
        call_constructor 2
        call_constructor 2
        call_constructor 2
        get_var_ref 69: sc_Pair
        dup
        get_var_ref 69: sc_Pair
        dup
        push_atom_value "\u1e9cif"
        get_var_ref 69: sc_Pair
        dup
        push_atom_value "\u1e9ca"
        get_var_ref 69: sc_Pair
        dup
        get_var_ref 69: sc_Pair
        dup
        push_atom_value "\u1e9cif"
        get_var_ref 69: sc_Pair
        dup
        push_atom_value "\u1e9cb"
        get_var_ref 69: sc_Pair
        dup
        push_atom_value "\u1e9cd"
        get_var_ref 69: sc_Pair
        dup
        push_atom_value "\u1e9ce"
        null
        call_constructor 2
        call_constructor 2
        call_constructor 2
        call_constructor 2
        get_var_ref 69: sc_Pair
        dup
        get_var_ref 69: sc_Pair
        dup
        push_atom_value "\u1e9cif"
        get_var_ref 69: sc_Pair
        dup
        push_atom_value "\u1e9cc"
        get_var_ref 69: sc_Pair
        dup
        push_atom_value "\u1e9cd"
        get_var_ref 69: sc_Pair
        dup
        push_atom_value "\u1e9ce"
        null
        call_constructor 2
        call_constructor 2
        call_constructor 2
        call_constructor 2
        null
        call_constructor 2
        call_constructor 2
        call_constructor 2
        call_constructor 2
        null
        call_constructor 2
        call_constructor 2
        call_constructor 2
        get_var_ref 69: sc_Pair
        dup
        push_atom_value "\u1e9cequal"
        get_var_ref 69: sc_Pair
        dup
        get_var_ref 69: sc_Pair
        dup
        push_atom_value "\u1e9czerop"
        get_var_ref 69: sc_Pair
        dup
        push_atom_value "\u1e9cx"
        null
        call_constructor 2
        call_constructor 2
        get_var_ref 69: sc_Pair
        dup
        get_var_ref 69: sc_Pair
        dup
        push_atom_value "\u1e9cor"
        get_var_ref 69: sc_Pair
        dup
        get_var_ref 69: sc_Pair
        dup
        push_atom_value "\u1e9cequal"
        get_var_ref 69: sc_Pair
        dup
        push_atom_value "\u1e9cx"
        get_var_ref 69: sc_Pair
        dup
        get_var_ref 69: sc_Pair
        dup
        push_atom_value "\u1e9czero"
        null
        call_constructor 2
        null
        call_constructor 2
        call_constructor 2
        call_constructor 2
        get_var_ref 69: sc_Pair
        dup
        get_var_ref 69: sc_Pair
        dup
        push_atom_value "\u1e9cnot"
        get_var_ref 69: sc_Pair
        dup
        get_var_ref 69: sc_Pair
        dup
        push_atom_value "\u1e9cnumberp"
        get_var_ref 69: sc_Pair
        dup
        push_atom_value "\u1e9cx"
        null
        call_constructor 2
        call_constructor 2
        null
        call_constructor 2
        call_constructor 2
        null
        call_constructor 2
        call_constructor 2
        call_constructor 2
        null
        call_constructor 2
        call_constructor 2
        call_constructor 2
        get_var_ref 69: sc_Pair
        dup
        push_atom_value "\u1e9cequal"
        get_var_ref 69: sc_Pair
        dup
        get_var_ref 69: sc_Pair
        dup
        push_atom_value "\u1e9cplus"
        get_var_ref 69: sc_Pair
        dup
        get_var_ref 69: sc_Pair
        dup
        push_atom_value "\u1e9cplus"
        get_var_ref 69: sc_Pair
        dup
        push_atom_value "\u1e9cx"
        get_var_ref 69: sc_Pair
        dup
        push_atom_value "\u1e9cy"
        null
        call_constructor 2
        call_constructor 2
        call_constructor 2
        get_var_ref 69: sc_Pair
        dup
        push_atom_value "\u1e9cz"
        null
        call_constructor 2
        call_constructor 2
        call_constructor 2
        get_var_ref 69: sc_Pair
        dup
        get_var_ref 69: sc_Pair
        dup
        push_atom_value "\u1e9cplus"
        get_var_ref 69: sc_Pair
        dup
        push_atom_value "\u1e9cx"
        get_var_ref 69: sc_Pair
        dup
        get_var_ref 69: sc_Pair
        dup
        push_atom_value "\u1e9cplus"
        get_var_ref 69: sc_Pair
        dup
        push_atom_value "\u1e9cy"
        get_var_ref 69: sc_Pair
        dup
        push_atom_value "\u1e9cz"
        null
        call_constructor 2
        call_constructor 2
        call_constructor 2
        null
        call_constructor 2
        call_constructor 2
        call_constructor 2
        null
        call_constructor 2
        call_constructor 2
        call_constructor 2
        get_var_ref 69: sc_Pair
        dup
        push_atom_value "\u1e9cequal"
        get_var_ref 69: sc_Pair
        dup
        get_var_ref 69: sc_Pair
        dup
        push_atom_value "\u1e9cequal"
        get_var_ref 69: sc_Pair
        dup
        get_var_ref 69: sc_Pair
        dup
        push_atom_value "\u1e9cplus"
        get_var_ref 69: sc_Pair
        dup
        push_atom_value "\u1e9ca"
        get_var_ref 69: sc_Pair
        dup
        push_atom_value "\u1e9cb"
        null
        call_constructor 2
        call_constructor 2
        call_constructor 2
        get_var_ref 69: sc_Pair
        dup
        get_var_ref 69: sc_Pair
        dup
        push_atom_value "\u1e9czero"
        null
        call_constructor 2
        null
        call_constructor 2
        call_constructor 2
        call_constructor 2
        get_var_ref 69: sc_Pair
        dup
        get_var_ref 69: sc_Pair
        dup
        push_atom_value "\u1e9cand"
        get_var_ref 69: sc_Pair
        dup
        get_var_ref 69: sc_Pair
        dup
        push_atom_value "\u1e9czerop"
        get_var_ref 69: sc_Pair
        dup
        push_atom_value "\u1e9ca"
        null
        call_constructor 2
        call_constructor 2
        get_var_ref 69: sc_Pair
        dup
        get_var_ref 69: sc_Pair
        dup
        push_atom_value "\u1e9czerop"
        get_var_ref 69: sc_Pair
        dup
        push_atom_value "\u1e9cb"
        null
        call_constructor 2
        call_constructor 2
        null
        call_constructor 2
        call_constructor 2
        call_constructor 2
        null
        call_constructor 2
        call_constructor 2
        call_constructor 2
        get_var_ref 69: sc_Pair
        dup
        push_atom_value "\u1e9cequal"
        get_var_ref 69: sc_Pair
        dup
        get_var_ref 69: sc_Pair
        dup
        push_atom_value "\u1e9cdifference"
        get_var_ref 69: sc_Pair
        dup
        push_atom_value "\u1e9cx"
        get_var_ref 69: sc_Pair
        dup
        push_atom_value "\u1e9cx"
        null
        call_constructor 2
        call_constructor 2
        call_constructor 2
        get_var_ref 69: sc_Pair
        dup
        get_var_ref 69: sc_Pair
        dup
        push_atom_value "\u1e9czero"
        null
        call_constructor 2
        null
        call_constructor 2
        call_constructor 2
        call_constructor 2
        get_var_ref 69: sc_Pair
        dup
        push_atom_value "\u1e9cequal"
        get_var_ref 69: sc_Pair
        dup
        get_var_ref 69: sc_Pair
        dup
        push_atom_value "\u1e9cequal"
        get_var_ref 69: sc_Pair
        dup
        get_var_ref 69: sc_Pair
        dup
        push_atom_value "\u1e9cplus"
        get_var_ref 69: sc_Pair
        dup
        push_atom_value "\u1e9ca"
        get_var_ref 69: sc_Pair
        dup
        push_atom_value "\u1e9cb"
        null
        call_constructor 2
        call_constructor 2
        call_constructor 2
        get_var_ref 69: sc_Pair
        dup
        get_var_ref 69: sc_Pair
        dup
        push_atom_value "\u1e9cplus"
        get_var_ref 69: sc_Pair
        dup
        push_atom_value "\u1e9ca"
        get_var_ref 69: sc_Pair
        dup
        push_atom_value "\u1e9cc"
        null
        call_constructor 2
        call_constructor 2
        call_constructor 2
        null
        call_constructor 2
        call_constructor 2
        call_constructor 2
        get_var_ref 69: sc_Pair
        dup
        get_var_ref 69: sc_Pair
        dup
        push_atom_value "\u1e9cequal"
        get_var_ref 69: sc_Pair
        dup
        get_var_ref 69: sc_Pair
        dup
        push_atom_value "\u1e9cfix"
        get_var_ref 69: sc_Pair
        dup
        push_atom_value "\u1e9cb"
        null
        call_constructor 2
        call_constructor 2
        get_var_ref 69: sc_Pair
        dup
        get_var_ref 69: sc_Pair
        dup
        push_atom_value "\u1e9cfix"
        get_var_ref 69: sc_Pair
        dup
        push_atom_value "\u1e9cc"
        null
        call_constructor 2
        call_constructor 2
        null
        call_constructor 2
        call_constructor 2
        call_constructor 2
        null
        call_constructor 2
        call_constructor 2
        call_constructor 2
        get_var_ref 69: sc_Pair
        dup
        push_atom_value "\u1e9cequal"
        get_var_ref 69: sc_Pair
        dup
        get_var_ref 69: sc_Pair
        dup
        push_atom_value "\u1e9cequal"
        get_var_ref 69: sc_Pair
        dup
        get_var_ref 69: sc_Pair
        dup
        push_atom_value "\u1e9czero"
        null
        call_constructor 2
        get_var_ref 69: sc_Pair
        dup
        get_var_ref 69: sc_Pair
        dup
        push_atom_value "\u1e9cdifference"
        get_var_ref 69: sc_Pair
        dup
        push_atom_value "\u1e9cx"
        get_var_ref 69: sc_Pair
        dup
        push_atom_value "\u1e9cy"
        null
        call_constructor 2
        call_constructor 2
        call_constructor 2
        null
        call_constructor 2
        call_constructor 2
        call_constructor 2
        get_var_ref 69: sc_Pair
        dup
        get_var_ref 69: sc_Pair
        dup
        push_atom_value "\u1e9cnot"
        get_var_ref 69: sc_Pair
        dup
        get_var_ref 69: sc_Pair
        dup
        push_atom_value "\u1e9clessp"
        get_var_ref 69: sc_Pair
        dup
        push_atom_value "\u1e9cy"
        get_var_ref 69: sc_Pair
        dup
        push_atom_value "\u1e9cx"
        null
        call_constructor 2
        call_constructor 2
        call_constructor 2
        null
        call_constructor 2
        call_constructor 2
        null
        call_constructor 2
        call_constructor 2
        call_constructor 2
        get_var_ref 69: sc_Pair
        dup
        push_atom_value "\u1e9cequal"
        get_var_ref 69: sc_Pair
        dup
        get_var_ref 69: sc_Pair
        dup
        push_atom_value "\u1e9cequal"
        get_var_ref 69: sc_Pair
        dup
        push_atom_value "\u1e9cx"
        get_var_ref 69: sc_Pair
        dup
        get_var_ref 69: sc_Pair
        dup
        push_atom_value "\u1e9cdifference"
        get_var_ref 69: sc_Pair
        dup
        push_atom_value "\u1e9cx"
        get_var_ref 69: sc_Pair
        dup
        push_atom_value "\u1e9cy"
        null
        call_constructor 2
        call_constructor 2
        call_constructor 2
        null
        call_constructor 2
        call_constructor 2
        call_constructor 2
        get_var_ref 69: sc_Pair
        dup
        get_var_ref 69: sc_Pair
        dup
        push_atom_value "\u1e9cand"
        get_var_ref 69: sc_Pair
        dup
        get_var_ref 69: sc_Pair
        dup
        push_atom_value "\u1e9cnumberp"
        get_var_ref 69: sc_Pair
        dup
        push_atom_value "\u1e9cx"
        null
        call_constructor 2
        call_constructor 2
        get_var_ref 69: sc_Pair
        dup
        get_var_ref 69: sc_Pair
        dup
        push_atom_value "\u1e9cor"
        get_var_ref 69: sc_Pair
        dup
        get_var_ref 69: sc_Pair
        dup
        push_atom_value "\u1e9cequal"
        get_var_ref 69: sc_Pair
        dup
        push_atom_value "\u1e9cx"
        get_var_ref 69: sc_Pair
        dup
        get_var_ref 69: sc_Pair
        dup
        push_atom_value "\u1e9czero"
        null
        call_constructor 2
        null
        call_constructor 2
        call_constructor 2
        call_constructor 2
        get_var_ref 69: sc_Pair
        dup
        get_var_ref 69: sc_Pair
        dup
        push_atom_value "\u1e9czerop"
        get_var_ref 69: sc_Pair
        dup
        push_atom_value "\u1e9cy"
        null
        call_constructor 2
        call_constructor 2
        null
        call_constructor 2
        call_constructor 2
        call_constructor 2
        null
        call_constructor 2
        call_constructor 2
        call_constructor 2
        null
        call_constructor 2
        call_constructor 2
        call_constructor 2
        get_var_ref 69: sc_Pair
        dup
        push_atom_value "\u1e9cequal"
        get_var_ref 69: sc_Pair
        dup
        get_var_ref 69: sc_Pair
        dup
        push_atom_value "\u1e9cmeaning"
        get_var_ref 69: sc_Pair
        dup
        get_var_ref 69: sc_Pair
        dup
        push_atom_value "\u1e9cplus-tree"
        get_var_ref 69: sc_Pair
        dup
        get_var_ref 69: sc_Pair
        dup
        push_atom_value "\u1e9cappend"
        get_var_ref 69: sc_Pair
        dup
        push_atom_value "\u1e9cx"
        get_var_ref 69: sc_Pair
        dup
        push_atom_value "\u1e9cy"
        null
        call_constructor 2
        call_constructor 2
        call_constructor 2
        null
        call_constructor 2
        call_constructor 2
        get_var_ref 69: sc_Pair
        dup
        push_atom_value "\u1e9ca"
        null
        call_constructor 2
        call_constructor 2
        call_constructor 2
        get_var_ref 69: sc_Pair
        dup
        get_var_ref 69: sc_Pair
        dup
        push_atom_value "\u1e9cplus"
        get_var_ref 69: sc_Pair
        dup
        get_var_ref 69: sc_Pair
        dup
        push_atom_value "\u1e9cmeaning"
        get_var_ref 69: sc_Pair
        dup
        get_var_ref 69: sc_Pair
        dup
        push_atom_value "\u1e9cplus-tree"
        get_var_ref 69: sc_Pair
        dup
        push_atom_value "\u1e9cx"
        null
        call_constructor 2
        call_constructor 2
        get_var_ref 69: sc_Pair
        dup
        push_atom_value "\u1e9ca"
        null
        call_constructor 2
        call_constructor 2
        call_constructor 2
        get_var_ref 69: sc_Pair
        dup
        get_var_ref 69: sc_Pair
        dup
        push_atom_value "\u1e9cmeaning"
        get_var_ref 69: sc_Pair
        dup
        get_var_ref 69: sc_Pair
        dup
        push_atom_value "\u1e9cplus-tree"
        get_var_ref 69: sc_Pair
        dup
        push_atom_value "\u1e9cy"
        null
        call_constructor 2
        call_constructor 2
        get_var_ref 69: sc_Pair
        dup
        push_atom_value "\u1e9ca"
        null
        call_constructor 2
        call_constructor 2
        call_constructor 2
        null
        call_constructor 2
        call_constructor 2
        call_constructor 2
        null
        call_constructor 2
        call_constructor 2
        call_constructor 2
        get_var_ref 69: sc_Pair
        dup
        push_atom_value "\u1e9cequal"
        get_var_ref 69: sc_Pair
        dup
        get_var_ref 69: sc_Pair
        dup
        push_atom_value "\u1e9cmeaning"
        get_var_ref 69: sc_Pair
        dup
        get_var_ref 69: sc_Pair
        dup
        push_atom_value "\u1e9cplus-tree"
        get_var_ref 69: sc_Pair
        dup
        get_var_ref 69: sc_Pair
        dup
        push_atom_value "\u1e9cplus-fringe"
        get_var_ref 69: sc_Pair
        dup
        push_atom_value "\u1e9cx"
        null
        call_constructor 2
        call_constructor 2
        null
        call_constructor 2
        call_constructor 2
        get_var_ref 69: sc_Pair
        dup
        push_atom_value "\u1e9ca"
        null
        call_constructor 2
        call_constructor 2
        call_constructor 2
        get_var_ref 69: sc_Pair
        dup
        get_var_ref 69: sc_Pair
        dup
        push_atom_value "\u1e9cfix"
        get_var_ref 69: sc_Pair
        dup
        get_var_ref 69: sc_Pair
        dup
        push_atom_value "\u1e9cmeaning"
        get_var_ref 69: sc_Pair
        dup
        push_atom_value "\u1e9cx"
        get_var_ref 69: sc_Pair
        dup
        push_atom_value "\u1e9ca"
        null
        call_constructor 2
        call_constructor 2
        call_constructor 2
        null
        call_constructor 2
        call_constructor 2
        null
        call_constructor 2
        call_constructor 2
        call_constructor 2
        get_var_ref 69: sc_Pair
        dup
        push_atom_value "\u1e9cequal"
        get_var_ref 69: sc_Pair
        dup
        get_var_ref 69: sc_Pair
        dup
        push_atom_value "\u1e9cappend"
        get_var_ref 69: sc_Pair
        dup
        get_var_ref 69: sc_Pair
        dup
        push_atom_value "\u1e9cappend"
        get_var_ref 69: sc_Pair
        dup
        push_atom_value "\u1e9cx"
        get_var_ref 69: sc_Pair
        dup
        push_atom_value "\u1e9cy"
        null
        call_constructor 2
        call_constructor 2
        call_constructor 2
        get_var_ref 69: sc_Pair
        dup
        push_atom_value "\u1e9cz"
        null
        call_constructor 2
        call_constructor 2
        call_constructor 2
        get_var_ref 69: sc_Pair
        dup
        get_var_ref 69: sc_Pair
        dup
        push_atom_value "\u1e9cappend"
        get_var_ref 69: sc_Pair
        dup
        push_atom_value "\u1e9cx"
        get_var_ref 69: sc_Pair
        dup
        get_var_ref 69: sc_Pair
        dup
        push_atom_value "\u1e9cappend"
        get_var_ref 69: sc_Pair
        dup
        push_atom_value "\u1e9cy"
        get_var_ref 69: sc_Pair
        dup
        push_atom_value "\u1e9cz"
        null
        call_constructor 2
        call_constructor 2
        call_constructor 2
        null
        call_constructor 2
        call_constructor 2
        call_constructor 2
        null
        call_constructor 2
        call_constructor 2
        call_constructor 2
        get_var_ref 69: sc_Pair
        dup
        push_atom_value "\u1e9cequal"
        get_var_ref 69: sc_Pair
        dup
        get_var_ref 69: sc_Pair
        dup
        push_atom_value "\u1e9creverse"
        get_var_ref 69: sc_Pair
        dup
        get_var_ref 69: sc_Pair
        dup
        push_atom_value "\u1e9cappend"
        get_var_ref 69: sc_Pair
        dup
        push_atom_value "\u1e9ca"
        get_var_ref 69: sc_Pair
        dup
        push_atom_value "\u1e9cb"
        null
        call_constructor 2
        call_constructor 2
        call_constructor 2
        null
        call_constructor 2
        call_constructor 2
        get_var_ref 69: sc_Pair
        dup
        get_var_ref 69: sc_Pair
        dup
        push_atom_value "\u1e9cappend"
        get_var_ref 69: sc_Pair
        dup
        get_var_ref 69: sc_Pair
        dup
        push_atom_value "\u1e9creverse"
        get_var_ref 69: sc_Pair
        dup
        push_atom_value "\u1e9cb"
        null
        call_constructor 2
        call_constructor 2
        get_var_ref 69: sc_Pair
        dup
        get_var_ref 69: sc_Pair
        dup
        push_atom_value "\u1e9creverse"
        get_var_ref 69: sc_Pair
        dup
        push_atom_value "\u1e9ca"
        null
        call_constructor 2
        call_constructor 2
        null
        call_constructor 2
        call_constructor 2
        call_constructor 2
        null
        call_constructor 2
        call_constructor 2
        call_constructor 2
        get_var_ref 69: sc_Pair
        dup
        push_atom_value "\u1e9cequal"
        get_var_ref 69: sc_Pair
        dup
        get_var_ref 69: sc_Pair
        dup
        push_atom_value "\u1e9ctimes"
        get_var_ref 69: sc_Pair
        dup
        push_atom_value "\u1e9cx"
        get_var_ref 69: sc_Pair
        dup
        get_var_ref 69: sc_Pair
        dup
        push_atom_value "\u1e9cplus"
        get_var_ref 69: sc_Pair
        dup
        push_atom_value "\u1e9cy"
        get_var_ref 69: sc_Pair
        dup
        push_atom_value "\u1e9cz"
        null
        call_constructor 2
        call_constructor 2
        call_constructor 2
        null
        call_constructor 2
        call_constructor 2
        call_constructor 2
        get_var_ref 69: sc_Pair
        dup
        get_var_ref 69: sc_Pair
        dup
        push_atom_value "\u1e9cplus"
        get_var_ref 69: sc_Pair
        dup
        get_var_ref 69: sc_Pair
        dup
        push_atom_value "\u1e9ctimes"
        get_var_ref 69: sc_Pair
        dup
        push_atom_value "\u1e9cx"
        get_var_ref 69: sc_Pair
        dup
        push_atom_value "\u1e9cy"
        null
        call_constructor 2
        call_constructor 2
        call_constructor 2
        get_var_ref 69: sc_Pair
        dup
        get_var_ref 69: sc_Pair
        dup
        push_atom_value "\u1e9ctimes"
        get_var_ref 69: sc_Pair
        dup
        push_atom_value "\u1e9cx"
        get_var_ref 69: sc_Pair
        dup
        push_atom_value "\u1e9cz"
        null
        call_constructor 2
        call_constructor 2
        call_constructor 2
        null
        call_constructor 2
        call_constructor 2
        call_constructor 2
        null
        call_constructor 2
        call_constructor 2
        call_constructor 2
        get_var_ref 69: sc_Pair
        dup
        push_atom_value "\u1e9cequal"
        get_var_ref 69: sc_Pair
        dup
        get_var_ref 69: sc_Pair
        dup
        push_atom_value "\u1e9ctimes"
        get_var_ref 69: sc_Pair
        dup
        get_var_ref 69: sc_Pair
        dup
        push_atom_value "\u1e9ctimes"
        get_var_ref 69: sc_Pair
        dup
        push_atom_value "\u1e9cx"
        get_var_ref 69: sc_Pair
        dup
        push_atom_value "\u1e9cy"
        null
        call_constructor 2
        call_constructor 2
        call_constructor 2
        get_var_ref 69: sc_Pair
        dup
        push_atom_value "\u1e9cz"
        null
        call_constructor 2
        call_constructor 2
        call_constructor 2
        get_var_ref 69: sc_Pair
        dup
        get_var_ref 69: sc_Pair
        dup
        push_atom_value "\u1e9ctimes"
        get_var_ref 69: sc_Pair
        dup
        push_atom_value "\u1e9cx"
        get_var_ref 69: sc_Pair
        dup
        get_var_ref 69: sc_Pair
        dup
        push_atom_value "\u1e9ctimes"
        get_var_ref 69: sc_Pair
        dup
        push_atom_value "\u1e9cy"
        get_var_ref 69: sc_Pair
        dup
        push_atom_value "\u1e9cz"
        null
        call_constructor 2
        call_constructor 2
        call_constructor 2
        null
        call_constructor 2
        call_constructor 2
        call_constructor 2
        null
        call_constructor 2
        call_constructor 2
        call_constructor 2
        get_var_ref 69: sc_Pair
        dup
        push_atom_value "\u1e9cequal"
        get_var_ref 69: sc_Pair
        dup
        get_var_ref 69: sc_Pair
        dup
        push_atom_value "\u1e9cequal"
        get_var_ref 69: sc_Pair
        dup
        get_var_ref 69: sc_Pair
        dup
        push_atom_value "\u1e9ctimes"
        get_var_ref 69: sc_Pair
        dup
        push_atom_value "\u1e9cx"
        get_var_ref 69: sc_Pair
        dup
        push_atom_value "\u1e9cy"
        null
        call_constructor 2
        call_constructor 2
        call_constructor 2
        get_var_ref 69: sc_Pair
        dup
        get_var_ref 69: sc_Pair
        dup
        push_atom_value "\u1e9czero"
        null
        call_constructor 2
        null
        call_constructor 2
        call_constructor 2
        call_constructor 2
        get_var_ref 69: sc_Pair
        dup
        get_var_ref 69: sc_Pair
        dup
        push_atom_value "\u1e9cor"
        get_var_ref 69: sc_Pair
        dup
        get_var_ref 69: sc_Pair
        dup
        push_atom_value "\u1e9czerop"
        get_var_ref 69: sc_Pair
        dup
        push_atom_value "\u1e9cx"
        null
        call_constructor 2
        call_constructor 2
        get_var_ref 69: sc_Pair
        dup
        get_var_ref 69: sc_Pair
        dup
        push_atom_value "\u1e9czerop"
        get_var_ref 69: sc_Pair
        dup
        push_atom_value "\u1e9cy"
        null
        call_constructor 2
        call_constructor 2
        null
        call_constructor 2
        call_constructor 2
        call_constructor 2
        null
        call_constructor 2
        call_constructor 2
        call_constructor 2
        get_var_ref 69: sc_Pair
        dup
        push_atom_value "\u1e9cequal"
        get_var_ref 69: sc_Pair
        dup
        get_var_ref 69: sc_Pair
        dup
        push_atom_value "\u1e9cexec"
        get_var_ref 69: sc_Pair
        dup
        get_var_ref 69: sc_Pair
        dup
        push_atom_value "\u1e9cappend"
        get_var_ref 69: sc_Pair
        dup
        push_atom_value "\u1e9cx"
        get_var_ref 69: sc_Pair
        dup
        push_atom_value "\u1e9cy"
        null
        call_constructor 2
        call_constructor 2
        call_constructor 2
        get_var_ref 69: sc_Pair
        dup
        push_atom_value "\u1e9cpds"
        get_var_ref 69: sc_Pair
        dup
        push_atom_value "\u1e9cenvrn"
        null
        call_constructor 2
        call_constructor 2
        call_constructor 2
        call_constructor 2
        get_var_ref 69: sc_Pair
        dup
        get_var_ref 69: sc_Pair
        dup
        push_atom_value "\u1e9cexec"
        get_var_ref 69: sc_Pair
        dup
        push_atom_value "\u1e9cy"
        get_var_ref 69: sc_Pair
        dup
        get_var_ref 69: sc_Pair
        dup
        push_atom_value "\u1e9cexec"
        get_var_ref 69: sc_Pair
        dup
        push_atom_value "\u1e9cx"
        get_var_ref 69: sc_Pair
        dup
        push_atom_value "\u1e9cpds"
        get_var_ref 69: sc_Pair
        dup
        push_atom_value "\u1e9cenvrn"
        null
        call_constructor 2
        call_constructor 2
        call_constructor 2
        call_constructor 2
        get_var_ref 69: sc_Pair
        dup
        push_atom_value "\u1e9cenvrn"
        null
        call_constructor 2
        call_constructor 2
        call_constructor 2
        call_constructor 2
        null
        call_constructor 2
        call_constructor 2
        call_constructor 2
        get_var_ref 69: sc_Pair
        dup
        push_atom_value "\u1e9cequal"
        get_var_ref 69: sc_Pair
        dup
        get_var_ref 69: sc_Pair
        dup
        push_atom_value "\u1e9cmc-flatten"
        get_var_ref 69: sc_Pair
        dup
        push_atom_value "\u1e9cx"
        get_var_ref 69: sc_Pair
        dup
        push_atom_value "\u1e9cy"
        null
        call_constructor 2
        call_constructor 2
        call_constructor 2
        get_var_ref 69: sc_Pair
        dup
        get_var_ref 69: sc_Pair
        dup
        push_atom_value "\u1e9cappend"
        get_var_ref 69: sc_Pair
        dup
        get_var_ref 69: sc_Pair
        dup
        push_atom_value "\u1e9cflatten"
        get_var_ref 69: sc_Pair
        dup
        push_atom_value "\u1e9cx"
        null
        call_constructor 2
        call_constructor 2
        get_var_ref 69: sc_Pair
        dup
        push_atom_value "\u1e9cy"
        null
        call_constructor 2
        call_constructor 2
        call_constructor 2
        null
        call_constructor 2
        call_constructor 2
        call_constructor 2
        get_var_ref 69: sc_Pair
        dup
        push_atom_value "\u1e9cequal"
        get_var_ref 69: sc_Pair
        dup
        get_var_ref 69: sc_Pair
        dup
        push_atom_value "\u1e9cmember"
        get_var_ref 69: sc_Pair
        dup
        push_atom_value "\u1e9cx"
        get_var_ref 69: sc_Pair
        dup
        get_var_ref 69: sc_Pair
        dup
        push_atom_value "\u1e9cappend"
        get_var_ref 69: sc_Pair
        dup
        push_atom_value "\u1e9ca"
        get_var_ref 69: sc_Pair
        dup
        push_atom_value "\u1e9cb"
        null
        call_constructor 2
        call_constructor 2
        call_constructor 2
        null
        call_constructor 2
        call_constructor 2
        call_constructor 2
        get_var_ref 69: sc_Pair
        dup
        get_var_ref 69: sc_Pair
        dup
        push_atom_value "\u1e9cor"
        get_var_ref 69: sc_Pair
        dup
        get_var_ref 69: sc_Pair
        dup
        push_atom_value "\u1e9cmember"
        get_var_ref 69: sc_Pair
        dup
        push_atom_value "\u1e9cx"
        get_var_ref 69: sc_Pair
        dup
        push_atom_value "\u1e9ca"
        null
        call_constructor 2
        call_constructor 2
        call_constructor 2
        get_var_ref 69: sc_Pair
        dup
        get_var_ref 69: sc_Pair
        dup
        push_atom_value "\u1e9cmember"
        get_var_ref 69: sc_Pair
        dup
        push_atom_value "\u1e9cx"
        get_var_ref 69: sc_Pair
        dup
        push_atom_value "\u1e9cb"
        null
        call_constructor 2
        call_constructor 2
        call_constructor 2
        null
        call_constructor 2
        call_constructor 2
        call_constructor 2
        null
        call_constructor 2
        call_constructor 2
        call_constructor 2
        get_var_ref 69: sc_Pair
        dup
        push_atom_value "\u1e9cequal"
        get_var_ref 69: sc_Pair
        dup
        get_var_ref 69: sc_Pair
        dup
        push_atom_value "\u1e9cmember"
        get_var_ref 69: sc_Pair
        dup
        push_atom_value "\u1e9cx"
        get_var_ref 69: sc_Pair
        dup
        get_var_ref 69: sc_Pair
        dup
        push_atom_value "\u1e9creverse"
        get_var_ref 69: sc_Pair
        dup
        push_atom_value "\u1e9cy"
        null
        call_constructor 2
        call_constructor 2
        null
        call_constructor 2
        call_constructor 2
        call_constructor 2
        get_var_ref 69: sc_Pair
        dup
        get_var_ref 69: sc_Pair
        dup
        push_atom_value "\u1e9cmember"
        get_var_ref 69: sc_Pair
        dup
        push_atom_value "\u1e9cx"
        get_var_ref 69: sc_Pair
        dup
        push_atom_value "\u1e9cy"
        null
        call_constructor 2
        call_constructor 2
        call_constructor 2
        null
        call_constructor 2
        call_constructor 2
        call_constructor 2
        get_var_ref 69: sc_Pair
        dup
        push_atom_value "\u1e9cequal"
        get_var_ref 69: sc_Pair
        dup
        get_var_ref 69: sc_Pair
        dup
        push_atom_value "\u1e9clength"
        get_var_ref 69: sc_Pair
        dup
        get_var_ref 69: sc_Pair
        dup
        push_atom_value "\u1e9creverse"
        get_var_ref 69: sc_Pair
        dup
        push_atom_value "\u1e9cx"
        null
        call_constructor 2
        call_constructor 2
        null
        call_constructor 2
        call_constructor 2
        get_var_ref 69: sc_Pair
        dup
        get_var_ref 69: sc_Pair
        dup
        push_atom_value "\u1e9clength"
        get_var_ref 69: sc_Pair
        dup
        push_atom_value "\u1e9cx"
        null
        call_constructor 2
        call_constructor 2
        null
        call_constructor 2
        call_constructor 2
        call_constructor 2
        get_var_ref 69: sc_Pair
        dup
        push_atom_value "\u1e9cequal"
        get_var_ref 69: sc_Pair
        dup
        get_var_ref 69: sc_Pair
        dup
        push_atom_value "\u1e9cmember"
        get_var_ref 69: sc_Pair
        dup
        push_atom_value "\u1e9ca"
        get_var_ref 69: sc_Pair
        dup
        get_var_ref 69: sc_Pair
        dup
        push_atom_value "\u1e9cintersect"
        get_var_ref 69: sc_Pair
        dup
        push_atom_value "\u1e9cb"
        get_var_ref 69: sc_Pair
        dup
        push_atom_value "\u1e9cc"
        null
        call_constructor 2
        call_constructor 2
        call_constructor 2
        null
        call_constructor 2
        call_constructor 2
        call_constructor 2
        get_var_ref 69: sc_Pair
        dup
        get_var_ref 69: sc_Pair
        dup
        push_atom_value "\u1e9cand"
        get_var_ref 69: sc_Pair
        dup
        get_var_ref 69: sc_Pair
        dup
        push_atom_value "\u1e9cmember"
        get_var_ref 69: sc_Pair
        dup
        push_atom_value "\u1e9ca"
        get_var_ref 69: sc_Pair
        dup
        push_atom_value "\u1e9cb"
        null
        call_constructor 2
        call_constructor 2
        call_constructor 2
        get_var_ref 69: sc_Pair
        dup
        get_var_ref 69: sc_Pair
        dup
        push_atom_value "\u1e9cmember"
        get_var_ref 69: sc_Pair
        dup
        push_atom_value "\u1e9ca"
        get_var_ref 69: sc_Pair
        dup
        push_atom_value "\u1e9cc"
        null
        call_constructor 2
        call_constructor 2
        call_constructor 2
        null
        call_constructor 2
        call_constructor 2
        call_constructor 2
        null
        call_constructor 2
        call_constructor 2
        call_constructor 2
        get_var_ref 69: sc_Pair
        dup
        push_atom_value "\u1e9cequal"
        get_var_ref 69: sc_Pair
        dup
        get_var_ref 69: sc_Pair
        dup
        push_atom_value "\u1e9cnth"
        get_var_ref 69: sc_Pair
        dup
        get_var_ref 69: sc_Pair
        dup
        push_atom_value "\u1e9czero"
        null
        call_constructor 2
        get_var_ref 69: sc_Pair
        dup
        push_atom_value "\u1e9ci"
        null
        call_constructor 2
        call_constructor 2
        call_constructor 2
        get_var_ref 69: sc_Pair
        dup
        get_var_ref 69: sc_Pair
        dup
        push_atom_value "\u1e9czero"
        null
        call_constructor 2
        null
        call_constructor 2
        call_constructor 2
        call_constructor 2
        get_var_ref 69: sc_Pair
        dup
        push_atom_value "\u1e9cequal"
        get_var_ref 69: sc_Pair
        dup
        get_var_ref 69: sc_Pair
        dup
        push_atom_value "\u1e9cexp"
        get_var_ref 69: sc_Pair
        dup
        push_atom_value "\u1e9ci"
        get_var_ref 69: sc_Pair
        dup
        get_var_ref 69: sc_Pair
        dup
        push_atom_value "\u1e9cplus"
        get_var_ref 69: sc_Pair
        dup
        push_atom_value "\u1e9cj"
        get_var_ref 69: sc_Pair
        dup
        push_atom_value "\u1e9ck"
        null
        call_constructor 2
        call_constructor 2
        call_constructor 2
        null
        call_constructor 2
        call_constructor 2
        call_constructor 2
        get_var_ref 69: sc_Pair
        dup
        get_var_ref 69: sc_Pair
        dup
        push_atom_value "\u1e9ctimes"
        get_var_ref 69: sc_Pair
        dup
        get_var_ref 69: sc_Pair
        dup
        push_atom_value "\u1e9cexp"
        get_var_ref 69: sc_Pair
        dup
        push_atom_value "\u1e9ci"
        get_var_ref 69: sc_Pair
        dup
        push_atom_value "\u1e9cj"
        null
        call_constructor 2
        call_constructor 2
        call_constructor 2
        get_var_ref 69: sc_Pair
        dup
        get_var_ref 69: sc_Pair
        dup
        push_atom_value "\u1e9cexp"
        get_var_ref 69: sc_Pair
        dup
        push_atom_value "\u1e9ci"
        get_var_ref 69: sc_Pair
        dup
        push_atom_value "\u1e9ck"
        null
        call_constructor 2
        call_constructor 2
        call_constructor 2
        null
        call_constructor 2
        call_constructor 2
        call_constructor 2
        null
        call_constructor 2
        call_constructor 2
        call_constructor 2
        get_var_ref 69: sc_Pair
        dup
        push_atom_value "\u1e9cequal"
        get_var_ref 69: sc_Pair
        dup
        get_var_ref 69: sc_Pair
        dup
        push_atom_value "\u1e9cexp"
        get_var_ref 69: sc_Pair
        dup
        push_atom_value "\u1e9ci"
        get_var_ref 69: sc_Pair
        dup
        get_var_ref 69: sc_Pair
        dup
        push_atom_value "\u1e9ctimes"
        get_var_ref 69: sc_Pair
        dup
        push_atom_value "\u1e9cj"
        get_var_ref 69: sc_Pair
        dup
        push_atom_value "\u1e9ck"
        null
        call_constructor 2
        call_constructor 2
        call_constructor 2
        null
        call_constructor 2
        call_constructor 2
        call_constructor 2
        get_var_ref 69: sc_Pair
        dup
        get_var_ref 69: sc_Pair
        dup
        push_atom_value "\u1e9cexp"
        get_var_ref 69: sc_Pair
        dup
        get_var_ref 69: sc_Pair
        dup
        push_atom_value "\u1e9cexp"
        get_var_ref 69: sc_Pair
        dup
        push_atom_value "\u1e9ci"
        get_var_ref 69: sc_Pair
        dup
        push_atom_value "\u1e9cj"
        null
        call_constructor 2
        call_constructor 2
        call_constructor 2
        get_var_ref 69: sc_Pair
        dup
        push_atom_value "\u1e9ck"
        null
        call_constructor 2
        call_constructor 2
        call_constructor 2
        null
        call_constructor 2
        call_constructor 2
        call_constructor 2
        get_var_ref 69: sc_Pair
        dup
        push_atom_value "\u1e9cequal"
        get_var_ref 69: sc_Pair
        dup
        get_var_ref 69: sc_Pair
        dup
        push_atom_value "\u1e9creverse-loop"
        get_var_ref 69: sc_Pair
        dup
        push_atom_value "\u1e9cx"
        get_var_ref 69: sc_Pair
        dup
        push_atom_value "\u1e9cy"
        null
        call_constructor 2
        call_constructor 2
        call_constructor 2
        get_var_ref 69: sc_Pair
        dup
        get_var_ref 69: sc_Pair
        dup
        push_atom_value "\u1e9cappend"
        get_var_ref 69: sc_Pair
        dup
        get_var_ref 69: sc_Pair
        dup
        push_atom_value "\u1e9creverse"
        get_var_ref 69: sc_Pair
        dup
        push_atom_value "\u1e9cx"
        null
        call_constructor 2
        call_constructor 2
        get_var_ref 69: sc_Pair
        dup
        push_atom_value "\u1e9cy"
        null
        call_constructor 2
        call_constructor 2
        call_constructor 2
        null
        call_constructor 2
        call_constructor 2
        call_constructor 2
        get_var_ref 69: sc_Pair
        dup
        push_atom_value "\u1e9cequal"
        get_var_ref 69: sc_Pair
        dup
        get_var_ref 69: sc_Pair
        dup
        push_atom_value "\u1e9creverse-loop"
        get_var_ref 69: sc_Pair
        dup
        push_atom_value "\u1e9cx"
        get_var_ref 69: sc_Pair
        dup
        get_var_ref 69: sc_Pair
        dup
        push_atom_value "\u1e9cnil"
        null
        call_constructor 2
        null
        call_constructor 2
        call_constructor 2
        call_constructor 2
        get_var_ref 69: sc_Pair
        dup
        get_var_ref 69: sc_Pair
        dup
        push_atom_value "\u1e9creverse"
        get_var_ref 69: sc_Pair
        dup
        push_atom_value "\u1e9cx"
        null
        call_constructor 2
        call_constructor 2
        null
        call_constructor 2
        call_constructor 2
        call_constructor 2
        get_var_ref 69: sc_Pair
        dup
        push_atom_value "\u1e9cequal"
        get_var_ref 69: sc_Pair
        dup
        get_var_ref 69: sc_Pair
        dup
        push_atom_value "\u1e9ccount-list"
        get_var_ref 69: sc_Pair
        dup
        push_atom_value "\u1e9cz"
        get_var_ref 69: sc_Pair
        dup
        get_var_ref 69: sc_Pair
        dup
        push_atom_value "\u1e9csort-lp"
        get_var_ref 69: sc_Pair
        dup
        push_atom_value "\u1e9cx"
        get_var_ref 69: sc_Pair
        dup
        push_atom_value "\u1e9cy"
        null
        call_constructor 2
        call_constructor 2
        call_constructor 2
        null
        call_constructor 2
        call_constructor 2
        call_constructor 2
        get_var_ref 69: sc_Pair
        dup
        get_var_ref 69: sc_Pair
        dup
        push_atom_value "\u1e9cplus"
        get_var_ref 69: sc_Pair
        dup
        get_var_ref 69: sc_Pair
        dup
        push_atom_value "\u1e9ccount-list"
        get_var_ref 69: sc_Pair
        dup
        push_atom_value "\u1e9cz"
        get_var_ref 69: sc_Pair
        dup
        push_atom_value "\u1e9cx"
        null
        call_constructor 2
        call_constructor 2
        call_constructor 2
        get_var_ref 69: sc_Pair
        dup
        get_var_ref 69: sc_Pair
        dup
        push_atom_value "\u1e9ccount-list"
        get_var_ref 69: sc_Pair
        dup
        push_atom_value "\u1e9cz"
        get_var_ref 69: sc_Pair
        dup
        push_atom_value "\u1e9cy"
        null
        call_constructor 2
        call_constructor 2
        call_constructor 2
        null
        call_constructor 2
        call_constructor 2
        call_constructor 2
        null
        call_constructor 2
        call_constructor 2
        call_constructor 2
        get_var_ref 69: sc_Pair
        dup
        push_atom_value "\u1e9cequal"
        get_var_ref 69: sc_Pair
        dup
        get_var_ref 69: sc_Pair
        dup
        push_atom_value "\u1e9cequal"
        get_var_ref 69: sc_Pair
        dup
        get_var_ref 69: sc_Pair
        dup
        push_atom_value "\u1e9cappend"
        get_var_ref 69: sc_Pair
        dup
        push_atom_value "\u1e9ca"
        get_var_ref 69: sc_Pair
        dup
        push_atom_value "\u1e9cb"
        null
        call_constructor 2
        call_constructor 2
        call_constructor 2
        get_var_ref 69: sc_Pair
        dup
        get_var_ref 69: sc_Pair
        dup
        push_atom_value "\u1e9cappend"
        get_var_ref 69: sc_Pair
        dup
        push_atom_value "\u1e9ca"
        get_var_ref 69: sc_Pair
        dup
        push_atom_value "\u1e9cc"
        null
        call_constructor 2
        call_constructor 2
        call_constructor 2
        null
        call_constructor 2
        call_constructor 2
        call_constructor 2
        get_var_ref 69: sc_Pair
        dup
        get_var_ref 69: sc_Pair
        dup
        push_atom_value "\u1e9cequal"
        get_var_ref 69: sc_Pair
        dup
        push_atom_value "\u1e9cb"
        get_var_ref 69: sc_Pair
        dup
        push_atom_value "\u1e9cc"
        null
        call_constructor 2
        call_constructor 2
        call_constructor 2
        null
        call_constructor 2
        call_constructor 2
        call_constructor 2
        get_var_ref 69: sc_Pair
        dup
        push_atom_value "\u1e9cequal"
        get_var_ref 69: sc_Pair
        dup
        get_var_ref 69: sc_Pair
        dup
        push_atom_value "\u1e9cplus"
        get_var_ref 69: sc_Pair
        dup
        get_var_ref 69: sc_Pair
        dup
        push_atom_value "\u1e9cremainder"
        get_var_ref 69: sc_Pair
        dup
        push_atom_value "\u1e9cx"
        get_var_ref 69: sc_Pair
        dup
        push_atom_value "\u1e9cy"
        null
        call_constructor 2
        call_constructor 2
        call_constructor 2
        get_var_ref 69: sc_Pair
        dup
        get_var_ref 69: sc_Pair
        dup
        push_atom_value "\u1e9ctimes"
        get_var_ref 69: sc_Pair
        dup
        push_atom_value "\u1e9cy"
        get_var_ref 69: sc_Pair
        dup
        get_var_ref 69: sc_Pair
        dup
        push_atom_value "\u1e9cquotient"
        get_var_ref 69: sc_Pair
        dup
        push_atom_value "\u1e9cx"
        get_var_ref 69: sc_Pair
        dup
        push_atom_value "\u1e9cy"
        null
        call_constructor 2
        call_constructor 2
        call_constructor 2
        null
        call_constructor 2
        call_constructor 2
        call_constructor 2
        null
        call_constructor 2
        call_constructor 2
        call_constructor 2
        get_var_ref 69: sc_Pair
        dup
        get_var_ref 69: sc_Pair
        dup
        push_atom_value "\u1e9cfix"
        get_var_ref 69: sc_Pair
        dup
        push_atom_value "\u1e9cx"
        null
        call_constructor 2
        call_constructor 2
        null
        call_constructor 2
        call_constructor 2
        call_constructor 2
        get_var_ref 69: sc_Pair
        dup
        push_atom_value "\u1e9cequal"
        get_var_ref 69: sc_Pair
        dup
        get_var_ref 69: sc_Pair
        dup
        push_atom_value "\u1e9cpower-eval"
        get_var_ref 69: sc_Pair
        dup
        get_var_ref 69: sc_Pair
        dup
        push_atom_value "\u1e9cbig-plus1"
        get_var_ref 69: sc_Pair
        dup
        push_atom_value "\u1e9cl"
        get_var_ref 69: sc_Pair
        dup
        push_atom_value "\u1e9ci"
        get_var_ref 69: sc_Pair
        dup
        push_atom_value "\u1e9cbase"
        null
        call_constructor 2
        call_constructor 2
        call_constructor 2
        call_constructor 2
        get_var_ref 69: sc_Pair
        dup
        push_atom_value "\u1e9cbase"
        null
        call_constructor 2
        call_constructor 2
        call_constructor 2
        get_var_ref 69: sc_Pair
        dup
        get_var_ref 69: sc_Pair
        dup
        push_atom_value "\u1e9cplus"
        get_var_ref 69: sc_Pair
        dup
        get_var_ref 69: sc_Pair
        dup
        push_atom_value "\u1e9cpower-eval"
        get_var_ref 69: sc_Pair
        dup
        push_atom_value "\u1e9cl"
        get_var_ref 69: sc_Pair
        dup
        push_atom_value "\u1e9cbase"
        null
        call_constructor 2
        call_constructor 2
        call_constructor 2
        get_var_ref 69: sc_Pair
        dup
        push_atom_value "\u1e9ci"
        null
        call_constructor 2
        call_constructor 2
        call_constructor 2
        null
        call_constructor 2
        call_constructor 2
        call_constructor 2
        get_var_ref 69: sc_Pair
        dup
        push_atom_value "\u1e9cequal"
        get_var_ref 69: sc_Pair
        dup
        get_var_ref 69: sc_Pair
        dup
        push_atom_value "\u1e9cpower-eval"
        get_var_ref 69: sc_Pair
        dup
        get_var_ref 69: sc_Pair
        dup
        push_atom_value "\u1e9cbig-plus"
        get_var_ref 69: sc_Pair
        dup
        push_atom_value "\u1e9cx"
        get_var_ref 69: sc_Pair
        dup
        push_atom_value "\u1e9cy"
        get_var_ref 69: sc_Pair
        dup
        push_atom_value "\u1e9ci"
        get_var_ref 69: sc_Pair
        dup
        push_atom_value "\u1e9cbase"
        null
        call_constructor 2
        call_constructor 2
        call_constructor 2
        call_constructor 2
        call_constructor 2
        get_var_ref 69: sc_Pair
        dup
        push_atom_value "\u1e9cbase"
        null
        call_constructor 2
        call_constructor 2
        call_constructor 2
        get_var_ref 69: sc_Pair
        dup
        get_var_ref 69: sc_Pair
        dup
        push_atom_value "\u1e9cplus"
        get_var_ref 69: sc_Pair
        dup
        push_atom_value "\u1e9ci"
        get_var_ref 69: sc_Pair
        dup
        get_var_ref 69: sc_Pair
        dup
        push_atom_value "\u1e9cplus"
        get_var_ref 69: sc_Pair
        dup
        get_var_ref 69: sc_Pair
        dup
        push_atom_value "\u1e9cpower-eval"
        get_var_ref 69: sc_Pair
        dup
        push_atom_value "\u1e9cx"
        get_var_ref 69: sc_Pair
        dup
        push_atom_value "\u1e9cbase"
        null
        call_constructor 2
        call_constructor 2
        call_constructor 2
        get_var_ref 69: sc_Pair
        dup
        get_var_ref 69: sc_Pair
        dup
        push_atom_value "\u1e9cpower-eval"
        get_var_ref 69: sc_Pair
        dup
        push_atom_value "\u1e9cy"
        get_var_ref 69: sc_Pair
        dup
        push_atom_value "\u1e9cbase"
        null
        call_constructor 2
        call_constructor 2
        call_constructor 2
        null
        call_constructor 2
        call_constructor 2
        call_constructor 2
        null
        call_constructor 2
        call_constructor 2
        call_constructor 2
        null
        call_constructor 2
        call_constructor 2
        call_constructor 2
        get_var_ref 69: sc_Pair
        dup
        push_atom_value "\u1e9cequal"
        get_var_ref 69: sc_Pair
        dup
        get_var_ref 69: sc_Pair
        dup
        push_atom_value "\u1e9cremainder"
        get_var_ref 69: sc_Pair
        dup
        push_atom_value "\u1e9cy"
        get_var_ref 69: sc_Pair
        dup
        push_1 1
        null
        call_constructor 2
        call_constructor 2
        call_constructor 2
        get_var_ref 69: sc_Pair
        dup
        get_var_ref 69: sc_Pair
        dup
        push_atom_value "\u1e9czero"
        null
        call_constructor 2
        null
        call_constructor 2
        call_constructor 2
        call_constructor 2
        get_var_ref 69: sc_Pair
        dup
        push_atom_value "\u1e9cequal"
        get_var_ref 69: sc_Pair
        dup
        get_var_ref 69: sc_Pair
        dup
        push_atom_value "\u1e9clessp"
        get_var_ref 69: sc_Pair
        dup
        get_var_ref 69: sc_Pair
        dup
        push_atom_value "\u1e9cremainder"
        get_var_ref 69: sc_Pair
        dup
        push_atom_value "\u1e9cx"
        get_var_ref 69: sc_Pair
        dup
        push_atom_value "\u1e9cy"
        null
        call_constructor 2
        call_constructor 2
        call_constructor 2
        get_var_ref 69: sc_Pair
        dup
        push_atom_value "\u1e9cy"
        null
        call_constructor 2
        call_constructor 2
        call_constructor 2
        get_var_ref 69: sc_Pair
        dup
        get_var_ref 69: sc_Pair
        dup
        push_atom_value "\u1e9cnot"
        get_var_ref 69: sc_Pair
        dup
        get_var_ref 69: sc_Pair
        dup
        push_atom_value "\u1e9czerop"
        get_var_ref 69: sc_Pair
        dup
        push_atom_value "\u1e9cy"
        null
        call_constructor 2
        call_constructor 2
        null
        call_constructor 2
        call_constructor 2
        null
        call_constructor 2
        call_constructor 2
        call_constructor 2
        get_var_ref 69: sc_Pair
        dup
        push_atom_value "\u1e9cequal"
        get_var_ref 69: sc_Pair
        dup
        get_var_ref 69: sc_Pair
        dup
        push_atom_value "\u1e9cremainder"
        get_var_ref 69: sc_Pair
        dup
        push_atom_value "\u1e9cx"
        get_var_ref 69: sc_Pair
        dup
        push_atom_value "\u1e9cx"
        null
        call_constructor 2
        call_constructor 2
        call_constructor 2
        get_var_ref 69: sc_Pair
        dup
        get_var_ref 69: sc_Pair
        dup
        push_atom_value "\u1e9czero"
        null
        call_constructor 2
        null
        call_constructor 2
        call_constructor 2
        call_constructor 2
        get_var_ref 69: sc_Pair
        dup
        push_atom_value "\u1e9cequal"
        get_var_ref 69: sc_Pair
        dup
        get_var_ref 69: sc_Pair
        dup
        push_atom_value "\u1e9clessp"
        get_var_ref 69: sc_Pair
        dup
        get_var_ref 69: sc_Pair
        dup
        push_atom_value "\u1e9cquotient"
        get_var_ref 69: sc_Pair
        dup
        push_atom_value "\u1e9ci"
        get_var_ref 69: sc_Pair
        dup
        push_atom_value "\u1e9cj"
        null
        call_constructor 2
        call_constructor 2
        call_constructor 2
        get_var_ref 69: sc_Pair
        dup
        push_atom_value "\u1e9ci"
        null
        call_constructor 2
        call_constructor 2
        call_constructor 2
        get_var_ref 69: sc_Pair
        dup
        get_var_ref 69: sc_Pair
        dup
        push_atom_value "\u1e9cand"
        get_var_ref 69: sc_Pair
        dup
        get_var_ref 69: sc_Pair
        dup
        push_atom_value "\u1e9cnot"
        get_var_ref 69: sc_Pair
        dup
        get_var_ref 69: sc_Pair
        dup
        push_atom_value "\u1e9czerop"
        get_var_ref 69: sc_Pair
        dup
        push_atom_value "\u1e9ci"
        null
        call_constructor 2
        call_constructor 2
        null
        call_constructor 2
        call_constructor 2
        get_var_ref 69: sc_Pair
        dup
        get_var_ref 69: sc_Pair
        dup
        push_atom_value "\u1e9cor"
        get_var_ref 69: sc_Pair
        dup
        get_var_ref 69: sc_Pair
        dup
        push_atom_value "\u1e9czerop"
        get_var_ref 69: sc_Pair
        dup
        push_atom_value "\u1e9cj"
        null
        call_constructor 2
        call_constructor 2
        get_var_ref 69: sc_Pair
        dup
        get_var_ref 69: sc_Pair
        dup
        push_atom_value "\u1e9cnot"
        get_var_ref 69: sc_Pair
        dup
        get_var_ref 69: sc_Pair
        dup
        push_atom_value "\u1e9cequal"
        get_var_ref 69: sc_Pair
        dup
        push_atom_value "\u1e9cj"
        get_var_ref 69: sc_Pair
        dup
        push_1 1
        null
        call_constructor 2
        call_constructor 2
        call_constructor 2
        null
        call_constructor 2
        call_constructor 2
        null
        call_constructor 2
        call_constructor 2
        call_constructor 2
        null
        call_constructor 2
        call_constructor 2
        call_constructor 2
        null
        call_constructor 2
        call_constructor 2
        call_constructor 2
        get_var_ref 69: sc_Pair
        dup
        push_atom_value "\u1e9cequal"
        get_var_ref 69: sc_Pair
        dup
        get_var_ref 69: sc_Pair
        dup
        push_atom_value "\u1e9clessp"
        get_var_ref 69: sc_Pair
        dup
        get_var_ref 69: sc_Pair
        dup
        push_atom_value "\u1e9cremainder"
        get_var_ref 69: sc_Pair
        dup
        push_atom_value "\u1e9cx"
        get_var_ref 69: sc_Pair
        dup
        push_atom_value "\u1e9cy"
        null
        call_constructor 2
        call_constructor 2
        call_constructor 2
        get_var_ref 69: sc_Pair
        dup
        push_atom_value "\u1e9cx"
        null
        call_constructor 2
        call_constructor 2
        call_constructor 2
        get_var_ref 69: sc_Pair
        dup
        get_var_ref 69: sc_Pair
        dup
        push_atom_value "\u1e9cand"
        get_var_ref 69: sc_Pair
        dup
        get_var_ref 69: sc_Pair
        dup
        push_atom_value "\u1e9cnot"
        get_var_ref 69: sc_Pair
        dup
        get_var_ref 69: sc_Pair
        dup
        push_atom_value "\u1e9czerop"
        get_var_ref 69: sc_Pair
        dup
        push_atom_value "\u1e9cy"
        null
        call_constructor 2
        call_constructor 2
        null
        call_constructor 2
        call_constructor 2
        get_var_ref 69: sc_Pair
        dup
        get_var_ref 69: sc_Pair
        dup
        push_atom_value "\u1e9cnot"
        get_var_ref 69: sc_Pair
        dup
        get_var_ref 69: sc_Pair
        dup
        push_atom_value "\u1e9czerop"
        get_var_ref 69: sc_Pair
        dup
        push_atom_value "\u1e9cx"
        null
        call_constructor 2
        call_constructor 2
        null
        call_constructor 2
        call_constructor 2
        get_var_ref 69: sc_Pair
        dup
        get_var_ref 69: sc_Pair
        dup
        push_atom_value "\u1e9cnot"
        get_var_ref 69: sc_Pair
        dup
        get_var_ref 69: sc_Pair
        dup
        push_atom_value "\u1e9clessp"
        get_var_ref 69: sc_Pair
        dup
        push_atom_value "\u1e9cx"
        get_var_ref 69: sc_Pair
        dup
        push_atom_value "\u1e9cy"
        null
        call_constructor 2
        call_constructor 2
        call_constructor 2
        null
        call_constructor 2
        call_constructor 2
        null
        call_constructor 2
        call_constructor 2
        call_constructor 2
        call_constructor 2
        null
        call_constructor 2
        call_constructor 2
        call_constructor 2
        get_var_ref 69: sc_Pair
        dup
        push_atom_value "\u1e9cequal"
        get_var_ref 69: sc_Pair
        dup
        get_var_ref 69: sc_Pair
        dup
        push_atom_value "\u1e9cpower-eval"
        get_var_ref 69: sc_Pair
        dup
        get_var_ref 69: sc_Pair
        dup
        push_atom_value "\u1e9cpower-rep"
        get_var_ref 69: sc_Pair
        dup
        push_atom_value "\u1e9ci"
        get_var_ref 69: sc_Pair
        dup
        push_atom_value "\u1e9cbase"
        null
        call_constructor 2
        call_constructor 2
        call_constructor 2
        get_var_ref 69: sc_Pair
        dup
        push_atom_value "\u1e9cbase"
        null
        call_constructor 2
        call_constructor 2
        call_constructor 2
        get_var_ref 69: sc_Pair
        dup
        get_var_ref 69: sc_Pair
        dup
        push_atom_value "\u1e9cfix"
        get_var_ref 69: sc_Pair
        dup
        push_atom_value "\u1e9ci"
        null
        call_constructor 2
        call_constructor 2
        null
        call_constructor 2
        call_constructor 2
        call_constructor 2
        get_var_ref 69: sc_Pair
        dup
        push_atom_value "\u1e9cequal"
        get_var_ref 69: sc_Pair
        dup
        get_var_ref 69: sc_Pair
        dup
        push_atom_value "\u1e9cpower-eval"
        get_var_ref 69: sc_Pair
        dup
        get_var_ref 69: sc_Pair
        dup
        push_atom_value "\u1e9cbig-plus"
        get_var_ref 69: sc_Pair
        dup
        get_var_ref 69: sc_Pair
        dup
        push_atom_value "\u1e9cpower-rep"
        get_var_ref 69: sc_Pair
        dup
        push_atom_value "\u1e9ci"
        get_var_ref 69: sc_Pair
        dup
        push_atom_value "\u1e9cbase"
        null
        call_constructor 2
        call_constructor 2
        call_constructor 2
        get_var_ref 69: sc_Pair
        dup
        get_var_ref 69: sc_Pair
        dup
        push_atom_value "\u1e9cpower-rep"
        get_var_ref 69: sc_Pair
        dup
        push_atom_value "\u1e9cj"
        get_var_ref 69: sc_Pair
        dup
        push_atom_value "\u1e9cbase"
        null
        call_constructor 2
        call_constructor 2
        call_constructor 2
        get_var_ref 69: sc_Pair
        dup
        get_var_ref 69: sc_Pair
        dup
        push_atom_value "\u1e9czero"
        null
        call_constructor 2
        get_var_ref 69: sc_Pair
        dup
        push_atom_value "\u1e9cbase"
        null
        call_constructor 2
        call_constructor 2
        call_constructor 2
        call_constructor 2
        call_constructor 2
        get_var_ref 69: sc_Pair
        dup
        push_atom_value "\u1e9cbase"
        null
        call_constructor 2
        call_constructor 2
        call_constructor 2
        get_var_ref 69: sc_Pair
        dup
        get_var_ref 69: sc_Pair
        dup
        push_atom_value "\u1e9cplus"
        get_var_ref 69: sc_Pair
        dup
        push_atom_value "\u1e9ci"
        get_var_ref 69: sc_Pair
        dup
        push_atom_value "\u1e9cj"
        null
        call_constructor 2
        call_constructor 2
        call_constructor 2
        null
        call_constructor 2
        call_constructor 2
        call_constructor 2
        get_var_ref 69: sc_Pair
        dup
        push_atom_value "\u1e9cequal"
        get_var_ref 69: sc_Pair
        dup
        get_var_ref 69: sc_Pair
        dup
        push_atom_value "\u1e9cgcd"
        get_var_ref 69: sc_Pair
        dup
        push_atom_value "\u1e9cx"
        get_var_ref 69: sc_Pair
        dup
        push_atom_value "\u1e9cy"
        null
        call_constructor 2
        call_constructor 2
        call_constructor 2
        get_var_ref 69: sc_Pair
        dup
        get_var_ref 69: sc_Pair
        dup
        push_atom_value "\u1e9cgcd"
        get_var_ref 69: sc_Pair
        dup
        push_atom_value "\u1e9cy"
        get_var_ref 69: sc_Pair
        dup
        push_atom_value "\u1e9cx"
        null
        call_constructor 2
        call_constructor 2
        call_constructor 2
        null
        call_constructor 2
        call_constructor 2
        call_constructor 2
        get_var_ref 69: sc_Pair
        dup
        push_atom_value "\u1e9cequal"
        get_var_ref 69: sc_Pair
        dup
        get_var_ref 69: sc_Pair
        dup
        push_atom_value "\u1e9cnth"
        get_var_ref 69: sc_Pair
        dup
        get_var_ref 69: sc_Pair
        dup
        push_atom_value "\u1e9cappend"
        get_var_ref 69: sc_Pair
        dup
        push_atom_value "\u1e9ca"
        get_var_ref 69: sc_Pair
        dup
        push_atom_value "\u1e9cb"
        null
        call_constructor 2
        call_constructor 2
        call_constructor 2
        get_var_ref 69: sc_Pair
        dup
        push_atom_value "\u1e9ci"
        null
        call_constructor 2
        call_constructor 2
        call_constructor 2
        get_var_ref 69: sc_Pair
        dup
        get_var_ref 69: sc_Pair
        dup
        push_atom_value "\u1e9cappend"
        get_var_ref 69: sc_Pair
        dup
        get_var_ref 69: sc_Pair
        dup
        push_atom_value "\u1e9cnth"
        get_var_ref 69: sc_Pair
        dup
        push_atom_value "\u1e9ca"
        get_var_ref 69: sc_Pair
        dup
        push_atom_value "\u1e9ci"
        null
        call_constructor 2
        call_constructor 2
        call_constructor 2
        get_var_ref 69: sc_Pair
        dup
        get_var_ref 69: sc_Pair
        dup
        push_atom_value "\u1e9cnth"
        get_var_ref 69: sc_Pair
        dup
        push_atom_value "\u1e9cb"
        get_var_ref 69: sc_Pair
        dup
        get_var_ref 69: sc_Pair
        dup
        push_atom_value "\u1e9cdifference"
        get_var_ref 69: sc_Pair
        dup
        push_atom_value "\u1e9ci"
        get_var_ref 69: sc_Pair
        dup
        get_var_ref 69: sc_Pair
        dup
        push_atom_value "\u1e9clength"
        get_var_ref 69: sc_Pair
        dup
        push_atom_value "\u1e9ca"
        null
        call_constructor 2
        call_constructor 2
        null
        call_constructor 2
        call_constructor 2
        call_constructor 2
        null
        call_constructor 2
        call_constructor 2
        call_constructor 2
        null
        call_constructor 2
        call_constructor 2
        call_constructor 2
        null
        call_constructor 2
        call_constructor 2
        call_constructor 2
        get_var_ref 69: sc_Pair
        dup
        push_atom_value "\u1e9cequal"
        get_var_ref 69: sc_Pair
        dup
        get_var_ref 69: sc_Pair
        dup
        push_atom_value "\u1e9cdifference"
        get_var_ref 69: sc_Pair
        dup
        get_var_ref 69: sc_Pair
        dup
        push_atom_value "\u1e9cplus"
        get_var_ref 69: sc_Pair
        dup
        push_atom_value "\u1e9cx"
        get_var_ref 69: sc_Pair
        dup
        push_atom_value "\u1e9cy"
        null
        call_constructor 2
        call_constructor 2
        call_constructor 2
        get_var_ref 69: sc_Pair
        dup
        push_atom_value "\u1e9cx"
        null
        call_constructor 2
        call_constructor 2
        call_constructor 2
        get_var_ref 69: sc_Pair
        dup
        get_var_ref 69: sc_Pair
        dup
        push_atom_value "\u1e9cfix"
        get_var_ref 69: sc_Pair
        dup
        push_atom_value "\u1e9cy"
        null
        call_constructor 2
        call_constructor 2
        null
        call_constructor 2
        call_constructor 2
        call_constructor 2
        get_var_ref 69: sc_Pair
        dup
        push_atom_value "\u1e9cequal"
        get_var_ref 69: sc_Pair
        dup
        get_var_ref 69: sc_Pair
        dup
        push_atom_value "\u1e9cdifference"
        get_var_ref 69: sc_Pair
        dup
        get_var_ref 69: sc_Pair
        dup
        push_atom_value "\u1e9cplus"
        get_var_ref 69: sc_Pair
        dup
        push_atom_value "\u1e9cy"
        get_var_ref 69: sc_Pair
        dup
        push_atom_value "\u1e9cx"
        null
        call_constructor 2
        call_constructor 2
        call_constructor 2
        get_var_ref 69: sc_Pair
        dup
        push_atom_value "\u1e9cx"
        null
        call_constructor 2
        call_constructor 2
        call_constructor 2
        get_var_ref 69: sc_Pair
        dup
        get_var_ref 69: sc_Pair
        dup
        push_atom_value "\u1e9cfix"
        get_var_ref 69: sc_Pair
        dup
        push_atom_value "\u1e9cy"
        null
        call_constructor 2
        call_constructor 2
        null
        call_constructor 2
        call_constructor 2
        call_constructor 2
        get_var_ref 69: sc_Pair
        dup
        push_atom_value "\u1e9cequal"
        get_var_ref 69: sc_Pair
        dup
        get_var_ref 69: sc_Pair
        dup
        push_atom_value "\u1e9cdifference"
        get_var_ref 69: sc_Pair
        dup
        get_var_ref 69: sc_Pair
        dup
        push_atom_value "\u1e9cplus"
        get_var_ref 69: sc_Pair
        dup
        push_atom_value "\u1e9cx"
        get_var_ref 69: sc_Pair
        dup
        push_atom_value "\u1e9cy"
        null
        call_constructor 2
        call_constructor 2
        call_constructor 2
        get_var_ref 69: sc_Pair
        dup
        get_var_ref 69: sc_Pair
        dup
        push_atom_value "\u1e9cplus"
        get_var_ref 69: sc_Pair
        dup
        push_atom_value "\u1e9cx"
        get_var_ref 69: sc_Pair
        dup
        push_atom_value "\u1e9cz"
        null
        call_constructor 2
        call_constructor 2
        call_constructor 2
        null
        call_constructor 2
        call_constructor 2
        call_constructor 2
        get_var_ref 69: sc_Pair
        dup
        get_var_ref 69: sc_Pair
        dup
        push_atom_value "\u1e9cdifference"
        get_var_ref 69: sc_Pair
        dup
        push_atom_value "\u1e9cy"
        get_var_ref 69: sc_Pair
        dup
        push_atom_value "\u1e9cz"
        null
        call_constructor 2
        call_constructor 2
        call_constructor 2
        null
        call_constructor 2
        call_constructor 2
        call_constructor 2
        get_var_ref 69: sc_Pair
        dup
        push_atom_value "\u1e9cequal"
        get_var_ref 69: sc_Pair
        dup
        get_var_ref 69: sc_Pair
        dup
        push_atom_value "\u1e9ctimes"
        get_var_ref 69: sc_Pair
        dup
        push_atom_value "\u1e9cx"
        get_var_ref 69: sc_Pair
        dup
        get_var_ref 69: sc_Pair
        dup
        push_atom_value "\u1e9cdifference"
        get_var_ref 69: sc_Pair
        dup
        push_atom_value "\u1e9cc"
        get_var_ref 69: sc_Pair
        dup
        push_atom_value "\u1e9cw"
        null
        call_constructor 2
        call_constructor 2
        call_constructor 2
        null
        call_constructor 2
        call_constructor 2
        call_constructor 2
        get_var_ref 69: sc_Pair
        dup
        get_var_ref 69: sc_Pair
        dup
        push_atom_value "\u1e9cdifference"
        get_var_ref 69: sc_Pair
        dup
        get_var_ref 69: sc_Pair
        dup
        push_atom_value "\u1e9ctimes"
        get_var_ref 69: sc_Pair
        dup
        push_atom_value "\u1e9cc"
        get_var_ref 69: sc_Pair
        dup
        push_atom_value "\u1e9cx"
        null
        call_constructor 2
        call_constructor 2
        call_constructor 2
        get_var_ref 69: sc_Pair
        dup
        get_var_ref 69: sc_Pair
        dup
        push_atom_value "\u1e9ctimes"
        get_var_ref 69: sc_Pair
        dup
        push_atom_value "\u1e9cw"
        get_var_ref 69: sc_Pair
        dup
        push_atom_value "\u1e9cx"
        null
        call_constructor 2
        call_constructor 2
        call_constructor 2
        null
        call_constructor 2
        call_constructor 2
        call_constructor 2
        null
        call_constructor 2
        call_constructor 2
        call_constructor 2
        get_var_ref 69: sc_Pair
        dup
        push_atom_value "\u1e9cequal"
        get_var_ref 69: sc_Pair
        dup
        get_var_ref 69: sc_Pair
        dup
        push_atom_value "\u1e9cremainder"
        get_var_ref 69: sc_Pair
        dup
        get_var_ref 69: sc_Pair
        dup
        push_atom_value "\u1e9ctimes"
        get_var_ref 69: sc_Pair
        dup
        push_atom_value "\u1e9cx"
        get_var_ref 69: sc_Pair
        dup
        push_atom_value "\u1e9cz"
        null
        call_constructor 2
        call_constructor 2
        call_constructor 2
        get_var_ref 69: sc_Pair
        dup
        push_atom_value "\u1e9cz"
        null
        call_constructor 2
        call_constructor 2
        call_constructor 2
        get_var_ref 69: sc_Pair
        dup
        get_var_ref 69: sc_Pair
        dup
        push_atom_value "\u1e9czero"
        null
        call_constructor 2
        null
        call_constructor 2
        call_constructor 2
        call_constructor 2
        get_var_ref 69: sc_Pair
        dup
        push_atom_value "\u1e9cequal"
        get_var_ref 69: sc_Pair
        dup
        get_var_ref 69: sc_Pair
        dup
        push_atom_value "\u1e9cdifference"
        get_var_ref 69: sc_Pair
        dup
        get_var_ref 69: sc_Pair
        dup
        push_atom_value "\u1e9cplus"
        get_var_ref 69: sc_Pair
        dup
        push_atom_value "\u1e9cb"
        get_var_ref 69: sc_Pair
        dup
        get_var_ref 69: sc_Pair
        dup
        push_atom_value "\u1e9cplus"
        get_var_ref 69: sc_Pair
        dup
        push_atom_value "\u1e9ca"
        get_var_ref 69: sc_Pair
        dup
        push_atom_value "\u1e9cc"
        null
        call_constructor 2
        call_constructor 2
        call_constructor 2
        null
        call_constructor 2
        call_constructor 2
        call_constructor 2
        get_var_ref 69: sc_Pair
        dup
        push_atom_value "\u1e9ca"
        null
        call_constructor 2
        call_constructor 2
        call_constructor 2
        get_var_ref 69: sc_Pair
        dup
        get_var_ref 69: sc_Pair
        dup
        push_atom_value "\u1e9cplus"
        get_var_ref 69: sc_Pair
        dup
        push_atom_value "\u1e9cb"
        get_var_ref 69: sc_Pair
        dup
        push_atom_value "\u1e9cc"
        null
        call_constructor 2
        call_constructor 2
        call_constructor 2
        null
        call_constructor 2
        call_constructor 2
        call_constructor 2
        get_var_ref 69: sc_Pair
        dup
        push_atom_value "\u1e9cequal"
        get_var_ref 69: sc_Pair
        dup
        get_var_ref 69: sc_Pair
        dup
        push_atom_value "\u1e9cdifference"
        get_var_ref 69: sc_Pair
        dup
        get_var_ref 69: sc_Pair
        dup
        push_atom_value "\u1e9cadd1"
        get_var_ref 69: sc_Pair
        dup
        get_var_ref 69: sc_Pair
        dup
        push_atom_value "\u1e9cplus"
        get_var_ref 69: sc_Pair
        dup
        push_atom_value "\u1e9cy"
        get_var_ref 69: sc_Pair
        dup
        push_atom_value "\u1e9cz"
        null
        call_constructor 2
        call_constructor 2
        call_constructor 2
        null
        call_constructor 2
        call_constructor 2
        get_var_ref 69: sc_Pair
        dup
        push_atom_value "\u1e9cz"
        null
        call_constructor 2
        call_constructor 2
        call_constructor 2
        get_var_ref 69: sc_Pair
        dup
        get_var_ref 69: sc_Pair
        dup
        push_atom_value "\u1e9cadd1"
        get_var_ref 69: sc_Pair
        dup
        push_atom_value "\u1e9cy"
        null
        call_constructor 2
        call_constructor 2
        null
        call_constructor 2
        call_constructor 2
        call_constructor 2
        get_var_ref 69: sc_Pair
        dup
        push_atom_value "\u1e9cequal"
        get_var_ref 69: sc_Pair
        dup
        get_var_ref 69: sc_Pair
        dup
        push_atom_value "\u1e9clessp"
        get_var_ref 69: sc_Pair
        dup
        get_var_ref 69: sc_Pair
        dup
        push_atom_value "\u1e9cplus"
        get_var_ref 69: sc_Pair
        dup
        push_atom_value "\u1e9cx"
        get_var_ref 69: sc_Pair
        dup
        push_atom_value "\u1e9cy"
        null
        call_constructor 2
        call_constructor 2
        call_constructor 2
        get_var_ref 69: sc_Pair
        dup
        get_var_ref 69: sc_Pair
        dup
        push_atom_value "\u1e9cplus"
        get_var_ref 69: sc_Pair
        dup
        push_atom_value "\u1e9cx"
        get_var_ref 69: sc_Pair
        dup
        push_atom_value "\u1e9cz"
        null
        call_constructor 2
        call_constructor 2
        call_constructor 2
        null
        call_constructor 2
        call_constructor 2
        call_constructor 2
        get_var_ref 69: sc_Pair
        dup
        get_var_ref 69: sc_Pair
        dup
        push_atom_value "\u1e9clessp"
        get_var_ref 69: sc_Pair
        dup
        push_atom_value "\u1e9cy"
        get_var_ref 69: sc_Pair
        dup
        push_atom_value "\u1e9cz"
        null
        call_constructor 2
        call_constructor 2
        call_constructor 2
        null
        call_constructor 2
        call_constructor 2
        call_constructor 2
        get_var_ref 69: sc_Pair
        dup
        push_atom_value "\u1e9cequal"
        get_var_ref 69: sc_Pair
        dup
        get_var_ref 69: sc_Pair
        dup
        push_atom_value "\u1e9clessp"
        get_var_ref 69: sc_Pair
        dup
        get_var_ref 69: sc_Pair
        dup
        push_atom_value "\u1e9ctimes"
        get_var_ref 69: sc_Pair
        dup
        push_atom_value "\u1e9cx"
        get_var_ref 69: sc_Pair
        dup
        push_atom_value "\u1e9cz"
        null
        call_constructor 2
        call_constructor 2
        call_constructor 2
        get_var_ref 69: sc_Pair
        dup
        get_var_ref 69: sc_Pair
        dup
        push_atom_value "\u1e9ctimes"
        get_var_ref 69: sc_Pair
        dup
        push_atom_value "\u1e9cy"
        get_var_ref 69: sc_Pair
        dup
        push_atom_value "\u1e9cz"
        null
        call_constructor 2
        call_constructor 2
        call_constructor 2
        null
        call_constructor 2
        call_constructor 2
        call_constructor 2
        get_var_ref 69: sc_Pair
        dup
        get_var_ref 69: sc_Pair
        dup
        push_atom_value "\u1e9cand"
        get_var_ref 69: sc_Pair
        dup
        get_var_ref 69: sc_Pair
        dup
        push_atom_value "\u1e9cnot"
        get_var_ref 69: sc_Pair
        dup
        get_var_ref 69: sc_Pair
        dup
        push_atom_value "\u1e9czerop"
        get_var_ref 69: sc_Pair
        dup
        push_atom_value "\u1e9cz"
        null
        call_constructor 2
        call_constructor 2
        null
        call_constructor 2
        call_constructor 2
        get_var_ref 69: sc_Pair
        dup
        get_var_ref 69: sc_Pair
        dup
        push_atom_value "\u1e9clessp"
        get_var_ref 69: sc_Pair
        dup
        push_atom_value "\u1e9cx"
        get_var_ref 69: sc_Pair
        dup
        push_atom_value "\u1e9cy"
        null
        call_constructor 2
        call_constructor 2
        call_constructor 2
        null
        call_constructor 2
        call_constructor 2
        call_constructor 2
        null
        call_constructor 2
        call_constructor 2
        call_constructor 2
        get_var_ref 69: sc_Pair
        dup
        push_atom_value "\u1e9cequal"
        get_var_ref 69: sc_Pair
        dup
        get_var_ref 69: sc_Pair
        dup
        push_atom_value "\u1e9clessp"
        get_var_ref 69: sc_Pair
        dup
        push_atom_value "\u1e9cy"
        get_var_ref 69: sc_Pair
        dup
        get_var_ref 69: sc_Pair
        dup
        push_atom_value "\u1e9cplus"
        get_var_ref 69: sc_Pair
        dup
        push_atom_value "\u1e9cx"
        get_var_ref 69: sc_Pair
        dup
        push_atom_value "\u1e9cy"
        null
        call_constructor 2
        call_constructor 2
        call_constructor 2
        null
        call_constructor 2
        call_constructor 2
        call_constructor 2
        get_var_ref 69: sc_Pair
        dup
        get_var_ref 69: sc_Pair
        dup
        push_atom_value "\u1e9cnot"
        get_var_ref 69: sc_Pair
        dup
        get_var_ref 69: sc_Pair
        dup
        push_atom_value "\u1e9czerop"
        get_var_ref 69: sc_Pair
        dup
        push_atom_value "\u1e9cx"
        null
        call_constructor 2
        call_constructor 2
        null
        call_constructor 2
        call_constructor 2
        null
        call_constructor 2
        call_constructor 2
        call_constructor 2
        get_var_ref 69: sc_Pair
        dup
        push_atom_value "\u1e9cequal"
        get_var_ref 69: sc_Pair
        dup
        get_var_ref 69: sc_Pair
        dup
        push_atom_value "\u1e9cgcd"
        get_var_ref 69: sc_Pair
        dup
        get_var_ref 69: sc_Pair
        dup
        push_atom_value "\u1e9ctimes"
        get_var_ref 69: sc_Pair
        dup
        push_atom_value "\u1e9cx"
        get_var_ref 69: sc_Pair
        dup
        push_atom_value "\u1e9cz"
        null
        call_constructor 2
        call_constructor 2
        call_constructor 2
        get_var_ref 69: sc_Pair
        dup
        get_var_ref 69: sc_Pair
        dup
        push_atom_value "\u1e9ctimes"
        get_var_ref 69: sc_Pair
        dup
        push_atom_value "\u1e9cy"
        get_var_ref 69: sc_Pair
        dup
        push_atom_value "\u1e9cz"
        null
        call_constructor 2
        call_constructor 2
        call_constructor 2
        null
        call_constructor 2
        call_constructor 2
        call_constructor 2
        get_var_ref 69: sc_Pair
        dup
        get_var_ref 69: sc_Pair
        dup
        push_atom_value "\u1e9ctimes"
        get_var_ref 69: sc_Pair
        dup
        push_atom_value "\u1e9cz"
        get_var_ref 69: sc_Pair
        dup
        get_var_ref 69: sc_Pair
        dup
        push_atom_value "\u1e9cgcd"
        get_var_ref 69: sc_Pair
        dup
        push_atom_value "\u1e9cx"
        get_var_ref 69: sc_Pair
        dup
        push_atom_value "\u1e9cy"
        null
        call_constructor 2
        call_constructor 2
        call_constructor 2
        null
        call_constructor 2
        call_constructor 2
        call_constructor 2
        null
        call_constructor 2
        call_constructor 2
        call_constructor 2
        get_var_ref 69: sc_Pair
        dup
        push_atom_value "\u1e9cequal"
        get_var_ref 69: sc_Pair
        dup
        get_var_ref 69: sc_Pair
        dup
        push_atom_value "\u1e9cvalue"
        get_var_ref 69: sc_Pair
        dup
        get_var_ref 69: sc_Pair
        dup
        push_atom_value "\u1e9cnormalize"
        get_var_ref 69: sc_Pair
        dup
        push_atom_value "\u1e9cx"
        null
        call_constructor 2
        call_constructor 2
        get_var_ref 69: sc_Pair
        dup
        push_atom_value "\u1e9ca"
        null
        call_constructor 2
        call_constructor 2
        call_constructor 2
        get_var_ref 69: sc_Pair
        dup
        get_var_ref 69: sc_Pair
        dup
        push_atom_value "\u1e9cvalue"
        get_var_ref 69: sc_Pair
        dup
        push_atom_value "\u1e9cx"
        get_var_ref 69: sc_Pair
        dup
        push_atom_value "\u1e9ca"
        null
        call_constructor 2
        call_constructor 2
        call_constructor 2
        null
        call_constructor 2
        call_constructor 2
        call_constructor 2
        get_var_ref 69: sc_Pair
        dup
        push_atom_value "\u1e9cequal"
        get_var_ref 69: sc_Pair
        dup
        get_var_ref 69: sc_Pair
        dup
        push_atom_value "\u1e9cequal"
        get_var_ref 69: sc_Pair
        dup
        get_var_ref 69: sc_Pair
        dup
        push_atom_value "\u1e9cflatten"
        get_var_ref 69: sc_Pair
        dup
        push_atom_value "\u1e9cx"
        null
        call_constructor 2
        call_constructor 2
        get_var_ref 69: sc_Pair
        dup
        get_var_ref 69: sc_Pair
        dup
        push_atom_value "\u1e9ccons"
        get_var_ref 69: sc_Pair
        dup
        push_atom_value "\u1e9cy"
        get_var_ref 69: sc_Pair
        dup
        get_var_ref 69: sc_Pair
        dup
        push_atom_value "\u1e9cnil"
        null
        call_constructor 2
        null
        call_constructor 2
        call_constructor 2
        call_constructor 2
        null
        call_constructor 2
        call_constructor 2
        call_constructor 2
        get_var_ref 69: sc_Pair
        dup
        get_var_ref 69: sc_Pair
        dup
        push_atom_value "\u1e9cand"
        get_var_ref 69: sc_Pair
        dup
        get_var_ref 69: sc_Pair
        dup
        push_atom_value "\u1e9cnlistp"
        get_var_ref 69: sc_Pair
        dup
        push_atom_value "\u1e9cx"
        null
        call_constructor 2
        call_constructor 2
        get_var_ref 69: sc_Pair
        dup
        get_var_ref 69: sc_Pair
        dup
        push_atom_value "\u1e9cequal"
        get_var_ref 69: sc_Pair
        dup
        push_atom_value "\u1e9cx"
        get_var_ref 69: sc_Pair
        dup
        push_atom_value "\u1e9cy"
        null
        call_constructor 2
        call_constructor 2
        call_constructor 2
        null
        call_constructor 2
        call_constructor 2
        call_constructor 2
        null
        call_constructor 2
        call_constructor 2
        call_constructor 2
        get_var_ref 69: sc_Pair
        dup
        push_atom_value "\u1e9cequal"
        get_var_ref 69: sc_Pair
        dup
        get_var_ref 69: sc_Pair
        dup
        push_atom_value "\u1e9clistp"
        get_var_ref 69: sc_Pair
        dup
        get_var_ref 69: sc_Pair
        dup
        push_atom_value "\u1e9cgopher"
        get_var_ref 69: sc_Pair
        dup
        push_atom_value "\u1e9cx"
        null
        call_constructor 2
        call_constructor 2
        null
        call_constructor 2
        call_constructor 2
        get_var_ref 69: sc_Pair
        dup
        get_var_ref 69: sc_Pair
        dup
        push_atom_value "\u1e9clistp"
        get_var_ref 69: sc_Pair
        dup
        push_atom_value "\u1e9cx"
        null
        call_constructor 2
        call_constructor 2
        null
        call_constructor 2
        call_constructor 2
        call_constructor 2
        get_var_ref 69: sc_Pair
        dup
        push_atom_value "\u1e9cequal"
        get_var_ref 69: sc_Pair
        dup
        get_var_ref 69: sc_Pair
        dup
        push_atom_value "\u1e9csamefringe"
        get_var_ref 69: sc_Pair
        dup
        push_atom_value "\u1e9cx"
        get_var_ref 69: sc_Pair
        dup
        push_atom_value "\u1e9cy"
        null
        call_constructor 2
        call_constructor 2
        call_constructor 2
        get_var_ref 69: sc_Pair
        dup
        get_var_ref 69: sc_Pair
        dup
        push_atom_value "\u1e9cequal"
        get_var_ref 69: sc_Pair
        dup
        get_var_ref 69: sc_Pair
        dup
        push_atom_value "\u1e9cflatten"
        get_var_ref 69: sc_Pair
        dup
        push_atom_value "\u1e9cx"
        null
        call_constructor 2
        call_constructor 2
        get_var_ref 69: sc_Pair
        dup
        get_var_ref 69: sc_Pair
        dup
        push_atom_value "\u1e9cflatten"
        get_var_ref 69: sc_Pair
        dup
        push_atom_value "\u1e9cy"
        null
        call_constructor 2
        call_constructor 2
        null
        call_constructor 2
        call_constructor 2
        call_constructor 2
        null
        call_constructor 2
        call_constructor 2
        call_constructor 2
        get_var_ref 69: sc_Pair
        dup
        push_atom_value "\u1e9cequal"
        get_var_ref 69: sc_Pair
        dup
        get_var_ref 69: sc_Pair
        dup
        push_atom_value "\u1e9cequal"
        get_var_ref 69: sc_Pair
        dup
        get_var_ref 69: sc_Pair
        dup
        push_atom_value "\u1e9cgreatest-factor"
        get_var_ref 69: sc_Pair
        dup
        push_atom_value "\u1e9cx"
        get_var_ref 69: sc_Pair
        dup
        push_atom_value "\u1e9cy"
        null
        call_constructor 2
        call_constructor 2
        call_constructor 2
        get_var_ref 69: sc_Pair
        dup
        get_var_ref 69: sc_Pair
        dup
        push_atom_value "\u1e9czero"
        null
        call_constructor 2
        null
        call_constructor 2
        call_constructor 2
        call_constructor 2
        get_var_ref 69: sc_Pair
        dup
        get_var_ref 69: sc_Pair
        dup
        push_atom_value "\u1e9cand"
        get_var_ref 69: sc_Pair
        dup
        get_var_ref 69: sc_Pair
        dup
        push_atom_value "\u1e9cor"
        get_var_ref 69: sc_Pair
        dup
        get_var_ref 69: sc_Pair
        dup
        push_atom_value "\u1e9czerop"
        get_var_ref 69: sc_Pair
        dup
        push_atom_value "\u1e9cy"
        null
        call_constructor 2
        call_constructor 2
        get_var_ref 69: sc_Pair
        dup
        get_var_ref 69: sc_Pair
        dup
        push_atom_value "\u1e9cequal"
        get_var_ref 69: sc_Pair
        dup
        push_atom_value "\u1e9cy"
        get_var_ref 69: sc_Pair
        dup
        push_1 1
        null
        call_constructor 2
        call_constructor 2
        call_constructor 2
        null
        call_constructor 2
        call_constructor 2
        call_constructor 2
        get_var_ref 69: sc_Pair
        dup
        get_var_ref 69: sc_Pair
        dup
        push_atom_value "\u1e9cequal"
        get_var_ref 69: sc_Pair
        dup
        push_atom_value "\u1e9cx"
        get_var_ref 69: sc_Pair
        dup
        get_var_ref 69: sc_Pair
        dup
        push_atom_value "\u1e9czero"
        null
        call_constructor 2
        null
        call_constructor 2
        call_constructor 2
        call_constructor 2
        null
        call_constructor 2
        call_constructor 2
        call_constructor 2
        null
        call_constructor 2
        call_constructor 2
        call_constructor 2
        get_var_ref 69: sc_Pair
        dup
        push_atom_value "\u1e9cequal"
        get_var_ref 69: sc_Pair
        dup
        get_var_ref 69: sc_Pair
        dup
        push_atom_value "\u1e9cequal"
        get_var_ref 69: sc_Pair
        dup
        get_var_ref 69: sc_Pair
        dup
        push_atom_value "\u1e9cgreatest-factor"
        get_var_ref 69: sc_Pair
        dup
        push_atom_value "\u1e9cx"
        get_var_ref 69: sc_Pair
        dup
        push_atom_value "\u1e9cy"
        null
        call_constructor 2
        call_constructor 2
        call_constructor 2
        get_var_ref 69: sc_Pair
        dup
        push_1 1
        null
        call_constructor 2
        call_constructor 2
        call_constructor 2
        get_var_ref 69: sc_Pair
        dup
        get_var_ref 69: sc_Pair
        dup
        push_atom_value "\u1e9cequal"
        get_var_ref 69: sc_Pair
        dup
        push_atom_value "\u1e9cx"
        get_var_ref 69: sc_Pair
        dup
        push_1 1
        null
        call_constructor 2
        call_constructor 2
        call_constructor 2
        null
        call_constructor 2
        call_constructor 2
        call_constructor 2
        get_var_ref 69: sc_Pair
        dup
        push_atom_value "\u1e9cequal"
        get_var_ref 69: sc_Pair
        dup
        get_var_ref 69: sc_Pair
        dup
        push_atom_value "\u1e9cnumberp"
        get_var_ref 69: sc_Pair
        dup
        get_var_ref 69: sc_Pair
        dup
        push_atom_value "\u1e9cgreatest-factor"
        get_var_ref 69: sc_Pair
        dup
        push_atom_value "\u1e9cx"
        get_var_ref 69: sc_Pair
        dup
        push_atom_value "\u1e9cy"
        null
        call_constructor 2
        call_constructor 2
        call_constructor 2
        null
        call_constructor 2
        call_constructor 2
        get_var_ref 69: sc_Pair
        dup
        get_var_ref 69: sc_Pair
        dup
        push_atom_value "\u1e9cnot"
        get_var_ref 69: sc_Pair
        dup
        get_var_ref 69: sc_Pair
        dup
        push_atom_value "\u1e9cand"
        get_var_ref 69: sc_Pair
        dup
        get_var_ref 69: sc_Pair
        dup
        push_atom_value "\u1e9cor"
        get_var_ref 69: sc_Pair
        dup
        get_var_ref 69: sc_Pair
        dup
        push_atom_value "\u1e9czerop"
        get_var_ref 69: sc_Pair
        dup
        push_atom_value "\u1e9cy"
        null
        call_constructor 2
        call_constructor 2
        get_var_ref 69: sc_Pair
        dup
        get_var_ref 69: sc_Pair
        dup
        push_atom_value "\u1e9cequal"
        get_var_ref 69: sc_Pair
        dup
        push_atom_value "\u1e9cy"
        get_var_ref 69: sc_Pair
        dup
        push_1 1
        null
        call_constructor 2
        call_constructor 2
        call_constructor 2
        null
        call_constructor 2
        call_constructor 2
        call_constructor 2
        get_var_ref 69: sc_Pair
        dup
        get_var_ref 69: sc_Pair
        dup
        push_atom_value "\u1e9cnot"
        get_var_ref 69: sc_Pair
        dup
        get_var_ref 69: sc_Pair
        dup
        push_atom_value "\u1e9cnumberp"
        get_var_ref 69: sc_Pair
        dup
        push_atom_value "\u1e9cx"
        null
        call_constructor 2
        call_constructor 2
        null
        call_constructor 2
        call_constructor 2
        null
        call_constructor 2
        call_constructor 2
        call_constructor 2
        null
        call_constructor 2
        call_constructor 2
        null
        call_constructor 2
        call_constructor 2
        call_constructor 2
        get_var_ref 69: sc_Pair
        dup
        push_atom_value "\u1e9cequal"
        get_var_ref 69: sc_Pair
        dup
        get_var_ref 69: sc_Pair
        dup
        push_atom_value "\u1e9ctimes-list"
        get_var_ref 69: sc_Pair
        dup
        get_var_ref 69: sc_Pair
        dup
        push_atom_value "\u1e9cappend"
        get_var_ref 69: sc_Pair
        dup
        push_atom_value "\u1e9cx"
        get_var_ref 69: sc_Pair
        dup
        push_atom_value "\u1e9cy"
        null
        call_constructor 2
        call_constructor 2
        call_constructor 2
        null
        call_constructor 2
        call_constructor 2
        get_var_ref 69: sc_Pair
        dup
        get_var_ref 69: sc_Pair
        dup
        push_atom_value "\u1e9ctimes"
        get_var_ref 69: sc_Pair
        dup
        get_var_ref 69: sc_Pair
        dup
        push_atom_value "\u1e9ctimes-list"
        get_var_ref 69: sc_Pair
        dup
        push_atom_value "\u1e9cx"
        null
        call_constructor 2
        call_constructor 2
        get_var_ref 69: sc_Pair
        dup
        get_var_ref 69: sc_Pair
        dup
        push_atom_value "\u1e9ctimes-list"
        get_var_ref 69: sc_Pair
        dup
        push_atom_value "\u1e9cy"
        null
        call_constructor 2
        call_constructor 2
        null
        call_constructor 2
        call_constructor 2
        call_constructor 2
        null
        call_constructor 2
        call_constructor 2
        call_constructor 2
        get_var_ref 69: sc_Pair
        dup
        push_atom_value "\u1e9cequal"
        get_var_ref 69: sc_Pair
        dup
        get_var_ref 69: sc_Pair
        dup
        push_atom_value "\u1e9cprime-list"
        get_var_ref 69: sc_Pair
        dup
        get_var_ref 69: sc_Pair
        dup
        push_atom_value "\u1e9cappend"
        get_var_ref 69: sc_Pair
        dup
        push_atom_value "\u1e9cx"
        get_var_ref 69: sc_Pair
        dup
        push_atom_value "\u1e9cy"
        null
        call_constructor 2
        call_constructor 2
        call_constructor 2
        null
        call_constructor 2
        call_constructor 2
        get_var_ref 69: sc_Pair
        dup
        get_var_ref 69: sc_Pair
        dup
        push_atom_value "\u1e9cand"
        get_var_ref 69: sc_Pair
        dup
        get_var_ref 69: sc_Pair
        dup
        push_atom_value "\u1e9cprime-list"
        get_var_ref 69: sc_Pair
        dup
        push_atom_value "\u1e9cx"
        null
        call_constructor 2
        call_constructor 2
        get_var_ref 69: sc_Pair
        dup
        get_var_ref 69: sc_Pair
        dup
        push_atom_value "\u1e9cprime-list"
        get_var_ref 69: sc_Pair
        dup
        push_atom_value "\u1e9cy"
        null
        call_constructor 2
        call_constructor 2
        null
        call_constructor 2
        call_constructor 2
        call_constructor 2
        null
        call_constructor 2
        call_constructor 2
        call_constructor 2
        get_var_ref 69: sc_Pair
        dup
        push_atom_value "\u1e9cequal"
        get_var_ref 69: sc_Pair
        dup
        get_var_ref 69: sc_Pair
        dup
        push_atom_value "\u1e9cequal"
        get_var_ref 69: sc_Pair
        dup
        push_atom_value "\u1e9cz"
        get_var_ref 69: sc_Pair
        dup
        get_var_ref 69: sc_Pair
        dup
        push_atom_value "\u1e9ctimes"
        get_var_ref 69: sc_Pair
        dup
        push_atom_value "\u1e9cw"
        get_var_ref 69: sc_Pair
        dup
        push_atom_value "\u1e9cz"
        null
        call_constructor 2
        call_constructor 2
        call_constructor 2
        null
        call_constructor 2
        call_constructor 2
        call_constructor 2
        get_var_ref 69: sc_Pair
        dup
        get_var_ref 69: sc_Pair
        dup
        push_atom_value "\u1e9cand"
        get_var_ref 69: sc_Pair
        dup
        get_var_ref 69: sc_Pair
        dup
        push_atom_value "\u1e9cnumberp"
        get_var_ref 69: sc_Pair
        dup
        push_atom_value "\u1e9cz"
        null
        call_constructor 2
        call_constructor 2
        get_var_ref 69: sc_Pair
        dup
        get_var_ref 69: sc_Pair
        dup
        push_atom_value "\u1e9cor"
        get_var_ref 69: sc_Pair
        dup
        get_var_ref 69: sc_Pair
        dup
        push_atom_value "\u1e9cequal"
        get_var_ref 69: sc_Pair
        dup
        push_atom_value "\u1e9cz"
        get_var_ref 69: sc_Pair
        dup
        get_var_ref 69: sc_Pair
        dup
        push_atom_value "\u1e9czero"
        null
        call_constructor 2
        null
        call_constructor 2
        call_constructor 2
        call_constructor 2
        get_var_ref 69: sc_Pair
        dup
        get_var_ref 69: sc_Pair
        dup
        push_atom_value "\u1e9cequal"
        get_var_ref 69: sc_Pair
        dup
        push_atom_value "\u1e9cw"
        get_var_ref 69: sc_Pair
        dup
        push_1 1
        null
        call_constructor 2
        call_constructor 2
        call_constructor 2
        null
        call_constructor 2
        call_constructor 2
        call_constructor 2
        null
        call_constructor 2
        call_constructor 2
        call_constructor 2
        null
        call_constructor 2
        call_constructor 2
        call_constructor 2
        get_var_ref 69: sc_Pair
        dup
        push_atom_value "\u1e9cequal"
        get_var_ref 69: sc_Pair
        dup
        get_var_ref 69: sc_Pair
        dup
        push_atom_value "\u1e9cgreatereqp"
        get_var_ref 69: sc_Pair
        dup
        push_atom_value "\u1e9cx"
        get_var_ref 69: sc_Pair
        dup
        push_atom_value "\u1e9cy"
        null
        call_constructor 2
        call_constructor 2
        call_constructor 2
        get_var_ref 69: sc_Pair
        dup
        get_var_ref 69: sc_Pair
        dup
        push_atom_value "\u1e9cnot"
        get_var_ref 69: sc_Pair
        dup
        get_var_ref 69: sc_Pair
        dup
        push_atom_value "\u1e9clessp"
        get_var_ref 69: sc_Pair
        dup
        push_atom_value "\u1e9cx"
        get_var_ref 69: sc_Pair
        dup
        push_atom_value "\u1e9cy"
        null
        call_constructor 2
        call_constructor 2
        call_constructor 2
        null
        call_constructor 2
        call_constructor 2
        null
        call_constructor 2
        call_constructor 2
        call_constructor 2
        get_var_ref 69: sc_Pair
        dup
        push_atom_value "\u1e9cequal"
        get_var_ref 69: sc_Pair
        dup
        get_var_ref 69: sc_Pair
        dup
        push_atom_value "\u1e9cequal"
        get_var_ref 69: sc_Pair
        dup
        push_atom_value "\u1e9cx"
        get_var_ref 69: sc_Pair
        dup
        get_var_ref 69: sc_Pair
        dup
        push_atom_value "\u1e9ctimes"
        get_var_ref 69: sc_Pair
        dup
        push_atom_value "\u1e9cx"
        get_var_ref 69: sc_Pair
        dup
        push_atom_value "\u1e9cy"
        null
        call_constructor 2
        call_constructor 2
        call_constructor 2
        null
        call_constructor 2
        call_constructor 2
        call_constructor 2
        get_var_ref 69: sc_Pair
        dup
        get_var_ref 69: sc_Pair
        dup
        push_atom_value "\u1e9cor"
        get_var_ref 69: sc_Pair
        dup
        get_var_ref 69: sc_Pair
        dup
        push_atom_value "\u1e9cequal"
        get_var_ref 69: sc_Pair
        dup
        push_atom_value "\u1e9cx"
        get_var_ref 69: sc_Pair
        dup
        get_var_ref 69: sc_Pair
        dup
        push_atom_value "\u1e9czero"
        null
        call_constructor 2
        null
        call_constructor 2
        call_constructor 2
        call_constructor 2
        get_var_ref 69: sc_Pair
        dup
        get_var_ref 69: sc_Pair
        dup
        push_atom_value "\u1e9cand"
        get_var_ref 69: sc_Pair
        dup
        get_var_ref 69: sc_Pair
        dup
        push_atom_value "\u1e9cnumberp"
        get_var_ref 69: sc_Pair
        dup
        push_atom_value "\u1e9cx"
        null
        call_constructor 2
        call_constructor 2
        get_var_ref 69: sc_Pair
        dup
        get_var_ref 69: sc_Pair
        dup
        push_atom_value "\u1e9cequal"
        get_var_ref 69: sc_Pair
        dup
        push_atom_value "\u1e9cy"
        get_var_ref 69: sc_Pair
        dup
        push_1 1
        null
        call_constructor 2
        call_constructor 2
        call_constructor 2
        null
        call_constructor 2
        call_constructor 2
        call_constructor 2
        null
        call_constructor 2
        call_constructor 2
        call_constructor 2
        null
        call_constructor 2
        call_constructor 2
        call_constructor 2
        get_var_ref 69: sc_Pair
        dup
        push_atom_value "\u1e9cequal"
        get_var_ref 69: sc_Pair
        dup
        get_var_ref 69: sc_Pair
        dup
        push_atom_value "\u1e9cremainder"
        get_var_ref 69: sc_Pair
        dup
        get_var_ref 69: sc_Pair
        dup
        push_atom_value "\u1e9ctimes"
        get_var_ref 69: sc_Pair
        dup
        push_atom_value "\u1e9cy"
        get_var_ref 69: sc_Pair
        dup
        push_atom_value "\u1e9cx"
        null
        call_constructor 2
        call_constructor 2
        call_constructor 2
        get_var_ref 69: sc_Pair
        dup
        push_atom_value "\u1e9cy"
        null
        call_constructor 2
        call_constructor 2
        call_constructor 2
        get_var_ref 69: sc_Pair
        dup
        get_var_ref 69: sc_Pair
        dup
        push_atom_value "\u1e9czero"
        null
        call_constructor 2
        null
        call_constructor 2
        call_constructor 2
        call_constructor 2
        get_var_ref 69: sc_Pair
        dup
        push_atom_value "\u1e9cequal"
        get_var_ref 69: sc_Pair
        dup
        get_var_ref 69: sc_Pair
        dup
        push_atom_value "\u1e9cequal"
        get_var_ref 69: sc_Pair
        dup
        get_var_ref 69: sc_Pair
        dup
        push_atom_value "\u1e9ctimes"
        get_var_ref 69: sc_Pair
        dup
        push_atom_value "\u1e9ca"
        get_var_ref 69: sc_Pair
        dup
        push_atom_value "\u1e9cb"
        null
        call_constructor 2
        call_constructor 2
        call_constructor 2
        get_var_ref 69: sc_Pair
        dup
        push_1 1
        null
        call_constructor 2
        call_constructor 2
        call_constructor 2
        get_var_ref 69: sc_Pair
        dup
        get_var_ref 109: sc_list
        push_atom_value "\u1e9cand"
        get_var_ref 69: sc_Pair
        dup
        push_atom_value "\u1e9cnot"
        get_var_ref 69: sc_Pair
        dup
        get_var_ref 69: sc_Pair
        dup
        push_atom_value "\u1e9cequal"
        get_var_ref 69: sc_Pair
        dup
        push_atom_value "\u1e9ca"
        get_var_ref 69: sc_Pair
        dup
        get_var_ref 69: sc_Pair
        dup
        push_atom_value "\u1e9czero"
        null
        call_constructor 2
        null
        call_constructor 2
        call_constructor 2
        call_constructor 2
        null
        call_constructor 2
        call_constructor 2
        get_var_ref 69: sc_Pair
        dup
        push_atom_value "\u1e9cnot"
        get_var_ref 69: sc_Pair
        dup
        get_var_ref 69: sc_Pair
        dup
        push_atom_value "\u1e9cequal"
        get_var_ref 69: sc_Pair
        dup
        push_atom_value "\u1e9cb"
        get_var_ref 69: sc_Pair
        dup
        get_var_ref 69: sc_Pair
        dup
        push_atom_value "\u1e9czero"
        null
        call_constructor 2
        null
        call_constructor 2
        call_constructor 2
        call_constructor 2
        null
        call_constructor 2
        call_constructor 2
        get_var_ref 69: sc_Pair
        dup
        push_atom_value "\u1e9cnumberp"
        get_var_ref 69: sc_Pair
        dup
        push_atom_value "\u1e9ca"
        null
        call_constructor 2
        call_constructor 2
        get_var_ref 69: sc_Pair
        dup
        push_atom_value "\u1e9cnumberp"
        get_var_ref 69: sc_Pair
        dup
        push_atom_value "\u1e9cb"
        null
        call_constructor 2
        call_constructor 2
        get_var_ref 69: sc_Pair
        dup
        push_atom_value "\u1e9cequal"
        get_var_ref 69: sc_Pair
        dup
        get_var_ref 69: sc_Pair
        dup
        push_atom_value "\u1e9csub1"
        get_var_ref 69: sc_Pair
        dup
        push_atom_value "\u1e9ca"
        null
        call_constructor 2
        call_constructor 2
        get_var_ref 69: sc_Pair
        dup
        get_var_ref 69: sc_Pair
        dup
        push_atom_value "\u1e9czero"
        null
        call_constructor 2
        null
        call_constructor 2
        call_constructor 2
        call_constructor 2
        get_var_ref 69: sc_Pair
        dup
        push_atom_value "\u1e9cequal"
        get_var_ref 69: sc_Pair
        dup
        get_var_ref 69: sc_Pair
        dup
        push_atom_value "\u1e9csub1"
        get_var_ref 69: sc_Pair
        dup
        push_atom_value "\u1e9cb"
        null
        call_constructor 2
        call_constructor 2
        get_var_ref 69: sc_Pair
        dup
        get_var_ref 69: sc_Pair
        dup
        push_atom_value "\u1e9czero"
        null
        call_constructor 2
        null
        call_constructor 2
        call_constructor 2
        call_constructor 2
        call 7
        null
        call_constructor 2
        call_constructor 2
        call_constructor 2
        get_var_ref 69: sc_Pair
        dup
        push_atom_value "\u1e9cequal"
        get_var_ref 69: sc_Pair
        dup
        get_var_ref 69: sc_Pair
        dup
        push_atom_value "\u1e9clessp"
        get_var_ref 69: sc_Pair
        dup
        get_var_ref 69: sc_Pair
        dup
        push_atom_value "\u1e9clength"
        get_var_ref 69: sc_Pair
        dup
        get_var_ref 69: sc_Pair
        dup
        push_atom_value "\u1e9cdelete"
        get_var_ref 69: sc_Pair
        dup
        push_atom_value "\u1e9cx"
        get_var_ref 69: sc_Pair
        dup
        push_atom_value "\u1e9cl"
        null
        call_constructor 2
        call_constructor 2
        call_constructor 2
        null
        call_constructor 2
        call_constructor 2
        get_var_ref 69: sc_Pair
        dup
        get_var_ref 69: sc_Pair
        dup
        push_atom_value "\u1e9clength"
        get_var_ref 69: sc_Pair
        dup
        push_atom_value "\u1e9cl"
        null
        call_constructor 2
        call_constructor 2
        null
        call_constructor 2
        call_constructor 2
        call_constructor 2
        get_var_ref 69: sc_Pair
        dup
        get_var_ref 69: sc_Pair
        dup
        push_atom_value "\u1e9cmember"
        get_var_ref 69: sc_Pair
        dup
        push_atom_value "\u1e9cx"
        get_var_ref 69: sc_Pair
        dup
        push_atom_value "\u1e9cl"
        null
        call_constructor 2
        call_constructor 2
        call_constructor 2
        null
        call_constructor 2
        call_constructor 2
        call_constructor 2
        get_var_ref 69: sc_Pair
        dup
        push_atom_value "\u1e9cequal"
        get_var_ref 69: sc_Pair
        dup
        get_var_ref 69: sc_Pair
        dup
        push_atom_value "\u1e9csort2"
        get_var_ref 69: sc_Pair
        dup
        get_var_ref 69: sc_Pair
        dup
        push_atom_value "\u1e9cdelete"
        get_var_ref 69: sc_Pair
        dup
        push_atom_value "\u1e9cx"
        get_var_ref 69: sc_Pair
        dup
        push_atom_value "\u1e9cl"
        null
        call_constructor 2
        call_constructor 2
        call_constructor 2
        null
        call_constructor 2
        call_constructor 2
        get_var_ref 69: sc_Pair
        dup
        get_var_ref 69: sc_Pair
        dup
        push_atom_value "\u1e9cdelete"
        get_var_ref 69: sc_Pair
        dup
        push_atom_value "\u1e9cx"
        get_var_ref 69: sc_Pair
        dup
        get_var_ref 69: sc_Pair
        dup
        push_atom_value "\u1e9csort2"
        get_var_ref 69: sc_Pair
        dup
        push_atom_value "\u1e9cl"
        null
        call_constructor 2
        call_constructor 2
        null
        call_constructor 2
        call_constructor 2
        call_constructor 2
        null
        call_constructor 2
        call_constructor 2
        call_constructor 2
        get_var_ref 69: sc_Pair
        dup
        push_atom_value "\u1e9cequal"
        get_var_ref 69: sc_Pair
        dup
        get_var_ref 69: sc_Pair
        dup
        push_atom_value "\u1e9cdsort"
        get_var_ref 69: sc_Pair
        dup
        push_atom_value "\u1e9cx"
        null
        call_constructor 2
        call_constructor 2
        get_var_ref 69: sc_Pair
        dup
        get_var_ref 69: sc_Pair
        dup
        push_atom_value "\u1e9csort2"
        get_var_ref 69: sc_Pair
        dup
        push_atom_value "\u1e9cx"
        null
        call_constructor 2
        call_constructor 2
        null
        call_constructor 2
        call_constructor 2
        call_constructor 2
        get_var_ref 69: sc_Pair
        dup
        push_atom_value "\u1e9cequal"
        get_var_ref 69: sc_Pair
        dup
        get_var_ref 69: sc_Pair
        dup
        push_atom_value "\u1e9clength"
        get_var_ref 69: sc_Pair
        dup
        get_var_ref 69: sc_Pair
        dup
        push_atom_value "\u1e9ccons"
        get_var_ref 69: sc_Pair
        dup
        push_atom_value "\u1e9cx1"
        get_var_ref 69: sc_Pair
        dup
        get_var_ref 69: sc_Pair
        dup
        push_atom_value "\u1e9ccons"
        get_var_ref 69: sc_Pair
        dup
        push_atom_value "\u1e9cx2"
        get_var_ref 69: sc_Pair
        dup
        get_var_ref 69: sc_Pair
        dup
        push_atom_value "\u1e9ccons"
        get_var_ref 69: sc_Pair
        dup
        push_atom_value "\u1e9cx3"
        get_var_ref 69: sc_Pair
        dup
        get_var_ref 69: sc_Pair
        dup
        push_atom_value "\u1e9ccons"
        get_var_ref 69: sc_Pair
        dup
        push_atom_value "\u1e9cx4"
        get_var_ref 69: sc_Pair
        dup
        get_var_ref 69: sc_Pair
        dup
        push_atom_value "\u1e9ccons"
        get_var_ref 69: sc_Pair
        dup
        push_atom_value "\u1e9cx5"
        get_var_ref 69: sc_Pair
        dup
        get_var_ref 69: sc_Pair
        dup
        push_atom_value "\u1e9ccons"
        get_var_ref 69: sc_Pair
        dup
        push_atom_value "\u1e9cx6"
        get_var_ref 69: sc_Pair
        dup
        push_atom_value "\u1e9cx7"
        null
        call_constructor 2
        call_constructor 2
        call_constructor 2
        null
        call_constructor 2
        call_constructor 2
        call_constructor 2
        null
        call_constructor 2
        call_constructor 2
        call_constructor 2
        null
        call_constructor 2
        call_constructor 2
        call_constructor 2
        null
        call_constructor 2
        call_constructor 2
        call_constructor 2
        null
        call_constructor 2
        call_constructor 2
        call_constructor 2
        null
        call_constructor 2
        call_constructor 2
        get_var_ref 69: sc_Pair
        dup
        get_var_ref 69: sc_Pair
        dup
        push_atom_value "\u1e9cplus"
        get_var_ref 69: sc_Pair
        dup
        push_6 6
        get_var_ref 69: sc_Pair
        dup
        get_var_ref 69: sc_Pair
        dup
        push_atom_value "\u1e9clength"
        get_var_ref 69: sc_Pair
        dup
        push_atom_value "\u1e9cx7"
        null
        call_constructor 2
        call_constructor 2
        null
        call_constructor 2
        call_constructor 2
        call_constructor 2
        null
        call_constructor 2
        call_constructor 2
        call_constructor 2
        get_var_ref 69: sc_Pair
        dup
        push_atom_value "\u1e9cequal"
        get_var_ref 69: sc_Pair
        dup
        get_var_ref 69: sc_Pair
        dup
        push_atom_value "\u1e9cdifference"
        get_var_ref 69: sc_Pair
        dup
        get_var_ref 69: sc_Pair
        dup
        push_atom_value "\u1e9cadd1"
        get_var_ref 69: sc_Pair
        dup
        get_var_ref 69: sc_Pair
        dup
        push_atom_value "\u1e9cadd1"
        get_var_ref 69: sc_Pair
        dup
        push_atom_value "\u1e9cx"
        null
        call_constructor 2
        call_constructor 2
        null
        call_constructor 2
        call_constructor 2
        get_var_ref 69: sc_Pair
        dup
        push_2 2
        null
        call_constructor 2
        call_constructor 2
        call_constructor 2
        get_var_ref 69: sc_Pair
        dup
        get_var_ref 69: sc_Pair
        dup
        push_atom_value "\u1e9cfix"
        get_var_ref 69: sc_Pair
        dup
        push_atom_value "\u1e9cx"
        null
        call_constructor 2
        call_constructor 2
        null
        call_constructor 2
        call_constructor 2
        call_constructor 2
        get_var_ref 69: sc_Pair
        dup
        push_atom_value "\u1e9cequal"
        get_var_ref 69: sc_Pair
        dup
        get_var_ref 69: sc_Pair
        dup
        push_atom_value "\u1e9cquotient"
        get_var_ref 69: sc_Pair
        dup
        get_var_ref 69: sc_Pair
        dup
        push_atom_value "\u1e9cplus"
        get_var_ref 69: sc_Pair
        dup
        push_atom_value "\u1e9cx"
        get_var_ref 69: sc_Pair
        dup
        get_var_ref 69: sc_Pair
        dup
        push_atom_value "\u1e9cplus"
        get_var_ref 69: sc_Pair
        dup
        push_atom_value "\u1e9cx"
        get_var_ref 69: sc_Pair
        dup
        push_atom_value "\u1e9cy"
        null
        call_constructor 2
        call_constructor 2
        call_constructor 2
        null
        call_constructor 2
        call_constructor 2
        call_constructor 2
        get_var_ref 69: sc_Pair
        dup
        push_2 2
        null
        call_constructor 2
        call_constructor 2
        call_constructor 2
        get_var_ref 69: sc_Pair
        dup
        get_var_ref 69: sc_Pair
        dup
        push_atom_value "\u1e9cplus"
        get_var_ref 69: sc_Pair
        dup
        push_atom_value "\u1e9cx"
        get_var_ref 69: sc_Pair
        dup
        get_var_ref 69: sc_Pair
        dup
        push_atom_value "\u1e9cquotient"
        get_var_ref 69: sc_Pair
        dup
        push_atom_value "\u1e9cy"
        get_var_ref 69: sc_Pair
        dup
        push_2 2
        null
        call_constructor 2
        call_constructor 2
        call_constructor 2
        null
        call_constructor 2
        call_constructor 2
        call_constructor 2
        null
        call_constructor 2
        call_constructor 2
        call_constructor 2
        get_var_ref 69: sc_Pair
        dup
        push_atom_value "\u1e9cequal"
        get_var_ref 69: sc_Pair
        dup
        get_var_ref 69: sc_Pair
        dup
        push_atom_value "\u1e9csigma"
        get_var_ref 69: sc_Pair
        dup
        get_var_ref 69: sc_Pair
        dup
        push_atom_value "\u1e9czero"
        null
        call_constructor 2
        get_var_ref 69: sc_Pair
        dup
        push_atom_value "\u1e9ci"
        null
        call_constructor 2
        call_constructor 2
        call_constructor 2
        get_var_ref 69: sc_Pair
        dup
        get_var_ref 69: sc_Pair
        dup
        push_atom_value "\u1e9cquotient"
        get_var_ref 69: sc_Pair
        dup
        get_var_ref 69: sc_Pair
        dup
        push_atom_value "\u1e9ctimes"
        get_var_ref 69: sc_Pair
        dup
        push_atom_value "\u1e9ci"
        get_var_ref 69: sc_Pair
        dup
        get_var_ref 69: sc_Pair
        dup
        push_atom_value "\u1e9cadd1"
        get_var_ref 69: sc_Pair
        dup
        push_atom_value "\u1e9ci"
        null
        call_constructor 2
        call_constructor 2
        null
        call_constructor 2
        call_constructor 2
        call_constructor 2
        get_var_ref 69: sc_Pair
        dup
        push_2 2
        null
        call_constructor 2
        call_constructor 2
        call_constructor 2
        null
        call_constructor 2
        call_constructor 2
        call_constructor 2
        get_var_ref 69: sc_Pair
        dup
        push_atom_value "\u1e9cequal"
        get_var_ref 69: sc_Pair
        dup
        get_var_ref 69: sc_Pair
        dup
        push_atom_value "\u1e9cplus"
        get_var_ref 69: sc_Pair
        dup
        push_atom_value "\u1e9cx"
        get_var_ref 69: sc_Pair
        dup
        get_var_ref 69: sc_Pair
        dup
        push_atom_value "\u1e9cadd1"
        get_var_ref 69: sc_Pair
        dup
        push_atom_value "\u1e9cy"
        null
        call_constructor 2
        call_constructor 2
        null
        call_constructor 2
        call_constructor 2
        call_constructor 2
        get_var_ref 69: sc_Pair
        dup
        get_var_ref 69: sc_Pair
        dup
        push_atom_value "\u1e9cif"
        get_var_ref 69: sc_Pair
        dup
        get_var_ref 69: sc_Pair
        dup
        push_atom_value "\u1e9cnumberp"
        get_var_ref 69: sc_Pair
        dup
        push_atom_value "\u1e9cy"
        null
        call_constructor 2
        call_constructor 2
        get_var_ref 69: sc_Pair
        dup
        get_var_ref 69: sc_Pair
        dup
        push_atom_value "\u1e9cadd1"
        get_var_ref 69: sc_Pair
        dup
        get_var_ref 69: sc_Pair
        dup
        push_atom_value "\u1e9cplus"
        get_var_ref 69: sc_Pair
        dup
        push_atom_value "\u1e9cx"
        get_var_ref 69: sc_Pair
        dup
        push_atom_value "\u1e9cy"
        null
        call_constructor 2
        call_constructor 2
        call_constructor 2
        null
        call_constructor 2
        call_constructor 2
        get_var_ref 69: sc_Pair
        dup
        get_var_ref 69: sc_Pair
        dup
        push_atom_value "\u1e9cadd1"
        get_var_ref 69: sc_Pair
        dup
        push_atom_value "\u1e9cx"
        null
        call_constructor 2
        call_constructor 2
        null
        call_constructor 2
        call_constructor 2
        call_constructor 2
        call_constructor 2
        null
        call_constructor 2
        call_constructor 2
        call_constructor 2
        get_var_ref 69: sc_Pair
        dup
        push_atom_value "\u1e9cequal"
        get_var_ref 69: sc_Pair
        dup
        get_var_ref 69: sc_Pair
        dup
        push_atom_value "\u1e9cequal"
        get_var_ref 69: sc_Pair
        dup
        get_var_ref 69: sc_Pair
        dup
        push_atom_value "\u1e9cdifference"
        get_var_ref 69: sc_Pair
        dup
        push_atom_value "\u1e9cx"
        get_var_ref 69: sc_Pair
        dup
        push_atom_value "\u1e9cy"
        null
        call_constructor 2
        call_constructor 2
        call_constructor 2
        get_var_ref 69: sc_Pair
        dup
        get_var_ref 69: sc_Pair
        dup
        push_atom_value "\u1e9cdifference"
        get_var_ref 69: sc_Pair
        dup
        push_atom_value "\u1e9cz"
        get_var_ref 69: sc_Pair
        dup
        push_atom_value "\u1e9cy"
        null
        call_constructor 2
        call_constructor 2
        call_constructor 2
        null
        call_constructor 2
        call_constructor 2
        call_constructor 2
        get_var_ref 69: sc_Pair
        dup
        get_var_ref 69: sc_Pair
        dup
        push_atom_value "\u1e9cif"
        get_var_ref 69: sc_Pair
        dup
        get_var_ref 69: sc_Pair
        dup
        push_atom_value "\u1e9clessp"
        get_var_ref 69: sc_Pair
        dup
        push_atom_value "\u1e9cx"
        get_var_ref 69: sc_Pair
        dup
        push_atom_value "\u1e9cy"
        null
        call_constructor 2
        call_constructor 2
        call_constructor 2
        get_var_ref 69: sc_Pair
        dup
        get_var_ref 69: sc_Pair
        dup
        push_atom_value "\u1e9cnot"
        get_var_ref 69: sc_Pair
        dup
        get_var_ref 69: sc_Pair
        dup
        push_atom_value "\u1e9clessp"
        get_var_ref 69: sc_Pair
        dup
        push_atom_value "\u1e9cy"
        get_var_ref 69: sc_Pair
        dup
        push_atom_value "\u1e9cz"
        null
        call_constructor 2
        call_constructor 2
        call_constructor 2
        null
        call_constructor 2
        call_constructor 2
        get_var_ref 69: sc_Pair
        dup
        get_var_ref 69: sc_Pair
        dup
        push_atom_value "\u1e9cif"
        get_var_ref 69: sc_Pair
        dup
        get_var_ref 69: sc_Pair
        dup
        push_atom_value "\u1e9clessp"
        get_var_ref 69: sc_Pair
        dup
        push_atom_value "\u1e9cz"
        get_var_ref 69: sc_Pair
        dup
        push_atom_value "\u1e9cy"
        null
        call_constructor 2
        call_constructor 2
        call_constructor 2
        get_var_ref 69: sc_Pair
        dup
        get_var_ref 69: sc_Pair
        dup
        push_atom_value "\u1e9cnot"
        get_var_ref 69: sc_Pair
        dup
        get_var_ref 69: sc_Pair
        dup
        push_atom_value "\u1e9clessp"
        get_var_ref 69: sc_Pair
        dup
        push_atom_value "\u1e9cy"
        get_var_ref 69: sc_Pair
        dup
        push_atom_value "\u1e9cx"
        null
        call_constructor 2
        call_constructor 2
        call_constructor 2
        null
        call_constructor 2
        call_constructor 2
        get_var_ref 69: sc_Pair
        dup
        get_var_ref 69: sc_Pair
        dup
        push_atom_value "\u1e9cequal"
        get_var_ref 69: sc_Pair
        dup
        get_var_ref 69: sc_Pair
        dup
        push_atom_value "\u1e9cfix"
        get_var_ref 69: sc_Pair
        dup
        push_atom_value "\u1e9cx"
        null
        call_constructor 2
        call_constructor 2
        get_var_ref 69: sc_Pair
        dup
        get_var_ref 69: sc_Pair
        dup
        push_atom_value "\u1e9cfix"
        get_var_ref 69: sc_Pair
        dup
        push_atom_value "\u1e9cz"
        null
        call_constructor 2
        call_constructor 2
        null
        call_constructor 2
        call_constructor 2
        call_constructor 2
        null
        call_constructor 2
        call_constructor 2
        call_constructor 2
        call_constructor 2
        null
        call_constructor 2
        call_constructor 2
        call_constructor 2
        call_constructor 2
        null
        call_constructor 2
        call_constructor 2
        call_constructor 2
        get_var_ref 69: sc_Pair
        dup
        push_atom_value "\u1e9cequal"
        get_var_ref 69: sc_Pair
        dup
        get_var_ref 69: sc_Pair
        dup
        push_atom_value "\u1e9cmeaning"
        get_var_ref 69: sc_Pair
        dup
        get_var_ref 69: sc_Pair
        dup
        push_atom_value "\u1e9cplus-tree"
        get_var_ref 69: sc_Pair
        dup
        get_var_ref 69: sc_Pair
        dup
        push_atom_value "\u1e9cdelete"
        get_var_ref 69: sc_Pair
        dup
        push_atom_value "\u1e9cx"
        get_var_ref 69: sc_Pair
        dup
        push_atom_value "\u1e9cy"
        null
        call_constructor 2
        call_constructor 2
        call_constructor 2
        null
        call_constructor 2
        call_constructor 2
        get_var_ref 69: sc_Pair
        dup
        push_atom_value "\u1e9ca"
        null
        call_constructor 2
        call_constructor 2
        call_constructor 2
        get_var_ref 69: sc_Pair
        dup
        get_var_ref 69: sc_Pair
        dup
        push_atom_value "\u1e9cif"
        get_var_ref 69: sc_Pair
        dup
        get_var_ref 69: sc_Pair
        dup
        push_atom_value "\u1e9cmember"
        get_var_ref 69: sc_Pair
        dup
        push_atom_value "\u1e9cx"
        get_var_ref 69: sc_Pair
        dup
        push_atom_value "\u1e9cy"
        null
        call_constructor 2
        call_constructor 2
        call_constructor 2
        get_var_ref 69: sc_Pair
        dup
        get_var_ref 69: sc_Pair
        dup
        push_atom_value "\u1e9cdifference"
        get_var_ref 69: sc_Pair
        dup
        get_var_ref 69: sc_Pair
        dup
        push_atom_value "\u1e9cmeaning"
        get_var_ref 69: sc_Pair
        dup
        get_var_ref 69: sc_Pair
        dup
        push_atom_value "\u1e9cplus-tree"
        get_var_ref 69: sc_Pair
        dup
        push_atom_value "\u1e9cy"
        null
        call_constructor 2
        call_constructor 2
        get_var_ref 69: sc_Pair
        dup
        push_atom_value "\u1e9ca"
        null
        call_constructor 2
        call_constructor 2
        call_constructor 2
        get_var_ref 69: sc_Pair
        dup
        get_var_ref 69: sc_Pair
        dup
        push_atom_value "\u1e9cmeaning"
        get_var_ref 69: sc_Pair
        dup
        push_atom_value "\u1e9cx"
        get_var_ref 69: sc_Pair
        dup
        push_atom_value "\u1e9ca"
        null
        call_constructor 2
        call_constructor 2
        call_constructor 2
        null
        call_constructor 2
        call_constructor 2
        call_constructor 2
        get_var_ref 69: sc_Pair
        dup
        get_var_ref 69: sc_Pair
        dup
        push_atom_value "\u1e9cmeaning"
        get_var_ref 69: sc_Pair
        dup
        get_var_ref 69: sc_Pair
        dup
        push_atom_value "\u1e9cplus-tree"
        get_var_ref 69: sc_Pair
        dup
        push_atom_value "\u1e9cy"
        null
        call_constructor 2
        call_constructor 2
        get_var_ref 69: sc_Pair
        dup
        push_atom_value "\u1e9ca"
        null
        call_constructor 2
        call_constructor 2
        call_constructor 2
        null
        call_constructor 2
        call_constructor 2
        call_constructor 2
        call_constructor 2
        null
        call_constructor 2
        call_constructor 2
        call_constructor 2
        get_var_ref 69: sc_Pair
        dup
        push_atom_value "\u1e9cequal"
        get_var_ref 69: sc_Pair
        dup
        get_var_ref 69: sc_Pair
        dup
        push_atom_value "\u1e9ctimes"
        get_var_ref 69: sc_Pair
        dup
        push_atom_value "\u1e9cx"
        get_var_ref 69: sc_Pair
        dup
        get_var_ref 69: sc_Pair
        dup
        push_atom_value "\u1e9cadd1"
        get_var_ref 69: sc_Pair
        dup
        push_atom_value "\u1e9cy"
        null
        call_constructor 2
        call_constructor 2
        null
        call_constructor 2
        call_constructor 2
        call_constructor 2
        get_var_ref 69: sc_Pair
        dup
        get_var_ref 69: sc_Pair
        dup
        push_atom_value "\u1e9cif"
        get_var_ref 69: sc_Pair
        dup
        get_var_ref 69: sc_Pair
        dup
        push_atom_value "\u1e9cnumberp"
        get_var_ref 69: sc_Pair
        dup
        push_atom_value "\u1e9cy"
        null
        call_constructor 2
        call_constructor 2
        get_var_ref 69: sc_Pair
        dup
        get_var_ref 69: sc_Pair
        dup
        push_atom_value "\u1e9cplus"
        get_var_ref 69: sc_Pair
        dup
        push_atom_value "\u1e9cx"
        get_var_ref 69: sc_Pair
        dup
        get_var_ref 69: sc_Pair
        dup
        push_atom_value "\u1e9ctimes"
        get_var_ref 69: sc_Pair
        dup
        push_atom_value "\u1e9cx"
        get_var_ref 69: sc_Pair
        dup
        push_atom_value "\u1e9cy"
        null
        call_constructor 2
        call_constructor 2
        call_constructor 2
        null
        call_constructor 2
        call_constructor 2
        call_constructor 2
        get_var_ref 69: sc_Pair
        dup
        get_var_ref 69: sc_Pair
        dup
        push_atom_value "\u1e9cfix"
        get_var_ref 69: sc_Pair
        dup
        push_atom_value "\u1e9cx"
        null
        call_constructor 2
        call_constructor 2
        null
        call_constructor 2
        call_constructor 2
        call_constructor 2
        call_constructor 2
        null
        call_constructor 2
        call_constructor 2
        call_constructor 2
        get_var_ref 69: sc_Pair
        dup
        push_atom_value "\u1e9cequal"
        get_var_ref 69: sc_Pair
        dup
        get_var_ref 69: sc_Pair
        dup
        push_atom_value "\u1e9cnth"
        get_var_ref 69: sc_Pair
        dup
        get_var_ref 69: sc_Pair
        dup
        push_atom_value "\u1e9cnil"
        null
        call_constructor 2
        get_var_ref 69: sc_Pair
        dup
        push_atom_value "\u1e9ci"
        null
        call_constructor 2
        call_constructor 2
        call_constructor 2
        get_var_ref 69: sc_Pair
        dup
        get_var_ref 69: sc_Pair
        dup
        push_atom_value "\u1e9cif"
        get_var_ref 69: sc_Pair
        dup
        get_var_ref 69: sc_Pair
        dup
        push_atom_value "\u1e9czerop"
        get_var_ref 69: sc_Pair
        dup
        push_atom_value "\u1e9ci"
        null
        call_constructor 2
        call_constructor 2
        get_var_ref 69: sc_Pair
        dup
        get_var_ref 69: sc_Pair
        dup
        push_atom_value "\u1e9cnil"
        null
        call_constructor 2
        get_var_ref 69: sc_Pair
        dup
        get_var_ref 69: sc_Pair
        dup
        push_atom_value "\u1e9czero"
        null
        call_constructor 2
        null
        call_constructor 2
        call_constructor 2
        call_constructor 2
        call_constructor 2
        null
        call_constructor 2
        call_constructor 2
        call_constructor 2
        get_var_ref 69: sc_Pair
        dup
        push_atom_value "\u1e9cequal"
        get_var_ref 69: sc_Pair
        dup
        get_var_ref 69: sc_Pair
        dup
        push_atom_value "\u1e9clast"
        get_var_ref 69: sc_Pair
        dup
        get_var_ref 69: sc_Pair
        dup
        push_atom_value "\u1e9cappend"
        get_var_ref 69: sc_Pair
        dup
        push_atom_value "\u1e9ca"
        get_var_ref 69: sc_Pair
        dup
        push_atom_value "\u1e9cb"
        null
        call_constructor 2
        call_constructor 2
        call_constructor 2
        null
        call_constructor 2
        call_constructor 2
        get_var_ref 69: sc_Pair
        dup
        get_var_ref 69: sc_Pair
        dup
        push_atom_value "\u1e9cif"
        get_var_ref 69: sc_Pair
        dup
        get_var_ref 69: sc_Pair
        dup
        push_atom_value "\u1e9clistp"
        get_var_ref 69: sc_Pair
        dup
        push_atom_value "\u1e9cb"
        null
        call_constructor 2
        call_constructor 2
        get_var_ref 69: sc_Pair
        dup
        get_var_ref 69: sc_Pair
        dup
        push_atom_value "\u1e9clast"
        get_var_ref 69: sc_Pair
        dup
        push_atom_value "\u1e9cb"
        null
        call_constructor 2
        call_constructor 2
        get_var_ref 69: sc_Pair
        dup
        get_var_ref 69: sc_Pair
        dup
        push_atom_value "\u1e9cif"
        get_var_ref 69: sc_Pair
        dup
        get_var_ref 69: sc_Pair
        dup
        push_atom_value "\u1e9clistp"
        get_var_ref 69: sc_Pair
        dup
        push_atom_value "\u1e9ca"
        null
        call_constructor 2
        call_constructor 2
        get_var_ref 69: sc_Pair
        dup
        get_var_ref 69: sc_Pair
        dup
        push_atom_value "\u1e9ccons"
        get_var_ref 69: sc_Pair
        dup
        get_var_ref 69: sc_Pair
        dup
        push_atom_value "\u1e9ccar"
        get_var_ref 69: sc_Pair
        dup
        get_var_ref 69: sc_Pair
        dup
        push_atom_value "\u1e9clast"
        get_var_ref 69: sc_Pair
        dup
        push_atom_value "\u1e9ca"
        null
        call_constructor 2
        call_constructor 2
        null
        call_constructor 2
        call_constructor 2
        get_var_ref 69: sc_Pair
        dup
        push_atom_value "\u1e9cb"
        null
        call_constructor 2
        call_constructor 2
        call_constructor 2
        get_var_ref 69: sc_Pair
        dup
        push_atom_value "\u1e9cb"
        null
        call_constructor 2
        call_constructor 2
        call_constructor 2
        call_constructor 2
        null
        call_constructor 2
        call_constructor 2
        call_constructor 2
        call_constructor 2
        null
        call_constructor 2
        call_constructor 2
        call_constructor 2
        get_var_ref 69: sc_Pair
        dup
        push_atom_value "\u1e9cequal"
        get_var_ref 69: sc_Pair
        dup
        get_var_ref 69: sc_Pair
        dup
        push_atom_value "\u1e9cequal"
        get_var_ref 69: sc_Pair
        dup
        get_var_ref 69: sc_Pair
        dup
        push_atom_value "\u1e9clessp"
        get_var_ref 69: sc_Pair
        dup
        push_atom_value "\u1e9cx"
        get_var_ref 69: sc_Pair
        dup
        push_atom_value "\u1e9cy"
        null
        call_constructor 2
        call_constructor 2
        call_constructor 2
        get_var_ref 69: sc_Pair
        dup
        push_atom_value "\u1e9cz"
        null
        call_constructor 2
        call_constructor 2
        call_constructor 2
        get_var_ref 69: sc_Pair
        dup
        get_var_ref 69: sc_Pair
        dup
        push_atom_value "\u1e9cif"
        get_var_ref 69: sc_Pair
        dup
        get_var_ref 69: sc_Pair
        dup
        push_atom_value "\u1e9clessp"
        get_var_ref 69: sc_Pair
        dup
        push_atom_value "\u1e9cx"
        get_var_ref 69: sc_Pair
        dup
        push_atom_value "\u1e9cy"
        null
        call_constructor 2
        call_constructor 2
        call_constructor 2
        get_var_ref 69: sc_Pair
        dup
        get_var_ref 69: sc_Pair
        dup
        push_atom_value "\u1e9cequal"
        get_var_ref 69: sc_Pair
        dup
        get_var_ref 69: sc_Pair
        dup
        push_atom_value "\u1e9ct"
        null
        call_constructor 2
        get_var_ref 69: sc_Pair
        dup
        push_atom_value "\u1e9cz"
        null
        call_constructor 2
        call_constructor 2
        call_constructor 2
        get_var_ref 69: sc_Pair
        dup
        get_var_ref 69: sc_Pair
        dup
        push_atom_value "\u1e9cequal"
        get_var_ref 69: sc_Pair
        dup
        get_var_ref 69: sc_Pair
        dup
        push_atom_value "\u1e9cf"
        null
        call_constructor 2
        get_var_ref 69: sc_Pair
        dup
        push_atom_value "\u1e9cz"
        null
        call_constructor 2
        call_constructor 2
        call_constructor 2
        null
        call_constructor 2
        call_constructor 2
        call_constructor 2
        call_constructor 2
        null
        call_constructor 2
        call_constructor 2
        call_constructor 2
        get_var_ref 69: sc_Pair
        dup
        push_atom_value "\u1e9cequal"
        get_var_ref 69: sc_Pair
        dup
        get_var_ref 69: sc_Pair
        dup
        push_atom_value "\u1e9cassignment"
        get_var_ref 69: sc_Pair
        dup
        push_atom_value "\u1e9cx"
        get_var_ref 69: sc_Pair
        dup
        get_var_ref 69: sc_Pair
        dup
        push_atom_value "\u1e9cappend"
        get_var_ref 69: sc_Pair
        dup
        push_atom_value "\u1e9ca"
        get_var_ref 69: sc_Pair
        dup
        push_atom_value "\u1e9cb"
        null
        call_constructor 2
        call_constructor 2
        call_constructor 2
        null
        call_constructor 2
        call_constructor 2
        call_constructor 2
        get_var_ref 69: sc_Pair
        dup
        get_var_ref 69: sc_Pair
        dup
        push_atom_value "\u1e9cif"
        get_var_ref 69: sc_Pair
        dup
        get_var_ref 69: sc_Pair
        dup
        push_atom_value "\u1e9cassignedp"
        get_var_ref 69: sc_Pair
        dup
        push_atom_value "\u1e9cx"
        get_var_ref 69: sc_Pair
        dup
        push_atom_value "\u1e9ca"
        null
        call_constructor 2
        call_constructor 2
        call_constructor 2
        get_var_ref 69: sc_Pair
        dup
        get_var_ref 69: sc_Pair
        dup
        push_atom_value "\u1e9cassignment"
        get_var_ref 69: sc_Pair
        dup
        push_atom_value "\u1e9cx"
        get_var_ref 69: sc_Pair
        dup
        push_atom_value "\u1e9ca"
        null
        call_constructor 2
        call_constructor 2
        call_constructor 2
        get_var_ref 69: sc_Pair
        dup
        get_var_ref 69: sc_Pair
        dup
        push_atom_value "\u1e9cassignment"
        get_var_ref 69: sc_Pair
        dup
        push_atom_value "\u1e9cx"
        get_var_ref 69: sc_Pair
        dup
        push_atom_value "\u1e9cb"
        null
        call_constructor 2
        call_constructor 2
        call_constructor 2
        null
        call_constructor 2
        call_constructor 2
        call_constructor 2
        call_constructor 2
        null
        call_constructor 2
        call_constructor 2
        call_constructor 2
        get_var_ref 69: sc_Pair
        dup
        push_atom_value "\u1e9cequal"
        get_var_ref 69: sc_Pair
        dup
        get_var_ref 69: sc_Pair
        dup
        push_atom_value "\u1e9ccar"
        get_var_ref 69: sc_Pair
        dup
        get_var_ref 69: sc_Pair
        dup
        push_atom_value "\u1e9cgopher"
        get_var_ref 69: sc_Pair
        dup
        push_atom_value "\u1e9cx"
        null
        call_constructor 2
        call_constructor 2
        null
        call_constructor 2
        call_constructor 2
        get_var_ref 69: sc_Pair
        dup
        get_var_ref 69: sc_Pair
        dup
        push_atom_value "\u1e9cif"
        get_var_ref 69: sc_Pair
        dup
        get_var_ref 69: sc_Pair
        dup
        push_atom_value "\u1e9clistp"
        get_var_ref 69: sc_Pair
        dup
        push_atom_value "\u1e9cx"
        null
        call_constructor 2
        call_constructor 2
        get_var_ref 69: sc_Pair
        dup
        get_var_ref 69: sc_Pair
        dup
        push_atom_value "\u1e9ccar"
        get_var_ref 69: sc_Pair
        dup
        get_var_ref 69: sc_Pair
        dup
        push_atom_value "\u1e9cflatten"
        get_var_ref 69: sc_Pair
        dup
        push_atom_value "\u1e9cx"
        null
        call_constructor 2
        call_constructor 2
        null
        call_constructor 2
        call_constructor 2
        get_var_ref 69: sc_Pair
        dup
        get_var_ref 69: sc_Pair
        dup
        push_atom_value "\u1e9czero"
        null
        call_constructor 2
        null
        call_constructor 2
        call_constructor 2
        call_constructor 2
        call_constructor 2
        null
        call_constructor 2
        call_constructor 2
        call_constructor 2
        get_var_ref 69: sc_Pair
        dup
        push_atom_value "\u1e9cequal"
        get_var_ref 69: sc_Pair
        dup
        get_var_ref 69: sc_Pair
        dup
        push_atom_value "\u1e9cflatten"
        get_var_ref 69: sc_Pair
        dup
        get_var_ref 69: sc_Pair
        dup
        push_atom_value "\u1e9ccdr"
        get_var_ref 69: sc_Pair
        dup
        get_var_ref 69: sc_Pair
        dup
        push_atom_value "\u1e9cgopher"
        get_var_ref 69: sc_Pair
        dup
        push_atom_value "\u1e9cx"
        null
        call_constructor 2
        call_constructor 2
        null
        call_constructor 2
        call_constructor 2
        null
        call_constructor 2
        call_constructor 2
        get_var_ref 69: sc_Pair
        dup
        get_var_ref 69: sc_Pair
        dup
        push_atom_value "\u1e9cif"
        get_var_ref 69: sc_Pair
        dup
        get_var_ref 69: sc_Pair
        dup
        push_atom_value "\u1e9clistp"
        get_var_ref 69: sc_Pair
        dup
        push_atom_value "\u1e9cx"
        null
        call_constructor 2
        call_constructor 2
        get_var_ref 69: sc_Pair
        dup
        get_var_ref 69: sc_Pair
        dup
        push_atom_value "\u1e9ccdr"
        get_var_ref 69: sc_Pair
        dup
        get_var_ref 69: sc_Pair
        dup
        push_atom_value "\u1e9cflatten"
        get_var_ref 69: sc_Pair
        dup
        push_atom_value "\u1e9cx"
        null
        call_constructor 2
        call_constructor 2
        null
        call_constructor 2
        call_constructor 2
        get_var_ref 69: sc_Pair
        dup
        get_var_ref 69: sc_Pair
        dup
        push_atom_value "\u1e9ccons"
        get_var_ref 69: sc_Pair
        dup
        get_var_ref 69: sc_Pair
        dup
        push_atom_value "\u1e9czero"
        null
        call_constructor 2
        get_var_ref 69: sc_Pair
        dup
        get_var_ref 69: sc_Pair
        dup
        push_atom_value "\u1e9cnil"
        null
        call_constructor 2
        null
        call_constructor 2
        call_constructor 2
        call_constructor 2
        null
        call_constructor 2
        call_constructor 2
        call_constructor 2
        call_constructor 2
        null
        call_constructor 2
        call_constructor 2
        call_constructor 2
        get_var_ref 69: sc_Pair
        dup
        push_atom_value "\u1e9cequal"
        get_var_ref 69: sc_Pair
        dup
        get_var_ref 69: sc_Pair
        dup
        push_atom_value "\u1e9cquotient"
        get_var_ref 69: sc_Pair
        dup
        get_var_ref 69: sc_Pair
        dup
        push_atom_value "\u1e9ctimes"
        get_var_ref 69: sc_Pair
        dup
        push_atom_value "\u1e9cy"
        get_var_ref 69: sc_Pair
        dup
        push_atom_value "\u1e9cx"
        null
        call_constructor 2
        call_constructor 2
        call_constructor 2
        get_var_ref 69: sc_Pair
        dup
        push_atom_value "\u1e9cy"
        null
        call_constructor 2
        call_constructor 2
        call_constructor 2
        get_var_ref 69: sc_Pair
        dup
        get_var_ref 69: sc_Pair
        dup
        push_atom_value "\u1e9cif"
        get_var_ref 69: sc_Pair
        dup
        get_var_ref 69: sc_Pair
        dup
        push_atom_value "\u1e9czerop"
        get_var_ref 69: sc_Pair
        dup
        push_atom_value "\u1e9cy"
        null
        call_constructor 2
        call_constructor 2
        get_var_ref 69: sc_Pair
        dup
        get_var_ref 69: sc_Pair
        dup
        push_atom_value "\u1e9czero"
        null
        call_constructor 2
        get_var_ref 69: sc_Pair
        dup
        get_var_ref 69: sc_Pair
        dup
        push_atom_value "\u1e9cfix"
        get_var_ref 69: sc_Pair
        dup
        push_atom_value "\u1e9cx"
        null
        call_constructor 2
        call_constructor 2
        null
        call_constructor 2
        call_constructor 2
        call_constructor 2
        call_constructor 2
        null
        call_constructor 2
        call_constructor 2
        call_constructor 2
        get_var_ref 69: sc_Pair
        dup
        push_atom_value "\u1e9cequal"
        get_var_ref 69: sc_Pair
        dup
        get_var_ref 69: sc_Pair
        dup
        push_atom_value "\u1e9cget"
        get_var_ref 69: sc_Pair
        dup
        push_atom_value "\u1e9cj"
        get_var_ref 69: sc_Pair
        dup
        get_var_ref 69: sc_Pair
        dup
        push_atom_value "\u1e9cset"
        get_var_ref 69: sc_Pair
        dup
        push_atom_value "\u1e9ci"
        get_var_ref 69: sc_Pair
        dup
        push_atom_value "\u1e9cval"
        get_var_ref 69: sc_Pair
        dup
        push_atom_value "\u1e9cmem"
        null
        call_constructor 2
        call_constructor 2
        call_constructor 2
        call_constructor 2
        null
        call_constructor 2
        call_constructor 2
        call_constructor 2
        get_var_ref 69: sc_Pair
        dup
        get_var_ref 69: sc_Pair
        dup
        push_atom_value "\u1e9cif"
        get_var_ref 69: sc_Pair
        dup
        get_var_ref 69: sc_Pair
        dup
        push_atom_value "\u1e9ceqp"
        get_var_ref 69: sc_Pair
        dup
        push_atom_value "\u1e9cj"
        get_var_ref 69: sc_Pair
        dup
        push_atom_value "\u1e9ci"
        null
        call_constructor 2
        call_constructor 2
        call_constructor 2
        get_var_ref 69: sc_Pair
        dup
        push_atom_value "\u1e9cval"
        get_var_ref 69: sc_Pair
        dup
        get_var_ref 69: sc_Pair
        dup
        push_atom_value "\u1e9cget"
        get_var_ref 69: sc_Pair
        dup
        push_atom_value "\u1e9cj"
        get_var_ref 69: sc_Pair
        dup
        push_atom_value "\u1e9cmem"
        null
        call_constructor 2
        call_constructor 2
        call_constructor 2
        null
        call_constructor 2
        call_constructor 2
        call_constructor 2
        call_constructor 2
        null
        call_constructor 2
        call_constructor 2
        call_constructor 2
        call 106
        put_var_ref 373: sc_const_3_nboyer
        get_var_ref 69: sc_Pair
        dup
        get_var_ref 69: sc_Pair
        dup
        push_atom_value "\u1e9cx"
        get_var_ref 69: sc_Pair
        dup
        push_atom_value "\u1e9cf"
        get_var_ref 69: sc_Pair
        dup
        get_var_ref 69: sc_Pair
        dup
        push_atom_value "\u1e9cplus"
        get_var_ref 69: sc_Pair
        dup
        get_var_ref 69: sc_Pair
        dup
        push_atom_value "\u1e9cplus"
        get_var_ref 69: sc_Pair
        dup
        push_atom_value "\u1e9ca"
        get_var_ref 69: sc_Pair
        dup
        push_atom_value "\u1e9cb"
        null
        call_constructor 2
        call_constructor 2
        call_constructor 2
        get_var_ref 69: sc_Pair
        dup
        get_var_ref 69: sc_Pair
        dup
        push_atom_value "\u1e9cplus"
        get_var_ref 69: sc_Pair
        dup
        push_atom_value "\u1e9cc"
        get_var_ref 69: sc_Pair
        dup
        get_var_ref 69: sc_Pair
        dup
        push_atom_value "\u1e9czero"
        null
        call_constructor 2
        null
        call_constructor 2
        call_constructor 2
        call_constructor 2
        null
        call_constructor 2
        call_constructor 2
        call_constructor 2
        null
        call_constructor 2
        call_constructor 2
        call_constructor 2
        get_var_ref 69: sc_Pair
        dup
        get_var_ref 69: sc_Pair
        dup
        push_atom_value "\u1e9cy"
        get_var_ref 69: sc_Pair
        dup
        push_atom_value "\u1e9cf"
        get_var_ref 69: sc_Pair
        dup
        get_var_ref 69: sc_Pair
        dup
        push_atom_value "\u1e9ctimes"
        get_var_ref 69: sc_Pair
        dup
        get_var_ref 69: sc_Pair
        dup
        push_atom_value "\u1e9ctimes"
        get_var_ref 69: sc_Pair
        dup
        push_atom_value "\u1e9ca"
        get_var_ref 69: sc_Pair
        dup
        push_atom_value "\u1e9cb"
        null
        call_constructor 2
        call_constructor 2
        call_constructor 2
        get_var_ref 69: sc_Pair
        dup
        get_var_ref 69: sc_Pair
        dup
        push_atom_value "\u1e9cplus"
        get_var_ref 69: sc_Pair
        dup
        push_atom_value "\u1e9cc"
        get_var_ref 69: sc_Pair
        dup
        push_atom_value "\u1e9cd"
        null
        call_constructor 2
        call_constructor 2
        call_constructor 2
        null
        call_constructor 2
        call_constructor 2
        call_constructor 2
        null
        call_constructor 2
        call_constructor 2
        call_constructor 2
        get_var_ref 69: sc_Pair
        dup
        get_var_ref 69: sc_Pair
        dup
        push_atom_value "\u1e9cz"
        get_var_ref 69: sc_Pair
        dup
        push_atom_value "\u1e9cf"
        get_var_ref 69: sc_Pair
        dup
        get_var_ref 69: sc_Pair
        dup
        push_atom_value "\u1e9creverse"
        get_var_ref 69: sc_Pair
        dup
        get_var_ref 69: sc_Pair
        dup
        push_atom_value "\u1e9cappend"
        get_var_ref 69: sc_Pair
        dup
        get_var_ref 69: sc_Pair
        dup
        push_atom_value "\u1e9cappend"
        get_var_ref 69: sc_Pair
        dup
        push_atom_value "\u1e9ca"
        get_var_ref 69: sc_Pair
        dup
        push_atom_value "\u1e9cb"
        null
        call_constructor 2
        call_constructor 2
        call_constructor 2
        get_var_ref 69: sc_Pair
        dup
        get_var_ref 69: sc_Pair
        dup
        push_atom_value "\u1e9cnil"
        null
        call_constructor 2
        null
        call_constructor 2
        call_constructor 2
        call_constructor 2
        null
        call_constructor 2
        call_constructor 2
        null
        call_constructor 2
        call_constructor 2
        call_constructor 2
        get_var_ref 69: sc_Pair
        dup
        get_var_ref 69: sc_Pair
        dup
        push_atom_value "\u1e9cu"
        get_var_ref 69: sc_Pair
        dup
        push_atom_value "\u1e9cequal"
        get_var_ref 69: sc_Pair
        dup
        get_var_ref 69: sc_Pair
        dup
        push_atom_value "\u1e9cplus"
        get_var_ref 69: sc_Pair
        dup
        push_atom_value "\u1e9ca"
        get_var_ref 69: sc_Pair
        dup
        push_atom_value "\u1e9cb"
        null
        call_constructor 2
        call_constructor 2
        call_constructor 2
        get_var_ref 69: sc_Pair
        dup
        get_var_ref 69: sc_Pair
        dup
        push_atom_value "\u1e9cdifference"
        get_var_ref 69: sc_Pair
        dup
        push_atom_value "\u1e9cx"
        get_var_ref 69: sc_Pair
        dup
        push_atom_value "\u1e9cy"
        null
        call_constructor 2
        call_constructor 2
        call_constructor 2
        null
        call_constructor 2
        call_constructor 2
        call_constructor 2
        call_constructor 2
        get_var_ref 69: sc_Pair
        dup
        get_var_ref 69: sc_Pair
        dup
        push_atom_value "\u1e9cw"
        get_var_ref 69: sc_Pair
        dup
        push_atom_value "\u1e9clessp"
        get_var_ref 69: sc_Pair
        dup
        get_var_ref 69: sc_Pair
        dup
        push_atom_value "\u1e9cremainder"
        get_var_ref 69: sc_Pair
        dup
        push_atom_value "\u1e9ca"
        get_var_ref 69: sc_Pair
        dup
        push_atom_value "\u1e9cb"
        null
        call_constructor 2
        call_constructor 2
        call_constructor 2
        get_var_ref 69: sc_Pair
        dup
        get_var_ref 69: sc_Pair
        dup
        push_atom_value "\u1e9cmember"
        get_var_ref 69: sc_Pair
        dup
        push_atom_value "\u1e9ca"
        get_var_ref 69: sc_Pair
        dup
        get_var_ref 69: sc_Pair
        dup
        push_atom_value "\u1e9clength"
        get_var_ref 69: sc_Pair
        dup
        push_atom_value "\u1e9cb"
        null
        call_constructor 2
        call_constructor 2
        null
        call_constructor 2
        call_constructor 2
        call_constructor 2
        null
        call_constructor 2
        call_constructor 2
        call_constructor 2
        call_constructor 2
        null
        call_constructor 2
        call_constructor 2
        call_constructor 2
        call_constructor 2
        call_constructor 2
        put_var_ref 372: const_nboyer
        fclosure 330: [bytecode <null>]
        set_name BgL_nboyerzd2benchmarkzd2
        put_var_ref 350: BgL_nboyerzd2benchmarkzd2
        fclosure 331: [bytecode <null>]
        set_name BgL_setupzd2boyerzd2
        put_var_ref 351: BgL_setupzd2boyerzd2
        fclosure 332: [bytecode <null>]
        set_name BgL_testzd2boyerzd2
        put_var_ref 349: BgL_testzd2boyerzd2
        fclosure 333: [bytecode <null>]
        set_name translate_term_nboyer
        put_var_ref 352: translate_term_nboyer
        fclosure 334: [bytecode <null>]
        set_name translate_args_nboyer
        put_var_ref 353: translate_args_nboyer
        fclosure 335: [bytecode <null>]
        set_name untranslate_term_nboyer
        put_var_ref 354: untranslate_term_nboyer
        fclosure 336: [bytecode <null>]
        set_name BgL_sc_symbolzd2ze3symbolzd2record_1ze3_nboyer
        put_var_ref 355: BgL_sc_symbolzd2ze3symbolzd2record_1ze3_nboyer
        null
        put_var_ref 356: BgL_sc_za2symbolzd2recordszd2alistza2_2z00_nboyer
        fclosure 337: [bytecode <null>]
        set_name translate_alist_nboyer
        put_var_ref 357: translate_alist_nboyer
        fclosure 338: [bytecode <null>]
        set_name apply_subst_nboyer
        put_var_ref 358: apply_subst_nboyer
        fclosure 339: [bytecode <null>]
        set_name apply_subst_lst_nboyer
        put_var_ref 359: apply_subst_lst_nboyer
        fclosure 340: [bytecode <null>]
        set_name tautologyp_nboyer
        put_var_ref 360: tautologyp_nboyer
        push_atom_value "\u1e9c*"
        put_var_ref 361: if_constructor_nboyer
        push_0 0
        put_var_ref 362: rewrite_count_nboyer
        fclosure 341: [bytecode <null>]
        set_name rewrite_nboyer
        put_var_ref 363: rewrite_nboyer
        fclosure 342: [bytecode <null>]
        set_name rewrite_args_nboyer
        put_var_ref 364: rewrite_args_nboyer
        push_atom_value "\u1e9c*"
        put_var_ref 365: unify_subst_nboyer
        fclosure 343: [bytecode <null>]
        set_name one_way_unify1_nboyer
        put_var_ref 366: one_way_unify1_nboyer
        push_atom_value "\u1e9c*"
        put_var_ref 367: false_term_nboyer
        push_atom_value "\u1e9c*"
        put_var_ref 368: true_term_nboyer
        fclosure 344: [bytecode <null>]
        set_name trans_of_implies1_nboyer
        put_var_ref 369: trans_of_implies1_nboyer
        fclosure 345: [bytecode <null>]
        set_name is_term_equal_nboyer
        put_var_ref 370: is_term_equal_nboyer
        fclosure 346: [bytecode <null>]
        set_name is_term_member_nboyer
        put_var_ref 371: is_term_member_nboyer
        fclosure 347: [bytecode <null>]
        set_name BgL_setupzd2boyerzd2
        put_var_ref 351: BgL_setupzd2boyerzd2
        fclosure 348: [bytecode <null>]
        set_name BgL_testzd2boyerzd2
        put_var_ref 349: BgL_testzd2boyerzd2
        get_var_ref 69: sc_Pair
        dup
        get_var_ref 69: sc_Pair
        dup
        push_atom_value "\u1e9cs"
        get_var_ref 69: sc_Pair
        dup
        get_var_ref 69: sc_Pair
        dup
        push_atom_value "\u1e9ca"
        null
        call_constructor 2
        get_var_ref 69: sc_Pair
        dup
        get_var_ref 69: sc_Pair
        dup
        push_atom_value "\u1e9cs"
        get_var_ref 69: sc_Pair
        dup
        push_atom_value "\u1e9cs"
        null
        call_constructor 2
        call_constructor 2
        null
        call_constructor 2
        call_constructor 2
        call_constructor 2
        null
        call_constructor 2
        put_var_ref 381: const_earley
        fclosure 349: [bytecode <null>]
        set_name BgL_makezd2parserzd2
        put_var_ref 380: BgL_makezd2parserzd2
        fclosure 350: [bytecode <null>]
        set_name BgL_parsezd2ze3parsedzf3zc2
        put_var_ref 377: BgL_parsezd2ze3parsedzf3zc2
        fclosure 351: [bytecode <null>]
        set_name BgL_parsezd2ze3treesz31
        put_var_ref 379: BgL_parsezd2ze3treesz31
        fclosure 352: [bytecode <null>]
        set_name BgL_parsezd2ze3nbzd2treesze3
        put_var_ref 375: BgL_parsezd2ze3nbzd2treesze3
        fclosure 353: [bytecode <null>]
        set_name test
        put_var_ref 378: test
        fclosure 354: [bytecode <null>]
        set_name BgL_earleyzd2benchmarkzd2
        put_var_ref 376: BgL_earleyzd2benchmarkzd2
        get_var_ref 284: sc_GenericOutputPort
        dup
        fclosure 355: [bytecode <null>]
        call_constructor 1
        set_var_ref 301: SC_DEFAULT_OUT
        put_var_ref 302: SC_ERROR_OUT
        get_var_ref 382: RunBenchmark
        put_var_ref 383: BgL_runzd2benchmarkzd2
        undefined
        return_async

